config,operation,attempt,outcome,sqlstate,message,latency_ms
privileged,normal_select,1,success,,,0.69854
privileged,normal_select,2,success,,,0.476383
privileged,normal_select,3,success,,,0.427574
privileged,normal_select,4,success,,,0.482803
privileged,normal_select,5,success,,,0.437634
privileged,normal_select,6,success,,,0.398054
privileged,normal_select,7,success,,,0.412274
privileged,normal_select,8,success,,,0.422004
privileged,normal_select,9,success,,,0.389905
privileged,normal_select,10,success,,,0.400045
privileged,normal_select,11,success,,,0.377535
privileged,normal_select,12,success,,,0.373014
privileged,normal_select,13,success,,,0.319615
privileged,normal_select,14,success,,,0.334995
privileged,normal_select,15,success,,,0.360585
privileged,normal_select,16,success,,,0.320446
privileged,normal_select,17,success,,,0.326915
privileged,normal_select,18,success,,,0.321946
privileged,normal_select,19,success,,,0.403664
privileged,normal_select,20,success,,,0.321795
privileged,normal_select,21,success,,,0.309226
privileged,normal_select,22,success,,,0.301645
privileged,normal_select,23,success,,,0.333526
privileged,normal_select,24,success,,,0.348006
privileged,normal_select,25,success,,,0.384244
privileged,normal_select,26,success,,,0.360105
privileged,normal_select,27,success,,,0.423145
privileged,normal_select,28,success,,,0.412924
privileged,normal_select,29,success,,,0.337315
privileged,normal_select,30,success,,,0.325535
privileged,normal_select,31,success,,,0.287845
privileged,normal_select,32,success,,,0.409754
privileged,normal_select,33,success,,,0.346955
privileged,normal_select,34,success,,,0.326016
privileged,normal_select,35,success,,,0.337415
privileged,normal_select,36,success,,,0.346405
privileged,normal_select,37,success,,,0.325705
privileged,normal_select,38,success,,,0.304966
privileged,normal_select,39,success,,,0.321666
privileged,normal_select,40,success,,,0.326875
privileged,normal_select,41,success,,,0.319386
privileged,normal_select,42,success,,,0.388675
privileged,normal_select,43,success,,,0.341445
privileged,normal_select,44,success,,,0.335306
privileged,normal_select,45,success,,,0.325795
privileged,normal_select,46,success,,,0.363925
privileged,normal_select,47,success,,,0.372325
privileged,normal_select,48,success,,,0.334626
privileged,normal_select,49,success,,,0.353745
privileged,normal_select,50,success,,,0.375954
privileged,normal_select,51,success,,,0.344755
privileged,normal_select,52,success,,,0.324926
privileged,normal_select,53,success,,,0.310736
privileged,normal_select,54,success,,,0.322356
privileged,normal_select,55,success,,,0.327185
privileged,normal_select,56,success,,,0.370555
privileged,normal_select,57,success,,,0.315646
privileged,normal_select,58,success,,,0.328336
privileged,normal_select,59,success,,,0.313985
privileged,normal_select,60,success,,,0.326936
privileged,normal_select,61,success,,,0.322486
privileged,normal_select,62,success,,,0.375525
privileged,normal_select,63,success,,,0.328545
privileged,normal_select,64,success,,,0.478193
privileged,normal_select,65,success,,,0.338535
privileged,normal_select,66,success,,,0.326425
privileged,normal_select,67,success,,,0.321595
privileged,normal_select,68,success,,,0.315535
privileged,normal_select,69,success,,,0.309805
privileged,normal_select,70,success,,,0.303296
privileged,normal_select,71,success,,,0.372685
privileged,normal_select,72,success,,,0.306946
privileged,normal_select,73,success,,,0.310635
privileged,normal_select,74,success,,,0.284465
privileged,normal_select,75,success,,,0.378175
privileged,normal_select,76,success,,,0.395605
privileged,normal_select,77,success,,,0.430984
privileged,normal_select,78,success,,,0.341285
privileged,normal_select,79,success,,,0.387294
privileged,normal_select,80,success,,,0.364305
privileged,normal_select,81,success,,,0.353235
privileged,normal_select,82,success,,,0.353065
privileged,normal_select,83,success,,,0.366445
privileged,normal_select,84,success,,,0.364775
privileged,normal_select,85,success,,,0.379614
privileged,normal_select,86,success,,,0.359944
privileged,normal_select,87,success,,,0.323286
privileged,normal_select,88,success,,,0.352435
privileged,normal_select,89,success,,,0.340365
privileged,normal_select,90,success,,,0.341165
privileged,normal_select,91,success,,,0.358905
privileged,normal_select,92,success,,,0.342025
privileged,normal_select,93,success,,,0.390314
privileged,normal_select,94,success,,,0.370184
privileged,normal_select,95,success,,,0.346125
privileged,normal_select,96,success,,,0.332415
privileged,normal_select,97,success,,,0.338255
privileged,normal_select,98,success,,,0.365105
privileged,normal_select,99,success,,,0.351545
privileged,normal_select,100,success,,,0.335146
privileged,normal_select,101,success,,,0.344065
privileged,normal_select,102,success,,,0.452134
privileged,normal_select,103,success,,,0.370215
privileged,normal_select,104,success,,,0.366985
privileged,normal_select,105,success,,,0.354855
privileged,normal_select,106,success,,,0.333575
privileged,normal_select,107,success,,,0.319266
privileged,normal_select,108,success,,,0.363815
privileged,normal_select,109,success,,,0.305366
privileged,normal_select,110,success,,,0.338846
privileged,normal_select,111,success,,,0.343545
privileged,normal_select,112,success,,,0.319576
privileged,normal_select,113,success,,,0.345705
privileged,normal_select,114,success,,,0.316346
privileged,normal_select,115,success,,,0.310146
privileged,normal_select,116,success,,,0.319356
privileged,normal_select,117,success,,,0.317675
privileged,normal_select,118,success,,,0.305396
privileged,normal_select,119,success,,,0.314995
privileged,normal_select,120,success,,,0.307496
privileged,normal_select,121,success,,,0.309166
privileged,normal_select,122,success,,,0.311325
privileged,normal_select,123,success,,,0.356415
privileged,normal_select,124,success,,,0.396144
privileged,normal_select,125,success,,,0.343065
privileged,normal_select,126,success,,,0.316956
privileged,normal_select,127,success,,,0.369295
privileged,normal_select,128,success,,,0.439324
privileged,normal_select,129,success,,,0.642321
privileged,normal_select,130,success,,,0.421674
privileged,normal_select,131,success,,,0.332785
privileged,normal_select,132,success,,,0.315145
privileged,normal_select,133,success,,,0.363255
privileged,normal_select,134,success,,,0.336005
privileged,normal_select,135,success,,,0.322856
privileged,normal_select,136,success,,,0.408824
privileged,normal_select,137,success,,,0.339045
privileged,normal_select,138,success,,,0.328505
privileged,normal_select,139,success,,,0.338045
privileged,normal_select,140,success,,,0.322085
privileged,normal_select,141,success,,,0.325626
privileged,normal_select,142,success,,,0.352735
privileged,normal_select,143,success,,,0.391095
privileged,normal_select,144,success,,,0.299616
privileged,normal_select,145,success,,,0.325535
privileged,normal_select,146,success,,,0.326066
privileged,normal_select,147,success,,,0.317565
privileged,normal_select,148,success,,,0.319755
privileged,normal_select,149,success,,,0.370245
privileged,normal_select,150,success,,,0.374385
privileged,normal_select,151,success,,,0.365555
privileged,normal_select,152,success,,,0.384294
privileged,normal_select,153,success,,,0.317525
privileged,normal_select,154,success,,,0.311435
privileged,normal_select,155,success,,,0.342575
privileged,normal_select,156,success,,,0.340875
privileged,normal_select,157,success,,,0.398385
privileged,normal_select,158,success,,,0.362424
privileged,normal_select,159,success,,,0.348755
privileged,normal_select,160,success,,,0.324676
privileged,normal_select,161,success,,,0.379945
privileged,normal_select,162,success,,,0.332865
privileged,normal_select,163,success,,,0.378325
privileged,normal_select,164,success,,,0.370675
privileged,normal_select,165,success,,,0.407134
privileged,normal_select,166,success,,,0.341265
privileged,normal_select,167,success,,,0.362345
privileged,normal_select,168,success,,,0.361955
privileged,normal_select,169,success,,,0.345865
privileged,normal_select,170,success,,,0.356345
privileged,normal_select,171,success,,,0.416434
privileged,normal_select,172,success,,,0.471084
privileged,normal_select,173,success,,,0.410504
privileged,normal_select,174,success,,,0.349915
privileged,normal_select,175,success,,,0.359765
privileged,normal_select,176,success,,,0.396084
privileged,normal_select,177,success,,,0.364275
privileged,normal_select,178,success,,,0.356235
privileged,normal_select,179,success,,,0.372635
privileged,normal_select,180,success,,,0.329756
privileged,normal_select,181,success,,,0.393585
privileged,normal_select,182,success,,,0.361665
privileged,normal_select,183,success,,,0.335396
privileged,normal_select,184,success,,,0.380515
privileged,normal_select,185,success,,,0.336465
privileged,normal_select,186,success,,,0.388884
privileged,normal_select,187,success,,,0.335145
privileged,normal_select,188,success,,,0.367704
privileged,normal_select,189,success,,,0.324016
privileged,normal_select,190,success,,,0.332376
privileged,normal_select,191,success,,,0.384714
privileged,normal_select,192,success,,,0.334735
privileged,normal_select,193,success,,,0.351545
privileged,normal_select,194,success,,,0.323826
privileged,normal_select,195,success,,,0.425534
privileged,normal_select,196,success,,,0.330125
privileged,normal_select,197,success,,,0.331836
privileged,normal_select,198,success,,,0.360915
privileged,normal_select,199,success,,,0.344535
privileged,normal_select,200,success,,,0.345625
privileged,normal_select,201,success,,,0.357665
privileged,normal_select,202,success,,,0.350435
privileged,normal_select,203,success,,,0.331105
privileged,normal_select,204,success,,,0.338586
privileged,normal_select,205,success,,,0.397374
privileged,normal_select,206,success,,,0.335475
privileged,normal_select,207,success,,,0.331316
privileged,normal_select,208,success,,,0.329656
privileged,normal_select,209,success,,,0.354185
privileged,normal_select,210,success,,,0.407534
privileged,normal_select,211,success,,,0.337545
privileged,normal_select,212,success,,,0.417524
privileged,normal_select,213,success,,,0.391214
privileged,normal_select,214,success,,,0.376265
privileged,normal_select,215,success,,,0.368555
privileged,normal_select,216,success,,,0.360285
privileged,normal_select,217,success,,,0.351725
privileged,normal_select,218,success,,,0.358965
privileged,normal_select,219,success,,,0.383414
privileged,normal_select,220,success,,,0.340455
privileged,normal_select,221,success,,,0.404844
privileged,normal_select,222,success,,,0.359525
privileged,normal_select,223,success,,,0.329325
privileged,normal_select,224,success,,,0.349795
privileged,normal_select,225,success,,,0.366155
privileged,normal_select,226,success,,,0.327616
privileged,normal_select,227,success,,,0.344725
privileged,normal_select,228,success,,,0.354195
privileged,normal_select,229,success,,,0.317455
privileged,normal_select,230,success,,,0.348555
privileged,normal_select,231,success,,,0.366115
privileged,normal_select,232,success,,,0.349695
privileged,normal_select,233,success,,,0.320905
privileged,normal_select,234,success,,,0.334945
privileged,normal_select,235,success,,,0.326216
privileged,normal_select,236,success,,,0.344065
privileged,normal_select,237,success,,,0.345035
privileged,normal_select,238,success,,,0.320695
privileged,normal_select,239,success,,,0.328435
privileged,normal_select,240,success,,,0.322646
privileged,normal_select,241,success,,,0.376905
privileged,normal_select,242,success,,,0.338665
privileged,normal_select,243,success,,,0.329336
privileged,normal_select,244,success,,,0.368675
privileged,normal_select,245,success,,,0.328966
privileged,normal_select,246,success,,,0.328765
privileged,normal_select,247,success,,,0.328745
privileged,normal_select,248,success,,,0.344245
privileged,normal_select,249,success,,,0.310215
privileged,normal_select,250,success,,,0.364525
privileged,normal_select,251,success,,,0.349385
privileged,normal_select,252,success,,,0.351605
privileged,normal_select,253,success,,,0.357826
privileged,normal_select,254,success,,,0.338885
privileged,normal_select,255,success,,,0.344476
privileged,normal_select,256,success,,,0.371375
privileged,normal_select,257,success,,,0.330475
privileged,normal_select,258,success,,,0.320166
privileged,normal_select,259,success,,,0.354786
privileged,normal_select,260,success,,,0.402754
privileged,normal_select,261,success,,,0.355815
privileged,normal_select,262,success,,,0.403334
privileged,normal_select,263,success,,,0.412294
privileged,normal_select,264,success,,,0.340755
privileged,normal_select,265,success,,,0.348295
privileged,normal_select,266,success,,,0.339625
privileged,normal_select,267,success,,,0.327716
privileged,normal_select,268,success,,,0.401024
privileged,normal_select,269,success,,,0.423374
privileged,normal_select,270,success,,,0.328646
privileged,normal_select,271,success,,,0.331865
privileged,normal_select,272,success,,,0.344885
privileged,normal_select,273,success,,,0.344235
privileged,normal_select,274,success,,,0.332426
privileged,normal_select,275,success,,,0.382735
privileged,normal_select,276,success,,,0.388115
privileged,normal_select,277,success,,,0.319125
privileged,normal_select,278,success,,,0.372465
privileged,normal_select,279,success,,,0.337936
privileged,normal_select,280,success,,,0.328166
privileged,normal_select,281,success,,,0.349385
privileged,normal_select,282,success,,,0.321246
privileged,normal_select,283,success,,,0.317125
privileged,normal_select,284,success,,,0.317675
privileged,normal_select,285,success,,,0.342996
privileged,normal_select,286,success,,,0.333136
privileged,normal_select,287,success,,,0.331815
privileged,normal_select,288,success,,,0.337945
privileged,normal_select,289,success,,,0.361605
privileged,normal_select,290,success,,,0.351695
privileged,normal_select,291,success,,,0.308526
privileged,normal_select,292,success,,,0.301825
privileged,normal_select,293,success,,,0.404734
privileged,normal_select,294,success,,,0.329666
privileged,normal_select,295,success,,,0.331666
privileged,normal_select,296,success,,,0.327595
privileged,normal_select,297,success,,,0.340795
privileged,normal_select,298,success,,,0.386164
privileged,normal_select,299,success,,,0.367744
privileged,normal_select,300,success,,,0.326346
privileged,normal_select,301,success,,,0.342645
privileged,normal_select,302,success,,,0.319225
privileged,normal_select,303,success,,,0.320846
privileged,normal_select,304,success,,,0.313736
privileged,normal_select,305,success,,,0.325355
privileged,normal_select,306,success,,,0.340225
privileged,normal_select,307,success,,,0.338835
privileged,normal_select,308,success,,,0.377495
privileged,normal_select,309,success,,,0.334025
privileged,normal_select,310,success,,,0.314325
privileged,normal_select,311,success,,,0.383904
privileged,normal_select,312,success,,,0.335486
privileged,normal_select,313,success,,,0.334065
privileged,normal_select,314,success,,,0.356695
privileged,normal_select,315,success,,,0.347606
privileged,normal_select,316,success,,,0.335975
privileged,normal_select,317,success,,,0.325636
privileged,normal_select,318,success,,,0.372025
privileged,normal_select,319,success,,,0.344006
privileged,normal_select,320,success,,,0.332235
privileged,normal_select,321,success,,,0.317685
privileged,normal_select,322,success,,,0.386445
privileged,normal_select,323,success,,,0.373535
privileged,normal_select,324,success,,,0.334886
privileged,normal_select,325,success,,,0.314496
privileged,normal_select,326,success,,,0.350405
privileged,normal_select,327,success,,,0.386805
privileged,normal_select,328,success,,,0.313635
privileged,normal_select,329,success,,,0.310156
privileged,normal_select,330,success,,,0.351205
privileged,normal_select,331,success,,,0.327805
privileged,normal_select,332,success,,,0.317645
privileged,normal_select,333,success,,,0.305986
privileged,normal_select,334,success,,,0.350755
privileged,normal_select,335,success,,,0.367245
privileged,normal_select,336,success,,,0.365105
privileged,normal_select,337,success,,,0.344175
privileged,normal_select,338,success,,,0.331885
privileged,normal_select,339,success,,,0.350255
privileged,normal_select,340,success,,,0.375784
privileged,normal_select,341,success,,,0.360585
privileged,normal_select,342,success,,,0.331325
privileged,normal_select,343,success,,,0.384444
privileged,normal_select,344,success,,,0.327836
privileged,normal_select,345,success,,,0.339716
privileged,normal_select,346,success,,,0.327335
privileged,normal_select,347,success,,,0.333186
privileged,normal_select,348,success,,,0.375455
privileged,normal_select,349,success,,,0.352865
privileged,normal_select,350,success,,,0.452674
privileged,normal_select,351,success,,,0.386644
privileged,normal_select,352,success,,,0.342515
privileged,normal_select,353,success,,,0.385395
privileged,normal_select,354,success,,,0.399844
privileged,normal_select,355,success,,,0.326555
privileged,normal_select,356,success,,,0.348295
privileged,normal_select,357,success,,,0.322996
privileged,normal_select,358,success,,,0.307486
privileged,normal_select,359,success,,,0.367574
privileged,normal_select,360,success,,,0.450664
privileged,normal_select,361,success,,,0.367665
privileged,normal_select,362,success,,,0.447884
privileged,normal_select,363,success,,,0.377665
privileged,normal_select,364,success,,,0.399734
privileged,normal_select,365,success,,,0.383225
privileged,normal_select,366,success,,,0.377075
privileged,normal_select,367,success,,,0.419004
privileged,normal_select,368,success,,,0.373515
privileged,normal_select,369,success,,,0.387445
privileged,normal_select,370,success,,,0.344195
privileged,normal_select,371,success,,,0.343456
privileged,normal_select,372,success,,,0.394144
privileged,normal_select,373,success,,,0.381594
privileged,normal_select,374,success,,,0.406454
privileged,normal_select,375,success,,,0.352295
privileged,normal_select,376,success,,,0.361185
privileged,normal_select,377,success,,,0.366755
privileged,normal_select,378,success,,,0.335406
privileged,normal_select,379,success,,,0.344125
privileged,normal_select,380,success,,,0.318166
privileged,normal_select,381,success,,,0.404954
privileged,normal_select,382,success,,,0.343824
privileged,normal_select,383,success,,,0.317106
privileged,normal_select,384,success,,,0.353755
privileged,normal_select,385,success,,,0.362665
privileged,normal_select,386,success,,,0.359685
privileged,normal_select,387,success,,,0.338225
privileged,normal_select,388,success,,,0.338795
privileged,normal_select,389,success,,,0.348475
privileged,normal_select,390,success,,,0.375195
privileged,normal_select,391,success,,,0.350855
privileged,normal_select,392,success,,,0.348135
privileged,normal_select,393,success,,,0.343165
privileged,normal_select,394,success,,,0.316846
privileged,normal_select,395,success,,,0.341686
privileged,normal_select,396,success,,,0.365234
privileged,normal_select,397,success,,,0.340015
privileged,normal_select,398,success,,,0.371255
privileged,normal_select,399,success,,,0.357955
privileged,normal_select,400,success,,,0.323595
privileged,normal_select,401,success,,,0.327966
privileged,normal_select,402,success,,,0.373635
privileged,normal_select,403,success,,,0.366355
privileged,normal_select,404,success,,,0.337315
privileged,normal_select,405,success,,,0.310696
privileged,normal_select,406,success,,,0.303816
privileged,normal_select,407,success,,,0.294426
privileged,normal_select,408,success,,,0.284846
privileged,normal_select,409,success,,,0.298796
privileged,normal_select,410,success,,,0.300406
privileged,normal_select,411,success,,,0.314585
privileged,normal_select,412,success,,,0.303035
privileged,normal_select,413,success,,,0.306386
privileged,normal_select,414,success,,,0.295116
privileged,normal_select,415,success,,,0.312866
privileged,normal_select,416,success,,,0.323625
privileged,normal_select,417,success,,,0.334925
privileged,normal_select,418,success,,,0.325016
privileged,normal_select,419,success,,,0.307686
privileged,normal_select,420,success,,,0.289276
privileged,normal_select,421,success,,,0.324075
privileged,normal_select,422,success,,,0.307425
privileged,normal_select,423,success,,,0.326225
privileged,normal_select,424,success,,,0.372155
privileged,normal_select,425,success,,,0.326725
privileged,normal_select,426,success,,,0.368075
privileged,normal_select,427,success,,,0.440293
privileged,normal_select,428,success,,,0.402914
privileged,normal_select,429,success,,,0.311975
privileged,normal_select,430,success,,,0.318315
privileged,normal_select,431,success,,,0.306326
privileged,normal_select,432,success,,,0.322965
privileged,normal_select,433,success,,,0.307265
privileged,normal_select,434,success,,,0.335095
privileged,normal_select,435,success,,,0.295266
privileged,normal_select,436,success,,,0.362625
privileged,normal_select,437,success,,,0.325666
privileged,normal_select,438,success,,,0.310246
privileged,normal_select,439,success,,,0.331555
privileged,normal_select,440,success,,,0.328576
privileged,normal_select,441,success,,,0.392534
privileged,normal_select,442,success,,,0.316546
privileged,normal_select,443,success,,,0.345016
privileged,normal_select,444,success,,,0.314245
privileged,normal_select,445,success,,,0.309226
privileged,normal_select,446,success,,,0.337875
privileged,normal_select,447,success,,,0.315426
privileged,normal_select,448,success,,,0.342475
privileged,normal_select,449,success,,,0.335236
privileged,normal_select,450,success,,,0.305356
privileged,normal_select,451,success,,,0.324495
privileged,normal_select,452,success,,,0.318295
privileged,normal_select,453,success,,,0.314276
privileged,normal_select,454,success,,,0.306496
privileged,normal_select,455,success,,,0.315406
privileged,normal_select,456,success,,,0.315575
privileged,normal_select,457,success,,,0.324096
privileged,normal_select,458,success,,,0.323255
privileged,normal_select,459,success,,,0.353275
privileged,normal_select,460,success,,,0.320506
privileged,normal_select,461,success,,,0.312466
privileged,normal_select,462,success,,,0.340335
privileged,normal_select,463,success,,,0.314946
privileged,normal_select,464,success,,,0.321455
privileged,normal_select,465,success,,,0.312016
privileged,normal_select,466,success,,,0.327665
privileged,normal_select,467,success,,,0.302876
privileged,normal_select,468,success,,,0.327005
privileged,normal_select,469,success,,,0.325796
privileged,normal_select,470,success,,,0.352565
privileged,normal_select,471,success,,,0.336725
privileged,normal_select,472,success,,,0.352985
privileged,normal_select,473,success,,,0.372455
privileged,normal_select,474,success,,,0.312065
privileged,normal_select,475,success,,,0.294926
privileged,normal_select,476,success,,,0.303905
privileged,normal_select,477,success,,,0.345655
privileged,normal_select,478,success,,,0.305155
privileged,normal_select,479,success,,,0.329726
privileged,normal_select,480,success,,,0.323206
privileged,normal_select,481,success,,,0.340926
privileged,normal_select,482,success,,,0.325545
privileged,normal_select,483,success,,,0.319306
privileged,normal_select,484,success,,,0.332515
privileged,normal_select,485,success,,,0.316016
privileged,normal_select,486,success,,,0.337535
privileged,normal_select,487,success,,,0.316806
privileged,normal_select,488,success,,,0.311406
privileged,normal_select,489,success,,,0.303555
privileged,normal_select,490,success,,,0.318645
privileged,normal_select,491,success,,,0.323446
privileged,normal_select,492,success,,,0.335326
privileged,normal_select,493,success,,,0.351455
privileged,normal_select,494,success,,,0.336895
privileged,normal_select,495,success,,,0.313356
privileged,normal_select,496,success,,,0.294576
privileged,normal_select,497,success,,,0.304736
privileged,normal_select,498,success,,,0.391435
privileged,normal_select,499,success,,,0.319145
privileged,normal_select,500,success,,,0.308526
privileged,sensitive_select,1,success,,,0.347445
privileged,sensitive_select,2,success,,,0.313826
privileged,sensitive_select,3,success,,,0.304806
privileged,sensitive_select,4,success,,,0.318305
privileged,sensitive_select,5,success,,,0.356455
privileged,sensitive_select,6,success,,,0.315935
privileged,sensitive_select,7,success,,,0.310516
privileged,sensitive_select,8,success,,,0.298346
privileged,sensitive_select,9,success,,,0.303835
privileged,sensitive_select,10,success,,,0.324285
privileged,sensitive_select,11,success,,,0.356395
privileged,sensitive_select,12,success,,,0.302416
privileged,sensitive_select,13,success,,,0.304376
privileged,sensitive_select,14,success,,,0.319025
privileged,sensitive_select,15,success,,,0.300806
privileged,sensitive_select,16,success,,,0.295066
privileged,sensitive_select,17,success,,,0.306896
privileged,sensitive_select,18,success,,,0.331526
privileged,sensitive_select,19,success,,,0.301666
privileged,sensitive_select,20,success,,,0.326416
privileged,sensitive_select,21,success,,,0.314265
privileged,sensitive_select,22,success,,,0.330206
privileged,sensitive_select,23,success,,,0.347445
privileged,sensitive_select,24,success,,,0.300496
privileged,sensitive_select,25,success,,,0.317486
privileged,sensitive_select,26,success,,,0.349025
privileged,sensitive_select,27,success,,,0.332555
privileged,sensitive_select,28,success,,,0.327726
privileged,sensitive_select,29,success,,,0.304716
privileged,sensitive_select,30,success,,,0.313826
privileged,sensitive_select,31,success,,,0.334185
privileged,sensitive_select,32,success,,,0.343784
privileged,sensitive_select,33,success,,,0.403614
privileged,sensitive_select,34,success,,,0.305966
privileged,sensitive_select,35,success,,,0.293306
privileged,sensitive_select,36,success,,,0.304966
privileged,sensitive_select,37,success,,,0.354415
privileged,sensitive_select,38,success,,,0.291106
privileged,sensitive_select,39,success,,,0.321415
privileged,sensitive_select,40,success,,,0.301996
privileged,sensitive_select,41,success,,,0.294375
privileged,sensitive_select,42,success,,,0.295675
privileged,sensitive_select,43,success,,,0.315626
privileged,sensitive_select,44,success,,,0.306456
privileged,sensitive_select,45,success,,,0.302056
privileged,sensitive_select,46,success,,,0.295156
privileged,sensitive_select,47,success,,,0.311876
privileged,sensitive_select,48,success,,,0.313765
privileged,sensitive_select,49,success,,,0.324625
privileged,sensitive_select,50,success,,,0.296656
privileged,sensitive_select,51,success,,,0.312746
privileged,sensitive_select,52,success,,,0.306456
privileged,sensitive_select,53,success,,,0.305996
privileged,sensitive_select,54,success,,,0.324565
privileged,sensitive_select,55,success,,,0.306485
privileged,sensitive_select,56,success,,,0.323366
privileged,sensitive_select,57,success,,,0.314346
privileged,sensitive_select,58,success,,,0.326286
privileged,sensitive_select,59,success,,,0.343905
privileged,sensitive_select,60,success,,,0.304996
privileged,sensitive_select,61,success,,,0.348135
privileged,sensitive_select,62,success,,,0.305226
privileged,sensitive_select,63,success,,,0.309716
privileged,sensitive_select,64,success,,,0.388695
privileged,sensitive_select,65,success,,,0.311695
privileged,sensitive_select,66,success,,,0.327785
privileged,sensitive_select,67,success,,,0.348815
privileged,sensitive_select,68,success,,,0.320306
privileged,sensitive_select,69,success,,,0.311446
privileged,sensitive_select,70,success,,,0.333415
privileged,sensitive_select,71,success,,,0.333606
privileged,sensitive_select,72,success,,,0.389745
privileged,sensitive_select,73,success,,,0.347666
privileged,sensitive_select,74,success,,,0.337725
privileged,sensitive_select,75,success,,,0.319486
privileged,sensitive_select,76,success,,,0.345325
privileged,sensitive_select,77,success,,,0.384914
privileged,sensitive_select,78,success,,,0.311756
privileged,sensitive_select,79,success,,,0.325715
privileged,sensitive_select,80,success,,,0.326456
privileged,sensitive_select,81,success,,,0.306306
privileged,sensitive_select,82,success,,,0.305435
privileged,sensitive_select,83,success,,,0.397664
privileged,sensitive_select,84,success,,,0.330405
privileged,sensitive_select,85,success,,,0.324776
privileged,sensitive_select,86,success,,,0.339125
privileged,sensitive_select,87,success,,,0.334705
privileged,sensitive_select,88,success,,,0.393764
privileged,sensitive_select,89,success,,,0.320566
privileged,sensitive_select,90,success,,,0.408905
privileged,sensitive_select,91,success,,,0.339925
privileged,sensitive_select,92,success,,,0.306196
privileged,sensitive_select,93,success,,,0.390535
privileged,sensitive_select,94,success,,,0.301406
privileged,sensitive_select,95,success,,,0.305896
privileged,sensitive_select,96,success,,,0.331046
privileged,sensitive_select,97,success,,,0.322456
privileged,sensitive_select,98,success,,,0.319386
privileged,sensitive_select,99,success,,,0.308096
privileged,sensitive_select,100,success,,,0.305875
privileged,sensitive_select,101,success,,,0.308435
privileged,sensitive_select,102,success,,,0.311096
privileged,sensitive_select,103,success,,,0.288296
privileged,sensitive_select,104,success,,,0.334725
privileged,sensitive_select,105,success,,,0.300335
privileged,sensitive_select,106,success,,,0.332055
privileged,sensitive_select,107,success,,,0.304866
privileged,sensitive_select,108,success,,,0.332175
privileged,sensitive_select,109,success,,,0.328186
privileged,sensitive_select,110,success,,,0.300396
privileged,sensitive_select,111,success,,,0.371984
privileged,sensitive_select,112,success,,,0.479753
privileged,sensitive_select,113,success,,,0.359935
privileged,sensitive_select,114,success,,,0.347295
privileged,sensitive_select,115,success,,,0.312895
privileged,sensitive_select,116,success,,,0.345996
privileged,sensitive_select,117,success,,,0.310746
privileged,sensitive_select,118,success,,,0.302595
privileged,sensitive_select,119,success,,,0.372214
privileged,sensitive_select,120,success,,,0.346995
privileged,sensitive_select,121,success,,,0.372004
privileged,sensitive_select,122,success,,,0.433104
privileged,sensitive_select,123,success,,,0.319505
privileged,sensitive_select,124,success,,,0.316886
privileged,sensitive_select,125,success,,,0.292336
privileged,sensitive_select,126,success,,,0.305536
privileged,sensitive_select,127,success,,,0.353656
privileged,sensitive_select,128,success,,,0.426974
privileged,sensitive_select,129,success,,,0.344755
privileged,sensitive_select,130,success,,,0.346365
privileged,sensitive_select,131,success,,,0.331966
privileged,sensitive_select,132,success,,,0.380855
privileged,sensitive_select,133,success,,,0.301906
privileged,sensitive_select,134,success,,,0.333285
privileged,sensitive_select,135,success,,,0.309196
privileged,sensitive_select,136,success,,,0.343785
privileged,sensitive_select,137,success,,,0.295946
privileged,sensitive_select,138,success,,,0.293507
privileged,sensitive_select,139,success,,,0.319996
privileged,sensitive_select,140,success,,,0.317176
privileged,sensitive_select,141,success,,,0.337395
privileged,sensitive_select,142,success,,,0.327886
privileged,sensitive_select,143,success,,,0.303736
privileged,sensitive_select,144,success,,,0.431614
privileged,sensitive_select,145,success,,,0.366315
privileged,sensitive_select,146,success,,,0.304066
privileged,sensitive_select,147,success,,,0.347845
privileged,sensitive_select,148,success,,,0.336046
privileged,sensitive_select,149,success,,,0.382795
privileged,sensitive_select,150,success,,,0.296836
privileged,sensitive_select,151,success,,,0.434384
privileged,sensitive_select,152,success,,,0.335246
privileged,sensitive_select,153,success,,,0.365935
privileged,sensitive_select,154,success,,,0.333216
privileged,sensitive_select,155,success,,,0.349125
privileged,sensitive_select,156,success,,,0.324135
privileged,sensitive_select,157,success,,,0.329586
privileged,sensitive_select,158,success,,,0.346155
privileged,sensitive_select,159,success,,,0.327225
privileged,sensitive_select,160,success,,,0.340505
privileged,sensitive_select,161,success,,,0.348005
privileged,sensitive_select,162,success,,,0.308106
privileged,sensitive_select,163,success,,,0.309826
privileged,sensitive_select,164,success,,,0.322885
privileged,sensitive_select,165,success,,,0.392414
privileged,sensitive_select,166,success,,,0.331725
privileged,sensitive_select,167,success,,,0.306006
privileged,sensitive_select,168,success,,,0.316815
privileged,sensitive_select,169,success,,,0.347565
privileged,sensitive_select,170,success,,,0.431783
privileged,sensitive_select,171,success,,,0.288966
privileged,sensitive_select,172,success,,,0.317695
privileged,sensitive_select,173,success,,,0.306526
privileged,sensitive_select,174,success,,,0.282956
privileged,sensitive_select,175,success,,,0.302795
privileged,sensitive_select,176,success,,,0.292426
privileged,sensitive_select,177,success,,,0.283326
privileged,sensitive_select,178,success,,,0.295856
privileged,sensitive_select,179,success,,,0.354845
privileged,sensitive_select,180,success,,,0.319956
privileged,sensitive_select,181,success,,,0.301936
privileged,sensitive_select,182,success,,,0.271346
privileged,sensitive_select,183,success,,,0.281176
privileged,sensitive_select,184,success,,,0.272016
privileged,sensitive_select,185,success,,,0.269036
privileged,sensitive_select,186,success,,,0.290756
privileged,sensitive_select,187,success,,,0.273216
privileged,sensitive_select,188,success,,,0.314655
privileged,sensitive_select,189,success,,,0.313046
privileged,sensitive_select,190,success,,,0.337785
privileged,sensitive_select,191,success,,,0.305845
privileged,sensitive_select,192,success,,,0.303386
privileged,sensitive_select,193,success,,,0.358685
privileged,sensitive_select,194,success,,,0.279586
privileged,sensitive_select,195,success,,,0.290536
privileged,sensitive_select,196,success,,,0.319376
privileged,sensitive_select,197,success,,,0.330936
privileged,sensitive_select,198,success,,,0.320855
privileged,sensitive_select,199,success,,,0.325566
privileged,sensitive_select,200,success,,,0.303426
privileged,sensitive_select,201,success,,,0.393914
privileged,sensitive_select,202,success,,,0.383655
privileged,sensitive_select,203,success,,,0.329136
privileged,sensitive_select,204,success,,,0.458174
privileged,sensitive_select,205,success,,,0.354935
privileged,sensitive_select,206,success,,,0.334395
privileged,sensitive_select,207,success,,,0.370955
privileged,sensitive_select,208,success,,,0.390364
privileged,sensitive_select,209,success,,,0.394474
privileged,sensitive_select,210,success,,,0.375635
privileged,sensitive_select,211,success,,,0.350135
privileged,sensitive_select,212,success,,,0.326746
privileged,sensitive_select,213,success,,,0.347305
privileged,sensitive_select,214,success,,,0.361545
privileged,sensitive_select,215,success,,,0.333206
privileged,sensitive_select,216,success,,,0.380814
privileged,sensitive_select,217,success,,,0.400264
privileged,sensitive_select,218,success,,,0.386084
privileged,sensitive_select,219,success,,,0.448244
privileged,sensitive_select,220,success,,,0.360825
privileged,sensitive_select,221,success,,,0.315286
privileged,sensitive_select,222,success,,,0.313015
privileged,sensitive_select,223,success,,,0.319205
privileged,sensitive_select,224,success,,,0.292266
privileged,sensitive_select,225,success,,,0.447064
privileged,sensitive_select,226,success,,,0.328505
privileged,sensitive_select,227,success,,,0.309446
privileged,sensitive_select,228,success,,,0.376534
privileged,sensitive_select,229,success,,,0.388365
privileged,sensitive_select,230,success,,,0.351195
privileged,sensitive_select,231,success,,,0.400405
privileged,sensitive_select,232,success,,,0.357135
privileged,sensitive_select,233,success,,,0.360975
privileged,sensitive_select,234,success,,,0.343365
privileged,sensitive_select,235,success,,,0.396915
privileged,sensitive_select,236,success,,,0.320335
privileged,sensitive_select,237,success,,,0.451103
privileged,sensitive_select,238,success,,,0.412424
privileged,sensitive_select,239,success,,,0.408244
privileged,sensitive_select,240,success,,,0.375915
privileged,sensitive_select,241,success,,,0.356635
privileged,sensitive_select,242,success,,,0.395345
privileged,sensitive_select,243,success,,,0.331736
privileged,sensitive_select,244,success,,,0.439054
privileged,sensitive_select,245,success,,,0.403064
privileged,sensitive_select,246,success,,,0.356805
privileged,sensitive_select,247,success,,,0.356375
privileged,sensitive_select,248,success,,,0.399865
privileged,sensitive_select,249,success,,,0.466663
privileged,sensitive_select,250,success,,,0.374705
privileged,sensitive_select,251,success,,,0.337176
privileged,sensitive_select,252,success,,,0.407684
privileged,sensitive_select,253,success,,,0.336846
privileged,sensitive_select,254,success,,,0.361095
privileged,sensitive_select,255,success,,,0.435004
privileged,sensitive_select,256,success,,,0.506503
privileged,sensitive_select,257,success,,,0.454863
privileged,sensitive_select,258,success,,,0.413184
privileged,sensitive_select,259,success,,,0.538402
privileged,sensitive_select,260,success,,,0.545452
privileged,sensitive_select,261,success,,,0.440204
privileged,sensitive_select,262,success,,,0.422414
privileged,sensitive_select,263,success,,,0.449744
privileged,sensitive_select,264,success,,,0.505262
privileged,sensitive_select,265,success,,,0.389364
privileged,sensitive_select,266,success,,,0.433184
privileged,sensitive_select,267,success,,,0.466004
privileged,sensitive_select,268,success,,,0.392714
privileged,sensitive_select,269,success,,,0.533072
privileged,sensitive_select,270,success,,,0.517333
privileged,sensitive_select,271,success,,,0.426364
privileged,sensitive_select,272,success,,,0.417594
privileged,sensitive_select,273,success,,,0.474643
privileged,sensitive_select,274,success,,,0.570602
privileged,sensitive_select,275,success,,,0.430214
privileged,sensitive_select,276,success,,,0.373245
privileged,sensitive_select,277,success,,,0.434404
privileged,sensitive_select,278,success,,,0.414644
privileged,sensitive_select,279,success,,,0.549532
privileged,sensitive_select,280,success,,,0.450814
privileged,sensitive_select,281,success,,,0.385115
privileged,sensitive_select,282,success,,,0.347595
privileged,sensitive_select,283,success,,,0.353745
privileged,sensitive_select,284,success,,,0.355565
privileged,sensitive_select,285,success,,,0.364855
privileged,sensitive_select,286,success,,,0.335135
privileged,sensitive_select,287,success,,,0.400715
privileged,sensitive_select,288,success,,,0.392185
privileged,sensitive_select,289,success,,,0.374084
privileged,sensitive_select,290,success,,,0.349395
privileged,sensitive_select,291,success,,,0.369215
privileged,sensitive_select,292,success,,,0.416314
privileged,sensitive_select,293,success,,,0.349565
privileged,sensitive_select,294,success,,,0.321386
privileged,sensitive_select,295,success,,,0.407975
privileged,sensitive_select,296,success,,,0.382574
privileged,sensitive_select,297,success,,,0.328505
privileged,sensitive_select,298,success,,,0.325085
privileged,sensitive_select,299,success,,,0.293916
privileged,sensitive_select,300,success,,,0.314565
privileged,sensitive_select,301,success,,,0.390674
privileged,sensitive_select,302,success,,,0.345145
privileged,sensitive_select,303,success,,,0.339396
privileged,sensitive_select,304,success,,,0.334335
privileged,sensitive_select,305,success,,,0.314505
privileged,sensitive_select,306,success,,,0.390354
privileged,sensitive_select,307,success,,,0.343875
privileged,sensitive_select,308,success,,,0.335725
privileged,sensitive_select,309,success,,,0.311026
privileged,sensitive_select,310,success,,,0.299666
privileged,sensitive_select,311,success,,,0.314475
privileged,sensitive_select,312,success,,,0.323305
privileged,sensitive_select,313,success,,,0.393444
privileged,sensitive_select,314,success,,,0.350365
privileged,sensitive_select,315,success,,,0.535663
privileged,sensitive_select,316,success,,,0.375865
privileged,sensitive_select,317,success,,,0.333106
privileged,sensitive_select,318,success,,,0.447484
privileged,sensitive_select,319,success,,,0.436464
privileged,sensitive_select,320,success,,,0.355395
privileged,sensitive_select,321,success,,,0.334296
privileged,sensitive_select,322,success,,,0.310935
privileged,sensitive_select,323,success,,,0.364935
privileged,sensitive_select,324,success,,,0.316185
privileged,sensitive_select,325,success,,,0.340575
privileged,sensitive_select,326,success,,,0.324315
privileged,sensitive_select,327,success,,,0.346395
privileged,sensitive_select,328,success,,,0.350026
privileged,sensitive_select,329,success,,,0.327655
privileged,sensitive_select,330,success,,,0.395885
privileged,sensitive_select,331,success,,,0.353286
privileged,sensitive_select,332,success,,,0.324896
privileged,sensitive_select,333,success,,,0.412394
privileged,sensitive_select,334,success,,,0.414784
privileged,sensitive_select,335,success,,,0.342566
privileged,sensitive_select,336,success,,,0.384065
privileged,sensitive_select,337,success,,,0.355095
privileged,sensitive_select,338,success,,,0.333155
privileged,sensitive_select,339,success,,,0.334796
privileged,sensitive_select,340,success,,,0.347075
privileged,sensitive_select,341,success,,,0.396374
privileged,sensitive_select,342,success,,,0.397234
privileged,sensitive_select,343,success,,,0.321395
privileged,sensitive_select,344,success,,,0.402724
privileged,sensitive_select,345,success,,,0.314236
privileged,sensitive_select,346,success,,,0.343796
privileged,sensitive_select,347,success,,,0.323205
privileged,sensitive_select,348,success,,,0.329235
privileged,sensitive_select,349,success,,,0.310306
privileged,sensitive_select,350,success,,,0.324495
privileged,sensitive_select,351,success,,,0.281016
privileged,sensitive_select,352,success,,,0.400304
privileged,sensitive_select,353,success,,,0.342655
privileged,sensitive_select,354,success,,,0.348355
privileged,sensitive_select,355,success,,,0.338015
privileged,sensitive_select,356,success,,,0.438274
privileged,sensitive_select,357,success,,,0.367465
privileged,sensitive_select,358,success,,,0.338255
privileged,sensitive_select,359,success,,,0.322325
privileged,sensitive_select,360,success,,,0.297496
privileged,sensitive_select,361,success,,,0.415104
privileged,sensitive_select,362,success,,,0.387775
privileged,sensitive_select,363,success,,,0.381465
privileged,sensitive_select,364,success,,,0.323985
privileged,sensitive_select,365,success,,,0.304466
privileged,sensitive_select,366,success,,,0.298036
privileged,sensitive_select,367,success,,,0.305126
privileged,sensitive_select,368,success,,,0.374225
privileged,sensitive_select,369,success,,,0.301156
privileged,sensitive_select,370,success,,,0.364155
privileged,sensitive_select,371,success,,,0.288776
privileged,sensitive_select,372,success,,,0.320606
privileged,sensitive_select,373,success,,,0.309256
privileged,sensitive_select,374,success,,,0.307816
privileged,sensitive_select,375,success,,,0.297686
privileged,sensitive_select,376,success,,,0.295026
privileged,sensitive_select,377,success,,,0.302606
privileged,sensitive_select,378,success,,,0.285496
privileged,sensitive_select,379,success,,,0.278356
privileged,sensitive_select,380,success,,,0.296356
privileged,sensitive_select,381,success,,,0.296256
privileged,sensitive_select,382,success,,,0.283276
privileged,sensitive_select,383,success,,,0.292096
privileged,sensitive_select,384,success,,,0.332875
privileged,sensitive_select,385,success,,,0.319246
privileged,sensitive_select,386,success,,,0.330645
privileged,sensitive_select,387,success,,,0.314255
privileged,sensitive_select,388,success,,,0.343336
privileged,sensitive_select,389,success,,,0.308525
privileged,sensitive_select,390,success,,,0.310115
privileged,sensitive_select,391,success,,,0.302166
privileged,sensitive_select,392,success,,,0.309225
privileged,sensitive_select,393,success,,,0.382405
privileged,sensitive_select,394,success,,,0.368035
privileged,sensitive_select,395,success,,,0.339156
privileged,sensitive_select,396,success,,,0.331415
privileged,sensitive_select,397,success,,,0.295026
privileged,sensitive_select,398,success,,,0.324226
privileged,sensitive_select,399,success,,,0.299115
privileged,sensitive_select,400,success,,,0.279267
privileged,sensitive_select,401,success,,,0.281166
privileged,sensitive_select,402,success,,,0.301955
privileged,sensitive_select,403,success,,,0.315865
privileged,sensitive_select,404,success,,,0.307116
privileged,sensitive_select,405,success,,,0.332265
privileged,sensitive_select,406,success,,,0.327256
privileged,sensitive_select,407,success,,,0.281116
privileged,sensitive_select,408,success,,,0.345205
privileged,sensitive_select,409,success,,,0.292746
privileged,sensitive_select,410,success,,,0.291406
privileged,sensitive_select,411,success,,,0.303305
privileged,sensitive_select,412,success,,,0.379525
privileged,sensitive_select,413,success,,,0.392874
privileged,sensitive_select,414,success,,,0.334345
privileged,sensitive_select,415,success,,,0.369675
privileged,sensitive_select,416,success,,,0.324936
privileged,sensitive_select,417,success,,,0.264556
privileged,sensitive_select,418,success,,,0.284656
privileged,sensitive_select,419,success,,,0.288656
privileged,sensitive_select,420,success,,,0.309185
privileged,sensitive_select,421,success,,,0.293596
privileged,sensitive_select,422,success,,,0.355815
privileged,sensitive_select,423,success,,,0.282046
privileged,sensitive_select,424,success,,,0.307266
privileged,sensitive_select,425,success,,,0.287136
privileged,sensitive_select,426,success,,,0.305856
privileged,sensitive_select,427,success,,,0.281566
privileged,sensitive_select,428,success,,,0.275546
privileged,sensitive_select,429,success,,,0.267597
privileged,sensitive_select,430,success,,,0.259636
privileged,sensitive_select,431,success,,,0.269556
privileged,sensitive_select,432,success,,,0.304355
privileged,sensitive_select,433,success,,,0.300146
privileged,sensitive_select,434,success,,,0.312885
privileged,sensitive_select,435,success,,,0.308315
privileged,sensitive_select,436,success,,,0.282796
privileged,sensitive_select,437,success,,,0.285396
privileged,sensitive_select,438,success,,,0.453363
privileged,sensitive_select,439,success,,,0.325876
privileged,sensitive_select,440,success,,,0.331475
privileged,sensitive_select,441,success,,,0.298986
privileged,sensitive_select,442,success,,,0.289266
privileged,sensitive_select,443,success,,,0.278636
privileged,sensitive_select,444,success,,,0.331385
privileged,sensitive_select,445,success,,,0.304006
privileged,sensitive_select,446,success,,,0.387325
privileged,sensitive_select,447,success,,,0.383814
privileged,sensitive_select,448,success,,,0.314355
privileged,sensitive_select,449,success,,,0.311396
privileged,sensitive_select,450,success,,,0.326125
privileged,sensitive_select,451,success,,,0.385834
privileged,sensitive_select,452,success,,,0.297556
privileged,sensitive_select,453,success,,,0.323586
privileged,sensitive_select,454,success,,,0.311166
privileged,sensitive_select,455,success,,,0.311405
privileged,sensitive_select,456,success,,,0.297146
privileged,sensitive_select,457,success,,,0.315246
privileged,sensitive_select,458,success,,,0.280736
privileged,sensitive_select,459,success,,,0.338715
privileged,sensitive_select,460,success,,,0.286986
privileged,sensitive_select,461,success,,,0.372975
privileged,sensitive_select,462,success,,,0.253707
privileged,sensitive_select,463,success,,,0.270906
privileged,sensitive_select,464,success,,,0.271166
privileged,sensitive_select,465,success,,,0.279526
privileged,sensitive_select,466,success,,,0.306156
privileged,sensitive_select,467,success,,,0.276926
privileged,sensitive_select,468,success,,,0.302766
privileged,sensitive_select,469,success,,,0.311506
privileged,sensitive_select,470,success,,,0.399425
privileged,sensitive_select,471,success,,,0.304305
privileged,sensitive_select,472,success,,,0.324476
privileged,sensitive_select,473,success,,,0.296326
privileged,sensitive_select,474,success,,,0.381505
privileged,sensitive_select,475,success,,,0.360004
privileged,sensitive_select,476,success,,,0.340235
privileged,sensitive_select,477,success,,,0.330635
privileged,sensitive_select,478,success,,,0.301155
privileged,sensitive_select,479,success,,,0.303836
privileged,sensitive_select,480,success,,,0.316676
privileged,sensitive_select,481,success,,,0.304645
privileged,sensitive_select,482,success,,,0.310126
privileged,sensitive_select,483,success,,,0.313436
privileged,sensitive_select,484,success,,,0.286846
privileged,sensitive_select,485,success,,,0.302266
privileged,sensitive_select,486,success,,,0.364505
privileged,sensitive_select,487,success,,,0.365835
privileged,sensitive_select,488,success,,,0.328285
privileged,sensitive_select,489,success,,,0.334415
privileged,sensitive_select,490,success,,,0.314096
privileged,sensitive_select,491,success,,,0.310756
privileged,sensitive_select,492,success,,,0.317105
privileged,sensitive_select,493,success,,,0.358075
privileged,sensitive_select,494,success,,,0.290336
privileged,sensitive_select,495,success,,,0.300646
privileged,sensitive_select,496,success,,,0.324296
privileged,sensitive_select,497,success,,,0.312426
privileged,sensitive_select,498,success,,,0.334865
privileged,sensitive_select,499,success,,,0.371695
privileged,sensitive_select,500,success,,,0.340225
privileged,sensitive_update,1,success,,,0.579412
privileged,sensitive_update,2,success,,,0.497793
privileged,sensitive_update,3,success,,,0.446203
privileged,sensitive_update,4,success,,,0.389324
privileged,sensitive_update,5,success,,,0.405634
privileged,sensitive_update,6,success,,,0.376195
privileged,sensitive_update,7,success,,,0.370385
privileged,sensitive_update,8,success,,,0.359605
privileged,sensitive_update,9,success,,,0.632171
privileged,sensitive_update,10,success,,,0.607242
privileged,sensitive_update,11,success,,,0.484743
privileged,sensitive_update,12,success,,,0.419194
privileged,sensitive_update,13,success,,,0.388675
privileged,sensitive_update,14,success,,,0.344785
privileged,sensitive_update,15,success,,,0.383534
privileged,sensitive_update,16,success,,,0.365435
privileged,sensitive_update,17,success,,,0.429914
privileged,sensitive_update,18,success,,,0.490243
privileged,sensitive_update,19,success,,,0.599222
privileged,sensitive_update,20,success,,,0.407224
privileged,sensitive_update,21,success,,,0.380415
privileged,sensitive_update,22,success,,,0.373475
privileged,sensitive_update,23,success,,,0.352215
privileged,sensitive_update,24,success,,,0.350345
privileged,sensitive_update,25,success,,,0.394714
privileged,sensitive_update,26,success,,,0.376375
privileged,sensitive_update,27,success,,,0.328435
privileged,sensitive_update,28,success,,,0.337546
privileged,sensitive_update,29,success,,,0.361125
privileged,sensitive_update,30,success,,,0.351965
privileged,sensitive_update,31,success,,,0.320866
privileged,sensitive_update,32,success,,,0.351785
privileged,sensitive_update,33,success,,,0.338755
privileged,sensitive_update,34,success,,,0.294996
privileged,sensitive_update,35,success,,,0.332596
privileged,sensitive_update,36,success,,,0.339935
privileged,sensitive_update,37,success,,,0.360065
privileged,sensitive_update,38,success,,,0.360865
privileged,sensitive_update,39,success,,,0.561532
privileged,sensitive_update,40,success,,,0.449413
privileged,sensitive_update,41,success,,,0.467904
privileged,sensitive_update,42,success,,,0.487783
privileged,sensitive_update,43,success,,,0.477223
privileged,sensitive_update,44,success,,,0.456903
privileged,sensitive_update,45,success,,,0.479524
privileged,sensitive_update,46,success,,,0.639791
privileged,sensitive_update,47,success,,,0.487303
privileged,sensitive_update,48,success,,,0.473214
privileged,sensitive_update,49,success,,,0.415594
privileged,sensitive_update,50,success,,,0.453084
privileged,sensitive_update,51,success,,,0.420235
privileged,sensitive_update,52,success,,,0.433134
privileged,sensitive_update,53,success,,,0.415154
privileged,sensitive_update,54,success,,,0.458833
privileged,sensitive_update,55,success,,,0.406195
privileged,sensitive_update,56,success,,,0.521323
privileged,sensitive_update,57,success,,,0.434584
privileged,sensitive_update,58,success,,,0.395995
privileged,sensitive_update,59,success,,,0.479104
privileged,sensitive_update,60,success,,,0.429544
privileged,sensitive_update,61,success,,,0.409494
privileged,sensitive_update,62,success,,,0.472394
privileged,sensitive_update,63,success,,,0.427384
privileged,sensitive_update,64,success,,,0.387394
privileged,sensitive_update,65,success,,,0.444503
privileged,sensitive_update,66,success,,,0.397105
privileged,sensitive_update,67,success,,,0.431334
privileged,sensitive_update,68,success,,,0.504553
privileged,sensitive_update,69,success,,,0.469133
privileged,sensitive_update,70,success,,,0.455154
privileged,sensitive_update,71,success,,,0.404515
privileged,sensitive_update,72,success,,,0.473153
privileged,sensitive_update,73,success,,,0.385194
privileged,sensitive_update,74,success,,,0.369315
privileged,sensitive_update,75,success,,,0.374405
privileged,sensitive_update,76,success,,,0.402084
privileged,sensitive_update,77,success,,,0.342686
privileged,sensitive_update,78,success,,,0.487863
privileged,sensitive_update,79,success,,,0.471103
privileged,sensitive_update,80,success,,,0.397055
privileged,sensitive_update,81,success,,,0.403744
privileged,sensitive_update,82,success,,,0.392694
privileged,sensitive_update,83,success,,,0.413464
privileged,sensitive_update,84,success,,,0.416094
privileged,sensitive_update,85,success,,,0.383235
privileged,sensitive_update,86,success,,,0.370855
privileged,sensitive_update,87,success,,,0.353646
privileged,sensitive_update,88,success,,,0.368245
privileged,sensitive_update,89,success,,,0.429324
privileged,sensitive_update,90,success,,,0.370405
privileged,sensitive_update,91,success,,,0.406315
privileged,sensitive_update,92,success,,,0.384725
privileged,sensitive_update,93,success,,,0.367675
privileged,sensitive_update,94,success,,,0.401734
privileged,sensitive_update,95,success,,,0.374575
privileged,sensitive_update,96,success,,,0.375605
privileged,sensitive_update,97,success,,,0.370625
privileged,sensitive_update,98,success,,,0.366835
privileged,sensitive_update,99,success,,,0.344926
privileged,sensitive_update,100,success,,,0.349345
privileged,sensitive_update,101,success,,,0.406834
privileged,sensitive_update,102,success,,,0.376455
privileged,sensitive_update,103,success,,,0.351325
privileged,sensitive_update,104,success,,,0.430834
privileged,sensitive_update,105,success,,,0.366195
privileged,sensitive_update,106,success,,,0.369295
privileged,sensitive_update,107,success,,,0.427834
privileged,sensitive_update,108,success,,,0.376455
privileged,sensitive_update,109,success,,,0.452354
privileged,sensitive_update,110,success,,,0.364925
privileged,sensitive_update,111,success,,,0.520233
privileged,sensitive_update,112,success,,,0.401764
privileged,sensitive_update,113,success,,,0.456724
privileged,sensitive_update,114,success,,,0.440754
privileged,sensitive_update,115,success,,,0.443573
privileged,sensitive_update,116,success,,,0.410585
privileged,sensitive_update,117,success,,,0.406524
privileged,sensitive_update,118,success,,,0.373725
privileged,sensitive_update,119,success,,,0.365775
privileged,sensitive_update,120,success,,,0.398195
privileged,sensitive_update,121,success,,,0.375805
privileged,sensitive_update,122,success,,,0.427174
privileged,sensitive_update,123,success,,,0.379095
privileged,sensitive_update,124,success,,,0.375665
privileged,sensitive_update,125,success,,,0.368395
privileged,sensitive_update,126,success,,,0.373815
privileged,sensitive_update,127,success,,,0.409764
privileged,sensitive_update,128,success,,,0.510152
privileged,sensitive_update,129,success,,,0.483743
privileged,sensitive_update,130,success,,,0.354395
privileged,sensitive_update,131,success,,,0.428044
privileged,sensitive_update,132,success,,,0.366805
privileged,sensitive_update,133,success,,,0.377164
privileged,sensitive_update,134,success,,,0.339226
privileged,sensitive_update,135,success,,,0.367434
privileged,sensitive_update,136,success,,,0.354725
privileged,sensitive_update,137,success,,,0.432954
privileged,sensitive_update,138,success,,,0.413374
privileged,sensitive_update,139,success,,,0.402114
privileged,sensitive_update,140,success,,,0.356455
privileged,sensitive_update,141,success,,,0.571441
privileged,sensitive_update,142,success,,,0.364765
privileged,sensitive_update,143,success,,,0.368375
privileged,sensitive_update,144,success,,,0.364905
privileged,sensitive_update,145,success,,,0.383884
privileged,sensitive_update,146,success,,,0.488964
privileged,sensitive_update,147,success,,,0.401754
privileged,sensitive_update,148,success,,,0.442724
privileged,sensitive_update,149,success,,,0.411434
privileged,sensitive_update,150,success,,,0.370235
privileged,sensitive_update,151,success,,,0.386645
privileged,sensitive_update,152,success,,,0.397754
privileged,sensitive_update,153,success,,,0.415415
privileged,sensitive_update,154,success,,,0.391025
privileged,sensitive_update,155,success,,,0.477483
privileged,sensitive_update,156,success,,,0.417504
privileged,sensitive_update,157,success,,,0.414724
privileged,sensitive_update,158,success,,,0.433724
privileged,sensitive_update,159,success,,,0.418114
privileged,sensitive_update,160,success,,,0.428084
privileged,sensitive_update,161,success,,,0.407054
privileged,sensitive_update,162,success,,,0.451673
privileged,sensitive_update,163,success,,,0.440904
privileged,sensitive_update,164,success,,,0.409124
privileged,sensitive_update,165,success,,,0.429924
privileged,sensitive_update,166,success,,,0.438254
privileged,sensitive_update,167,success,,,0.391265
privileged,sensitive_update,168,success,,,0.410485
privileged,sensitive_update,169,success,,,0.417924
privileged,sensitive_update,170,success,,,0.406194
privileged,sensitive_update,171,success,,,0.400375
privileged,sensitive_update,172,success,,,0.419344
privileged,sensitive_update,173,success,,,0.483873
privileged,sensitive_update,174,success,,,0.422343
privileged,sensitive_update,175,success,,,0.437934
privileged,sensitive_update,176,success,,,0.413374
privileged,sensitive_update,177,success,,,0.446904
privileged,sensitive_update,178,success,,,0.432323
privileged,sensitive_update,179,success,,,0.419034
privileged,sensitive_update,180,success,,,0.539223
privileged,sensitive_update,181,success,,,0.402934
privileged,sensitive_update,182,success,,,0.401465
privileged,sensitive_update,183,success,,,0.486423
privileged,sensitive_update,184,success,,,0.72865
privileged,sensitive_update,185,success,,,0.519903
privileged,sensitive_update,186,success,,,0.478144
privileged,sensitive_update,187,success,,,0.461264
privileged,sensitive_update,188,success,,,0.401425
privileged,sensitive_update,189,success,,,0.397315
privileged,sensitive_update,190,success,,,0.503093
privileged,sensitive_update,191,success,,,0.410615
privileged,sensitive_update,192,success,,,0.456104
privileged,sensitive_update,193,success,,,0.515063
privileged,sensitive_update,194,success,,,0.589922
privileged,sensitive_update,195,success,,,0.655731
privileged,sensitive_update,196,success,,,0.428744
privileged,sensitive_update,197,success,,,0.391464
privileged,sensitive_update,198,success,,,0.501683
privileged,sensitive_update,199,success,,,0.444424
privileged,sensitive_update,200,success,,,0.443034
privileged,sensitive_update,201,success,,,0.400344
privileged,sensitive_update,202,success,,,0.393144
privileged,sensitive_update,203,success,,,0.356895
privileged,sensitive_update,204,success,,,0.353935
privileged,sensitive_update,205,success,,,0.357175
privileged,sensitive_update,206,success,,,0.361395
privileged,sensitive_update,207,success,,,0.340045
privileged,sensitive_update,208,success,,,0.364705
privileged,sensitive_update,209,success,,,0.408025
privileged,sensitive_update,210,success,,,0.355235
privileged,sensitive_update,211,success,,,0.371085
privileged,sensitive_update,212,success,,,0.328616
privileged,sensitive_update,213,success,,,0.363555
privileged,sensitive_update,214,success,,,0.350985
privileged,sensitive_update,215,success,,,0.362345
privileged,sensitive_update,216,success,,,0.387445
privileged,sensitive_update,217,success,,,0.357835
privileged,sensitive_update,218,success,,,0.331785
privileged,sensitive_update,219,success,,,0.369225
privileged,sensitive_update,220,success,,,0.418234
privileged,sensitive_update,221,success,,,0.371065
privileged,sensitive_update,222,success,,,0.353835
privileged,sensitive_update,223,success,,,0.352456
privileged,sensitive_update,224,success,,,0.332505
privileged,sensitive_update,225,success,,,0.357586
privileged,sensitive_update,226,success,,,0.365755
privileged,sensitive_update,227,success,,,0.345216
privileged,sensitive_update,228,success,,,0.346575
privileged,sensitive_update,229,success,,,0.362424
privileged,sensitive_update,230,success,,,0.389095
privileged,sensitive_update,231,success,,,0.395335
privileged,sensitive_update,232,success,,,0.489773
privileged,sensitive_update,233,success,,,0.431424
privileged,sensitive_update,234,success,,,0.364765
privileged,sensitive_update,235,success,,,0.354065
privileged,sensitive_update,236,success,,,0.333516
privileged,sensitive_update,237,success,,,0.332195
privileged,sensitive_update,238,success,,,0.335465
privileged,sensitive_update,239,success,,,0.329865
privileged,sensitive_update,240,success,,,0.305716
privileged,sensitive_update,241,success,,,0.349385
privileged,sensitive_update,242,success,,,0.414614
privileged,sensitive_update,243,success,,,0.423084
privileged,sensitive_update,244,success,,,0.352315
privileged,sensitive_update,245,success,,,0.358545
privileged,sensitive_update,246,success,,,0.363345
privileged,sensitive_update,247,success,,,0.402884
privileged,sensitive_update,248,success,,,0.426934
privileged,sensitive_update,249,success,,,0.412514
privileged,sensitive_update,250,success,,,0.357055
privileged,sensitive_update,251,success,,,0.378285
privileged,sensitive_update,252,success,,,0.328115
privileged,sensitive_update,253,success,,,0.330536
privileged,sensitive_update,254,success,,,0.328655
privileged,sensitive_update,255,success,,,0.350585
privileged,sensitive_update,256,success,,,0.356395
privileged,sensitive_update,257,success,,,0.333395
privileged,sensitive_update,258,success,,,0.364975
privileged,sensitive_update,259,success,,,0.368135
privileged,sensitive_update,260,success,,,0.338986
privileged,sensitive_update,261,success,,,0.349485
privileged,sensitive_update,262,success,,,0.344406
privileged,sensitive_update,263,success,,,0.347395
privileged,sensitive_update,264,success,,,0.426014
privileged,sensitive_update,265,success,,,0.417834
privileged,sensitive_update,266,success,,,0.449903
privileged,sensitive_update,267,success,,,0.366205
privileged,sensitive_update,268,success,,,0.347266
privileged,sensitive_update,269,success,,,0.341406
privileged,sensitive_update,270,success,,,0.342845
privileged,sensitive_update,271,success,,,0.342565
privileged,sensitive_update,272,success,,,0.322175
privileged,sensitive_update,273,success,,,0.368085
privileged,sensitive_update,274,success,,,0.370055
privileged,sensitive_update,275,success,,,0.346735
privileged,sensitive_update,276,success,,,0.363655
privileged,sensitive_update,277,success,,,0.344135
privileged,sensitive_update,278,success,,,0.397154
privileged,sensitive_update,279,success,,,0.346495
privileged,sensitive_update,280,success,,,0.383615
privileged,sensitive_update,281,success,,,0.363645
privileged,sensitive_update,282,success,,,0.359905
privileged,sensitive_update,283,success,,,0.386695
privileged,sensitive_update,284,success,,,0.376485
privileged,sensitive_update,285,success,,,0.359705
privileged,sensitive_update,286,success,,,0.328565
privileged,sensitive_update,287,success,,,0.401065
privileged,sensitive_update,288,success,,,0.368705
privileged,sensitive_update,289,success,,,0.407694
privileged,sensitive_update,290,success,,,0.379035
privileged,sensitive_update,291,success,,,0.415564
privileged,sensitive_update,292,success,,,0.382055
privileged,sensitive_update,293,success,,,0.376794
privileged,sensitive_update,294,success,,,0.349965
privileged,sensitive_update,295,success,,,0.394315
privileged,sensitive_update,296,success,,,0.350735
privileged,sensitive_update,297,success,,,0.385174
privileged,sensitive_update,298,success,,,0.360745
privileged,sensitive_update,299,success,,,0.365114
privileged,sensitive_update,300,success,,,0.376435
privileged,sensitive_update,301,success,,,0.436064
privileged,sensitive_update,302,success,,,0.404354
privileged,sensitive_update,303,success,,,0.594112
privileged,sensitive_update,304,success,,,0.393015
privileged,sensitive_update,305,success,,,0.418785
privileged,sensitive_update,306,success,,,0.389424
privileged,sensitive_update,307,success,,,0.377515
privileged,sensitive_update,308,success,,,0.378115
privileged,sensitive_update,309,success,,,0.385484
privileged,sensitive_update,310,success,,,0.395525
privileged,sensitive_update,311,success,,,0.370465
privileged,sensitive_update,312,success,,,0.426724
privileged,sensitive_update,313,success,,,0.451694
privileged,sensitive_update,314,success,,,0.395165
privileged,sensitive_update,315,success,,,0.412484
privileged,sensitive_update,316,success,,,0.366245
privileged,sensitive_update,317,success,,,0.451744
privileged,sensitive_update,318,success,,,0.372604
privileged,sensitive_update,319,success,,,0.363535
privileged,sensitive_update,320,success,,,0.372165
privileged,sensitive_update,321,success,,,0.378114
privileged,sensitive_update,322,success,,,0.373065
privileged,sensitive_update,323,success,,,0.424124
privileged,sensitive_update,324,success,,,0.405085
privileged,sensitive_update,325,success,,,0.378624
privileged,sensitive_update,326,success,,,0.388385
privileged,sensitive_update,327,success,,,0.458384
privileged,sensitive_update,328,success,,,0.364266
privileged,sensitive_update,329,success,,,0.426285
privileged,sensitive_update,330,success,,,0.425324
privileged,sensitive_update,331,success,,,0.424904
privileged,sensitive_update,332,success,,,0.385525
privileged,sensitive_update,333,success,,,0.357175
privileged,sensitive_update,334,success,,,0.359765
privileged,sensitive_update,335,success,,,0.377614
privileged,sensitive_update,336,success,,,0.419894
privileged,sensitive_update,337,success,,,0.448544
privileged,sensitive_update,338,success,,,0.409015
privileged,sensitive_update,339,success,,,0.426474
privileged,sensitive_update,340,success,,,0.395165
privileged,sensitive_update,341,success,,,0.440094
privileged,sensitive_update,342,success,,,0.541362
privileged,sensitive_update,343,success,,,0.437184
privileged,sensitive_update,344,success,,,0.422804
privileged,sensitive_update,345,success,,,0.448814
privileged,sensitive_update,346,success,,,0.512363
privileged,sensitive_update,347,success,,,0.399775
privileged,sensitive_update,348,success,,,0.414204
privileged,sensitive_update,349,success,,,0.409554
privileged,sensitive_update,350,success,,,0.390114
privileged,sensitive_update,351,success,,,0.350245
privileged,sensitive_update,352,success,,,0.592862
privileged,sensitive_update,353,success,,,0.359085
privileged,sensitive_update,354,success,,,0.358505
privileged,sensitive_update,355,success,,,0.350665
privileged,sensitive_update,356,success,,,0.380805
privileged,sensitive_update,357,success,,,0.345915
privileged,sensitive_update,358,success,,,0.352795
privileged,sensitive_update,359,success,,,0.336995
privileged,sensitive_update,360,success,,,0.338115
privileged,sensitive_update,361,success,,,0.356295
privileged,sensitive_update,362,success,,,0.343095
privileged,sensitive_update,363,success,,,0.357825
privileged,sensitive_update,364,success,,,0.352136
privileged,sensitive_update,365,success,,,0.346256
privileged,sensitive_update,366,success,,,0.345795
privileged,sensitive_update,367,success,,,0.359335
privileged,sensitive_update,368,success,,,0.429305
privileged,sensitive_update,369,success,,,0.321555
privileged,sensitive_update,370,success,,,0.365055
privileged,sensitive_update,371,success,,,0.342645
privileged,sensitive_update,372,success,,,0.360985
privileged,sensitive_update,373,success,,,0.334855
privileged,sensitive_update,374,success,,,0.359106
privileged,sensitive_update,375,success,,,0.334485
privileged,sensitive_update,376,success,,,0.343105
privileged,sensitive_update,377,success,,,0.347515
privileged,sensitive_update,378,success,,,0.355615
privileged,sensitive_update,379,success,,,0.397614
privileged,sensitive_update,380,success,,,0.354745
privileged,sensitive_update,381,success,,,0.329525
privileged,sensitive_update,382,success,,,0.387044
privileged,sensitive_update,383,success,,,0.362465
privileged,sensitive_update,384,success,,,0.349595
privileged,sensitive_update,385,success,,,0.355125
privileged,sensitive_update,386,success,,,0.349635
privileged,sensitive_update,387,success,,,0.390325
privileged,sensitive_update,388,success,,,0.395804
privileged,sensitive_update,389,success,,,0.402564
privileged,sensitive_update,390,success,,,0.427244
privileged,sensitive_update,391,success,,,0.387734
privileged,sensitive_update,392,success,,,0.397984
privileged,sensitive_update,393,success,,,0.396244
privileged,sensitive_update,394,success,,,0.389344
privileged,sensitive_update,395,success,,,0.359575
privileged,sensitive_update,396,success,,,0.402535
privileged,sensitive_update,397,success,,,0.339215
privileged,sensitive_update,398,success,,,0.382715
privileged,sensitive_update,399,success,,,0.359635
privileged,sensitive_update,400,success,,,0.351595
privileged,sensitive_update,401,success,,,0.347056
privileged,sensitive_update,402,success,,,0.350265
privileged,sensitive_update,403,success,,,0.367705
privileged,sensitive_update,404,success,,,0.417704
privileged,sensitive_update,405,success,,,0.386454
privileged,sensitive_update,406,success,,,0.347955
privileged,sensitive_update,407,success,,,0.364105
privileged,sensitive_update,408,success,,,0.448313
privileged,sensitive_update,409,success,,,0.341445
privileged,sensitive_update,410,success,,,0.327436
privileged,sensitive_update,411,success,,,0.366495
privileged,sensitive_update,412,success,,,0.401944
privileged,sensitive_update,413,success,,,0.341155
privileged,sensitive_update,414,success,,,0.371095
privileged,sensitive_update,415,success,,,0.346305
privileged,sensitive_update,416,success,,,0.337356
privileged,sensitive_update,417,success,,,0.364794
privileged,sensitive_update,418,success,,,0.378275
privileged,sensitive_update,419,success,,,0.377175
privileged,sensitive_update,420,success,,,0.370045
privileged,sensitive_update,421,success,,,0.340035
privileged,sensitive_update,422,success,,,0.326796
privileged,sensitive_update,423,success,,,0.344425
privileged,sensitive_update,424,success,,,0.370295
privileged,sensitive_update,425,success,,,0.360475
privileged,sensitive_update,426,success,,,0.380934
privileged,sensitive_update,427,success,,,0.354855
privileged,sensitive_update,428,success,,,0.355195
privileged,sensitive_update,429,success,,,0.343925
privileged,sensitive_update,430,success,,,0.360575
privileged,sensitive_update,431,success,,,0.349055
privileged,sensitive_update,432,success,,,0.434214
privileged,sensitive_update,433,success,,,0.391445
privileged,sensitive_update,434,success,,,0.366805
privileged,sensitive_update,435,success,,,0.363314
privileged,sensitive_update,436,success,,,0.408995
privileged,sensitive_update,437,success,,,0.341915
privileged,sensitive_update,438,success,,,0.357835
privileged,sensitive_update,439,success,,,0.376365
privileged,sensitive_update,440,success,,,0.431743
privileged,sensitive_update,441,success,,,0.400304
privileged,sensitive_update,442,success,,,0.446313
privileged,sensitive_update,443,success,,,0.382105
privileged,sensitive_update,444,success,,,0.356315
privileged,sensitive_update,445,success,,,0.368345
privileged,sensitive_update,446,success,,,0.388334
privileged,sensitive_update,447,success,,,0.350215
privileged,sensitive_update,448,success,,,0.368765
privileged,sensitive_update,449,success,,,0.345845
privileged,sensitive_update,450,success,,,0.414434
privileged,sensitive_update,451,success,,,0.427125
privileged,sensitive_update,452,success,,,0.363725
privileged,sensitive_update,453,success,,,0.365535
privileged,sensitive_update,454,success,,,0.408775
privileged,sensitive_update,455,success,,,0.394005
privileged,sensitive_update,456,success,,,0.417134
privileged,sensitive_update,457,success,,,0.370695
privileged,sensitive_update,458,success,,,0.372735
privileged,sensitive_update,459,success,,,0.441964
privileged,sensitive_update,460,success,,,0.376964
privileged,sensitive_update,461,success,,,0.365995
privileged,sensitive_update,462,success,,,0.365125
privileged,sensitive_update,463,success,,,0.354845
privileged,sensitive_update,464,success,,,0.352095
privileged,sensitive_update,465,success,,,0.376315
privileged,sensitive_update,466,success,,,0.363465
privileged,sensitive_update,467,success,,,0.383435
privileged,sensitive_update,468,success,,,0.409505
privileged,sensitive_update,469,success,,,0.422054
privileged,sensitive_update,470,success,,,0.361065
privileged,sensitive_update,471,success,,,0.351726
privileged,sensitive_update,472,success,,,0.442484
privileged,sensitive_update,473,success,,,0.323996
privileged,sensitive_update,474,success,,,0.324176
privileged,sensitive_update,475,success,,,0.351615
privileged,sensitive_update,476,success,,,0.336945
privileged,sensitive_update,477,success,,,0.347165
privileged,sensitive_update,478,success,,,0.389445
privileged,sensitive_update,479,success,,,0.337515
privileged,sensitive_update,480,success,,,0.346805
privileged,sensitive_update,481,success,,,0.379725
privileged,sensitive_update,482,success,,,0.366325
privileged,sensitive_update,483,success,,,0.500213
privileged,sensitive_update,484,success,,,0.352625
privileged,sensitive_update,485,success,,,0.403824
privileged,sensitive_update,486,success,,,0.401115
privileged,sensitive_update,487,success,,,0.658171
privileged,sensitive_update,488,success,,,0.444764
privileged,sensitive_update,489,success,,,0.334125
privileged,sensitive_update,490,success,,,0.334275
privileged,sensitive_update,491,success,,,0.340975
privileged,sensitive_update,492,success,,,0.339646
privileged,sensitive_update,493,success,,,0.342926
privileged,sensitive_update,494,success,,,0.400774
privileged,sensitive_update,495,success,,,0.309315
privileged,sensitive_update,496,success,,,0.378545
privileged,sensitive_update,497,success,,,0.532262
privileged,sensitive_update,498,success,,,0.367035
privileged,sensitive_update,499,success,,,0.349286
privileged,sensitive_update,500,success,,,0.348075
privileged,sensitive_delete,1,success,,,0.332395
privileged,sensitive_delete,2,success,,,0.353055
privileged,sensitive_delete,3,success,,,0.321345
privileged,sensitive_delete,4,success,,,0.341365
privileged,sensitive_delete,5,success,,,0.336436
privileged,sensitive_delete,6,success,,,0.323325
privileged,sensitive_delete,7,success,,,0.331596
privileged,sensitive_delete,8,success,,,0.348885
privileged,sensitive_delete,9,success,,,0.308705
privileged,sensitive_delete,10,success,,,0.303826
privileged,sensitive_delete,11,success,,,0.315296
privileged,sensitive_delete,12,success,,,0.309776
privileged,sensitive_delete,13,success,,,0.354655
privileged,sensitive_delete,14,success,,,0.328216
privileged,sensitive_delete,15,success,,,0.308756
privileged,sensitive_delete,16,success,,,0.302676
privileged,sensitive_delete,17,success,,,0.332526
privileged,sensitive_delete,18,success,,,0.307705
privileged,sensitive_delete,19,success,,,0.312645
privileged,sensitive_delete,20,success,,,0.309615
privileged,sensitive_delete,21,success,,,0.319305
privileged,sensitive_delete,22,success,,,0.317866
privileged,sensitive_delete,23,success,,,0.314746
privileged,sensitive_delete,24,success,,,0.318475
privileged,sensitive_delete,25,success,,,0.307916
privileged,sensitive_delete,26,success,,,0.316046
privileged,sensitive_delete,27,success,,,0.303945
privileged,sensitive_delete,28,success,,,0.343406
privileged,sensitive_delete,29,success,,,0.336066
privileged,sensitive_delete,30,success,,,0.335555
privileged,sensitive_delete,31,success,,,0.343675
privileged,sensitive_delete,32,success,,,0.352145
privileged,sensitive_delete,33,success,,,0.322476
privileged,sensitive_delete,34,success,,,0.348865
privileged,sensitive_delete,35,success,,,0.333676
privileged,sensitive_delete,36,success,,,0.301915
privileged,sensitive_delete,37,success,,,0.359115
privileged,sensitive_delete,38,success,,,0.322446
privileged,sensitive_delete,39,success,,,0.396414
privileged,sensitive_delete,40,success,,,0.328225
privileged,sensitive_delete,41,success,,,0.329265
privileged,sensitive_delete,42,success,,,0.335956
privileged,sensitive_delete,43,success,,,0.322656
privileged,sensitive_delete,44,success,,,0.354005
privileged,sensitive_delete,45,success,,,0.331935
privileged,sensitive_delete,46,success,,,0.324836
privileged,sensitive_delete,47,success,,,0.314126
privileged,sensitive_delete,48,success,,,0.465063
privileged,sensitive_delete,49,success,,,0.460143
privileged,sensitive_delete,50,success,,,0.416974
privileged,sensitive_delete,51,success,,,0.347765
privileged,sensitive_delete,52,success,,,0.313986
privileged,sensitive_delete,53,success,,,0.317125
privileged,sensitive_delete,54,success,,,0.327396
privileged,sensitive_delete,55,success,,,0.341975
privileged,sensitive_delete,56,success,,,0.330986
privileged,sensitive_delete,57,success,,,0.330545
privileged,sensitive_delete,58,success,,,0.325836
privileged,sensitive_delete,59,success,,,0.318306
privileged,sensitive_delete,60,success,,,0.344526
privileged,sensitive_delete,61,success,,,0.401634
privileged,sensitive_delete,62,success,,,0.346755
privileged,sensitive_delete,63,success,,,0.376815
privileged,sensitive_delete,64,success,,,0.390435
privileged,sensitive_delete,65,success,,,0.383914
privileged,sensitive_delete,66,success,,,0.358685
privileged,sensitive_delete,67,success,,,0.330065
privileged,sensitive_delete,68,success,,,0.340975
privileged,sensitive_delete,69,success,,,0.316946
privileged,sensitive_delete,70,success,,,0.354526
privileged,sensitive_delete,71,success,,,0.343236
privileged,sensitive_delete,72,success,,,0.334706
privileged,sensitive_delete,73,success,,,0.372214
privileged,sensitive_delete,74,success,,,0.381275
privileged,sensitive_delete,75,success,,,0.367775
privileged,sensitive_delete,76,success,,,0.326135
privileged,sensitive_delete,77,success,,,0.355145
privileged,sensitive_delete,78,success,,,0.353125
privileged,sensitive_delete,79,success,,,0.353295
privileged,sensitive_delete,80,success,,,0.334145
privileged,sensitive_delete,81,success,,,0.326365
privileged,sensitive_delete,82,success,,,0.347195
privileged,sensitive_delete,83,success,,,0.361015
privileged,sensitive_delete,84,success,,,0.321176
privileged,sensitive_delete,85,success,,,0.364755
privileged,sensitive_delete,86,success,,,0.348055
privileged,sensitive_delete,87,success,,,0.422774
privileged,sensitive_delete,88,success,,,0.338496
privileged,sensitive_delete,89,success,,,0.363525
privileged,sensitive_delete,90,success,,,0.370165
privileged,sensitive_delete,91,success,,,0.344776
privileged,sensitive_delete,92,success,,,0.339636
privileged,sensitive_delete,93,success,,,0.512753
privileged,sensitive_delete,94,success,,,0.353125
privileged,sensitive_delete,95,success,,,0.365795
privileged,sensitive_delete,96,success,,,0.371074
privileged,sensitive_delete,97,success,,,0.347605
privileged,sensitive_delete,98,success,,,0.312995
privileged,sensitive_delete,99,success,,,0.390775
privileged,sensitive_delete,100,success,,,0.426014
privileged,sensitive_delete,101,success,,,0.411204
privileged,sensitive_delete,102,success,,,0.440084
privileged,sensitive_delete,103,success,,,0.512703
privileged,sensitive_delete,104,success,,,0.329455
privileged,sensitive_delete,105,success,,,0.412964
privileged,sensitive_delete,106,success,,,0.336605
privileged,sensitive_delete,107,success,,,0.315176
privileged,sensitive_delete,108,success,,,0.379265
privileged,sensitive_delete,109,success,,,0.335235
privileged,sensitive_delete,110,success,,,0.440974
privileged,sensitive_delete,111,success,,,0.363945
privileged,sensitive_delete,112,success,,,0.331815
privileged,sensitive_delete,113,success,,,0.351845
privileged,sensitive_delete,114,success,,,0.338676
privileged,sensitive_delete,115,success,,,0.336246
privileged,sensitive_delete,116,success,,,0.337526
privileged,sensitive_delete,117,success,,,0.447734
privileged,sensitive_delete,118,success,,,0.351166
privileged,sensitive_delete,119,success,,,0.340315
privileged,sensitive_delete,120,success,,,0.364455
privileged,sensitive_delete,121,success,,,0.342755
privileged,sensitive_delete,122,success,,,0.388965
privileged,sensitive_delete,123,success,,,0.360095
privileged,sensitive_delete,124,success,,,0.327905
privileged,sensitive_delete,125,success,,,0.350025
privileged,sensitive_delete,126,success,,,0.361255
privileged,sensitive_delete,127,success,,,0.312256
privileged,sensitive_delete,128,success,,,0.369965
privileged,sensitive_delete,129,success,,,0.379145
privileged,sensitive_delete,130,success,,,0.449963
privileged,sensitive_delete,131,success,,,0.327625
privileged,sensitive_delete,132,success,,,0.305835
privileged,sensitive_delete,133,success,,,0.330166
privileged,sensitive_delete,134,success,,,0.351795
privileged,sensitive_delete,135,success,,,0.309616
privileged,sensitive_delete,136,success,,,0.328836
privileged,sensitive_delete,137,success,,,0.302626
privileged,sensitive_delete,138,success,,,0.329225
privileged,sensitive_delete,139,success,,,0.317675
privileged,sensitive_delete,140,success,,,0.308986
privileged,sensitive_delete,141,success,,,0.321545
privileged,sensitive_delete,142,success,,,0.410684
privileged,sensitive_delete,143,success,,,0.343135
privileged,sensitive_delete,144,success,,,0.306396
privileged,sensitive_delete,145,success,,,0.464323
privileged,sensitive_delete,146,success,,,0.344396
privileged,sensitive_delete,147,success,,,0.329626
privileged,sensitive_delete,148,success,,,0.328125
privileged,sensitive_delete,149,success,,,0.421504
privileged,sensitive_delete,150,success,,,0.320996
privileged,sensitive_delete,151,success,,,0.330825
privileged,sensitive_delete,152,success,,,0.314025
privileged,sensitive_delete,153,success,,,0.309755
privileged,sensitive_delete,154,success,,,0.301206
privileged,sensitive_delete,155,success,,,0.313986
privileged,sensitive_delete,156,success,,,0.300835
privileged,sensitive_delete,157,success,,,0.297096
privileged,sensitive_delete,158,success,,,0.358535
privileged,sensitive_delete,159,success,,,0.292986
privileged,sensitive_delete,160,success,,,0.345195
privileged,sensitive_delete,161,success,,,0.432444
privileged,sensitive_delete,162,success,,,0.349475
privileged,sensitive_delete,163,success,,,0.325216
privileged,sensitive_delete,164,success,,,0.293506
privileged,sensitive_delete,165,success,,,0.296716
privileged,sensitive_delete,166,success,,,0.310336
privileged,sensitive_delete,167,success,,,0.304665
privileged,sensitive_delete,168,success,,,0.306186
privileged,sensitive_delete,169,success,,,0.307515
privileged,sensitive_delete,170,success,,,0.335295
privileged,sensitive_delete,171,success,,,0.335365
privileged,sensitive_delete,172,success,,,0.382435
privileged,sensitive_delete,173,success,,,0.334855
privileged,sensitive_delete,174,success,,,0.302625
privileged,sensitive_delete,175,success,,,0.334245
privileged,sensitive_delete,176,success,,,0.324895
privileged,sensitive_delete,177,success,,,0.304096
privileged,sensitive_delete,178,success,,,0.312165
privileged,sensitive_delete,179,success,,,0.296316
privileged,sensitive_delete,180,success,,,0.339455
privileged,sensitive_delete,181,success,,,0.352925
privileged,sensitive_delete,182,success,,,0.324716
privileged,sensitive_delete,183,success,,,0.296426
privileged,sensitive_delete,184,success,,,0.336166
privileged,sensitive_delete,185,success,,,0.309746
privileged,sensitive_delete,186,success,,,0.309156
privileged,sensitive_delete,187,success,,,0.306545
privileged,sensitive_delete,188,success,,,0.354585
privileged,sensitive_delete,189,success,,,0.336685
privileged,sensitive_delete,190,success,,,0.300086
privileged,sensitive_delete,191,success,,,0.341056
privileged,sensitive_delete,192,success,,,0.429814
privileged,sensitive_delete,193,success,,,0.398174
privileged,sensitive_delete,194,success,,,0.333415
privileged,sensitive_delete,195,success,,,0.311976
privileged,sensitive_delete,196,success,,,0.317975
privileged,sensitive_delete,197,success,,,0.320666
privileged,sensitive_delete,198,success,,,0.293226
privileged,sensitive_delete,199,success,,,0.325285
privileged,sensitive_delete,200,success,,,0.309595
privileged,sensitive_delete,201,success,,,0.396594
privileged,sensitive_delete,202,success,,,0.440424
privileged,sensitive_delete,203,success,,,0.358335
privileged,sensitive_delete,204,success,,,0.357495
privileged,sensitive_delete,205,success,,,0.336865
privileged,sensitive_delete,206,success,,,0.324475
privileged,sensitive_delete,207,success,,,0.359255
privileged,sensitive_delete,208,success,,,0.365345
privileged,sensitive_delete,209,success,,,0.349415
privileged,sensitive_delete,210,success,,,0.318326
privileged,sensitive_delete,211,success,,,0.344285
privileged,sensitive_delete,212,success,,,0.373345
privileged,sensitive_delete,213,success,,,0.365464
privileged,sensitive_delete,214,success,,,0.384905
privileged,sensitive_delete,215,success,,,0.409365
privileged,sensitive_delete,216,success,,,0.362735
privileged,sensitive_delete,217,success,,,0.329065
privileged,sensitive_delete,218,success,,,0.434234
privileged,sensitive_delete,219,success,,,0.351935
privileged,sensitive_delete,220,success,,,0.349626
privileged,sensitive_delete,221,success,,,0.525313
privileged,sensitive_delete,222,success,,,0.382025
privileged,sensitive_delete,223,success,,,0.381274
privileged,sensitive_delete,224,success,,,0.381865
privileged,sensitive_delete,225,success,,,0.371044
privileged,sensitive_delete,226,success,,,0.343145
privileged,sensitive_delete,227,success,,,0.364705
privileged,sensitive_delete,228,success,,,0.345035
privileged,sensitive_delete,229,success,,,0.359864
privileged,sensitive_delete,230,success,,,0.340865
privileged,sensitive_delete,231,success,,,0.394754
privileged,sensitive_delete,232,success,,,0.431614
privileged,sensitive_delete,233,success,,,0.347485
privileged,sensitive_delete,234,success,,,0.337795
privileged,sensitive_delete,235,success,,,0.321046
privileged,sensitive_delete,236,success,,,0.349266
privileged,sensitive_delete,237,success,,,0.337886
privileged,sensitive_delete,238,success,,,0.410594
privileged,sensitive_delete,239,success,,,0.386384
privileged,sensitive_delete,240,success,,,0.432284
privileged,sensitive_delete,241,success,,,0.494793
privileged,sensitive_delete,242,success,,,0.365065
privileged,sensitive_delete,243,success,,,0.429504
privileged,sensitive_delete,244,success,,,0.439784
privileged,sensitive_delete,245,success,,,0.425194
privileged,sensitive_delete,246,success,,,0.353045
privileged,sensitive_delete,247,success,,,0.428464
privileged,sensitive_delete,248,success,,,0.444914
privileged,sensitive_delete,249,success,,,0.367865
privileged,sensitive_delete,250,success,,,0.423164
privileged,sensitive_delete,251,success,,,0.394834
privileged,sensitive_delete,252,success,,,0.437934
privileged,sensitive_delete,253,success,,,0.348605
privileged,sensitive_delete,254,success,,,0.359724
privileged,sensitive_delete,255,success,,,0.352545
privileged,sensitive_delete,256,success,,,0.337125
privileged,sensitive_delete,257,success,,,0.336015
privileged,sensitive_delete,258,success,,,0.360705
privileged,sensitive_delete,259,success,,,0.346785
privileged,sensitive_delete,260,success,,,0.355685
privileged,sensitive_delete,261,success,,,0.341595
privileged,sensitive_delete,262,success,,,0.306065
privileged,sensitive_delete,263,success,,,0.342615
privileged,sensitive_delete,264,success,,,0.348035
privileged,sensitive_delete,265,success,,,0.458904
privileged,sensitive_delete,266,success,,,0.384714
privileged,sensitive_delete,267,success,,,0.374285
privileged,sensitive_delete,268,success,,,0.344135
privileged,sensitive_delete,269,success,,,0.350355
privileged,sensitive_delete,270,success,,,0.309996
privileged,sensitive_delete,271,success,,,0.306246
privileged,sensitive_delete,272,success,,,0.323356
privileged,sensitive_delete,273,success,,,0.326946
privileged,sensitive_delete,274,success,,,0.344505
privileged,sensitive_delete,275,success,,,0.354005
privileged,sensitive_delete,276,success,,,0.337235
privileged,sensitive_delete,277,success,,,0.335846
privileged,sensitive_delete,278,success,,,0.326546
privileged,sensitive_delete,279,success,,,0.408084
privileged,sensitive_delete,280,success,,,0.317696
privileged,sensitive_delete,281,success,,,0.373884
privileged,sensitive_delete,282,success,,,0.324615
privileged,sensitive_delete,283,success,,,0.324996
privileged,sensitive_delete,284,success,,,0.340485
privileged,sensitive_delete,285,success,,,0.341295
privileged,sensitive_delete,286,success,,,0.326345
privileged,sensitive_delete,287,success,,,0.335955
privileged,sensitive_delete,288,success,,,0.305195
privileged,sensitive_delete,289,success,,,0.349415
privileged,sensitive_delete,290,success,,,0.347755
privileged,sensitive_delete,291,success,,,0.377445
privileged,sensitive_delete,292,success,,,0.356075
privileged,sensitive_delete,293,success,,,0.377954
privileged,sensitive_delete,294,success,,,0.349666
privileged,sensitive_delete,295,success,,,0.351535
privileged,sensitive_delete,296,success,,,0.348016
privileged,sensitive_delete,297,success,,,0.339846
privileged,sensitive_delete,298,success,,,0.351235
privileged,sensitive_delete,299,success,,,0.330976
privileged,sensitive_delete,300,success,,,0.339445
privileged,sensitive_delete,301,success,,,0.333105
privileged,sensitive_delete,302,success,,,0.365765
privileged,sensitive_delete,303,success,,,0.402295
privileged,sensitive_delete,304,success,,,0.313045
privileged,sensitive_delete,305,success,,,0.324175
privileged,sensitive_delete,306,success,,,0.320846
privileged,sensitive_delete,307,success,,,0.429495
privileged,sensitive_delete,308,success,,,0.407254
privileged,sensitive_delete,309,success,,,0.365315
privileged,sensitive_delete,310,success,,,0.336085
privileged,sensitive_delete,311,success,,,0.338175
privileged,sensitive_delete,312,success,,,0.313506
privileged,sensitive_delete,313,success,,,0.328555
privileged,sensitive_delete,314,success,,,0.334975
privileged,sensitive_delete,315,success,,,0.340956
privileged,sensitive_delete,316,success,,,0.316305
privileged,sensitive_delete,317,success,,,0.309026
privileged,sensitive_delete,318,success,,,0.342775
privileged,sensitive_delete,319,success,,,0.357415
privileged,sensitive_delete,320,success,,,0.311986
privileged,sensitive_delete,321,success,,,0.311536
privileged,sensitive_delete,322,success,,,0.377335
privileged,sensitive_delete,323,success,,,0.333575
privileged,sensitive_delete,324,success,,,0.345965
privileged,sensitive_delete,325,success,,,0.364035
privileged,sensitive_delete,326,success,,,0.335836
privileged,sensitive_delete,327,success,,,0.327135
privileged,sensitive_delete,328,success,,,0.340886
privileged,sensitive_delete,329,success,,,0.376824
privileged,sensitive_delete,330,success,,,0.385514
privileged,sensitive_delete,331,success,,,0.416664
privileged,sensitive_delete,332,success,,,0.335106
privileged,sensitive_delete,333,success,,,0.322406
privileged,sensitive_delete,334,success,,,0.355235
privileged,sensitive_delete,335,success,,,0.384604
privileged,sensitive_delete,336,success,,,0.341635
privileged,sensitive_delete,337,success,,,0.330105
privileged,sensitive_delete,338,success,,,0.324056
privileged,sensitive_delete,339,success,,,0.310026
privileged,sensitive_delete,340,success,,,0.349215
privileged,sensitive_delete,341,success,,,0.353415
privileged,sensitive_delete,342,success,,,0.309776
privileged,sensitive_delete,343,success,,,0.343415
privileged,sensitive_delete,344,success,,,0.325426
privileged,sensitive_delete,345,success,,,0.314516
privileged,sensitive_delete,346,success,,,0.422625
privileged,sensitive_delete,347,success,,,0.359855
privileged,sensitive_delete,348,success,,,0.320156
privileged,sensitive_delete,349,success,,,0.321255
privileged,sensitive_delete,350,success,,,0.362495
privileged,sensitive_delete,351,success,,,0.385785
privileged,sensitive_delete,352,success,,,0.390775
privileged,sensitive_delete,353,success,,,0.328315
privileged,sensitive_delete,354,success,,,0.305526
privileged,sensitive_delete,355,success,,,0.343725
privileged,sensitive_delete,356,success,,,0.338545
privileged,sensitive_delete,357,success,,,0.313985
privileged,sensitive_delete,358,success,,,0.308075
privileged,sensitive_delete,359,success,,,0.315745
privileged,sensitive_delete,360,success,,,0.309846
privileged,sensitive_delete,361,success,,,0.331205
privileged,sensitive_delete,362,success,,,0.383374
privileged,sensitive_delete,363,success,,,0.319206
privileged,sensitive_delete,364,success,,,0.306216
privileged,sensitive_delete,365,success,,,0.322695
privileged,sensitive_delete,366,success,,,0.328995
privileged,sensitive_delete,367,success,,,0.315126
privileged,sensitive_delete,368,success,,,0.320685
privileged,sensitive_delete,369,success,,,0.319945
privileged,sensitive_delete,370,success,,,0.300406
privileged,sensitive_delete,371,success,,,0.319895
privileged,sensitive_delete,372,success,,,0.308996
privileged,sensitive_delete,373,success,,,0.303176
privileged,sensitive_delete,374,success,,,0.319706
privileged,sensitive_delete,375,success,,,0.370625
privileged,sensitive_delete,376,success,,,0.333835
privileged,sensitive_delete,377,success,,,0.311865
privileged,sensitive_delete,378,success,,,0.321155
privileged,sensitive_delete,379,success,,,0.303406
privileged,sensitive_delete,380,success,,,0.350405
privileged,sensitive_delete,381,success,,,0.416794
privileged,sensitive_delete,382,success,,,0.469104
privileged,sensitive_delete,383,success,,,0.374475
privileged,sensitive_delete,384,success,,,0.389054
privileged,sensitive_delete,385,success,,,0.376904
privileged,sensitive_delete,386,success,,,0.416744
privileged,sensitive_delete,387,success,,,0.345016
privileged,sensitive_delete,388,success,,,0.316516
privileged,sensitive_delete,389,success,,,0.316056
privileged,sensitive_delete,390,success,,,0.309975
privileged,sensitive_delete,391,success,,,0.320815
privileged,sensitive_delete,392,success,,,0.400564
privileged,sensitive_delete,393,success,,,0.321545
privileged,sensitive_delete,394,success,,,0.298516
privileged,sensitive_delete,395,success,,,0.306816
privileged,sensitive_delete,396,success,,,0.313235
privileged,sensitive_delete,397,success,,,0.313326
privileged,sensitive_delete,398,success,,,0.313426
privileged,sensitive_delete,399,success,,,0.314395
privileged,sensitive_delete,400,success,,,0.328776
privileged,sensitive_delete,401,success,,,0.312166
privileged,sensitive_delete,402,success,,,0.343926
privileged,sensitive_delete,403,success,,,0.315815
privileged,sensitive_delete,404,success,,,0.317156
privileged,sensitive_delete,405,success,,,0.318596
privileged,sensitive_delete,406,success,,,0.316785
privileged,sensitive_delete,407,success,,,0.336345
privileged,sensitive_delete,408,success,,,0.308225
privileged,sensitive_delete,409,success,,,0.299946
privileged,sensitive_delete,410,success,,,0.308166
privileged,sensitive_delete,411,success,,,0.304956
privileged,sensitive_delete,412,success,,,0.324595
privileged,sensitive_delete,413,success,,,0.296366
privileged,sensitive_delete,414,success,,,0.306296
privileged,sensitive_delete,415,success,,,0.330245
privileged,sensitive_delete,416,success,,,0.327395
privileged,sensitive_delete,417,success,,,0.341515
privileged,sensitive_delete,418,success,,,0.331895
privileged,sensitive_delete,419,success,,,0.352275
privileged,sensitive_delete,420,success,,,0.335926
privileged,sensitive_delete,421,success,,,0.324185
privileged,sensitive_delete,422,success,,,0.304555
privileged,sensitive_delete,423,success,,,0.294667
privileged,sensitive_delete,424,success,,,0.343145
privileged,sensitive_delete,425,success,,,0.319945
privileged,sensitive_delete,426,success,,,0.326715
privileged,sensitive_delete,427,success,,,0.315885
privileged,sensitive_delete,428,success,,,0.299836
privileged,sensitive_delete,429,success,,,0.328405
privileged,sensitive_delete,430,success,,,0.296146
privileged,sensitive_delete,431,success,,,0.329116
privileged,sensitive_delete,432,success,,,0.327026
privileged,sensitive_delete,433,success,,,0.308835
privileged,sensitive_delete,434,success,,,0.347355
privileged,sensitive_delete,435,success,,,0.317346
privileged,sensitive_delete,436,success,,,0.334605
privileged,sensitive_delete,437,success,,,0.306105
privileged,sensitive_delete,438,success,,,0.363405
privileged,sensitive_delete,439,success,,,0.335685
privileged,sensitive_delete,440,success,,,0.278456
privileged,sensitive_delete,441,success,,,0.329645
privileged,sensitive_delete,442,success,,,0.333455
privileged,sensitive_delete,443,success,,,0.312806
privileged,sensitive_delete,444,success,,,0.306165
privileged,sensitive_delete,445,success,,,0.313966
privileged,sensitive_delete,446,success,,,0.321606
privileged,sensitive_delete,447,success,,,0.392105
privileged,sensitive_delete,448,success,,,0.319235
privileged,sensitive_delete,449,success,,,0.309486
privileged,sensitive_delete,450,success,,,0.389174
privileged,sensitive_delete,451,success,,,0.342275
privileged,sensitive_delete,452,success,,,0.332065
privileged,sensitive_delete,453,success,,,0.301295
privileged,sensitive_delete,454,success,,,0.295505
privileged,sensitive_delete,455,success,,,0.320575
privileged,sensitive_delete,456,success,,,0.322886
privileged,sensitive_delete,457,success,,,0.298286
privileged,sensitive_delete,458,success,,,0.306216
privileged,sensitive_delete,459,success,,,0.348145
privileged,sensitive_delete,460,success,,,0.348136
privileged,sensitive_delete,461,success,,,0.301125
privileged,sensitive_delete,462,success,,,0.415264
privileged,sensitive_delete,463,success,,,0.316066
privileged,sensitive_delete,464,success,,,0.301576
privileged,sensitive_delete,465,success,,,0.309405
privileged,sensitive_delete,466,success,,,0.322525
privileged,sensitive_delete,467,success,,,0.328316
privileged,sensitive_delete,468,success,,,0.331105
privileged,sensitive_delete,469,success,,,0.483124
privileged,sensitive_delete,470,success,,,0.337885
privileged,sensitive_delete,471,success,,,0.390085
privileged,sensitive_delete,472,success,,,0.324656
privileged,sensitive_delete,473,success,,,0.453813
privileged,sensitive_delete,474,success,,,0.318045
privileged,sensitive_delete,475,success,,,0.354755
privileged,sensitive_delete,476,success,,,0.317755
privileged,sensitive_delete,477,success,,,0.303845
privileged,sensitive_delete,478,success,,,0.320525
privileged,sensitive_delete,479,success,,,0.295916
privileged,sensitive_delete,480,success,,,0.321886
privileged,sensitive_delete,481,success,,,0.322875
privileged,sensitive_delete,482,success,,,0.300586
privileged,sensitive_delete,483,success,,,0.320056
privileged,sensitive_delete,484,success,,,0.340136
privileged,sensitive_delete,485,success,,,0.430134
privileged,sensitive_delete,486,success,,,0.335506
privileged,sensitive_delete,487,success,,,0.345605
privileged,sensitive_delete,488,success,,,0.329505
privileged,sensitive_delete,489,success,,,0.335495
privileged,sensitive_delete,490,success,,,0.324976
privileged,sensitive_delete,491,success,,,0.319456
privileged,sensitive_delete,492,success,,,0.311306
privileged,sensitive_delete,493,success,,,0.357905
privileged,sensitive_delete,494,success,,,0.343685
privileged,sensitive_delete,495,success,,,0.327256
privileged,sensitive_delete,496,success,,,0.332985
privileged,sensitive_delete,497,success,,,0.312215
privileged,sensitive_delete,498,success,,,0.336985
privileged,sensitive_delete,499,success,,,0.327346
privileged,sensitive_delete,500,success,,,0.308975
privileged,privilege_escalation,1,success,,,0.292445
privileged,privilege_escalation,2,success,,,0.217627
privileged,privilege_escalation,3,success,,,0.238127
privileged,privilege_escalation,4,success,,,0.227807
privileged,privilege_escalation,5,success,,,0.210037
privileged,privilege_escalation,6,success,,,0.243106
privileged,privilege_escalation,7,success,,,0.245277
privileged,privilege_escalation,8,success,,,0.243937
privileged,privilege_escalation,9,success,,,0.217577
privileged,privilege_escalation,10,success,,,0.241037
privileged,privilege_escalation,11,success,,,0.299305
privileged,privilege_escalation,12,success,,,0.232387
privileged,privilege_escalation,13,success,,,0.234877
privileged,privilege_escalation,14,success,,,0.222537
privileged,privilege_escalation,15,success,,,0.281616
privileged,privilege_escalation,16,success,,,0.216147
privileged,privilege_escalation,17,success,,,0.240477
privileged,privilege_escalation,18,success,,,0.241287
privileged,privilege_escalation,19,success,,,0.230806
privileged,privilege_escalation,20,success,,,0.277326
privileged,privilege_escalation,21,success,,,0.234317
privileged,privilege_escalation,22,success,,,0.212887
privileged,privilege_escalation,23,success,,,0.246807
privileged,privilege_escalation,24,success,,,0.249396
privileged,privilege_escalation,25,success,,,0.268796
privileged,privilege_escalation,26,success,,,0.264966
privileged,privilege_escalation,27,success,,,0.205897
privileged,privilege_escalation,28,success,,,0.231927
privileged,privilege_escalation,29,success,,,0.297626
privileged,privilege_escalation,30,success,,,0.232397
privileged,privilege_escalation,31,success,,,0.265017
privileged,privilege_escalation,32,success,,,0.239797
privileged,privilege_escalation,33,success,,,0.248007
privileged,privilege_escalation,34,success,,,0.228647
privileged,privilege_escalation,35,success,,,0.233367
privileged,privilege_escalation,36,success,,,0.259367
privileged,privilege_escalation,37,success,,,0.228366
privileged,privilege_escalation,38,success,,,0.230847
privileged,privilege_escalation,39,success,,,0.238646
privileged,privilege_escalation,40,success,,,0.217897
privileged,privilege_escalation,41,success,,,0.223477
privileged,privilege_escalation,42,success,,,0.228257
privileged,privilege_escalation,43,success,,,0.219997
privileged,privilege_escalation,44,success,,,0.229596
privileged,privilege_escalation,45,success,,,0.211657
privileged,privilege_escalation,46,success,,,0.241497
privileged,privilege_escalation,47,success,,,0.226907
privileged,privilege_escalation,48,success,,,0.236376
privileged,privilege_escalation,49,success,,,0.248016
privileged,privilege_escalation,50,success,,,0.272996
privileged,privilege_escalation,51,success,,,0.368884
privileged,privilege_escalation,52,success,,,0.294296
privileged,privilege_escalation,53,success,,,0.321645
privileged,privilege_escalation,54,success,,,0.302926
privileged,privilege_escalation,55,success,,,0.294276
privileged,privilege_escalation,56,success,,,0.255957
privileged,privilege_escalation,57,success,,,0.247677
privileged,privilege_escalation,58,success,,,0.254936
privileged,privilege_escalation,59,success,,,0.334985
privileged,privilege_escalation,60,success,,,0.258156
privileged,privilege_escalation,61,success,,,0.327956
privileged,privilege_escalation,62,success,,,0.218257
privileged,privilege_escalation,63,success,,,0.274876
privileged,privilege_escalation,64,success,,,0.268326
privileged,privilege_escalation,65,success,,,0.244537
privileged,privilege_escalation,66,success,,,0.255736
privileged,privilege_escalation,67,success,,,0.262886
privileged,privilege_escalation,68,success,,,0.215567
privileged,privilege_escalation,69,success,,,0.311356
privileged,privilege_escalation,70,success,,,0.217447
privileged,privilege_escalation,71,success,,,0.261096
privileged,privilege_escalation,72,success,,,0.261776
privileged,privilege_escalation,73,success,,,0.275637
privileged,privilege_escalation,74,success,,,0.237446
privileged,privilege_escalation,75,success,,,0.236037
privileged,privilege_escalation,76,success,,,0.276446
privileged,privilege_escalation,77,success,,,0.249606
privileged,privilege_escalation,78,success,,,0.249126
privileged,privilege_escalation,79,success,,,0.243477
privileged,privilege_escalation,80,success,,,0.240057
privileged,privilege_escalation,81,success,,,0.236997
privileged,privilege_escalation,82,success,,,0.238707
privileged,privilege_escalation,83,success,,,0.268466
privileged,privilege_escalation,84,success,,,0.239706
privileged,privilege_escalation,85,success,,,0.243556
privileged,privilege_escalation,86,success,,,0.238957
privileged,privilege_escalation,87,success,,,0.245487
privileged,privilege_escalation,88,success,,,0.234496
privileged,privilege_escalation,89,success,,,0.238637
privileged,privilege_escalation,90,success,,,0.254317
privileged,privilege_escalation,91,success,,,0.258236
privileged,privilege_escalation,92,success,,,0.229507
privileged,privilege_escalation,93,success,,,0.239266
privileged,privilege_escalation,94,success,,,0.248186
privileged,privilege_escalation,95,success,,,0.246706
privileged,privilege_escalation,96,success,,,0.292466
privileged,privilege_escalation,97,success,,,0.245076
privileged,privilege_escalation,98,success,,,0.242816
privileged,privilege_escalation,99,success,,,0.228967
privileged,privilege_escalation,100,success,,,0.232607
privileged,privilege_escalation,101,success,,,0.231846
privileged,privilege_escalation,102,success,,,0.248147
privileged,privilege_escalation,103,success,,,0.256597
privileged,privilege_escalation,104,success,,,0.228477
privileged,privilege_escalation,105,success,,,0.263407
privileged,privilege_escalation,106,success,,,0.250506
privileged,privilege_escalation,107,success,,,0.278226
privileged,privilege_escalation,108,success,,,0.241137
privileged,privilege_escalation,109,success,,,0.240037
privileged,privilege_escalation,110,success,,,0.215807
privileged,privilege_escalation,111,success,,,0.222627
privileged,privilege_escalation,112,success,,,0.269287
privileged,privilege_escalation,113,success,,,0.240387
privileged,privilege_escalation,114,success,,,0.239766
privileged,privilege_escalation,115,success,,,0.241296
privileged,privilege_escalation,116,success,,,0.220507
privileged,privilege_escalation,117,success,,,0.242637
privileged,privilege_escalation,118,success,,,0.259746
privileged,privilege_escalation,119,success,,,0.252647
privileged,privilege_escalation,120,success,,,0.268876
privileged,privilege_escalation,121,success,,,0.247567
privileged,privilege_escalation,122,success,,,0.415634
privileged,privilege_escalation,123,success,,,0.377585
privileged,privilege_escalation,124,success,,,0.227537
privileged,privilege_escalation,125,success,,,0.224187
privileged,privilege_escalation,126,success,,,0.321696
privileged,privilege_escalation,127,success,,,0.238817
privileged,privilege_escalation,128,success,,,0.210107
privileged,privilege_escalation,129,success,,,0.298286
privileged,privilege_escalation,130,success,,,0.202877
privileged,privilege_escalation,131,success,,,0.224837
privileged,privilege_escalation,132,success,,,0.259526
privileged,privilege_escalation,133,success,,,0.239636
privileged,privilege_escalation,134,success,,,0.213058
privileged,privilege_escalation,135,success,,,0.224207
privileged,privilege_escalation,136,success,,,0.212597
privileged,privilege_escalation,137,success,,,0.229827
privileged,privilege_escalation,138,success,,,0.345595
privileged,privilege_escalation,139,success,,,0.262837
privileged,privilege_escalation,140,success,,,0.243107
privileged,privilege_escalation,141,success,,,0.251757
privileged,privilege_escalation,142,success,,,0.258416
privileged,privilege_escalation,143,success,,,0.247246
privileged,privilege_escalation,144,success,,,0.244316
privileged,privilege_escalation,145,success,,,0.242407
privileged,privilege_escalation,146,success,,,0.216777
privileged,privilege_escalation,147,success,,,0.245436
privileged,privilege_escalation,148,success,,,0.259147
privileged,privilege_escalation,149,success,,,0.224097
privileged,privilege_escalation,150,success,,,0.214707
privileged,privilege_escalation,151,success,,,0.216748
privileged,privilege_escalation,152,success,,,0.257316
privileged,privilege_escalation,153,success,,,0.245436
privileged,privilege_escalation,154,success,,,0.316296
privileged,privilege_escalation,155,success,,,0.239537
privileged,privilege_escalation,156,success,,,0.222967
privileged,privilege_escalation,157,success,,,0.238636
privileged,privilege_escalation,158,success,,,0.215617
privileged,privilege_escalation,159,success,,,0.218546
privileged,privilege_escalation,160,success,,,0.223727
privileged,privilege_escalation,161,success,,,0.270686
privileged,privilege_escalation,162,success,,,0.242407
privileged,privilege_escalation,163,success,,,0.272406
privileged,privilege_escalation,164,success,,,0.235886
privileged,privilege_escalation,165,success,,,0.239897
privileged,privilege_escalation,166,success,,,0.224437
privileged,privilege_escalation,167,success,,,0.241587
privileged,privilege_escalation,168,success,,,0.256186
privileged,privilege_escalation,169,success,,,0.250346
privileged,privilege_escalation,170,success,,,0.242696
privileged,privilege_escalation,171,success,,,0.229087
privileged,privilege_escalation,172,success,,,0.232557
privileged,privilege_escalation,173,success,,,0.235097
privileged,privilege_escalation,174,success,,,0.232557
privileged,privilege_escalation,175,success,,,0.226787
privileged,privilege_escalation,176,success,,,0.229546
privileged,privilege_escalation,177,success,,,0.235587
privileged,privilege_escalation,178,success,,,0.251436
privileged,privilege_escalation,179,success,,,0.233046
privileged,privilege_escalation,180,success,,,0.241097
privileged,privilege_escalation,181,success,,,0.227837
privileged,privilege_escalation,182,success,,,0.252066
privileged,privilege_escalation,183,success,,,0.248467
privileged,privilege_escalation,184,success,,,0.227367
privileged,privilege_escalation,185,success,,,0.242167
privileged,privilege_escalation,186,success,,,0.233577
privileged,privilege_escalation,187,success,,,0.240647
privileged,privilege_escalation,188,success,,,0.270807
privileged,privilege_escalation,189,success,,,0.223348
privileged,privilege_escalation,190,success,,,0.242866
privileged,privilege_escalation,191,success,,,0.277236
privileged,privilege_escalation,192,success,,,0.231687
privileged,privilege_escalation,193,success,,,0.228887
privileged,privilege_escalation,194,success,,,0.252096
privileged,privilege_escalation,195,success,,,0.231886
privileged,privilege_escalation,196,success,,,0.236347
privileged,privilege_escalation,197,success,,,0.272166
privileged,privilege_escalation,198,success,,,0.245787
privileged,privilege_escalation,199,success,,,0.308366
privileged,privilege_escalation,200,success,,,0.258187
privileged,privilege_escalation,201,success,,,0.262786
privileged,privilege_escalation,202,success,,,0.240777
privileged,privilege_escalation,203,success,,,0.241397
privileged,privilege_escalation,204,success,,,0.259306
privileged,privilege_escalation,205,success,,,0.223817
privileged,privilege_escalation,206,success,,,0.216017
privileged,privilege_escalation,207,success,,,0.222837
privileged,privilege_escalation,208,success,,,0.206477
privileged,privilege_escalation,209,success,,,0.247287
privileged,privilege_escalation,210,success,,,0.235647
privileged,privilege_escalation,211,success,,,0.226557
privileged,privilege_escalation,212,success,,,0.227706
privileged,privilege_escalation,213,success,,,0.247627
privileged,privilege_escalation,214,success,,,0.226827
privileged,privilege_escalation,215,success,,,0.253006
privileged,privilege_escalation,216,success,,,0.245537
privileged,privilege_escalation,217,success,,,0.239907
privileged,privilege_escalation,218,success,,,0.229747
privileged,privilege_escalation,219,success,,,0.271757
privileged,privilege_escalation,220,success,,,0.232027
privileged,privilege_escalation,221,success,,,0.209157
privileged,privilege_escalation,222,success,,,0.210807
privileged,privilege_escalation,223,success,,,0.222447
privileged,privilege_escalation,224,success,,,0.220887
privileged,privilege_escalation,225,success,,,0.246676
privileged,privilege_escalation,226,success,,,0.237416
privileged,privilege_escalation,227,success,,,0.200268
privileged,privilege_escalation,228,success,,,0.206108
privileged,privilege_escalation,229,success,,,0.228777
privileged,privilege_escalation,230,success,,,0.285356
privileged,privilege_escalation,231,success,,,0.247477
privileged,privilege_escalation,232,success,,,0.270996
privileged,privilege_escalation,233,success,,,0.242777
privileged,privilege_escalation,234,success,,,0.270016
privileged,privilege_escalation,235,success,,,0.232357
privileged,privilege_escalation,236,success,,,0.271137
privileged,privilege_escalation,237,success,,,0.228607
privileged,privilege_escalation,238,success,,,0.256646
privileged,privilege_escalation,239,success,,,0.252976
privileged,privilege_escalation,240,success,,,0.330496
privileged,privilege_escalation,241,success,,,0.258746
privileged,privilege_escalation,242,success,,,0.252817
privileged,privilege_escalation,243,success,,,0.240717
privileged,privilege_escalation,244,success,,,0.261667
privileged,privilege_escalation,245,success,,,0.240957
privileged,privilege_escalation,246,success,,,0.235147
privileged,privilege_escalation,247,success,,,0.267906
privileged,privilege_escalation,248,success,,,0.214467
privileged,privilege_escalation,249,success,,,0.226547
privileged,privilege_escalation,250,success,,,0.246397
privileged,privilege_escalation,251,success,,,0.236627
privileged,privilege_escalation,252,success,,,0.219687
privileged,privilege_escalation,253,success,,,0.239026
privileged,privilege_escalation,254,success,,,0.228297
privileged,privilege_escalation,255,success,,,0.243507
privileged,privilege_escalation,256,success,,,0.237407
privileged,privilege_escalation,257,success,,,0.234857
privileged,privilege_escalation,258,success,,,0.223487
privileged,privilege_escalation,259,success,,,0.232836
privileged,privilege_escalation,260,success,,,0.257737
privileged,privilege_escalation,261,success,,,0.232007
privileged,privilege_escalation,262,success,,,0.224757
privileged,privilege_escalation,263,success,,,0.241827
privileged,privilege_escalation,264,success,,,0.217697
privileged,privilege_escalation,265,success,,,0.233467
privileged,privilege_escalation,266,success,,,0.218857
privileged,privilege_escalation,267,success,,,0.252587
privileged,privilege_escalation,268,success,,,0.303116
privileged,privilege_escalation,269,success,,,0.328196
privileged,privilege_escalation,270,success,,,0.241657
privileged,privilege_escalation,271,success,,,0.229387
privileged,privilege_escalation,272,success,,,0.238746
privileged,privilege_escalation,273,success,,,0.226937
privileged,privilege_escalation,274,success,,,0.237187
privileged,privilege_escalation,275,success,,,0.279536
privileged,privilege_escalation,276,success,,,0.263056
privileged,privilege_escalation,277,success,,,0.256477
privileged,privilege_escalation,278,success,,,0.247926
privileged,privilege_escalation,279,success,,,0.238747
privileged,privilege_escalation,280,success,,,0.252466
privileged,privilege_escalation,281,success,,,0.281346
privileged,privilege_escalation,282,success,,,0.267366
privileged,privilege_escalation,283,success,,,0.250727
privileged,privilege_escalation,284,success,,,0.230207
privileged,privilege_escalation,285,success,,,0.272696
privileged,privilege_escalation,286,success,,,0.223667
privileged,privilege_escalation,287,success,,,0.247046
privileged,privilege_escalation,288,success,,,0.245047
privileged,privilege_escalation,289,success,,,0.245357
privileged,privilege_escalation,290,success,,,0.231957
privileged,privilege_escalation,291,success,,,0.239776
privileged,privilege_escalation,292,success,,,0.228247
privileged,privilege_escalation,293,success,,,0.245806
privileged,privilege_escalation,294,success,,,0.244457
privileged,privilege_escalation,295,success,,,0.236087
privileged,privilege_escalation,296,success,,,0.252536
privileged,privilege_escalation,297,success,,,0.314656
privileged,privilege_escalation,298,success,,,0.256047
privileged,privilege_escalation,299,success,,,0.236177
privileged,privilege_escalation,300,success,,,0.270186
privileged,privilege_escalation,301,success,,,0.231087
privileged,privilege_escalation,302,success,,,0.234067
privileged,privilege_escalation,303,success,,,0.220117
privileged,privilege_escalation,304,success,,,0.238516
privileged,privilege_escalation,305,success,,,0.239157
privileged,privilege_escalation,306,success,,,0.255137
privileged,privilege_escalation,307,success,,,0.262487
privileged,privilege_escalation,308,success,,,0.245626
privileged,privilege_escalation,309,success,,,0.241346
privileged,privilege_escalation,310,success,,,0.242157
privileged,privilege_escalation,311,success,,,0.245006
privileged,privilege_escalation,312,success,,,0.227997
privileged,privilege_escalation,313,success,,,0.260517
privileged,privilege_escalation,314,success,,,0.224357
privileged,privilege_escalation,315,success,,,0.217607
privileged,privilege_escalation,316,success,,,0.237227
privileged,privilege_escalation,317,success,,,0.233087
privileged,privilege_escalation,318,success,,,0.251816
privileged,privilege_escalation,319,success,,,0.247566
privileged,privilege_escalation,320,success,,,0.246996
privileged,privilege_escalation,321,success,,,0.225117
privileged,privilege_escalation,322,success,,,0.227706
privileged,privilege_escalation,323,success,,,0.222767
privileged,privilege_escalation,324,success,,,0.257937
privileged,privilege_escalation,325,success,,,0.271846
privileged,privilege_escalation,326,success,,,0.255596
privileged,privilege_escalation,327,success,,,0.230647
privileged,privilege_escalation,328,success,,,0.265757
privileged,privilege_escalation,329,success,,,0.327256
privileged,privilege_escalation,330,success,,,0.236837
privileged,privilege_escalation,331,success,,,0.248006
privileged,privilege_escalation,332,success,,,0.224447
privileged,privilege_escalation,333,success,,,0.233317
privileged,privilege_escalation,334,success,,,0.264787
privileged,privilege_escalation,335,success,,,0.255827
privileged,privilege_escalation,336,success,,,0.229447
privileged,privilege_escalation,337,success,,,0.224396
privileged,privilege_escalation,338,success,,,0.230237
privileged,privilege_escalation,339,success,,,0.296996
privileged,privilege_escalation,340,success,,,0.224277
privileged,privilege_escalation,341,success,,,0.251136
privileged,privilege_escalation,342,success,,,0.244966
privileged,privilege_escalation,343,success,,,0.234577
privileged,privilege_escalation,344,success,,,0.244517
privileged,privilege_escalation,345,success,,,0.224297
privileged,privilege_escalation,346,success,,,0.241897
privileged,privilege_escalation,347,success,,,0.255357
privileged,privilege_escalation,348,success,,,0.247756
privileged,privilege_escalation,349,success,,,0.244106
privileged,privilege_escalation,350,success,,,0.222237
privileged,privilege_escalation,351,success,,,0.245136
privileged,privilege_escalation,352,success,,,0.253586
privileged,privilege_escalation,353,success,,,0.229057
privileged,privilege_escalation,354,success,,,0.223308
privileged,privilege_escalation,355,success,,,0.303816
privileged,privilege_escalation,356,success,,,0.235786
privileged,privilege_escalation,357,success,,,0.243197
privileged,privilege_escalation,358,success,,,0.248466
privileged,privilege_escalation,359,success,,,0.265047
privileged,privilege_escalation,360,success,,,0.263767
privileged,privilege_escalation,361,success,,,0.245377
privileged,privilege_escalation,362,success,,,0.262096
privileged,privilege_escalation,363,success,,,0.222087
privileged,privilege_escalation,364,success,,,0.321566
privileged,privilege_escalation,365,success,,,0.249017
privileged,privilege_escalation,366,success,,,0.217377
privileged,privilege_escalation,367,success,,,0.243556
privileged,privilege_escalation,368,success,,,0.312525
privileged,privilege_escalation,369,success,,,0.250687
privileged,privilege_escalation,370,success,,,0.222907
privileged,privilege_escalation,371,success,,,0.244687
privileged,privilege_escalation,372,success,,,0.253736
privileged,privilege_escalation,373,success,,,0.240897
privileged,privilege_escalation,374,success,,,0.239826
privileged,privilege_escalation,375,success,,,0.246056
privileged,privilege_escalation,376,success,,,0.253266
privileged,privilege_escalation,377,success,,,0.222177
privileged,privilege_escalation,378,success,,,0.249636
privileged,privilege_escalation,379,success,,,0.269926
privileged,privilege_escalation,380,success,,,0.236597
privileged,privilege_escalation,381,success,,,0.227267
privileged,privilege_escalation,382,success,,,0.258696
privileged,privilege_escalation,383,success,,,0.285836
privileged,privilege_escalation,384,success,,,0.256937
privileged,privilege_escalation,385,success,,,0.266426
privileged,privilege_escalation,386,success,,,0.286926
privileged,privilege_escalation,387,success,,,0.258356
privileged,privilege_escalation,388,success,,,0.236076
privileged,privilege_escalation,389,success,,,0.239127
privileged,privilege_escalation,390,success,,,0.237917
privileged,privilege_escalation,391,success,,,0.311745
privileged,privilege_escalation,392,success,,,0.235587
privileged,privilege_escalation,393,success,,,0.258576
privileged,privilege_escalation,394,success,,,0.266896
privileged,privilege_escalation,395,success,,,0.241997
privileged,privilege_escalation,396,success,,,0.244146
privileged,privilege_escalation,397,success,,,0.475003
privileged,privilege_escalation,398,success,,,0.256386
privileged,privilege_escalation,399,success,,,0.217747
privileged,privilege_escalation,400,success,,,0.265336
privileged,privilege_escalation,401,success,,,0.239947
privileged,privilege_escalation,402,success,,,0.278866
privileged,privilege_escalation,403,success,,,0.263237
privileged,privilege_escalation,404,success,,,0.285116
privileged,privilege_escalation,405,success,,,0.231967
privileged,privilege_escalation,406,success,,,0.251067
privileged,privilege_escalation,407,success,,,0.244037
privileged,privilege_escalation,408,success,,,0.259687
privileged,privilege_escalation,409,success,,,0.339715
privileged,privilege_escalation,410,success,,,0.246776
privileged,privilege_escalation,411,success,,,0.233847
privileged,privilege_escalation,412,success,,,0.355815
privileged,privilege_escalation,413,success,,,0.240257
privileged,privilege_escalation,414,success,,,0.241867
privileged,privilege_escalation,415,success,,,0.236786
privileged,privilege_escalation,416,success,,,0.233967
privileged,privilege_escalation,417,success,,,0.265367
privileged,privilege_escalation,418,success,,,0.234227
privileged,privilege_escalation,419,success,,,0.235786
privileged,privilege_escalation,420,success,,,0.234106
privileged,privilege_escalation,421,success,,,0.236067
privileged,privilege_escalation,422,success,,,0.236646
privileged,privilege_escalation,423,success,,,0.243556
privileged,privilege_escalation,424,success,,,0.350865
privileged,privilege_escalation,425,success,,,0.291806
privileged,privilege_escalation,426,success,,,0.264346
privileged,privilege_escalation,427,success,,,0.309616
privileged,privilege_escalation,428,success,,,0.265036
privileged,privilege_escalation,429,success,,,0.386355
privileged,privilege_escalation,430,success,,,0.352455
privileged,privilege_escalation,431,success,,,0.331936
privileged,privilege_escalation,432,success,,,0.383995
privileged,privilege_escalation,433,success,,,0.332715
privileged,privilege_escalation,434,success,,,0.351546
privileged,privilege_escalation,435,success,,,0.349465
privileged,privilege_escalation,436,success,,,0.316886
privileged,privilege_escalation,437,success,,,0.278166
privileged,privilege_escalation,438,success,,,0.345515
privileged,privilege_escalation,439,success,,,0.324615
privileged,privilege_escalation,440,success,,,0.364535
privileged,privilege_escalation,441,success,,,0.395275
privileged,privilege_escalation,442,success,,,0.297746
privileged,privilege_escalation,443,success,,,0.342915
privileged,privilege_escalation,444,success,,,0.385265
privileged,privilege_escalation,445,success,,,0.310056
privileged,privilege_escalation,446,success,,,0.303795
privileged,privilege_escalation,447,success,,,0.327635
privileged,privilege_escalation,448,success,,,0.411704
privileged,privilege_escalation,449,success,,,0.309335
privileged,privilege_escalation,450,success,,,0.291696
privileged,privilege_escalation,451,success,,,0.294566
privileged,privilege_escalation,452,success,,,0.309386
privileged,privilege_escalation,453,success,,,0.293736
privileged,privilege_escalation,454,success,,,0.298036
privileged,privilege_escalation,455,success,,,0.382365
privileged,privilege_escalation,456,success,,,0.354566
privileged,privilege_escalation,457,success,,,0.301715
privileged,privilege_escalation,458,success,,,0.285086
privileged,privilege_escalation,459,success,,,0.304176
privileged,privilege_escalation,460,success,,,0.296086
privileged,privilege_escalation,461,success,,,0.310415
privileged,privilege_escalation,462,success,,,0.286526
privileged,privilege_escalation,463,success,,,0.314535
privileged,privilege_escalation,464,success,,,0.377895
privileged,privilege_escalation,465,success,,,0.326655
privileged,privilege_escalation,466,success,,,0.292466
privileged,privilege_escalation,467,success,,,0.363655
privileged,privilege_escalation,468,success,,,0.298226
privileged,privilege_escalation,469,success,,,0.382784
privileged,privilege_escalation,470,success,,,0.283776
privileged,privilege_escalation,471,success,,,0.314835
privileged,privilege_escalation,472,success,,,0.290606
privileged,privilege_escalation,473,success,,,0.312646
privileged,privilege_escalation,474,success,,,0.319156
privileged,privilege_escalation,475,success,,,0.309775
privileged,privilege_escalation,476,success,,,0.295906
privileged,privilege_escalation,477,success,,,0.339806
privileged,privilege_escalation,478,success,,,0.298866
privileged,privilege_escalation,479,success,,,0.350176
privileged,privilege_escalation,480,success,,,0.345025
privileged,privilege_escalation,481,success,,,0.341315
privileged,privilege_escalation,482,success,,,0.312745
privileged,privilege_escalation,483,success,,,0.294966
privileged,privilege_escalation,484,success,,,0.337845
privileged,privilege_escalation,485,success,,,0.300625
privileged,privilege_escalation,486,success,,,0.277916
privileged,privilege_escalation,487,success,,,0.355245
privileged,privilege_escalation,488,success,,,0.329485
privileged,privilege_escalation,489,success,,,0.372595
privileged,privilege_escalation,490,success,,,0.290626
privileged,privilege_escalation,491,success,,,0.284626
privileged,privilege_escalation,492,success,,,0.378855
privileged,privilege_escalation,493,success,,,0.306436
privileged,privilege_escalation,494,success,,,0.390075
privileged,privilege_escalation,495,success,,,0.340495
privileged,privilege_escalation,496,success,,,0.288176
privileged,privilege_escalation,497,success,,,0.332635
privileged,privilege_escalation,498,success,,,0.285657
privileged,privilege_escalation,499,success,,,0.328086
privileged,privilege_escalation,500,success,,,0.307826
rbac_min_privilege,normal_select,1,success,,,0.788879
rbac_min_privilege,normal_select,2,success,,,0.517242
rbac_min_privilege,normal_select,3,success,,,0.598161
rbac_min_privilege,normal_select,4,success,,,0.484303
rbac_min_privilege,normal_select,5,success,,,0.539492
rbac_min_privilege,normal_select,6,success,,,0.500033
rbac_min_privilege,normal_select,7,success,,,0.496703
rbac_min_privilege,normal_select,8,success,,,0.492913
rbac_min_privilege,normal_select,9,success,,,0.604012
rbac_min_privilege,normal_select,10,success,,,0.351895
rbac_min_privilege,normal_select,11,success,,,0.447814
rbac_min_privilege,normal_select,12,success,,,0.373235
rbac_min_privilege,normal_select,13,success,,,0.355145
rbac_min_privilege,normal_select,14,success,,,0.313806
rbac_min_privilege,normal_select,15,success,,,0.296515
rbac_min_privilege,normal_select,16,success,,,0.335335
rbac_min_privilege,normal_select,17,success,,,0.312936
rbac_min_privilege,normal_select,18,success,,,0.327226
rbac_min_privilege,normal_select,19,success,,,0.317445
rbac_min_privilege,normal_select,20,success,,,0.313666
rbac_min_privilege,normal_select,21,success,,,0.315166
rbac_min_privilege,normal_select,22,success,,,0.290745
rbac_min_privilege,normal_select,23,success,,,0.289826
rbac_min_privilege,normal_select,24,success,,,0.280046
rbac_min_privilege,normal_select,25,success,,,0.325725
rbac_min_privilege,normal_select,26,success,,,0.278156
rbac_min_privilege,normal_select,27,success,,,0.303295
rbac_min_privilege,normal_select,28,success,,,0.334856
rbac_min_privilege,normal_select,29,success,,,0.262487
rbac_min_privilege,normal_select,30,success,,,0.383055
rbac_min_privilege,normal_select,31,success,,,0.340665
rbac_min_privilege,normal_select,32,success,,,0.318485
rbac_min_privilege,normal_select,33,success,,,0.293527
rbac_min_privilege,normal_select,34,success,,,0.266197
rbac_min_privilege,normal_select,35,success,,,0.293616
rbac_min_privilege,normal_select,36,success,,,0.328926
rbac_min_privilege,normal_select,37,success,,,0.305295
rbac_min_privilege,normal_select,38,success,,,0.280256
rbac_min_privilege,normal_select,39,success,,,0.286936
rbac_min_privilege,normal_select,40,success,,,0.313806
rbac_min_privilege,normal_select,41,success,,,0.322955
rbac_min_privilege,normal_select,42,success,,,0.312245
rbac_min_privilege,normal_select,43,success,,,0.288406
rbac_min_privilege,normal_select,44,success,,,0.324696
rbac_min_privilege,normal_select,45,success,,,0.320016
rbac_min_privilege,normal_select,46,success,,,0.380904
rbac_min_privilege,normal_select,47,success,,,0.379054
rbac_min_privilege,normal_select,48,success,,,0.328615
rbac_min_privilege,normal_select,49,success,,,0.319045
rbac_min_privilege,normal_select,50,success,,,0.347245
rbac_min_privilege,normal_select,51,success,,,0.381094
rbac_min_privilege,normal_select,52,success,,,0.362304
rbac_min_privilege,normal_select,53,success,,,0.375654
rbac_min_privilege,normal_select,54,success,,,0.354395
rbac_min_privilege,normal_select,55,success,,,0.346066
rbac_min_privilege,normal_select,56,success,,,0.303456
rbac_min_privilege,normal_select,57,success,,,0.305486
rbac_min_privilege,normal_select,58,success,,,0.300126
rbac_min_privilege,normal_select,59,success,,,0.278756
rbac_min_privilege,normal_select,60,success,,,0.326946
rbac_min_privilege,normal_select,61,success,,,0.344486
rbac_min_privilege,normal_select,62,success,,,0.386715
rbac_min_privilege,normal_select,63,success,,,0.411224
rbac_min_privilege,normal_select,64,success,,,0.347035
rbac_min_privilege,normal_select,65,success,,,0.350255
rbac_min_privilege,normal_select,66,success,,,0.320816
rbac_min_privilege,normal_select,67,success,,,0.328965
rbac_min_privilege,normal_select,68,success,,,0.324166
rbac_min_privilege,normal_select,69,success,,,0.388105
rbac_min_privilege,normal_select,70,success,,,0.308756
rbac_min_privilege,normal_select,71,success,,,0.312866
rbac_min_privilege,normal_select,72,success,,,0.475333
rbac_min_privilege,normal_select,73,success,,,0.338656
rbac_min_privilege,normal_select,74,success,,,0.335825
rbac_min_privilege,normal_select,75,success,,,0.325755
rbac_min_privilege,normal_select,76,success,,,0.392325
rbac_min_privilege,normal_select,77,success,,,0.309455
rbac_min_privilege,normal_select,78,success,,,0.311796
rbac_min_privilege,normal_select,79,success,,,0.313495
rbac_min_privilege,normal_select,80,success,,,0.398825
rbac_min_privilege,normal_select,81,success,,,0.323926
rbac_min_privilege,normal_select,82,success,,,0.326126
rbac_min_privilege,normal_select,83,success,,,0.381745
rbac_min_privilege,normal_select,84,success,,,0.344376
rbac_min_privilege,normal_select,85,success,,,0.312386
rbac_min_privilege,normal_select,86,success,,,0.306645
rbac_min_privilege,normal_select,87,success,,,0.330185
rbac_min_privilege,normal_select,88,success,,,0.301066
rbac_min_privilege,normal_select,89,success,,,0.296067
rbac_min_privilege,normal_select,90,success,,,0.286946
rbac_min_privilege,normal_select,91,success,,,0.313355
rbac_min_privilege,normal_select,92,success,,,0.276756
rbac_min_privilege,normal_select,93,success,,,0.360295
rbac_min_privilege,normal_select,94,success,,,0.401594
rbac_min_privilege,normal_select,95,success,,,0.316685
rbac_min_privilege,normal_select,96,success,,,0.294226
rbac_min_privilege,normal_select,97,success,,,0.315145
rbac_min_privilege,normal_select,98,success,,,0.338665
rbac_min_privilege,normal_select,99,success,,,0.392024
rbac_min_privilege,normal_select,100,success,,,0.331535
rbac_min_privilege,normal_select,101,success,,,0.332575
rbac_min_privilege,normal_select,102,success,,,0.310426
rbac_min_privilege,normal_select,103,success,,,0.299365
rbac_min_privilege,normal_select,104,success,,,0.383944
rbac_min_privilege,normal_select,105,success,,,0.294385
rbac_min_privilege,normal_select,106,success,,,0.294247
rbac_min_privilege,normal_select,107,success,,,0.282765
rbac_min_privilege,normal_select,108,success,,,0.303826
rbac_min_privilege,normal_select,109,success,,,0.296076
rbac_min_privilege,normal_select,110,success,,,0.285786
rbac_min_privilege,normal_select,111,success,,,0.359825
rbac_min_privilege,normal_select,112,success,,,0.284506
rbac_min_privilege,normal_select,113,success,,,0.300825
rbac_min_privilege,normal_select,114,success,,,0.287756
rbac_min_privilege,normal_select,115,success,,,0.283616
rbac_min_privilege,normal_select,116,success,,,0.304445
rbac_min_privilege,normal_select,117,success,,,0.295586
rbac_min_privilege,normal_select,118,success,,,0.288376
rbac_min_privilege,normal_select,119,success,,,0.302696
rbac_min_privilege,normal_select,120,success,,,0.302896
rbac_min_privilege,normal_select,121,success,,,0.270257
rbac_min_privilege,normal_select,122,success,,,0.288216
rbac_min_privilege,normal_select,123,success,,,0.291706
rbac_min_privilege,normal_select,124,success,,,0.285276
rbac_min_privilege,normal_select,125,success,,,0.272776
rbac_min_privilege,normal_select,126,success,,,0.280176
rbac_min_privilege,normal_select,127,success,,,0.289087
rbac_min_privilege,normal_select,128,success,,,0.340525
rbac_min_privilege,normal_select,129,success,,,0.305225
rbac_min_privilege,normal_select,130,success,,,0.299816
rbac_min_privilege,normal_select,131,success,,,0.296716
rbac_min_privilege,normal_select,132,success,,,0.299846
rbac_min_privilege,normal_select,133,success,,,0.312386
rbac_min_privilege,normal_select,134,success,,,0.307835
rbac_min_privilege,normal_select,135,success,,,0.342546
rbac_min_privilege,normal_select,136,success,,,0.354325
rbac_min_privilege,normal_select,137,success,,,0.284036
rbac_min_privilege,normal_select,138,success,,,0.314985
rbac_min_privilege,normal_select,139,success,,,0.309565
rbac_min_privilege,normal_select,140,success,,,0.376115
rbac_min_privilege,normal_select,141,success,,,0.303906
rbac_min_privilege,normal_select,142,success,,,0.297766
rbac_min_privilege,normal_select,143,success,,,0.319926
rbac_min_privilege,normal_select,144,success,,,0.320235
rbac_min_privilege,normal_select,145,success,,,0.304046
rbac_min_privilege,normal_select,146,success,,,0.297726
rbac_min_privilege,normal_select,147,success,,,0.395114
rbac_min_privilege,normal_select,148,success,,,0.302376
rbac_min_privilege,normal_select,149,success,,,0.321836
rbac_min_privilege,normal_select,150,success,,,0.406615
rbac_min_privilege,normal_select,151,success,,,0.369985
rbac_min_privilege,normal_select,152,success,,,0.355965
rbac_min_privilege,normal_select,153,success,,,0.331245
rbac_min_privilege,normal_select,154,success,,,0.315086
rbac_min_privilege,normal_select,155,success,,,0.311506
rbac_min_privilege,normal_select,156,success,,,0.319225
rbac_min_privilege,normal_select,157,success,,,0.301506
rbac_min_privilege,normal_select,158,success,,,0.290976
rbac_min_privilege,normal_select,159,success,,,0.305626
rbac_min_privilege,normal_select,160,success,,,0.298476
rbac_min_privilege,normal_select,161,success,,,0.277106
rbac_min_privilege,normal_select,162,success,,,0.279096
rbac_min_privilege,normal_select,163,success,,,0.292116
rbac_min_privilege,normal_select,164,success,,,0.299436
rbac_min_privilege,normal_select,165,success,,,0.342485
rbac_min_privilege,normal_select,166,success,,,0.316945
rbac_min_privilege,normal_select,167,success,,,0.300315
rbac_min_privilege,normal_select,168,success,,,0.306836
rbac_min_privilege,normal_select,169,success,,,0.299766
rbac_min_privilege,normal_select,170,success,,,0.296756
rbac_min_privilege,normal_select,171,success,,,0.290856
rbac_min_privilege,normal_select,172,success,,,0.302875
rbac_min_privilege,normal_select,173,success,,,0.307386
rbac_min_privilege,normal_select,174,success,,,0.312136
rbac_min_privilege,normal_select,175,success,,,0.327015
rbac_min_privilege,normal_select,176,success,,,0.285485
rbac_min_privilege,normal_select,177,success,,,0.297426
rbac_min_privilege,normal_select,178,success,,,0.353415
rbac_min_privilege,normal_select,179,success,,,0.318206
rbac_min_privilege,normal_select,180,success,,,0.290256
rbac_min_privilege,normal_select,181,success,,,0.347325
rbac_min_privilege,normal_select,182,success,,,0.333465
rbac_min_privilege,normal_select,183,success,,,0.287205
rbac_min_privilege,normal_select,184,success,,,0.311226
rbac_min_privilege,normal_select,185,success,,,0.309586
rbac_min_privilege,normal_select,186,success,,,0.352065
rbac_min_privilege,normal_select,187,success,,,0.339445
rbac_min_privilege,normal_select,188,success,,,0.313255
rbac_min_privilege,normal_select,189,success,,,0.325645
rbac_min_privilege,normal_select,190,success,,,0.341535
rbac_min_privilege,normal_select,191,success,,,0.352445
rbac_min_privilege,normal_select,192,success,,,0.294045
rbac_min_privilege,normal_select,193,success,,,0.378175
rbac_min_privilege,normal_select,194,success,,,0.358285
rbac_min_privilege,normal_select,195,success,,,0.288676
rbac_min_privilege,normal_select,196,success,,,0.339455
rbac_min_privilege,normal_select,197,success,,,0.370235
rbac_min_privilege,normal_select,198,success,,,0.300126
rbac_min_privilege,normal_select,199,success,,,0.295575
rbac_min_privilege,normal_select,200,success,,,0.331656
rbac_min_privilege,normal_select,201,success,,,0.316496
rbac_min_privilege,normal_select,202,success,,,0.398014
rbac_min_privilege,normal_select,203,success,,,0.386184
rbac_min_privilege,normal_select,204,success,,,0.312006
rbac_min_privilege,normal_select,205,success,,,0.328355
rbac_min_privilege,normal_select,206,success,,,0.291776
rbac_min_privilege,normal_select,207,success,,,0.284676
rbac_min_privilege,normal_select,208,success,,,0.307396
rbac_min_privilege,normal_select,209,success,,,0.289356
rbac_min_privilege,normal_select,210,success,,,0.273396
rbac_min_privilege,normal_select,211,success,,,0.326455
rbac_min_privilege,normal_select,212,success,,,0.309086
rbac_min_privilege,normal_select,213,success,,,0.328876
rbac_min_privilege,normal_select,214,success,,,0.304815
rbac_min_privilege,normal_select,215,success,,,0.303056
rbac_min_privilege,normal_select,216,success,,,0.286846
rbac_min_privilege,normal_select,217,success,,,0.393634
rbac_min_privilege,normal_select,218,success,,,0.297616
rbac_min_privilege,normal_select,219,success,,,0.288526
rbac_min_privilege,normal_select,220,success,,,0.290716
rbac_min_privilege,normal_select,221,success,,,0.280006
rbac_min_privilege,normal_select,222,success,,,0.300346
rbac_min_privilege,normal_select,223,success,,,0.278497
rbac_min_privilege,normal_select,224,success,,,0.266986
rbac_min_privilege,normal_select,225,success,,,0.301796
rbac_min_privilege,normal_select,226,success,,,0.291106
rbac_min_privilege,normal_select,227,success,,,0.521493
rbac_min_privilege,normal_select,228,success,,,0.338506
rbac_min_privilege,normal_select,229,success,,,0.294167
rbac_min_privilege,normal_select,230,success,,,0.301396
rbac_min_privilege,normal_select,231,success,,,0.288765
rbac_min_privilege,normal_select,232,success,,,0.375045
rbac_min_privilege,normal_select,233,success,,,0.308916
rbac_min_privilege,normal_select,234,success,,,0.333965
rbac_min_privilege,normal_select,235,success,,,0.328625
rbac_min_privilege,normal_select,236,success,,,0.394785
rbac_min_privilege,normal_select,237,success,,,0.315235
rbac_min_privilege,normal_select,238,success,,,0.327816
rbac_min_privilege,normal_select,239,success,,,0.402444
rbac_min_privilege,normal_select,240,success,,,0.367295
rbac_min_privilege,normal_select,241,success,,,0.339335
rbac_min_privilege,normal_select,242,success,,,0.305496
rbac_min_privilege,normal_select,243,success,,,0.286116
rbac_min_privilege,normal_select,244,success,,,0.331935
rbac_min_privilege,normal_select,245,success,,,0.318145
rbac_min_privilege,normal_select,246,success,,,0.317486
rbac_min_privilege,normal_select,247,success,,,0.501273
rbac_min_privilege,normal_select,248,success,,,0.343575
rbac_min_privilege,normal_select,249,success,,,0.381395
rbac_min_privilege,normal_select,250,success,,,0.364326
rbac_min_privilege,normal_select,251,success,,,0.402254
rbac_min_privilege,normal_select,252,success,,,0.313865
rbac_min_privilege,normal_select,253,success,,,0.341355
rbac_min_privilege,normal_select,254,success,,,0.309196
rbac_min_privilege,normal_select,255,success,,,0.281465
rbac_min_privilege,normal_select,256,success,,,0.308345
rbac_min_privilege,normal_select,257,success,,,0.465343
rbac_min_privilege,normal_select,258,success,,,0.435954
rbac_min_privilege,normal_select,259,success,,,0.305676
rbac_min_privilege,normal_select,260,success,,,0.275696
rbac_min_privilege,normal_select,261,success,,,0.336075
rbac_min_privilege,normal_select,262,success,,,0.345225
rbac_min_privilege,normal_select,263,success,,,0.285886
rbac_min_privilege,normal_select,264,success,,,0.302636
rbac_min_privilege,normal_select,265,success,,,0.288826
rbac_min_privilege,normal_select,266,success,,,0.358966
rbac_min_privilege,normal_select,267,success,,,0.352365
rbac_min_privilege,normal_select,268,success,,,0.319546
rbac_min_privilege,normal_select,269,success,,,0.344286
rbac_min_privilege,normal_select,270,success,,,0.307976
rbac_min_privilege,normal_select,271,success,,,0.377675
rbac_min_privilege,normal_select,272,success,,,0.331296
rbac_min_privilege,normal_select,273,success,,,0.334346
rbac_min_privilege,normal_select,274,success,,,0.330275
rbac_min_privilege,normal_select,275,success,,,0.353805
rbac_min_privilege,normal_select,276,success,,,0.306105
rbac_min_privilege,normal_select,277,success,,,0.312466
rbac_min_privilege,normal_select,278,success,,,0.302345
rbac_min_privilege,normal_select,279,success,,,0.315826
rbac_min_privilege,normal_select,280,success,,,0.299616
rbac_min_privilege,normal_select,281,success,,,0.466894
rbac_min_privilege,normal_select,282,success,,,0.382215
rbac_min_privilege,normal_select,283,success,,,0.290386
rbac_min_privilege,normal_select,284,success,,,0.331176
rbac_min_privilege,normal_select,285,success,,,0.309826
rbac_min_privilege,normal_select,286,success,,,0.424124
rbac_min_privilege,normal_select,287,success,,,0.348175
rbac_min_privilege,normal_select,288,success,,,0.502693
rbac_min_privilege,normal_select,289,success,,,0.411364
rbac_min_privilege,normal_select,290,success,,,0.300046
rbac_min_privilege,normal_select,291,success,,,0.299936
rbac_min_privilege,normal_select,292,success,,,0.288896
rbac_min_privilege,normal_select,293,success,,,0.276246
rbac_min_privilege,normal_select,294,success,,,0.296566
rbac_min_privilege,normal_select,295,success,,,0.276326
rbac_min_privilege,normal_select,296,success,,,0.307225
rbac_min_privilege,normal_select,297,success,,,0.325006
rbac_min_privilege,normal_select,298,success,,,0.391735
rbac_min_privilege,normal_select,299,success,,,0.381595
rbac_min_privilege,normal_select,300,success,,,0.283047
rbac_min_privilege,normal_select,301,success,,,0.359375
rbac_min_privilege,normal_select,302,success,,,0.329495
rbac_min_privilege,normal_select,303,success,,,0.286976
rbac_min_privilege,normal_select,304,success,,,0.306066
rbac_min_privilege,normal_select,305,success,,,0.293796
rbac_min_privilege,normal_select,306,success,,,0.300766
rbac_min_privilege,normal_select,307,success,,,0.294096
rbac_min_privilege,normal_select,308,success,,,0.309926
rbac_min_privilege,normal_select,309,success,,,0.320926
rbac_min_privilege,normal_select,310,success,,,0.277336
rbac_min_privilege,normal_select,311,success,,,0.278406
rbac_min_privilege,normal_select,312,success,,,0.353465
rbac_min_privilege,normal_select,313,success,,,0.397355
rbac_min_privilege,normal_select,314,success,,,0.477394
rbac_min_privilege,normal_select,315,success,,,0.353415
rbac_min_privilege,normal_select,316,success,,,0.298726
rbac_min_privilege,normal_select,317,success,,,0.418374
rbac_min_privilege,normal_select,318,success,,,0.297756
rbac_min_privilege,normal_select,319,success,,,0.380504
rbac_min_privilege,normal_select,320,success,,,0.352565
rbac_min_privilege,normal_select,321,success,,,0.330836
rbac_min_privilege,normal_select,322,success,,,0.324786
rbac_min_privilege,normal_select,323,success,,,0.289176
rbac_min_privilege,normal_select,324,success,,,0.400674
rbac_min_privilege,normal_select,325,success,,,0.306185
rbac_min_privilege,normal_select,326,success,,,0.292286
rbac_min_privilege,normal_select,327,success,,,0.338105
rbac_min_privilege,normal_select,328,success,,,0.439964
rbac_min_privilege,normal_select,329,success,,,0.349285
rbac_min_privilege,normal_select,330,success,,,0.294616
rbac_min_privilege,normal_select,331,success,,,0.384225
rbac_min_privilege,normal_select,332,success,,,0.373385
rbac_min_privilege,normal_select,333,success,,,0.337586
rbac_min_privilege,normal_select,334,success,,,0.315955
rbac_min_privilege,normal_select,335,success,,,0.302726
rbac_min_privilege,normal_select,336,success,,,0.319176
rbac_min_privilege,normal_select,337,success,,,0.418394
rbac_min_privilege,normal_select,338,success,,,0.442324
rbac_min_privilege,normal_select,339,success,,,0.518852
rbac_min_privilege,normal_select,340,success,,,0.410054
rbac_min_privilege,normal_select,341,success,,,0.344155
rbac_min_privilege,normal_select,342,success,,,0.342875
rbac_min_privilege,normal_select,343,success,,,0.355886
rbac_min_privilege,normal_select,344,success,,,0.339006
rbac_min_privilege,normal_select,345,success,,,0.345615
rbac_min_privilege,normal_select,346,success,,,0.312805
rbac_min_privilege,normal_select,347,success,,,0.321656
rbac_min_privilege,normal_select,348,success,,,0.335206
rbac_min_privilege,normal_select,349,success,,,0.308835
rbac_min_privilege,normal_select,350,success,,,0.338215
rbac_min_privilege,normal_select,351,success,,,0.440914
rbac_min_privilege,normal_select,352,success,,,0.305806
rbac_min_privilege,normal_select,353,success,,,0.298886
rbac_min_privilege,normal_select,354,success,,,0.353084
rbac_min_privilege,normal_select,355,success,,,0.320115
rbac_min_privilege,normal_select,356,success,,,0.343315
rbac_min_privilege,normal_select,357,success,,,0.330085
rbac_min_privilege,normal_select,358,success,,,0.341685
rbac_min_privilege,normal_select,359,success,,,0.321965
rbac_min_privilege,normal_select,360,success,,,0.357665
rbac_min_privilege,normal_select,361,success,,,0.317735
rbac_min_privilege,normal_select,362,success,,,0.302846
rbac_min_privilege,normal_select,363,success,,,0.335596
rbac_min_privilege,normal_select,364,success,,,0.323915
rbac_min_privilege,normal_select,365,success,,,0.355245
rbac_min_privilege,normal_select,366,success,,,0.367935
rbac_min_privilege,normal_select,367,success,,,0.384734
rbac_min_privilege,normal_select,368,success,,,0.317905
rbac_min_privilege,normal_select,369,success,,,0.381184
rbac_min_privilege,normal_select,370,success,,,0.327905
rbac_min_privilege,normal_select,371,success,,,0.325016
rbac_min_privilege,normal_select,372,success,,,0.341225
rbac_min_privilege,normal_select,373,success,,,0.372225
rbac_min_privilege,normal_select,374,success,,,0.426774
rbac_min_privilege,normal_select,375,success,,,0.332776
rbac_min_privilege,normal_select,376,success,,,0.341715
rbac_min_privilege,normal_select,377,success,,,0.368075
rbac_min_privilege,normal_select,378,success,,,0.343745
rbac_min_privilege,normal_select,379,success,,,0.347395
rbac_min_privilege,normal_select,380,success,,,0.349276
rbac_min_privilege,normal_select,381,success,,,0.321375
rbac_min_privilege,normal_select,382,success,,,0.469153
rbac_min_privilege,normal_select,383,success,,,0.448104
rbac_min_privilege,normal_select,384,success,,,0.364165
rbac_min_privilege,normal_select,385,success,,,0.391374
rbac_min_privilege,normal_select,386,success,,,0.500073
rbac_min_privilege,normal_select,387,success,,,0.367675
rbac_min_privilege,normal_select,388,success,,,0.313906
rbac_min_privilege,normal_select,389,success,,,0.323095
rbac_min_privilege,normal_select,390,success,,,0.340315
rbac_min_privilege,normal_select,391,success,,,0.316915
rbac_min_privilege,normal_select,392,success,,,0.338855
rbac_min_privilege,normal_select,393,success,,,0.419514
rbac_min_privilege,normal_select,394,success,,,0.368185
rbac_min_privilege,normal_select,395,success,,,0.319205
rbac_min_privilege,normal_select,396,success,,,0.345896
rbac_min_privilege,normal_select,397,success,,,0.346785
rbac_min_privilege,normal_select,398,success,,,0.377125
rbac_min_privilege,normal_select,399,success,,,0.382005
rbac_min_privilege,normal_select,400,success,,,0.289916
rbac_min_privilege,normal_select,401,success,,,0.323706
rbac_min_privilege,normal_select,402,success,,,0.387445
rbac_min_privilege,normal_select,403,success,,,0.342585
rbac_min_privilege,normal_select,404,success,,,0.315615
rbac_min_privilege,normal_select,405,success,,,0.290686
rbac_min_privilege,normal_select,406,success,,,0.304276
rbac_min_privilege,normal_select,407,success,,,0.271436
rbac_min_privilege,normal_select,408,success,,,0.290916
rbac_min_privilege,normal_select,409,success,,,0.421934
rbac_min_privilege,normal_select,410,success,,,0.337236
rbac_min_privilege,normal_select,411,success,,,0.337085
rbac_min_privilege,normal_select,412,success,,,0.422285
rbac_min_privilege,normal_select,413,success,,,0.310476
rbac_min_privilege,normal_select,414,success,,,0.351975
rbac_min_privilege,normal_select,415,success,,,0.364515
rbac_min_privilege,normal_select,416,success,,,0.318095
rbac_min_privilege,normal_select,417,success,,,0.316016
rbac_min_privilege,normal_select,418,success,,,0.372175
rbac_min_privilege,normal_select,419,success,,,0.302876
rbac_min_privilege,normal_select,420,success,,,0.344265
rbac_min_privilege,normal_select,421,success,,,0.337596
rbac_min_privilege,normal_select,422,success,,,0.321286
rbac_min_privilege,normal_select,423,success,,,0.416974
rbac_min_privilege,normal_select,424,success,,,0.370274
rbac_min_privilege,normal_select,425,success,,,0.320885
rbac_min_privilege,normal_select,426,success,,,0.298326
rbac_min_privilege,normal_select,427,success,,,0.302446
rbac_min_privilege,normal_select,428,success,,,0.296366
rbac_min_privilege,normal_select,429,success,,,0.303665
rbac_min_privilege,normal_select,430,success,,,0.356085
rbac_min_privilege,normal_select,431,success,,,0.299226
rbac_min_privilege,normal_select,432,success,,,0.302286
rbac_min_privilege,normal_select,433,success,,,0.312586
rbac_min_privilege,normal_select,434,success,,,0.264747
rbac_min_privilege,normal_select,435,success,,,0.268447
rbac_min_privilege,normal_select,436,success,,,0.267416
rbac_min_privilege,normal_select,437,success,,,0.268797
rbac_min_privilege,normal_select,438,success,,,0.308596
rbac_min_privilege,normal_select,439,success,,,0.390664
rbac_min_privilege,normal_select,440,success,,,0.342625
rbac_min_privilege,normal_select,441,success,,,0.308056
rbac_min_privilege,normal_select,442,success,,,0.336755
rbac_min_privilege,normal_select,443,success,,,0.430454
rbac_min_privilege,normal_select,444,success,,,0.357505
rbac_min_privilege,normal_select,445,success,,,0.359475
rbac_min_privilege,normal_select,446,success,,,0.314166
rbac_min_privilege,normal_select,447,success,,,0.327176
rbac_min_privilege,normal_select,448,success,,,0.321986
rbac_min_privilege,normal_select,449,success,,,0.303265
rbac_min_privilege,normal_select,450,success,,,0.337455
rbac_min_privilege,normal_select,451,success,,,0.291445
rbac_min_privilege,normal_select,452,success,,,0.319715
rbac_min_privilege,normal_select,453,success,,,0.373054
rbac_min_privilege,normal_select,454,success,,,0.305145
rbac_min_privilege,normal_select,455,success,,,0.364104
rbac_min_privilege,normal_select,456,success,,,0.319056
rbac_min_privilege,normal_select,457,success,,,0.347215
rbac_min_privilege,normal_select,458,success,,,0.315825
rbac_min_privilege,normal_select,459,success,,,0.337635
rbac_min_privilege,normal_select,460,success,,,0.333925
rbac_min_privilege,normal_select,461,success,,,0.303465
rbac_min_privilege,normal_select,462,success,,,0.319105
rbac_min_privilege,normal_select,463,success,,,0.293086
rbac_min_privilege,normal_select,464,success,,,0.343476
rbac_min_privilege,normal_select,465,success,,,0.323955
rbac_min_privilege,normal_select,466,success,,,0.331955
rbac_min_privilege,normal_select,467,success,,,0.304306
rbac_min_privilege,normal_select,468,success,,,0.395844
rbac_min_privilege,normal_select,469,success,,,0.340185
rbac_min_privilege,normal_select,470,success,,,0.466464
rbac_min_privilege,normal_select,471,success,,,0.324466
rbac_min_privilege,normal_select,472,success,,,0.284567
rbac_min_privilege,normal_select,473,success,,,0.311406
rbac_min_privilege,normal_select,474,success,,,0.299636
rbac_min_privilege,normal_select,475,success,,,0.306875
rbac_min_privilege,normal_select,476,success,,,0.296875
rbac_min_privilege,normal_select,477,success,,,0.286045
rbac_min_privilege,normal_select,478,success,,,0.342935
rbac_min_privilege,normal_select,479,success,,,0.339845
rbac_min_privilege,normal_select,480,success,,,0.384724
rbac_min_privilege,normal_select,481,success,,,0.335605
rbac_min_privilege,normal_select,482,success,,,0.311585
rbac_min_privilege,normal_select,483,success,,,0.329656
rbac_min_privilege,normal_select,484,success,,,0.423314
rbac_min_privilege,normal_select,485,success,,,0.376125
rbac_min_privilege,normal_select,486,success,,,0.369425
rbac_min_privilege,normal_select,487,success,,,0.368345
rbac_min_privilege,normal_select,488,success,,,0.349535
rbac_min_privilege,normal_select,489,success,,,0.540942
rbac_min_privilege,normal_select,490,success,,,0.396434
rbac_min_privilege,normal_select,491,success,,,0.382465
rbac_min_privilege,normal_select,492,success,,,0.302266
rbac_min_privilege,normal_select,493,success,,,0.311185
rbac_min_privilege,normal_select,494,success,,,0.299486
rbac_min_privilege,normal_select,495,success,,,0.317835
rbac_min_privilege,normal_select,496,success,,,0.305465
rbac_min_privilege,normal_select,497,success,,,0.344255
rbac_min_privilege,normal_select,498,success,,,0.321245
rbac_min_privilege,normal_select,499,success,,,0.337246
rbac_min_privilege,normal_select,500,success,,,0.325616
rbac_min_privilege,sensitive_select,1,permission_denied,42501,permission denied for table sensitive_data,0.505663
rbac_min_privilege,sensitive_select,2,permission_denied,42501,permission denied for table sensitive_data,0.329565
rbac_min_privilege,sensitive_select,3,permission_denied,42501,permission denied for table sensitive_data,0.348495
rbac_min_privilege,sensitive_select,4,permission_denied,42501,permission denied for table sensitive_data,0.321945
rbac_min_privilege,sensitive_select,5,permission_denied,42501,permission denied for table sensitive_data,0.310515
rbac_min_privilege,sensitive_select,6,permission_denied,42501,permission denied for table sensitive_data,0.363304
rbac_min_privilege,sensitive_select,7,permission_denied,42501,permission denied for table sensitive_data,0.315476
rbac_min_privilege,sensitive_select,8,permission_denied,42501,permission denied for table sensitive_data,0.327665
rbac_min_privilege,sensitive_select,9,permission_denied,42501,permission denied for table sensitive_data,0.302106
rbac_min_privilege,sensitive_select,10,permission_denied,42501,permission denied for table sensitive_data,0.293356
rbac_min_privilege,sensitive_select,11,permission_denied,42501,permission denied for table sensitive_data,0.320775
rbac_min_privilege,sensitive_select,12,permission_denied,42501,permission denied for table sensitive_data,0.300176
rbac_min_privilege,sensitive_select,13,permission_denied,42501,permission denied for table sensitive_data,0.335066
rbac_min_privilege,sensitive_select,14,permission_denied,42501,permission denied for table sensitive_data,0.380825
rbac_min_privilege,sensitive_select,15,permission_denied,42501,permission denied for table sensitive_data,0.339155
rbac_min_privilege,sensitive_select,16,permission_denied,42501,permission denied for table sensitive_data,0.315316
rbac_min_privilege,sensitive_select,17,permission_denied,42501,permission denied for table sensitive_data,0.316946
rbac_min_privilege,sensitive_select,18,permission_denied,42501,permission denied for table sensitive_data,0.311596
rbac_min_privilege,sensitive_select,19,permission_denied,42501,permission denied for table sensitive_data,0.363555
rbac_min_privilege,sensitive_select,20,permission_denied,42501,permission denied for table sensitive_data,0.374834
rbac_min_privilege,sensitive_select,21,permission_denied,42501,permission denied for table sensitive_data,0.313705
rbac_min_privilege,sensitive_select,22,permission_denied,42501,permission denied for table sensitive_data,0.403015
rbac_min_privilege,sensitive_select,23,permission_denied,42501,permission denied for table sensitive_data,0.332245
rbac_min_privilege,sensitive_select,24,permission_denied,42501,permission denied for table sensitive_data,0.533243
rbac_min_privilege,sensitive_select,25,permission_denied,42501,permission denied for table sensitive_data,0.375734
rbac_min_privilege,sensitive_select,26,permission_denied,42501,permission denied for table sensitive_data,0.417524
rbac_min_privilege,sensitive_select,27,permission_denied,42501,permission denied for table sensitive_data,0.320755
rbac_min_privilege,sensitive_select,28,permission_denied,42501,permission denied for table sensitive_data,0.341005
rbac_min_privilege,sensitive_select,29,permission_denied,42501,permission denied for table sensitive_data,0.310476
rbac_min_privilege,sensitive_select,30,permission_denied,42501,permission denied for table sensitive_data,0.323955
rbac_min_privilege,sensitive_select,31,permission_denied,42501,permission denied for table sensitive_data,0.337715
rbac_min_privilege,sensitive_select,32,permission_denied,42501,permission denied for table sensitive_data,0.352035
rbac_min_privilege,sensitive_select,33,permission_denied,42501,permission denied for table sensitive_data,0.336225
rbac_min_privilege,sensitive_select,34,permission_denied,42501,permission denied for table sensitive_data,0.349665
rbac_min_privilege,sensitive_select,35,permission_denied,42501,permission denied for table sensitive_data,0.481593
rbac_min_privilege,sensitive_select,36,permission_denied,42501,permission denied for table sensitive_data,0.416475
rbac_min_privilege,sensitive_select,37,permission_denied,42501,permission denied for table sensitive_data,0.422805
rbac_min_privilege,sensitive_select,38,permission_denied,42501,permission denied for table sensitive_data,0.364366
rbac_min_privilege,sensitive_select,39,permission_denied,42501,permission denied for table sensitive_data,0.383044
rbac_min_privilege,sensitive_select,40,permission_denied,42501,permission denied for table sensitive_data,0.408244
rbac_min_privilege,sensitive_select,41,permission_denied,42501,permission denied for table sensitive_data,0.361786
rbac_min_privilege,sensitive_select,42,permission_denied,42501,permission denied for table sensitive_data,0.362825
rbac_min_privilege,sensitive_select,43,permission_denied,42501,permission denied for table sensitive_data,0.346506
rbac_min_privilege,sensitive_select,44,permission_denied,42501,permission denied for table sensitive_data,0.421314
rbac_min_privilege,sensitive_select,45,permission_denied,42501,permission denied for table sensitive_data,0.790539
rbac_min_privilege,sensitive_select,46,permission_denied,42501,permission denied for table sensitive_data,0.73234
rbac_min_privilege,sensitive_select,47,permission_denied,42501,permission denied for table sensitive_data,0.678921
rbac_min_privilege,sensitive_select,48,permission_denied,42501,permission denied for table sensitive_data,0.576661
rbac_min_privilege,sensitive_select,49,permission_denied,42501,permission denied for table sensitive_data,0.68717
rbac_min_privilege,sensitive_select,50,permission_denied,42501,permission denied for table sensitive_data,0.696211
rbac_min_privilege,sensitive_select,51,permission_denied,42501,permission denied for table sensitive_data,0.566242
rbac_min_privilege,sensitive_select,52,permission_denied,42501,permission denied for table sensitive_data,0.543013
rbac_min_privilege,sensitive_select,53,permission_denied,42501,permission denied for table sensitive_data,0.578482
rbac_min_privilege,sensitive_select,54,permission_denied,42501,permission denied for table sensitive_data,0.69748
rbac_min_privilege,sensitive_select,55,permission_denied,42501,permission denied for table sensitive_data,0.611681
rbac_min_privilege,sensitive_select,56,permission_denied,42501,permission denied for table sensitive_data,0.554102
rbac_min_privilege,sensitive_select,57,permission_denied,42501,permission denied for table sensitive_data,0.626561
rbac_min_privilege,sensitive_select,58,permission_denied,42501,permission denied for table sensitive_data,0.674151
rbac_min_privilege,sensitive_select,59,permission_denied,42501,permission denied for table sensitive_data,0.550702
rbac_min_privilege,sensitive_select,60,permission_denied,42501,permission denied for table sensitive_data,0.592642
rbac_min_privilege,sensitive_select,61,permission_denied,42501,permission denied for table sensitive_data,0.69944
rbac_min_privilege,sensitive_select,62,permission_denied,42501,permission denied for table sensitive_data,0.65808
rbac_min_privilege,sensitive_select,63,permission_denied,42501,permission denied for table sensitive_data,0.687131
rbac_min_privilege,sensitive_select,64,permission_denied,42501,permission denied for table sensitive_data,0.642821
rbac_min_privilege,sensitive_select,65,permission_denied,42501,permission denied for table sensitive_data,0.72651
rbac_min_privilege,sensitive_select,66,permission_denied,42501,permission denied for table sensitive_data,0.690201
rbac_min_privilege,sensitive_select,67,permission_denied,42501,permission denied for table sensitive_data,0.708891
rbac_min_privilege,sensitive_select,68,permission_denied,42501,permission denied for table sensitive_data,0.70175
rbac_min_privilege,sensitive_select,69,permission_denied,42501,permission denied for table sensitive_data,0.790629
rbac_min_privilege,sensitive_select,70,permission_denied,42501,permission denied for table sensitive_data,0.642171
rbac_min_privilege,sensitive_select,71,permission_denied,42501,permission denied for table sensitive_data,0.669501
rbac_min_privilege,sensitive_select,72,permission_denied,42501,permission denied for table sensitive_data,0.68417
rbac_min_privilege,sensitive_select,73,permission_denied,42501,permission denied for table sensitive_data,0.648871
rbac_min_privilege,sensitive_select,74,permission_denied,42501,permission denied for table sensitive_data,0.66838
rbac_min_privilege,sensitive_select,75,permission_denied,42501,permission denied for table sensitive_data,0.671731
rbac_min_privilege,sensitive_select,76,permission_denied,42501,permission denied for table sensitive_data,0.796279
rbac_min_privilege,sensitive_select,77,permission_denied,42501,permission denied for table sensitive_data,0.589761
rbac_min_privilege,sensitive_select,78,permission_denied,42501,permission denied for table sensitive_data,0.649541
rbac_min_privilege,sensitive_select,79,permission_denied,42501,permission denied for table sensitive_data,0.624981
rbac_min_privilege,sensitive_select,80,permission_denied,42501,permission denied for table sensitive_data,0.69522
rbac_min_privilege,sensitive_select,81,permission_denied,42501,permission denied for table sensitive_data,0.644121
rbac_min_privilege,sensitive_select,82,permission_denied,42501,permission denied for table sensitive_data,0.742729
rbac_min_privilege,sensitive_select,83,permission_denied,42501,permission denied for table sensitive_data,0.664741
rbac_min_privilege,sensitive_select,84,permission_denied,42501,permission denied for table sensitive_data,0.66291
rbac_min_privilege,sensitive_select,85,permission_denied,42501,permission denied for table sensitive_data,0.657611
rbac_min_privilege,sensitive_select,86,permission_denied,42501,permission denied for table sensitive_data,0.66237
rbac_min_privilege,sensitive_select,87,permission_denied,42501,permission denied for table sensitive_data,0.71837
rbac_min_privilege,sensitive_select,88,permission_denied,42501,permission denied for table sensitive_data,0.70838
rbac_min_privilege,sensitive_select,89,permission_denied,42501,permission denied for table sensitive_data,0.814259
rbac_min_privilege,sensitive_select,90,permission_denied,42501,permission denied for table sensitive_data,0.816349
rbac_min_privilege,sensitive_select,91,permission_denied,42501,permission denied for table sensitive_data,0.679731
rbac_min_privilege,sensitive_select,92,permission_denied,42501,permission denied for table sensitive_data,0.622041
rbac_min_privilege,sensitive_select,93,permission_denied,42501,permission denied for table sensitive_data,0.648501
rbac_min_privilege,sensitive_select,94,permission_denied,42501,permission denied for table sensitive_data,0.645921
rbac_min_privilege,sensitive_select,95,permission_denied,42501,permission denied for table sensitive_data,0.726941
rbac_min_privilege,sensitive_select,96,permission_denied,42501,permission denied for table sensitive_data,0.608402
rbac_min_privilege,sensitive_select,97,permission_denied,42501,permission denied for table sensitive_data,0.68852
rbac_min_privilege,sensitive_select,98,permission_denied,42501,permission denied for table sensitive_data,0.74009
rbac_min_privilege,sensitive_select,99,permission_denied,42501,permission denied for table sensitive_data,0.75268
rbac_min_privilege,sensitive_select,100,permission_denied,42501,permission denied for table sensitive_data,0.72391
rbac_min_privilege,sensitive_select,101,permission_denied,42501,permission denied for table sensitive_data,0.695321
rbac_min_privilege,sensitive_select,102,permission_denied,42501,permission denied for table sensitive_data,0.70108
rbac_min_privilege,sensitive_select,103,permission_denied,42501,permission denied for table sensitive_data,0.69238
rbac_min_privilege,sensitive_select,104,permission_denied,42501,permission denied for table sensitive_data,0.641411
rbac_min_privilege,sensitive_select,105,permission_denied,42501,permission denied for table sensitive_data,0.662591
rbac_min_privilege,sensitive_select,106,permission_denied,42501,permission denied for table sensitive_data,0.645401
rbac_min_privilege,sensitive_select,107,permission_denied,42501,permission denied for table sensitive_data,0.638921
rbac_min_privilege,sensitive_select,108,permission_denied,42501,permission denied for table sensitive_data,0.765909
rbac_min_privilege,sensitive_select,109,permission_denied,42501,permission denied for table sensitive_data,0.770799
rbac_min_privilege,sensitive_select,110,permission_denied,42501,permission denied for table sensitive_data,0.822528
rbac_min_privilege,sensitive_select,111,permission_denied,42501,permission denied for table sensitive_data,0.744219
rbac_min_privilege,sensitive_select,112,permission_denied,42501,permission denied for table sensitive_data,0.760509
rbac_min_privilege,sensitive_select,113,permission_denied,42501,permission denied for table sensitive_data,0.73434
rbac_min_privilege,sensitive_select,114,permission_denied,42501,permission denied for table sensitive_data,0.827169
rbac_min_privilege,sensitive_select,115,permission_denied,42501,permission denied for table sensitive_data,0.70946
rbac_min_privilege,sensitive_select,116,permission_denied,42501,permission denied for table sensitive_data,0.760129
rbac_min_privilege,sensitive_select,117,permission_denied,42501,permission denied for table sensitive_data,0.76574
rbac_min_privilege,sensitive_select,118,permission_denied,42501,permission denied for table sensitive_data,0.74073
rbac_min_privilege,sensitive_select,119,permission_denied,42501,permission denied for table sensitive_data,0.742289
rbac_min_privilege,sensitive_select,120,permission_denied,42501,permission denied for table sensitive_data,0.75472
rbac_min_privilege,sensitive_select,121,permission_denied,42501,permission denied for table sensitive_data,0.77146
rbac_min_privilege,sensitive_select,122,permission_denied,42501,permission denied for table sensitive_data,0.7026
rbac_min_privilege,sensitive_select,123,permission_denied,42501,permission denied for table sensitive_data,0.795129
rbac_min_privilege,sensitive_select,124,permission_denied,42501,permission denied for table sensitive_data,0.76918
rbac_min_privilege,sensitive_select,125,permission_denied,42501,permission denied for table sensitive_data,0.695121
rbac_min_privilege,sensitive_select,126,permission_denied,42501,permission denied for table sensitive_data,0.69557
rbac_min_privilege,sensitive_select,127,permission_denied,42501,permission denied for table sensitive_data,0.72292
rbac_min_privilege,sensitive_select,128,permission_denied,42501,permission denied for table sensitive_data,0.881118
rbac_min_privilege,sensitive_select,129,permission_denied,42501,permission denied for table sensitive_data,0.73423
rbac_min_privilege,sensitive_select,130,permission_denied,42501,permission denied for table sensitive_data,0.670201
rbac_min_privilege,sensitive_select,131,permission_denied,42501,permission denied for table sensitive_data,0.742299
rbac_min_privilege,sensitive_select,132,permission_denied,42501,permission denied for table sensitive_data,0.705191
rbac_min_privilege,sensitive_select,133,permission_denied,42501,permission denied for table sensitive_data,0.69088
rbac_min_privilege,sensitive_select,134,permission_denied,42501,permission denied for table sensitive_data,0.629761
rbac_min_privilege,sensitive_select,135,permission_denied,42501,permission denied for table sensitive_data,0.68194
rbac_min_privilege,sensitive_select,136,permission_denied,42501,permission denied for table sensitive_data,0.659211
rbac_min_privilege,sensitive_select,137,permission_denied,42501,permission denied for table sensitive_data,0.652901
rbac_min_privilege,sensitive_select,138,permission_denied,42501,permission denied for table sensitive_data,0.73368
rbac_min_privilege,sensitive_select,139,permission_denied,42501,permission denied for table sensitive_data,0.656541
rbac_min_privilege,sensitive_select,140,permission_denied,42501,permission denied for table sensitive_data,0.68615
rbac_min_privilege,sensitive_select,141,permission_denied,42501,permission denied for table sensitive_data,0.693081
rbac_min_privilege,sensitive_select,142,permission_denied,42501,permission denied for table sensitive_data,0.826788
rbac_min_privilege,sensitive_select,143,permission_denied,42501,permission denied for table sensitive_data,0.639721
rbac_min_privilege,sensitive_select,144,permission_denied,42501,permission denied for table sensitive_data,0.75488
rbac_min_privilege,sensitive_select,145,permission_denied,42501,permission denied for table sensitive_data,0.487223
rbac_min_privilege,sensitive_select,146,permission_denied,42501,permission denied for table sensitive_data,0.70274
rbac_min_privilege,sensitive_select,147,permission_denied,42501,permission denied for table sensitive_data,0.617682
rbac_min_privilege,sensitive_select,148,permission_denied,42501,permission denied for table sensitive_data,0.71001
rbac_min_privilege,sensitive_select,149,permission_denied,42501,permission denied for table sensitive_data,0.671481
rbac_min_privilege,sensitive_select,150,permission_denied,42501,permission denied for table sensitive_data,0.688451
rbac_min_privilege,sensitive_select,151,permission_denied,42501,permission denied for table sensitive_data,0.70282
rbac_min_privilege,sensitive_select,152,permission_denied,42501,permission denied for table sensitive_data,0.604101
rbac_min_privilege,sensitive_select,153,permission_denied,42501,permission denied for table sensitive_data,0.601171
rbac_min_privilege,sensitive_select,154,permission_denied,42501,permission denied for table sensitive_data,0.465093
rbac_min_privilege,sensitive_select,155,permission_denied,42501,permission denied for table sensitive_data,0.756479
rbac_min_privilege,sensitive_select,156,permission_denied,42501,permission denied for table sensitive_data,0.825468
rbac_min_privilege,sensitive_select,157,permission_denied,42501,permission denied for table sensitive_data,0.74622
rbac_min_privilege,sensitive_select,158,permission_denied,42501,permission denied for table sensitive_data,0.760059
rbac_min_privilege,sensitive_select,159,permission_denied,42501,permission denied for table sensitive_data,0.634671
rbac_min_privilege,sensitive_select,160,permission_denied,42501,permission denied for table sensitive_data,0.602721
rbac_min_privilege,sensitive_select,161,permission_denied,42501,permission denied for table sensitive_data,0.653921
rbac_min_privilege,sensitive_select,162,permission_denied,42501,permission denied for table sensitive_data,0.73014
rbac_min_privilege,sensitive_select,163,permission_denied,42501,permission denied for table sensitive_data,0.760279
rbac_min_privilege,sensitive_select,164,permission_denied,42501,permission denied for table sensitive_data,0.68555
rbac_min_privilege,sensitive_select,165,permission_denied,42501,permission denied for table sensitive_data,0.912037
rbac_min_privilege,sensitive_select,166,permission_denied,42501,permission denied for table sensitive_data,0.722539
rbac_min_privilege,sensitive_select,167,permission_denied,42501,permission denied for table sensitive_data,0.77193
rbac_min_privilege,sensitive_select,168,permission_denied,42501,permission denied for table sensitive_data,0.632281
rbac_min_privilege,sensitive_select,169,permission_denied,42501,permission denied for table sensitive_data,0.603422
rbac_min_privilege,sensitive_select,170,permission_denied,42501,permission denied for table sensitive_data,0.562472
rbac_min_privilege,sensitive_select,171,permission_denied,42501,permission denied for table sensitive_data,0.553243
rbac_min_privilege,sensitive_select,172,permission_denied,42501,permission denied for table sensitive_data,0.611712
rbac_min_privilege,sensitive_select,173,permission_denied,42501,permission denied for table sensitive_data,0.619001
rbac_min_privilege,sensitive_select,174,permission_denied,42501,permission denied for table sensitive_data,0.794409
rbac_min_privilege,sensitive_select,175,permission_denied,42501,permission denied for table sensitive_data,0.611701
rbac_min_privilege,sensitive_select,176,permission_denied,42501,permission denied for table sensitive_data,0.724941
rbac_min_privilege,sensitive_select,177,permission_denied,42501,permission denied for table sensitive_data,0.70923
rbac_min_privilege,sensitive_select,178,permission_denied,42501,permission denied for table sensitive_data,0.677461
rbac_min_privilege,sensitive_select,179,permission_denied,42501,permission denied for table sensitive_data,0.592402
rbac_min_privilege,sensitive_select,180,permission_denied,42501,permission denied for table sensitive_data,0.621131
rbac_min_privilege,sensitive_select,181,permission_denied,42501,permission denied for table sensitive_data,0.693371
rbac_min_privilege,sensitive_select,182,permission_denied,42501,permission denied for table sensitive_data,0.637021
rbac_min_privilege,sensitive_select,183,permission_denied,42501,permission denied for table sensitive_data,0.71589
rbac_min_privilege,sensitive_select,184,permission_denied,42501,permission denied for table sensitive_data,0.7351
rbac_min_privilege,sensitive_select,185,permission_denied,42501,permission denied for table sensitive_data,0.547842
rbac_min_privilege,sensitive_select,186,permission_denied,42501,permission denied for table sensitive_data,0.599222
rbac_min_privilege,sensitive_select,187,permission_denied,42501,permission denied for table sensitive_data,0.618781
rbac_min_privilege,sensitive_select,188,permission_denied,42501,permission denied for table sensitive_data,0.630331
rbac_min_privilege,sensitive_select,189,permission_denied,42501,permission denied for table sensitive_data,0.636661
rbac_min_privilege,sensitive_select,190,permission_denied,42501,permission denied for table sensitive_data,0.588332
rbac_min_privilege,sensitive_select,191,permission_denied,42501,permission denied for table sensitive_data,0.593182
rbac_min_privilege,sensitive_select,192,permission_denied,42501,permission denied for table sensitive_data,0.585092
rbac_min_privilege,sensitive_select,193,permission_denied,42501,permission denied for table sensitive_data,0.637791
rbac_min_privilege,sensitive_select,194,permission_denied,42501,permission denied for table sensitive_data,0.598652
rbac_min_privilege,sensitive_select,195,permission_denied,42501,permission denied for table sensitive_data,0.583292
rbac_min_privilege,sensitive_select,196,permission_denied,42501,permission denied for table sensitive_data,0.590402
rbac_min_privilege,sensitive_select,197,permission_denied,42501,permission denied for table sensitive_data,0.582742
rbac_min_privilege,sensitive_select,198,permission_denied,42501,permission denied for table sensitive_data,0.580881
rbac_min_privilege,sensitive_select,199,permission_denied,42501,permission denied for table sensitive_data,0.680981
rbac_min_privilege,sensitive_select,200,permission_denied,42501,permission denied for table sensitive_data,0.76836
rbac_min_privilege,sensitive_select,201,permission_denied,42501,permission denied for table sensitive_data,0.622092
rbac_min_privilege,sensitive_select,202,permission_denied,42501,permission denied for table sensitive_data,0.549072
rbac_min_privilege,sensitive_select,203,permission_denied,42501,permission denied for table sensitive_data,0.566082
rbac_min_privilege,sensitive_select,204,permission_denied,42501,permission denied for table sensitive_data,0.582052
rbac_min_privilege,sensitive_select,205,permission_denied,42501,permission denied for table sensitive_data,0.628571
rbac_min_privilege,sensitive_select,206,permission_denied,42501,permission denied for table sensitive_data,0.663161
rbac_min_privilege,sensitive_select,207,permission_denied,42501,permission denied for table sensitive_data,0.619001
rbac_min_privilege,sensitive_select,208,permission_denied,42501,permission denied for table sensitive_data,0.551052
rbac_min_privilege,sensitive_select,209,permission_denied,42501,permission denied for table sensitive_data,0.562782
rbac_min_privilege,sensitive_select,210,permission_denied,42501,permission denied for table sensitive_data,0.526682
rbac_min_privilege,sensitive_select,211,permission_denied,42501,permission denied for table sensitive_data,0.638291
rbac_min_privilege,sensitive_select,212,permission_denied,42501,permission denied for table sensitive_data,0.550152
rbac_min_privilege,sensitive_select,213,permission_denied,42501,permission denied for table sensitive_data,0.534412
rbac_min_privilege,sensitive_select,214,permission_denied,42501,permission denied for table sensitive_data,0.538163
rbac_min_privilege,sensitive_select,215,permission_denied,42501,permission denied for table sensitive_data,0.563842
rbac_min_privilege,sensitive_select,216,permission_denied,42501,permission denied for table sensitive_data,0.574562
rbac_min_privilege,sensitive_select,217,permission_denied,42501,permission denied for table sensitive_data,0.505582
rbac_min_privilege,sensitive_select,218,permission_denied,42501,permission denied for table sensitive_data,0.588342
rbac_min_privilege,sensitive_select,219,permission_denied,42501,permission denied for table sensitive_data,0.578192
rbac_min_privilege,sensitive_select,220,permission_denied,42501,permission denied for table sensitive_data,0.729809
rbac_min_privilege,sensitive_select,221,permission_denied,42501,permission denied for table sensitive_data,0.558332
rbac_min_privilege,sensitive_select,222,permission_denied,42501,permission denied for table sensitive_data,0.590461
rbac_min_privilege,sensitive_select,223,permission_denied,42501,permission denied for table sensitive_data,0.509262
rbac_min_privilege,sensitive_select,224,permission_denied,42501,permission denied for table sensitive_data,0.496224
rbac_min_privilege,sensitive_select,225,permission_denied,42501,permission denied for table sensitive_data,0.578392
rbac_min_privilege,sensitive_select,226,permission_denied,42501,permission denied for table sensitive_data,0.507363
rbac_min_privilege,sensitive_select,227,permission_denied,42501,permission denied for table sensitive_data,0.447553
rbac_min_privilege,sensitive_select,228,permission_denied,42501,permission denied for table sensitive_data,0.456323
rbac_min_privilege,sensitive_select,229,permission_denied,42501,permission denied for table sensitive_data,0.525143
rbac_min_privilege,sensitive_select,230,permission_denied,42501,permission denied for table sensitive_data,0.519293
rbac_min_privilege,sensitive_select,231,permission_denied,42501,permission denied for table sensitive_data,0.542832
rbac_min_privilege,sensitive_select,232,permission_denied,42501,permission denied for table sensitive_data,0.528062
rbac_min_privilege,sensitive_select,233,permission_denied,42501,permission denied for table sensitive_data,0.524643
rbac_min_privilege,sensitive_select,234,permission_denied,42501,permission denied for table sensitive_data,0.574052
rbac_min_privilege,sensitive_select,235,permission_denied,42501,permission denied for table sensitive_data,0.503273
rbac_min_privilege,sensitive_select,236,permission_denied,42501,permission denied for table sensitive_data,0.508953
rbac_min_privilege,sensitive_select,237,permission_denied,42501,permission denied for table sensitive_data,0.572432
rbac_min_privilege,sensitive_select,238,permission_denied,42501,permission denied for table sensitive_data,0.532942
rbac_min_privilege,sensitive_select,239,permission_denied,42501,permission denied for table sensitive_data,0.562392
rbac_min_privilege,sensitive_select,240,permission_denied,42501,permission denied for table sensitive_data,0.620781
rbac_min_privilege,sensitive_select,241,permission_denied,42501,permission denied for table sensitive_data,0.522803
rbac_min_privilege,sensitive_select,242,permission_denied,42501,permission denied for table sensitive_data,0.584521
rbac_min_privilege,sensitive_select,243,permission_denied,42501,permission denied for table sensitive_data,0.540163
rbac_min_privilege,sensitive_select,244,permission_denied,42501,permission denied for table sensitive_data,0.530073
rbac_min_privilege,sensitive_select,245,permission_denied,42501,permission denied for table sensitive_data,0.538743
rbac_min_privilege,sensitive_select,246,permission_denied,42501,permission denied for table sensitive_data,0.537152
rbac_min_privilege,sensitive_select,247,permission_denied,42501,permission denied for table sensitive_data,0.620891
rbac_min_privilege,sensitive_select,248,permission_denied,42501,permission denied for table sensitive_data,0.591901
rbac_min_privilege,sensitive_select,249,permission_denied,42501,permission denied for table sensitive_data,0.516323
rbac_min_privilege,sensitive_select,250,permission_denied,42501,permission denied for table sensitive_data,0.793649
rbac_min_privilege,sensitive_select,251,permission_denied,42501,permission denied for table sensitive_data,0.69693
rbac_min_privilege,sensitive_select,252,permission_denied,42501,permission denied for table sensitive_data,0.72282
rbac_min_privilege,sensitive_select,253,permission_denied,42501,permission denied for table sensitive_data,0.72071
rbac_min_privilege,sensitive_select,254,permission_denied,42501,permission denied for table sensitive_data,0.654491
rbac_min_privilege,sensitive_select,255,permission_denied,42501,permission denied for table sensitive_data,0.7117
rbac_min_privilege,sensitive_select,256,permission_denied,42501,permission denied for table sensitive_data,0.649661
rbac_min_privilege,sensitive_select,257,permission_denied,42501,permission denied for table sensitive_data,0.72496
rbac_min_privilege,sensitive_select,258,permission_denied,42501,permission denied for table sensitive_data,0.67538
rbac_min_privilege,sensitive_select,259,permission_denied,42501,permission denied for table sensitive_data,0.606821
rbac_min_privilege,sensitive_select,260,permission_denied,42501,permission denied for table sensitive_data,0.641282
rbac_min_privilege,sensitive_select,261,permission_denied,42501,permission denied for table sensitive_data,0.628591
rbac_min_privilege,sensitive_select,262,permission_denied,42501,permission denied for table sensitive_data,0.608801
rbac_min_privilege,sensitive_select,263,permission_denied,42501,permission denied for table sensitive_data,0.66558
rbac_min_privilege,sensitive_select,264,permission_denied,42501,permission denied for table sensitive_data,0.73236
rbac_min_privilege,sensitive_select,265,permission_denied,42501,permission denied for table sensitive_data,0.64897
rbac_min_privilege,sensitive_select,266,permission_denied,42501,permission denied for table sensitive_data,0.75163
rbac_min_privilege,sensitive_select,267,permission_denied,42501,permission denied for table sensitive_data,0.622992
rbac_min_privilege,sensitive_select,268,permission_denied,42501,permission denied for table sensitive_data,0.782309
rbac_min_privilege,sensitive_select,269,permission_denied,42501,permission denied for table sensitive_data,0.659021
rbac_min_privilege,sensitive_select,270,permission_denied,42501,permission denied for table sensitive_data,0.703131
rbac_min_privilege,sensitive_select,271,permission_denied,42501,permission denied for table sensitive_data,0.835209
rbac_min_privilege,sensitive_select,272,permission_denied,42501,permission denied for table sensitive_data,0.73536
rbac_min_privilege,sensitive_select,273,permission_denied,42501,permission denied for table sensitive_data,0.680221
rbac_min_privilege,sensitive_select,274,permission_denied,42501,permission denied for table sensitive_data,0.659791
rbac_min_privilege,sensitive_select,275,permission_denied,42501,permission denied for table sensitive_data,0.555453
rbac_min_privilege,sensitive_select,276,permission_denied,42501,permission denied for table sensitive_data,0.625001
rbac_min_privilege,sensitive_select,277,permission_denied,42501,permission denied for table sensitive_data,0.67734
rbac_min_privilege,sensitive_select,278,permission_denied,42501,permission denied for table sensitive_data,0.656121
rbac_min_privilege,sensitive_select,279,permission_denied,42501,permission denied for table sensitive_data,0.603062
rbac_min_privilege,sensitive_select,280,permission_denied,42501,permission denied for table sensitive_data,0.655411
rbac_min_privilege,sensitive_select,281,permission_denied,42501,permission denied for table sensitive_data,0.70063
rbac_min_privilege,sensitive_select,282,permission_denied,42501,permission denied for table sensitive_data,0.648891
rbac_min_privilege,sensitive_select,283,permission_denied,42501,permission denied for table sensitive_data,0.73871
rbac_min_privilege,sensitive_select,284,permission_denied,42501,permission denied for table sensitive_data,0.631001
rbac_min_privilege,sensitive_select,285,permission_denied,42501,permission denied for table sensitive_data,0.618922
rbac_min_privilege,sensitive_select,286,permission_denied,42501,permission denied for table sensitive_data,0.636771
rbac_min_privilege,sensitive_select,287,permission_denied,42501,permission denied for table sensitive_data,0.619982
rbac_min_privilege,sensitive_select,288,permission_denied,42501,permission denied for table sensitive_data,0.648211
rbac_min_privilege,sensitive_select,289,permission_denied,42501,permission denied for table sensitive_data,0.69011
rbac_min_privilege,sensitive_select,290,permission_denied,42501,permission denied for table sensitive_data,0.762769
rbac_min_privilege,sensitive_select,291,permission_denied,42501,permission denied for table sensitive_data,0.602782
rbac_min_privilege,sensitive_select,292,permission_denied,42501,permission denied for table sensitive_data,0.626811
rbac_min_privilege,sensitive_select,293,permission_denied,42501,permission denied for table sensitive_data,0.602541
rbac_min_privilege,sensitive_select,294,permission_denied,42501,permission denied for table sensitive_data,0.775229
rbac_min_privilege,sensitive_select,295,permission_denied,42501,permission denied for table sensitive_data,0.74218
rbac_min_privilege,sensitive_select,296,permission_denied,42501,permission denied for table sensitive_data,0.630202
rbac_min_privilege,sensitive_select,297,permission_denied,42501,permission denied for table sensitive_data,0.630791
rbac_min_privilege,sensitive_select,298,permission_denied,42501,permission denied for table sensitive_data,0.673171
rbac_min_privilege,sensitive_select,299,permission_denied,42501,permission denied for table sensitive_data,0.642981
rbac_min_privilege,sensitive_select,300,permission_denied,42501,permission denied for table sensitive_data,0.640361
rbac_min_privilege,sensitive_select,301,permission_denied,42501,permission denied for table sensitive_data,0.70269
rbac_min_privilege,sensitive_select,302,permission_denied,42501,permission denied for table sensitive_data,0.765489
rbac_min_privilege,sensitive_select,303,permission_denied,42501,permission denied for table sensitive_data,0.802949
rbac_min_privilege,sensitive_select,304,permission_denied,42501,permission denied for table sensitive_data,0.75638
rbac_min_privilege,sensitive_select,305,permission_denied,42501,permission denied for table sensitive_data,0.737
rbac_min_privilege,sensitive_select,306,permission_denied,42501,permission denied for table sensitive_data,0.772689
rbac_min_privilege,sensitive_select,307,permission_denied,42501,permission denied for table sensitive_data,0.670101
rbac_min_privilege,sensitive_select,308,permission_denied,42501,permission denied for table sensitive_data,0.819889
rbac_min_privilege,sensitive_select,309,permission_denied,42501,permission denied for table sensitive_data,0.611521
rbac_min_privilege,sensitive_select,310,permission_denied,42501,permission denied for table sensitive_data,0.573842
rbac_min_privilege,sensitive_select,311,permission_denied,42501,permission denied for table sensitive_data,0.74496
rbac_min_privilege,sensitive_select,312,permission_denied,42501,permission denied for table sensitive_data,0.464903
rbac_min_privilege,sensitive_select,313,permission_denied,42501,permission denied for table sensitive_data,0.73435
rbac_min_privilege,sensitive_select,314,permission_denied,42501,permission denied for table sensitive_data,0.811279
rbac_min_privilege,sensitive_select,315,permission_denied,42501,permission denied for table sensitive_data,0.620291
rbac_min_privilege,sensitive_select,316,permission_denied,42501,permission denied for table sensitive_data,0.650811
rbac_min_privilege,sensitive_select,317,permission_denied,42501,permission denied for table sensitive_data,0.602761
rbac_min_privilege,sensitive_select,318,permission_denied,42501,permission denied for table sensitive_data,0.812158
rbac_min_privilege,sensitive_select,319,permission_denied,42501,permission denied for table sensitive_data,0.644871
rbac_min_privilege,sensitive_select,320,permission_denied,42501,permission denied for table sensitive_data,0.65971
rbac_min_privilege,sensitive_select,321,permission_denied,42501,permission denied for table sensitive_data,0.628771
rbac_min_privilege,sensitive_select,322,permission_denied,42501,permission denied for table sensitive_data,0.598061
rbac_min_privilege,sensitive_select,323,permission_denied,42501,permission denied for table sensitive_data,0.678081
rbac_min_privilege,sensitive_select,324,permission_denied,42501,permission denied for table sensitive_data,0.638751
rbac_min_privilege,sensitive_select,325,permission_denied,42501,permission denied for table sensitive_data,0.714921
rbac_min_privilege,sensitive_select,326,permission_denied,42501,permission denied for table sensitive_data,0.611471
rbac_min_privilege,sensitive_select,327,permission_denied,42501,permission denied for table sensitive_data,0.66175
rbac_min_privilege,sensitive_select,328,permission_denied,42501,permission denied for table sensitive_data,0.703711
rbac_min_privilege,sensitive_select,329,permission_denied,42501,permission denied for table sensitive_data,0.72201
rbac_min_privilege,sensitive_select,330,permission_denied,42501,permission denied for table sensitive_data,0.67402
rbac_min_privilege,sensitive_select,331,permission_denied,42501,permission denied for table sensitive_data,0.636651
rbac_min_privilege,sensitive_select,332,permission_denied,42501,permission denied for table sensitive_data,0.623762
rbac_min_privilege,sensitive_select,333,permission_denied,42501,permission denied for table sensitive_data,0.77235
rbac_min_privilege,sensitive_select,334,permission_denied,42501,permission denied for table sensitive_data,0.65101
rbac_min_privilege,sensitive_select,335,permission_denied,42501,permission denied for table sensitive_data,0.626471
rbac_min_privilege,sensitive_select,336,permission_denied,42501,permission denied for table sensitive_data,0.644571
rbac_min_privilege,sensitive_select,337,permission_denied,42501,permission denied for table sensitive_data,0.785659
rbac_min_privilege,sensitive_select,338,permission_denied,42501,permission denied for table sensitive_data,0.610821
rbac_min_privilege,sensitive_select,339,permission_denied,42501,permission denied for table sensitive_data,0.73901
rbac_min_privilege,sensitive_select,340,permission_denied,42501,permission denied for table sensitive_data,0.695331
rbac_min_privilege,sensitive_select,341,permission_denied,42501,permission denied for table sensitive_data,0.638971
rbac_min_privilege,sensitive_select,342,permission_denied,42501,permission denied for table sensitive_data,0.791989
rbac_min_privilege,sensitive_select,343,permission_denied,42501,permission denied for table sensitive_data,0.6958
rbac_min_privilege,sensitive_select,344,permission_denied,42501,permission denied for table sensitive_data,0.617681
rbac_min_privilege,sensitive_select,345,permission_denied,42501,permission denied for table sensitive_data,0.624361
rbac_min_privilege,sensitive_select,346,permission_denied,42501,permission denied for table sensitive_data,0.673011
rbac_min_privilege,sensitive_select,347,permission_denied,42501,permission denied for table sensitive_data,0.74451
rbac_min_privilege,sensitive_select,348,permission_denied,42501,permission denied for table sensitive_data,0.848758
rbac_min_privilege,sensitive_select,349,permission_denied,42501,permission denied for table sensitive_data,0.69008
rbac_min_privilege,sensitive_select,350,permission_denied,42501,permission denied for table sensitive_data,0.641371
rbac_min_privilege,sensitive_select,351,permission_denied,42501,permission denied for table sensitive_data,0.666841
rbac_min_privilege,sensitive_select,352,permission_denied,42501,permission denied for table sensitive_data,0.653811
rbac_min_privilege,sensitive_select,353,permission_denied,42501,permission denied for table sensitive_data,0.443234
rbac_min_privilege,sensitive_select,354,permission_denied,42501,permission denied for table sensitive_data,0.76737
rbac_min_privilege,sensitive_select,355,permission_denied,42501,permission denied for table sensitive_data,0.673711
rbac_min_privilege,sensitive_select,356,permission_denied,42501,permission denied for table sensitive_data,0.74473
rbac_min_privilege,sensitive_select,357,permission_denied,42501,permission denied for table sensitive_data,0.703181
rbac_min_privilege,sensitive_select,358,permission_denied,42501,permission denied for table sensitive_data,0.7932
rbac_min_privilege,sensitive_select,359,permission_denied,42501,permission denied for table sensitive_data,0.69419
rbac_min_privilege,sensitive_select,360,permission_denied,42501,permission denied for table sensitive_data,0.779539
rbac_min_privilege,sensitive_select,361,permission_denied,42501,permission denied for table sensitive_data,0.855978
rbac_min_privilege,sensitive_select,362,permission_denied,42501,permission denied for table sensitive_data,0.587462
rbac_min_privilege,sensitive_select,363,permission_denied,42501,permission denied for table sensitive_data,0.71017
rbac_min_privilege,sensitive_select,364,permission_denied,42501,permission denied for table sensitive_data,0.698541
rbac_min_privilege,sensitive_select,365,permission_denied,42501,permission denied for table sensitive_data,0.535693
rbac_min_privilege,sensitive_select,366,permission_denied,42501,permission denied for table sensitive_data,0.710979
rbac_min_privilege,sensitive_select,367,permission_denied,42501,permission denied for table sensitive_data,0.73856
rbac_min_privilege,sensitive_select,368,permission_denied,42501,permission denied for table sensitive_data,0.69574
rbac_min_privilege,sensitive_select,369,permission_denied,42501,permission denied for table sensitive_data,0.774859
rbac_min_privilege,sensitive_select,370,permission_denied,42501,permission denied for table sensitive_data,0.66918
rbac_min_privilege,sensitive_select,371,permission_denied,42501,permission denied for table sensitive_data,0.633711
rbac_min_privilege,sensitive_select,372,permission_denied,42501,permission denied for table sensitive_data,0.662421
rbac_min_privilege,sensitive_select,373,permission_denied,42501,permission denied for table sensitive_data,0.905427
rbac_min_privilege,sensitive_select,374,permission_denied,42501,permission denied for table sensitive_data,0.645211
rbac_min_privilege,sensitive_select,375,permission_denied,42501,permission denied for table sensitive_data,0.669051
rbac_min_privilege,sensitive_select,376,permission_denied,42501,permission denied for table sensitive_data,0.638182
rbac_min_privilege,sensitive_select,377,permission_denied,42501,permission denied for table sensitive_data,0.69499
rbac_min_privilege,sensitive_select,378,permission_denied,42501,permission denied for table sensitive_data,0.643801
rbac_min_privilege,sensitive_select,379,permission_denied,42501,permission denied for table sensitive_data,0.74183
rbac_min_privilege,sensitive_select,380,permission_denied,42501,permission denied for table sensitive_data,0.65238
rbac_min_privilege,sensitive_select,381,permission_denied,42501,permission denied for table sensitive_data,0.7631
rbac_min_privilege,sensitive_select,382,permission_denied,42501,permission denied for table sensitive_data,0.68545
rbac_min_privilege,sensitive_select,383,permission_denied,42501,permission denied for table sensitive_data,0.642211
rbac_min_privilege,sensitive_select,384,permission_denied,42501,permission denied for table sensitive_data,0.757469
rbac_min_privilege,sensitive_select,385,permission_denied,42501,permission denied for table sensitive_data,0.67041
rbac_min_privilege,sensitive_select,386,permission_denied,42501,permission denied for table sensitive_data,0.627411
rbac_min_privilege,sensitive_select,387,permission_denied,42501,permission denied for table sensitive_data,0.71944
rbac_min_privilege,sensitive_select,388,permission_denied,42501,permission denied for table sensitive_data,0.648591
rbac_min_privilege,sensitive_select,389,permission_denied,42501,permission denied for table sensitive_data,0.643441
rbac_min_privilege,sensitive_select,390,permission_denied,42501,permission denied for table sensitive_data,0.646931
rbac_min_privilege,sensitive_select,391,permission_denied,42501,permission denied for table sensitive_data,0.687031
rbac_min_privilege,sensitive_select,392,permission_denied,42501,permission denied for table sensitive_data,0.675121
rbac_min_privilege,sensitive_select,393,permission_denied,42501,permission denied for table sensitive_data,0.638421
rbac_min_privilege,sensitive_select,394,permission_denied,42501,permission denied for table sensitive_data,0.72045
rbac_min_privilege,sensitive_select,395,permission_denied,42501,permission denied for table sensitive_data,0.769339
rbac_min_privilege,sensitive_select,396,permission_denied,42501,permission denied for table sensitive_data,0.699461
rbac_min_privilege,sensitive_select,397,permission_denied,42501,permission denied for table sensitive_data,0.846789
rbac_min_privilege,sensitive_select,398,permission_denied,42501,permission denied for table sensitive_data,0.68092
rbac_min_privilege,sensitive_select,399,permission_denied,42501,permission denied for table sensitive_data,0.71708
rbac_min_privilege,sensitive_select,400,permission_denied,42501,permission denied for table sensitive_data,0.68004
rbac_min_privilege,sensitive_select,401,permission_denied,42501,permission denied for table sensitive_data,0.498773
rbac_min_privilege,sensitive_select,402,permission_denied,42501,permission denied for table sensitive_data,0.556702
rbac_min_privilege,sensitive_select,403,permission_denied,42501,permission denied for table sensitive_data,0.564502
rbac_min_privilege,sensitive_select,404,permission_denied,42501,permission denied for table sensitive_data,0.475123
rbac_min_privilege,sensitive_select,405,permission_denied,42501,permission denied for table sensitive_data,0.75386
rbac_min_privilege,sensitive_select,406,permission_denied,42501,permission denied for table sensitive_data,0.72083
rbac_min_privilege,sensitive_select,407,permission_denied,42501,permission denied for table sensitive_data,0.593992
rbac_min_privilege,sensitive_select,408,permission_denied,42501,permission denied for table sensitive_data,0.807229
rbac_min_privilege,sensitive_select,409,permission_denied,42501,permission denied for table sensitive_data,0.75056
rbac_min_privilege,sensitive_select,410,permission_denied,42501,permission denied for table sensitive_data,0.675251
rbac_min_privilege,sensitive_select,411,permission_denied,42501,permission denied for table sensitive_data,0.551863
rbac_min_privilege,sensitive_select,412,permission_denied,42501,permission denied for table sensitive_data,0.587241
rbac_min_privilege,sensitive_select,413,permission_denied,42501,permission denied for table sensitive_data,0.71092
rbac_min_privilege,sensitive_select,414,permission_denied,42501,permission denied for table sensitive_data,0.661621
rbac_min_privilege,sensitive_select,415,permission_denied,42501,permission denied for table sensitive_data,0.69209
rbac_min_privilege,sensitive_select,416,permission_denied,42501,permission denied for table sensitive_data,0.680161
rbac_min_privilege,sensitive_select,417,permission_denied,42501,permission denied for table sensitive_data,0.635411
rbac_min_privilege,sensitive_select,418,permission_denied,42501,permission denied for table sensitive_data,0.794199
rbac_min_privilege,sensitive_select,419,permission_denied,42501,permission denied for table sensitive_data,0.71099
rbac_min_privilege,sensitive_select,420,permission_denied,42501,permission denied for table sensitive_data,0.67246
rbac_min_privilege,sensitive_select,421,permission_denied,42501,permission denied for table sensitive_data,0.689201
rbac_min_privilege,sensitive_select,422,permission_denied,42501,permission denied for table sensitive_data,0.67628
rbac_min_privilege,sensitive_select,423,permission_denied,42501,permission denied for table sensitive_data,0.68116
rbac_min_privilege,sensitive_select,424,permission_denied,42501,permission denied for table sensitive_data,0.642951
rbac_min_privilege,sensitive_select,425,permission_denied,42501,permission denied for table sensitive_data,0.680181
rbac_min_privilege,sensitive_select,426,permission_denied,42501,permission denied for table sensitive_data,0.685651
rbac_min_privilege,sensitive_select,427,permission_denied,42501,permission denied for table sensitive_data,0.67824
rbac_min_privilege,sensitive_select,428,permission_denied,42501,permission denied for table sensitive_data,0.646571
rbac_min_privilege,sensitive_select,429,permission_denied,42501,permission denied for table sensitive_data,0.640561
rbac_min_privilege,sensitive_select,430,permission_denied,42501,permission denied for table sensitive_data,0.78345
rbac_min_privilege,sensitive_select,431,permission_denied,42501,permission denied for table sensitive_data,0.74216
rbac_min_privilege,sensitive_select,432,permission_denied,42501,permission denied for table sensitive_data,0.76334
rbac_min_privilege,sensitive_select,433,permission_denied,42501,permission denied for table sensitive_data,0.70614
rbac_min_privilege,sensitive_select,434,permission_denied,42501,permission denied for table sensitive_data,0.69188
rbac_min_privilege,sensitive_select,435,permission_denied,42501,permission denied for table sensitive_data,0.614601
rbac_min_privilege,sensitive_select,436,permission_denied,42501,permission denied for table sensitive_data,0.68798
rbac_min_privilege,sensitive_select,437,permission_denied,42501,permission denied for table sensitive_data,0.695821
rbac_min_privilege,sensitive_select,438,permission_denied,42501,permission denied for table sensitive_data,0.567742
rbac_min_privilege,sensitive_select,439,permission_denied,42501,permission denied for table sensitive_data,0.6757
rbac_min_privilege,sensitive_select,440,permission_denied,42501,permission denied for table sensitive_data,0.665111
rbac_min_privilege,sensitive_select,441,permission_denied,42501,permission denied for table sensitive_data,0.764619
rbac_min_privilege,sensitive_select,442,permission_denied,42501,permission denied for table sensitive_data,0.68821
rbac_min_privilege,sensitive_select,443,permission_denied,42501,permission denied for table sensitive_data,0.64666
rbac_min_privilege,sensitive_select,444,permission_denied,42501,permission denied for table sensitive_data,0.749249
rbac_min_privilege,sensitive_select,445,permission_denied,42501,permission denied for table sensitive_data,0.595462
rbac_min_privilege,sensitive_select,446,permission_denied,42501,permission denied for table sensitive_data,0.71057
rbac_min_privilege,sensitive_select,447,permission_denied,42501,permission denied for table sensitive_data,0.615292
rbac_min_privilege,sensitive_select,448,permission_denied,42501,permission denied for table sensitive_data,0.621451
rbac_min_privilege,sensitive_select,449,permission_denied,42501,permission denied for table sensitive_data,0.842958
rbac_min_privilege,sensitive_select,450,permission_denied,42501,permission denied for table sensitive_data,0.591561
rbac_min_privilege,sensitive_select,451,permission_denied,42501,permission denied for table sensitive_data,0.638771
rbac_min_privilege,sensitive_select,452,permission_denied,42501,permission denied for table sensitive_data,0.853498
rbac_min_privilege,sensitive_select,453,permission_denied,42501,permission denied for table sensitive_data,0.775819
rbac_min_privilege,sensitive_select,454,permission_denied,42501,permission denied for table sensitive_data,0.798009
rbac_min_privilege,sensitive_select,455,permission_denied,42501,permission denied for table sensitive_data,0.761839
rbac_min_privilege,sensitive_select,456,permission_denied,42501,permission denied for table sensitive_data,0.780129
rbac_min_privilege,sensitive_select,457,permission_denied,42501,permission denied for table sensitive_data,0.647461
rbac_min_privilege,sensitive_select,458,permission_denied,42501,permission denied for table sensitive_data,0.673991
rbac_min_privilege,sensitive_select,459,permission_denied,42501,permission denied for table sensitive_data,0.956626
rbac_min_privilege,sensitive_select,460,permission_denied,42501,permission denied for table sensitive_data,0.70736
rbac_min_privilege,sensitive_select,461,permission_denied,42501,permission denied for table sensitive_data,0.69275
rbac_min_privilege,sensitive_select,462,permission_denied,42501,permission denied for table sensitive_data,0.675791
rbac_min_privilege,sensitive_select,463,permission_denied,42501,permission denied for table sensitive_data,0.630361
rbac_min_privilege,sensitive_select,464,permission_denied,42501,permission denied for table sensitive_data,0.758289
rbac_min_privilege,sensitive_select,465,permission_denied,42501,permission denied for table sensitive_data,0.672261
rbac_min_privilege,sensitive_select,466,permission_denied,42501,permission denied for table sensitive_data,0.674791
rbac_min_privilege,sensitive_select,467,permission_denied,42501,permission denied for table sensitive_data,0.698501
rbac_min_privilege,sensitive_select,468,permission_denied,42501,permission denied for table sensitive_data,0.70756
rbac_min_privilege,sensitive_select,469,permission_denied,42501,permission denied for table sensitive_data,0.731099
rbac_min_privilege,sensitive_select,470,permission_denied,42501,permission denied for table sensitive_data,0.750679
rbac_min_privilege,sensitive_select,471,permission_denied,42501,permission denied for table sensitive_data,0.639762
rbac_min_privilege,sensitive_select,472,permission_denied,42501,permission denied for table sensitive_data,0.76637
rbac_min_privilege,sensitive_select,473,permission_denied,42501,permission denied for table sensitive_data,0.74106
rbac_min_privilege,sensitive_select,474,permission_denied,42501,permission denied for table sensitive_data,0.671481
rbac_min_privilege,sensitive_select,475,permission_denied,42501,permission denied for table sensitive_data,0.563022
rbac_min_privilege,sensitive_select,476,permission_denied,42501,permission denied for table sensitive_data,0.76176
rbac_min_privilege,sensitive_select,477,permission_denied,42501,permission denied for table sensitive_data,0.593872
rbac_min_privilege,sensitive_select,478,permission_denied,42501,permission denied for table sensitive_data,0.490043
rbac_min_privilege,sensitive_select,479,permission_denied,42501,permission denied for table sensitive_data,0.580482
rbac_min_privilege,sensitive_select,480,permission_denied,42501,permission denied for table sensitive_data,0.592022
rbac_min_privilege,sensitive_select,481,permission_denied,42501,permission denied for table sensitive_data,0.596261
rbac_min_privilege,sensitive_select,482,permission_denied,42501,permission denied for table sensitive_data,0.615482
rbac_min_privilege,sensitive_select,483,permission_denied,42501,permission denied for table sensitive_data,0.619442
rbac_min_privilege,sensitive_select,484,permission_denied,42501,permission denied for table sensitive_data,0.69458
rbac_min_privilege,sensitive_select,485,permission_denied,42501,permission denied for table sensitive_data,0.641111
rbac_min_privilege,sensitive_select,486,permission_denied,42501,permission denied for table sensitive_data,0.676071
rbac_min_privilege,sensitive_select,487,permission_denied,42501,permission denied for table sensitive_data,0.69449
rbac_min_privilege,sensitive_select,488,permission_denied,42501,permission denied for table sensitive_data,0.691761
rbac_min_privilege,sensitive_select,489,permission_denied,42501,permission denied for table sensitive_data,0.697481
rbac_min_privilege,sensitive_select,490,permission_denied,42501,permission denied for table sensitive_data,0.728
rbac_min_privilege,sensitive_select,491,permission_denied,42501,permission denied for table sensitive_data,0.815088
rbac_min_privilege,sensitive_select,492,permission_denied,42501,permission denied for table sensitive_data,0.891117
rbac_min_privilege,sensitive_select,493,permission_denied,42501,permission denied for table sensitive_data,0.831848
rbac_min_privilege,sensitive_select,494,permission_denied,42501,permission denied for table sensitive_data,0.837348
rbac_min_privilege,sensitive_select,495,permission_denied,42501,permission denied for table sensitive_data,0.905407
rbac_min_privilege,sensitive_select,496,permission_denied,42501,permission denied for table sensitive_data,0.891298
rbac_min_privilege,sensitive_select,497,permission_denied,42501,permission denied for table sensitive_data,0.780719
rbac_min_privilege,sensitive_select,498,permission_denied,42501,permission denied for table sensitive_data,0.833218
rbac_min_privilege,sensitive_select,499,permission_denied,42501,permission denied for table sensitive_data,0.884727
rbac_min_privilege,sensitive_select,500,permission_denied,42501,permission denied for table sensitive_data,0.903327
rbac_min_privilege,sensitive_update,1,permission_denied,42501,permission denied for table sensitive_data,1.219952
rbac_min_privilege,sensitive_update,2,permission_denied,42501,permission denied for table sensitive_data,0.925127
rbac_min_privilege,sensitive_update,3,permission_denied,42501,permission denied for table sensitive_data,0.891468
rbac_min_privilege,sensitive_update,4,permission_denied,42501,permission denied for table sensitive_data,1.033466
rbac_min_privilege,sensitive_update,5,permission_denied,42501,permission denied for table sensitive_data,0.846639
rbac_min_privilege,sensitive_update,6,permission_denied,42501,permission denied for table sensitive_data,0.75546
rbac_min_privilege,sensitive_update,7,permission_denied,42501,permission denied for table sensitive_data,0.7289
rbac_min_privilege,sensitive_update,8,permission_denied,42501,permission denied for table sensitive_data,0.78166
rbac_min_privilege,sensitive_update,9,permission_denied,42501,permission denied for table sensitive_data,0.72851
rbac_min_privilege,sensitive_update,10,permission_denied,42501,permission denied for table sensitive_data,0.822149
rbac_min_privilege,sensitive_update,11,permission_denied,42501,permission denied for table sensitive_data,0.71866
rbac_min_privilege,sensitive_update,12,permission_denied,42501,permission denied for table sensitive_data,0.71825
rbac_min_privilege,sensitive_update,13,permission_denied,42501,permission denied for table sensitive_data,0.761809
rbac_min_privilege,sensitive_update,14,permission_denied,42501,permission denied for table sensitive_data,0.6869
rbac_min_privilege,sensitive_update,15,permission_denied,42501,permission denied for table sensitive_data,0.757899
rbac_min_privilege,sensitive_update,16,permission_denied,42501,permission denied for table sensitive_data,0.73909
rbac_min_privilege,sensitive_update,17,permission_denied,42501,permission denied for table sensitive_data,0.713501
rbac_min_privilege,sensitive_update,18,permission_denied,42501,permission denied for table sensitive_data,0.71542
rbac_min_privilege,sensitive_update,19,permission_denied,42501,permission denied for table sensitive_data,0.75917
rbac_min_privilege,sensitive_update,20,permission_denied,42501,permission denied for table sensitive_data,0.650601
rbac_min_privilege,sensitive_update,21,permission_denied,42501,permission denied for table sensitive_data,0.837508
rbac_min_privilege,sensitive_update,22,permission_denied,42501,permission denied for table sensitive_data,0.829129
rbac_min_privilege,sensitive_update,23,permission_denied,42501,permission denied for table sensitive_data,0.75374
rbac_min_privilege,sensitive_update,24,permission_denied,42501,permission denied for table sensitive_data,0.69143
rbac_min_privilege,sensitive_update,25,permission_denied,42501,permission denied for table sensitive_data,0.71761
rbac_min_privilege,sensitive_update,26,permission_denied,42501,permission denied for table sensitive_data,0.69604
rbac_min_privilege,sensitive_update,27,permission_denied,42501,permission denied for table sensitive_data,0.737719
rbac_min_privilege,sensitive_update,28,permission_denied,42501,permission denied for table sensitive_data,0.799799
rbac_min_privilege,sensitive_update,29,permission_denied,42501,permission denied for table sensitive_data,0.840499
rbac_min_privilege,sensitive_update,30,permission_denied,42501,permission denied for table sensitive_data,0.72928
rbac_min_privilege,sensitive_update,31,permission_denied,42501,permission denied for table sensitive_data,0.808619
rbac_min_privilege,sensitive_update,32,permission_denied,42501,permission denied for table sensitive_data,0.75355
rbac_min_privilege,sensitive_update,33,permission_denied,42501,permission denied for table sensitive_data,0.75801
rbac_min_privilege,sensitive_update,34,permission_denied,42501,permission denied for table sensitive_data,0.809778
rbac_min_privilege,sensitive_update,35,permission_denied,42501,permission denied for table sensitive_data,0.930778
rbac_min_privilege,sensitive_update,36,permission_denied,42501,permission denied for table sensitive_data,0.841569
rbac_min_privilege,sensitive_update,37,permission_denied,42501,permission denied for table sensitive_data,0.802079
rbac_min_privilege,sensitive_update,38,permission_denied,42501,permission denied for table sensitive_data,0.774139
rbac_min_privilege,sensitive_update,39,permission_denied,42501,permission denied for table sensitive_data,0.78393
rbac_min_privilege,sensitive_update,40,permission_denied,42501,permission denied for table sensitive_data,0.73143
rbac_min_privilege,sensitive_update,41,permission_denied,42501,permission denied for table sensitive_data,0.77572
rbac_min_privilege,sensitive_update,42,permission_denied,42501,permission denied for table sensitive_data,0.72377
rbac_min_privilege,sensitive_update,43,permission_denied,42501,permission denied for table sensitive_data,0.70291
rbac_min_privilege,sensitive_update,44,permission_denied,42501,permission denied for table sensitive_data,0.752889
rbac_min_privilege,sensitive_update,45,permission_denied,42501,permission denied for table sensitive_data,0.70534
rbac_min_privilege,sensitive_update,46,permission_denied,42501,permission denied for table sensitive_data,0.70454
rbac_min_privilege,sensitive_update,47,permission_denied,42501,permission denied for table sensitive_data,0.786239
rbac_min_privilege,sensitive_update,48,permission_denied,42501,permission denied for table sensitive_data,0.838288
rbac_min_privilege,sensitive_update,49,permission_denied,42501,permission denied for table sensitive_data,0.854498
rbac_min_privilege,sensitive_update,50,permission_denied,42501,permission denied for table sensitive_data,0.72881
rbac_min_privilege,sensitive_update,51,permission_denied,42501,permission denied for table sensitive_data,0.73001
rbac_min_privilege,sensitive_update,52,permission_denied,42501,permission denied for table sensitive_data,0.877468
rbac_min_privilege,sensitive_update,53,permission_denied,42501,permission denied for table sensitive_data,0.71955
rbac_min_privilege,sensitive_update,54,permission_denied,42501,permission denied for table sensitive_data,0.827318
rbac_min_privilege,sensitive_update,55,permission_denied,42501,permission denied for table sensitive_data,0.73964
rbac_min_privilege,sensitive_update,56,permission_denied,42501,permission denied for table sensitive_data,0.785409
rbac_min_privilege,sensitive_update,57,permission_denied,42501,permission denied for table sensitive_data,0.846048
rbac_min_privilege,sensitive_update,58,permission_denied,42501,permission denied for table sensitive_data,0.824268
rbac_min_privilege,sensitive_update,59,permission_denied,42501,permission denied for table sensitive_data,0.743589
rbac_min_privilege,sensitive_update,60,permission_denied,42501,permission denied for table sensitive_data,0.786189
rbac_min_privilege,sensitive_update,61,permission_denied,42501,permission denied for table sensitive_data,0.75498
rbac_min_privilege,sensitive_update,62,permission_denied,42501,permission denied for table sensitive_data,0.71596
rbac_min_privilege,sensitive_update,63,permission_denied,42501,permission denied for table sensitive_data,0.68442
rbac_min_privilege,sensitive_update,64,permission_denied,42501,permission denied for table sensitive_data,0.568842
rbac_min_privilege,sensitive_update,65,permission_denied,42501,permission denied for table sensitive_data,0.509623
rbac_min_privilege,sensitive_update,66,permission_denied,42501,permission denied for table sensitive_data,0.662281
rbac_min_privilege,sensitive_update,67,permission_denied,42501,permission denied for table sensitive_data,0.634481
rbac_min_privilege,sensitive_update,68,permission_denied,42501,permission denied for table sensitive_data,0.66567
rbac_min_privilege,sensitive_update,69,permission_denied,42501,permission denied for table sensitive_data,0.585791
rbac_min_privilege,sensitive_update,70,permission_denied,42501,permission denied for table sensitive_data,0.563422
rbac_min_privilege,sensitive_update,71,permission_denied,42501,permission denied for table sensitive_data,0.75532
rbac_min_privilege,sensitive_update,72,permission_denied,42501,permission denied for table sensitive_data,0.70757
rbac_min_privilege,sensitive_update,73,permission_denied,42501,permission denied for table sensitive_data,0.651431
rbac_min_privilege,sensitive_update,74,permission_denied,42501,permission denied for table sensitive_data,0.652581
rbac_min_privilege,sensitive_update,75,permission_denied,42501,permission denied for table sensitive_data,0.699371
rbac_min_privilege,sensitive_update,76,permission_denied,42501,permission denied for table sensitive_data,0.625662
rbac_min_privilege,sensitive_update,77,permission_denied,42501,permission denied for table sensitive_data,0.608151
rbac_min_privilege,sensitive_update,78,permission_denied,42501,permission denied for table sensitive_data,0.705281
rbac_min_privilege,sensitive_update,79,permission_denied,42501,permission denied for table sensitive_data,0.479864
rbac_min_privilege,sensitive_update,80,permission_denied,42501,permission denied for table sensitive_data,0.657141
rbac_min_privilege,sensitive_update,81,permission_denied,42501,permission denied for table sensitive_data,0.604322
rbac_min_privilege,sensitive_update,82,permission_denied,42501,permission denied for table sensitive_data,0.905027
rbac_min_privilege,sensitive_update,83,permission_denied,42501,permission denied for table sensitive_data,0.910647
rbac_min_privilege,sensitive_update,84,permission_denied,42501,permission denied for table sensitive_data,0.803599
rbac_min_privilege,sensitive_update,85,permission_denied,42501,permission denied for table sensitive_data,0.787899
rbac_min_privilege,sensitive_update,86,permission_denied,42501,permission denied for table sensitive_data,0.75437
rbac_min_privilege,sensitive_update,87,permission_denied,42501,permission denied for table sensitive_data,0.794299
rbac_min_privilege,sensitive_update,88,permission_denied,42501,permission denied for table sensitive_data,0.72002
rbac_min_privilege,sensitive_update,89,permission_denied,42501,permission denied for table sensitive_data,0.629331
rbac_min_privilege,sensitive_update,90,permission_denied,42501,permission denied for table sensitive_data,0.779939
rbac_min_privilege,sensitive_update,91,permission_denied,42501,permission denied for table sensitive_data,0.805809
rbac_min_privilege,sensitive_update,92,permission_denied,42501,permission denied for table sensitive_data,0.6855
rbac_min_privilege,sensitive_update,93,permission_denied,42501,permission denied for table sensitive_data,0.806129
rbac_min_privilege,sensitive_update,94,permission_denied,42501,permission denied for table sensitive_data,0.788619
rbac_min_privilege,sensitive_update,95,permission_denied,42501,permission denied for table sensitive_data,0.655311
rbac_min_privilege,sensitive_update,96,permission_denied,42501,permission denied for table sensitive_data,0.801328
rbac_min_privilege,sensitive_update,97,permission_denied,42501,permission denied for table sensitive_data,0.797789
rbac_min_privilege,sensitive_update,98,permission_denied,42501,permission denied for table sensitive_data,0.769
rbac_min_privilege,sensitive_update,99,permission_denied,42501,permission denied for table sensitive_data,0.749569
rbac_min_privilege,sensitive_update,100,permission_denied,42501,permission denied for table sensitive_data,0.746159
rbac_min_privilege,sensitive_update,101,permission_denied,42501,permission denied for table sensitive_data,0.777759
rbac_min_privilege,sensitive_update,102,permission_denied,42501,permission denied for table sensitive_data,0.762319
rbac_min_privilege,sensitive_update,103,permission_denied,42501,permission denied for table sensitive_data,0.66258
rbac_min_privilege,sensitive_update,104,permission_denied,42501,permission denied for table sensitive_data,0.727619
rbac_min_privilege,sensitive_update,105,permission_denied,42501,permission denied for table sensitive_data,0.843459
rbac_min_privilege,sensitive_update,106,permission_denied,42501,permission denied for table sensitive_data,0.798709
rbac_min_privilege,sensitive_update,107,permission_denied,42501,permission denied for table sensitive_data,0.801029
rbac_min_privilege,sensitive_update,108,permission_denied,42501,permission denied for table sensitive_data,0.879487
rbac_min_privilege,sensitive_update,109,permission_denied,42501,permission denied for table sensitive_data,0.840269
rbac_min_privilege,sensitive_update,110,permission_denied,42501,permission denied for table sensitive_data,0.780809
rbac_min_privilege,sensitive_update,111,permission_denied,42501,permission denied for table sensitive_data,0.775359
rbac_min_privilege,sensitive_update,112,permission_denied,42501,permission denied for table sensitive_data,0.848058
rbac_min_privilege,sensitive_update,113,permission_denied,42501,permission denied for table sensitive_data,0.75234
rbac_min_privilege,sensitive_update,114,permission_denied,42501,permission denied for table sensitive_data,0.877898
rbac_min_privilege,sensitive_update,115,permission_denied,42501,permission denied for table sensitive_data,0.810149
rbac_min_privilege,sensitive_update,116,permission_denied,42501,permission denied for table sensitive_data,0.77277
rbac_min_privilege,sensitive_update,117,permission_denied,42501,permission denied for table sensitive_data,0.803479
rbac_min_privilege,sensitive_update,118,permission_denied,42501,permission denied for table sensitive_data,0.780089
rbac_min_privilege,sensitive_update,119,permission_denied,42501,permission denied for table sensitive_data,0.831729
rbac_min_privilege,sensitive_update,120,permission_denied,42501,permission denied for table sensitive_data,0.830298
rbac_min_privilege,sensitive_update,121,permission_denied,42501,permission denied for table sensitive_data,0.77929
rbac_min_privilege,sensitive_update,122,permission_denied,42501,permission denied for table sensitive_data,0.74193
rbac_min_privilege,sensitive_update,123,permission_denied,42501,permission denied for table sensitive_data,0.825239
rbac_min_privilege,sensitive_update,124,permission_denied,42501,permission denied for table sensitive_data,0.818469
rbac_min_privilege,sensitive_update,125,permission_denied,42501,permission denied for table sensitive_data,0.897898
rbac_min_privilege,sensitive_update,126,permission_denied,42501,permission denied for table sensitive_data,0.790589
rbac_min_privilege,sensitive_update,127,permission_denied,42501,permission denied for table sensitive_data,0.823529
rbac_min_privilege,sensitive_update,128,permission_denied,42501,permission denied for table sensitive_data,0.817059
rbac_min_privilege,sensitive_update,129,permission_denied,42501,permission denied for table sensitive_data,0.75038
rbac_min_privilege,sensitive_update,130,permission_denied,42501,permission denied for table sensitive_data,0.853508
rbac_min_privilege,sensitive_update,131,permission_denied,42501,permission denied for table sensitive_data,0.942096
rbac_min_privilege,sensitive_update,132,permission_denied,42501,permission denied for table sensitive_data,0.881107
rbac_min_privilege,sensitive_update,133,permission_denied,42501,permission denied for table sensitive_data,0.70466
rbac_min_privilege,sensitive_update,134,permission_denied,42501,permission denied for table sensitive_data,0.825709
rbac_min_privilege,sensitive_update,135,permission_denied,42501,permission denied for table sensitive_data,0.77097
rbac_min_privilege,sensitive_update,136,permission_denied,42501,permission denied for table sensitive_data,0.733
rbac_min_privilege,sensitive_update,137,permission_denied,42501,permission denied for table sensitive_data,0.846488
rbac_min_privilege,sensitive_update,138,permission_denied,42501,permission denied for table sensitive_data,0.72857
rbac_min_privilege,sensitive_update,139,permission_denied,42501,permission denied for table sensitive_data,0.795199
rbac_min_privilege,sensitive_update,140,permission_denied,42501,permission denied for table sensitive_data,0.69207
rbac_min_privilege,sensitive_update,141,permission_denied,42501,permission denied for table sensitive_data,0.7495
rbac_min_privilege,sensitive_update,142,permission_denied,42501,permission denied for table sensitive_data,0.676441
rbac_min_privilege,sensitive_update,143,permission_denied,42501,permission denied for table sensitive_data,0.626671
rbac_min_privilege,sensitive_update,144,permission_denied,42501,permission denied for table sensitive_data,0.794049
rbac_min_privilege,sensitive_update,145,permission_denied,42501,permission denied for table sensitive_data,0.676041
rbac_min_privilege,sensitive_update,146,permission_denied,42501,permission denied for table sensitive_data,0.653461
rbac_min_privilege,sensitive_update,147,permission_denied,42501,permission denied for table sensitive_data,0.811778
rbac_min_privilege,sensitive_update,148,permission_denied,42501,permission denied for table sensitive_data,0.74838
rbac_min_privilege,sensitive_update,149,permission_denied,42501,permission denied for table sensitive_data,0.760809
rbac_min_privilege,sensitive_update,150,permission_denied,42501,permission denied for table sensitive_data,0.754919
rbac_min_privilege,sensitive_update,151,permission_denied,42501,permission denied for table sensitive_data,0.630052
rbac_min_privilege,sensitive_update,152,permission_denied,42501,permission denied for table sensitive_data,0.676021
rbac_min_privilege,sensitive_update,153,permission_denied,42501,permission denied for table sensitive_data,0.75555
rbac_min_privilege,sensitive_update,154,permission_denied,42501,permission denied for table sensitive_data,0.790769
rbac_min_privilege,sensitive_update,155,permission_denied,42501,permission denied for table sensitive_data,0.75399
rbac_min_privilege,sensitive_update,156,permission_denied,42501,permission denied for table sensitive_data,0.722539
rbac_min_privilege,sensitive_update,157,permission_denied,42501,permission denied for table sensitive_data,0.684051
rbac_min_privilege,sensitive_update,158,permission_denied,42501,permission denied for table sensitive_data,0.827169
rbac_min_privilege,sensitive_update,159,permission_denied,42501,permission denied for table sensitive_data,0.7184
rbac_min_privilege,sensitive_update,160,permission_denied,42501,permission denied for table sensitive_data,0.709911
rbac_min_privilege,sensitive_update,161,permission_denied,42501,permission denied for table sensitive_data,0.781199
rbac_min_privilege,sensitive_update,162,permission_denied,42501,permission denied for table sensitive_data,0.864088
rbac_min_privilege,sensitive_update,163,permission_denied,42501,permission denied for table sensitive_data,1.098275
rbac_min_privilege,sensitive_update,164,permission_denied,42501,permission denied for table sensitive_data,0.939018
rbac_min_privilege,sensitive_update,165,permission_denied,42501,permission denied for table sensitive_data,0.837209
rbac_min_privilege,sensitive_update,166,permission_denied,42501,permission denied for table sensitive_data,0.851478
rbac_min_privilege,sensitive_update,167,permission_denied,42501,permission denied for table sensitive_data,0.801259
rbac_min_privilege,sensitive_update,168,permission_denied,42501,permission denied for table sensitive_data,0.753119
rbac_min_privilege,sensitive_update,169,permission_denied,42501,permission denied for table sensitive_data,0.7436
rbac_min_privilege,sensitive_update,170,permission_denied,42501,permission denied for table sensitive_data,0.885608
rbac_min_privilege,sensitive_update,171,permission_denied,42501,permission denied for table sensitive_data,0.809509
rbac_min_privilege,sensitive_update,172,permission_denied,42501,permission denied for table sensitive_data,0.7679
rbac_min_privilege,sensitive_update,173,permission_denied,42501,permission denied for table sensitive_data,0.774739
rbac_min_privilege,sensitive_update,174,permission_denied,42501,permission denied for table sensitive_data,0.827989
rbac_min_privilege,sensitive_update,175,permission_denied,42501,permission denied for table sensitive_data,0.865398
rbac_min_privilege,sensitive_update,176,permission_denied,42501,permission denied for table sensitive_data,0.78344
rbac_min_privilege,sensitive_update,177,permission_denied,42501,permission denied for table sensitive_data,0.879518
rbac_min_privilege,sensitive_update,178,permission_denied,42501,permission denied for table sensitive_data,0.804039
rbac_min_privilege,sensitive_update,179,permission_denied,42501,permission denied for table sensitive_data,0.66569
rbac_min_privilege,sensitive_update,180,permission_denied,42501,permission denied for table sensitive_data,0.73905
rbac_min_privilege,sensitive_update,181,permission_denied,42501,permission denied for table sensitive_data,0.6878
rbac_min_privilege,sensitive_update,182,permission_denied,42501,permission denied for table sensitive_data,0.811579
rbac_min_privilege,sensitive_update,183,permission_denied,42501,permission denied for table sensitive_data,0.833648
rbac_min_privilege,sensitive_update,184,permission_denied,42501,permission denied for table sensitive_data,0.70952
rbac_min_privilege,sensitive_update,185,permission_denied,42501,permission denied for table sensitive_data,0.74676
rbac_min_privilege,sensitive_update,186,permission_denied,42501,permission denied for table sensitive_data,0.662761
rbac_min_privilege,sensitive_update,187,permission_denied,42501,permission denied for table sensitive_data,0.71707
rbac_min_privilege,sensitive_update,188,permission_denied,42501,permission denied for table sensitive_data,0.879628
rbac_min_privilege,sensitive_update,189,permission_denied,42501,permission denied for table sensitive_data,0.887078
rbac_min_privilege,sensitive_update,190,permission_denied,42501,permission denied for table sensitive_data,0.859358
rbac_min_privilege,sensitive_update,191,permission_denied,42501,permission denied for table sensitive_data,0.75802
rbac_min_privilege,sensitive_update,192,permission_denied,42501,permission denied for table sensitive_data,0.72228
rbac_min_privilege,sensitive_update,193,permission_denied,42501,permission denied for table sensitive_data,0.73111
rbac_min_privilege,sensitive_update,194,permission_denied,42501,permission denied for table sensitive_data,0.867178
rbac_min_privilege,sensitive_update,195,permission_denied,42501,permission denied for table sensitive_data,0.741359
rbac_min_privilege,sensitive_update,196,permission_denied,42501,permission denied for table sensitive_data,0.834918
rbac_min_privilege,sensitive_update,197,permission_denied,42501,permission denied for table sensitive_data,0.761409
rbac_min_privilege,sensitive_update,198,permission_denied,42501,permission denied for table sensitive_data,0.869318
rbac_min_privilege,sensitive_update,199,permission_denied,42501,permission denied for table sensitive_data,0.673141
rbac_min_privilege,sensitive_update,200,permission_denied,42501,permission denied for table sensitive_data,0.65506
rbac_min_privilege,sensitive_update,201,permission_denied,42501,permission denied for table sensitive_data,0.702351
rbac_min_privilege,sensitive_update,202,permission_denied,42501,permission denied for table sensitive_data,0.72126
rbac_min_privilege,sensitive_update,203,permission_denied,42501,permission denied for table sensitive_data,0.827428
rbac_min_privilege,sensitive_update,204,permission_denied,42501,permission denied for table sensitive_data,0.75489
rbac_min_privilege,sensitive_update,205,permission_denied,42501,permission denied for table sensitive_data,0.932847
rbac_min_privilege,sensitive_update,206,permission_denied,42501,permission denied for table sensitive_data,0.766779
rbac_min_privilege,sensitive_update,207,permission_denied,42501,permission denied for table sensitive_data,0.499963
rbac_min_privilege,sensitive_update,208,permission_denied,42501,permission denied for table sensitive_data,0.709251
rbac_min_privilege,sensitive_update,209,permission_denied,42501,permission denied for table sensitive_data,0.72354
rbac_min_privilege,sensitive_update,210,permission_denied,42501,permission denied for table sensitive_data,0.69334
rbac_min_privilege,sensitive_update,211,permission_denied,42501,permission denied for table sensitive_data,0.684311
rbac_min_privilege,sensitive_update,212,permission_denied,42501,permission denied for table sensitive_data,0.760319
rbac_min_privilege,sensitive_update,213,permission_denied,42501,permission denied for table sensitive_data,0.843089
rbac_min_privilege,sensitive_update,214,permission_denied,42501,permission denied for table sensitive_data,0.579652
rbac_min_privilege,sensitive_update,215,permission_denied,42501,permission denied for table sensitive_data,0.778419
rbac_min_privilege,sensitive_update,216,permission_denied,42501,permission denied for table sensitive_data,0.788758
rbac_min_privilege,sensitive_update,217,permission_denied,42501,permission denied for table sensitive_data,0.596802
rbac_min_privilege,sensitive_update,218,permission_denied,42501,permission denied for table sensitive_data,0.673811
rbac_min_privilege,sensitive_update,219,permission_denied,42501,permission denied for table sensitive_data,0.73293
rbac_min_privilege,sensitive_update,220,permission_denied,42501,permission denied for table sensitive_data,0.76958
rbac_min_privilege,sensitive_update,221,permission_denied,42501,permission denied for table sensitive_data,0.74675
rbac_min_privilege,sensitive_update,222,permission_denied,42501,permission denied for table sensitive_data,0.76224
rbac_min_privilege,sensitive_update,223,permission_denied,42501,permission denied for table sensitive_data,0.834309
rbac_min_privilege,sensitive_update,224,permission_denied,42501,permission denied for table sensitive_data,0.628762
rbac_min_privilege,sensitive_update,225,permission_denied,42501,permission denied for table sensitive_data,0.69061
rbac_min_privilege,sensitive_update,226,permission_denied,42501,permission denied for table sensitive_data,0.639861
rbac_min_privilege,sensitive_update,227,permission_denied,42501,permission denied for table sensitive_data,0.70691
rbac_min_privilege,sensitive_update,228,permission_denied,42501,permission denied for table sensitive_data,0.74038
rbac_min_privilege,sensitive_update,229,permission_denied,42501,permission denied for table sensitive_data,0.7035
rbac_min_privilege,sensitive_update,230,permission_denied,42501,permission denied for table sensitive_data,0.727269
rbac_min_privilege,sensitive_update,231,permission_denied,42501,permission denied for table sensitive_data,0.70497
rbac_min_privilege,sensitive_update,232,permission_denied,42501,permission denied for table sensitive_data,0.70182
rbac_min_privilege,sensitive_update,233,permission_denied,42501,permission denied for table sensitive_data,0.660171
rbac_min_privilege,sensitive_update,234,permission_denied,42501,permission denied for table sensitive_data,0.70946
rbac_min_privilege,sensitive_update,235,permission_denied,42501,permission denied for table sensitive_data,0.763349
rbac_min_privilege,sensitive_update,236,permission_denied,42501,permission denied for table sensitive_data,0.71596
rbac_min_privilege,sensitive_update,237,permission_denied,42501,permission denied for table sensitive_data,0.752649
rbac_min_privilege,sensitive_update,238,permission_denied,42501,permission denied for table sensitive_data,0.693881
rbac_min_privilege,sensitive_update,239,permission_denied,42501,permission denied for table sensitive_data,0.69436
rbac_min_privilege,sensitive_update,240,permission_denied,42501,permission denied for table sensitive_data,0.75135
rbac_min_privilege,sensitive_update,241,permission_denied,42501,permission denied for table sensitive_data,0.693461
rbac_min_privilege,sensitive_update,242,permission_denied,42501,permission denied for table sensitive_data,0.73145
rbac_min_privilege,sensitive_update,243,permission_denied,42501,permission denied for table sensitive_data,0.75732
rbac_min_privilege,sensitive_update,244,permission_denied,42501,permission denied for table sensitive_data,0.73699
rbac_min_privilege,sensitive_update,245,permission_denied,42501,permission denied for table sensitive_data,0.72213
rbac_min_privilege,sensitive_update,246,permission_denied,42501,permission denied for table sensitive_data,0.790439
rbac_min_privilege,sensitive_update,247,permission_denied,42501,permission denied for table sensitive_data,0.68985
rbac_min_privilege,sensitive_update,248,permission_denied,42501,permission denied for table sensitive_data,0.824049
rbac_min_privilege,sensitive_update,249,permission_denied,42501,permission denied for table sensitive_data,0.823008
rbac_min_privilege,sensitive_update,250,permission_denied,42501,permission denied for table sensitive_data,0.70733
rbac_min_privilege,sensitive_update,251,permission_denied,42501,permission denied for table sensitive_data,0.78604
rbac_min_privilege,sensitive_update,252,permission_denied,42501,permission denied for table sensitive_data,0.961546
rbac_min_privilege,sensitive_update,253,permission_denied,42501,permission denied for table sensitive_data,0.999167
rbac_min_privilege,sensitive_update,254,permission_denied,42501,permission denied for table sensitive_data,0.869948
rbac_min_privilege,sensitive_update,255,permission_denied,42501,permission denied for table sensitive_data,0.975567
rbac_min_privilege,sensitive_update,256,permission_denied,42501,permission denied for table sensitive_data,0.889267
rbac_min_privilege,sensitive_update,257,permission_denied,42501,permission denied for table sensitive_data,0.902027
rbac_min_privilege,sensitive_update,258,permission_denied,42501,permission denied for table sensitive_data,0.883078
rbac_min_privilege,sensitive_update,259,permission_denied,42501,permission denied for table sensitive_data,0.918588
rbac_min_privilege,sensitive_update,260,permission_denied,42501,permission denied for table sensitive_data,0.971227
rbac_min_privilege,sensitive_update,261,permission_denied,42501,permission denied for table sensitive_data,0.909138
rbac_min_privilege,sensitive_update,262,permission_denied,42501,permission denied for table sensitive_data,0.939047
rbac_min_privilege,sensitive_update,263,permission_denied,42501,permission denied for table sensitive_data,0.978046
rbac_min_privilege,sensitive_update,264,permission_denied,42501,permission denied for table sensitive_data,1.019556
rbac_min_privilege,sensitive_update,265,permission_denied,42501,permission denied for table sensitive_data,0.983997
rbac_min_privilege,sensitive_update,266,permission_denied,42501,permission denied for table sensitive_data,0.892218
rbac_min_privilege,sensitive_update,267,permission_denied,42501,permission denied for table sensitive_data,0.898387
rbac_min_privilege,sensitive_update,268,permission_denied,42501,permission denied for table sensitive_data,1.014426
rbac_min_privilege,sensitive_update,269,permission_denied,42501,permission denied for table sensitive_data,0.957526
rbac_min_privilege,sensitive_update,270,permission_denied,42501,permission denied for table sensitive_data,0.850868
rbac_min_privilege,sensitive_update,271,permission_denied,42501,permission denied for table sensitive_data,0.936507
rbac_min_privilege,sensitive_update,272,permission_denied,42501,permission denied for table sensitive_data,0.942257
rbac_min_privilege,sensitive_update,273,permission_denied,42501,permission denied for table sensitive_data,0.947827
rbac_min_privilege,sensitive_update,274,permission_denied,42501,permission denied for table sensitive_data,0.789479
rbac_min_privilege,sensitive_update,275,permission_denied,42501,permission denied for table sensitive_data,0.76461
rbac_min_privilege,sensitive_update,276,permission_denied,42501,permission denied for table sensitive_data,0.830779
rbac_min_privilege,sensitive_update,277,permission_denied,42501,permission denied for table sensitive_data,0.78834
rbac_min_privilege,sensitive_update,278,permission_denied,42501,permission denied for table sensitive_data,0.877188
rbac_min_privilege,sensitive_update,279,permission_denied,42501,permission denied for table sensitive_data,0.892438
rbac_min_privilege,sensitive_update,280,permission_denied,42501,permission denied for table sensitive_data,0.900998
rbac_min_privilege,sensitive_update,281,permission_denied,42501,permission denied for table sensitive_data,0.72789
rbac_min_privilege,sensitive_update,282,permission_denied,42501,permission denied for table sensitive_data,0.638841
rbac_min_privilege,sensitive_update,283,permission_denied,42501,permission denied for table sensitive_data,0.68588
rbac_min_privilege,sensitive_update,284,permission_denied,42501,permission denied for table sensitive_data,0.579252
rbac_min_privilege,sensitive_update,285,permission_denied,42501,permission denied for table sensitive_data,0.797159
rbac_min_privilege,sensitive_update,286,permission_denied,42501,permission denied for table sensitive_data,0.72892
rbac_min_privilege,sensitive_update,287,permission_denied,42501,permission denied for table sensitive_data,0.633301
rbac_min_privilege,sensitive_update,288,permission_denied,42501,permission denied for table sensitive_data,0.68448
rbac_min_privilege,sensitive_update,289,permission_denied,42501,permission denied for table sensitive_data,0.567022
rbac_min_privilege,sensitive_update,290,permission_denied,42501,permission denied for table sensitive_data,0.651831
rbac_min_privilege,sensitive_update,291,permission_denied,42501,permission denied for table sensitive_data,0.593252
rbac_min_privilege,sensitive_update,292,permission_denied,42501,permission denied for table sensitive_data,0.633341
rbac_min_privilege,sensitive_update,293,permission_denied,42501,permission denied for table sensitive_data,0.514753
rbac_min_privilege,sensitive_update,294,permission_denied,42501,permission denied for table sensitive_data,0.646422
rbac_min_privilege,sensitive_update,295,permission_denied,42501,permission denied for table sensitive_data,0.679571
rbac_min_privilege,sensitive_update,296,permission_denied,42501,permission denied for table sensitive_data,0.587432
rbac_min_privilege,sensitive_update,297,permission_denied,42501,permission denied for table sensitive_data,0.71284
rbac_min_privilege,sensitive_update,298,permission_denied,42501,permission denied for table sensitive_data,0.70263
rbac_min_privilege,sensitive_update,299,permission_denied,42501,permission denied for table sensitive_data,0.605211
rbac_min_privilege,sensitive_update,300,permission_denied,42501,permission denied for table sensitive_data,0.68387
rbac_min_privilege,sensitive_update,301,permission_denied,42501,permission denied for table sensitive_data,0.76775
rbac_min_privilege,sensitive_update,302,permission_denied,42501,permission denied for table sensitive_data,0.871988
rbac_min_privilege,sensitive_update,303,permission_denied,42501,permission denied for table sensitive_data,0.679691
rbac_min_privilege,sensitive_update,304,permission_denied,42501,permission denied for table sensitive_data,0.582732
rbac_min_privilege,sensitive_update,305,permission_denied,42501,permission denied for table sensitive_data,0.582232
rbac_min_privilege,sensitive_update,306,permission_denied,42501,permission denied for table sensitive_data,0.666871
rbac_min_privilege,sensitive_update,307,permission_denied,42501,permission denied for table sensitive_data,0.619091
rbac_min_privilege,sensitive_update,308,permission_denied,42501,permission denied for table sensitive_data,0.611312
rbac_min_privilege,sensitive_update,309,permission_denied,42501,permission denied for table sensitive_data,0.602342
rbac_min_privilege,sensitive_update,310,permission_denied,42501,permission denied for table sensitive_data,0.602031
rbac_min_privilege,sensitive_update,311,permission_denied,42501,permission denied for table sensitive_data,0.753609
rbac_min_privilege,sensitive_update,312,permission_denied,42501,permission denied for table sensitive_data,0.601202
rbac_min_privilege,sensitive_update,313,permission_denied,42501,permission denied for table sensitive_data,0.70305
rbac_min_privilege,sensitive_update,314,permission_denied,42501,permission denied for table sensitive_data,0.627401
rbac_min_privilege,sensitive_update,315,permission_denied,42501,permission denied for table sensitive_data,0.799669
rbac_min_privilege,sensitive_update,316,permission_denied,42501,permission denied for table sensitive_data,0.634591
rbac_min_privilege,sensitive_update,317,permission_denied,42501,permission denied for table sensitive_data,0.589461
rbac_min_privilege,sensitive_update,318,permission_denied,42501,permission denied for table sensitive_data,0.405404
rbac_min_privilege,sensitive_update,319,permission_denied,42501,permission denied for table sensitive_data,0.630992
rbac_min_privilege,sensitive_update,320,permission_denied,42501,permission denied for table sensitive_data,0.882188
rbac_min_privilege,sensitive_update,321,permission_denied,42501,permission denied for table sensitive_data,0.75478
rbac_min_privilege,sensitive_update,322,permission_denied,42501,permission denied for table sensitive_data,0.762109
rbac_min_privilege,sensitive_update,323,permission_denied,42501,permission denied for table sensitive_data,0.73293
rbac_min_privilege,sensitive_update,324,permission_denied,42501,permission denied for table sensitive_data,0.771029
rbac_min_privilege,sensitive_update,325,permission_denied,42501,permission denied for table sensitive_data,0.76968
rbac_min_privilege,sensitive_update,326,permission_denied,42501,permission denied for table sensitive_data,0.833878
rbac_min_privilege,sensitive_update,327,permission_denied,42501,permission denied for table sensitive_data,0.72337
rbac_min_privilege,sensitive_update,328,permission_denied,42501,permission denied for table sensitive_data,0.873168
rbac_min_privilege,sensitive_update,329,permission_denied,42501,permission denied for table sensitive_data,0.785469
rbac_min_privilege,sensitive_update,330,permission_denied,42501,permission denied for table sensitive_data,0.765539
rbac_min_privilege,sensitive_update,331,permission_denied,42501,permission denied for table sensitive_data,0.968627
rbac_min_privilege,sensitive_update,332,permission_denied,42501,permission denied for table sensitive_data,0.865208
rbac_min_privilege,sensitive_update,333,permission_denied,42501,permission denied for table sensitive_data,0.849488
rbac_min_privilege,sensitive_update,334,permission_denied,42501,permission denied for table sensitive_data,1.031206
rbac_min_privilege,sensitive_update,335,permission_denied,42501,permission denied for table sensitive_data,0.828358
rbac_min_privilege,sensitive_update,336,permission_denied,42501,permission denied for table sensitive_data,0.981467
rbac_min_privilege,sensitive_update,337,permission_denied,42501,permission denied for table sensitive_data,0.812188
rbac_min_privilege,sensitive_update,338,permission_denied,42501,permission denied for table sensitive_data,0.969227
rbac_min_privilege,sensitive_update,339,permission_denied,42501,permission denied for table sensitive_data,0.800409
rbac_min_privilege,sensitive_update,340,permission_denied,42501,permission denied for table sensitive_data,0.76477
rbac_min_privilege,sensitive_update,341,permission_denied,42501,permission denied for table sensitive_data,0.72412
rbac_min_privilege,sensitive_update,342,permission_denied,42501,permission denied for table sensitive_data,0.782019
rbac_min_privilege,sensitive_update,343,permission_denied,42501,permission denied for table sensitive_data,0.72814
rbac_min_privilege,sensitive_update,344,permission_denied,42501,permission denied for table sensitive_data,0.770999
rbac_min_privilege,sensitive_update,345,permission_denied,42501,permission denied for table sensitive_data,0.7285
rbac_min_privilege,sensitive_update,346,permission_denied,42501,permission denied for table sensitive_data,0.826718
rbac_min_privilege,sensitive_update,347,permission_denied,42501,permission denied for table sensitive_data,0.627431
rbac_min_privilege,sensitive_update,348,permission_denied,42501,permission denied for table sensitive_data,0.76835
rbac_min_privilege,sensitive_update,349,permission_denied,42501,permission denied for table sensitive_data,0.72398
rbac_min_privilege,sensitive_update,350,permission_denied,42501,permission denied for table sensitive_data,0.897508
rbac_min_privilege,sensitive_update,351,permission_denied,42501,permission denied for table sensitive_data,0.70438
rbac_min_privilege,sensitive_update,352,permission_denied,42501,permission denied for table sensitive_data,0.715461
rbac_min_privilege,sensitive_update,353,permission_denied,42501,permission denied for table sensitive_data,0.768569
rbac_min_privilege,sensitive_update,354,permission_denied,42501,permission denied for table sensitive_data,0.7098
rbac_min_privilege,sensitive_update,355,permission_denied,42501,permission denied for table sensitive_data,0.7075
rbac_min_privilege,sensitive_update,356,permission_denied,42501,permission denied for table sensitive_data,0.719539
rbac_min_privilege,sensitive_update,357,permission_denied,42501,permission denied for table sensitive_data,0.71576
rbac_min_privilege,sensitive_update,358,permission_denied,42501,permission denied for table sensitive_data,0.6915
rbac_min_privilege,sensitive_update,359,permission_denied,42501,permission denied for table sensitive_data,0.71874
rbac_min_privilege,sensitive_update,360,permission_denied,42501,permission denied for table sensitive_data,0.75586
rbac_min_privilege,sensitive_update,361,permission_denied,42501,permission denied for table sensitive_data,0.73512
rbac_min_privilege,sensitive_update,362,permission_denied,42501,permission denied for table sensitive_data,0.75313
rbac_min_privilege,sensitive_update,363,permission_denied,42501,permission denied for table sensitive_data,0.842218
rbac_min_privilege,sensitive_update,364,permission_denied,42501,permission denied for table sensitive_data,0.784179
rbac_min_privilege,sensitive_update,365,permission_denied,42501,permission denied for table sensitive_data,0.831679
rbac_min_privilege,sensitive_update,366,permission_denied,42501,permission denied for table sensitive_data,0.70933
rbac_min_privilege,sensitive_update,367,permission_denied,42501,permission denied for table sensitive_data,0.72286
rbac_min_privilege,sensitive_update,368,permission_denied,42501,permission denied for table sensitive_data,0.7589
rbac_min_privilege,sensitive_update,369,permission_denied,42501,permission denied for table sensitive_data,0.701231
rbac_min_privilege,sensitive_update,370,permission_denied,42501,permission denied for table sensitive_data,0.74284
rbac_min_privilege,sensitive_update,371,permission_denied,42501,permission denied for table sensitive_data,0.767629
rbac_min_privilege,sensitive_update,372,permission_denied,42501,permission denied for table sensitive_data,0.701201
rbac_min_privilege,sensitive_update,373,permission_denied,42501,permission denied for table sensitive_data,0.75086
rbac_min_privilege,sensitive_update,374,permission_denied,42501,permission denied for table sensitive_data,0.748449
rbac_min_privilege,sensitive_update,375,permission_denied,42501,permission denied for table sensitive_data,0.760919
rbac_min_privilege,sensitive_update,376,permission_denied,42501,permission denied for table sensitive_data,0.870368
rbac_min_privilege,sensitive_update,377,permission_denied,42501,permission denied for table sensitive_data,0.754869
rbac_min_privilege,sensitive_update,378,permission_denied,42501,permission denied for table sensitive_data,0.846498
rbac_min_privilege,sensitive_update,379,permission_denied,42501,permission denied for table sensitive_data,0.845768
rbac_min_privilege,sensitive_update,380,permission_denied,42501,permission denied for table sensitive_data,0.848088
rbac_min_privilege,sensitive_update,381,permission_denied,42501,permission denied for table sensitive_data,0.786449
rbac_min_privilege,sensitive_update,382,permission_denied,42501,permission denied for table sensitive_data,0.797349
rbac_min_privilege,sensitive_update,383,permission_denied,42501,permission denied for table sensitive_data,0.805789
rbac_min_privilege,sensitive_update,384,permission_denied,42501,permission denied for table sensitive_data,0.859768
rbac_min_privilege,sensitive_update,385,permission_denied,42501,permission denied for table sensitive_data,0.771409
rbac_min_privilege,sensitive_update,386,permission_denied,42501,permission denied for table sensitive_data,0.68784
rbac_min_privilege,sensitive_update,387,permission_denied,42501,permission denied for table sensitive_data,0.71345
rbac_min_privilege,sensitive_update,388,permission_denied,42501,permission denied for table sensitive_data,0.685781
rbac_min_privilege,sensitive_update,389,permission_denied,42501,permission denied for table sensitive_data,0.70566
rbac_min_privilege,sensitive_update,390,permission_denied,42501,permission denied for table sensitive_data,0.657091
rbac_min_privilege,sensitive_update,391,permission_denied,42501,permission denied for table sensitive_data,0.787699
rbac_min_privilege,sensitive_update,392,permission_denied,42501,permission denied for table sensitive_data,0.741959
rbac_min_privilege,sensitive_update,393,permission_denied,42501,permission denied for table sensitive_data,0.656071
rbac_min_privilege,sensitive_update,394,permission_denied,42501,permission denied for table sensitive_data,0.800299
rbac_min_privilege,sensitive_update,395,permission_denied,42501,permission denied for table sensitive_data,0.75416
rbac_min_privilege,sensitive_update,396,permission_denied,42501,permission denied for table sensitive_data,0.576023
rbac_min_privilege,sensitive_update,397,permission_denied,42501,permission denied for table sensitive_data,0.70612
rbac_min_privilege,sensitive_update,398,permission_denied,42501,permission denied for table sensitive_data,0.644981
rbac_min_privilege,sensitive_update,399,permission_denied,42501,permission denied for table sensitive_data,0.810739
rbac_min_privilege,sensitive_update,400,permission_denied,42501,permission denied for table sensitive_data,0.73768
rbac_min_privilege,sensitive_update,401,permission_denied,42501,permission denied for table sensitive_data,0.813328
rbac_min_privilege,sensitive_update,402,permission_denied,42501,permission denied for table sensitive_data,0.827019
rbac_min_privilege,sensitive_update,403,permission_denied,42501,permission denied for table sensitive_data,0.767639
rbac_min_privilege,sensitive_update,404,permission_denied,42501,permission denied for table sensitive_data,0.653002
rbac_min_privilege,sensitive_update,405,permission_denied,42501,permission denied for table sensitive_data,0.630171
rbac_min_privilege,sensitive_update,406,permission_denied,42501,permission denied for table sensitive_data,0.802749
rbac_min_privilege,sensitive_update,407,permission_denied,42501,permission denied for table sensitive_data,0.74116
rbac_min_privilege,sensitive_update,408,permission_denied,42501,permission denied for table sensitive_data,0.852668
rbac_min_privilege,sensitive_update,409,permission_denied,42501,permission denied for table sensitive_data,0.812779
rbac_min_privilege,sensitive_update,410,permission_denied,42501,permission denied for table sensitive_data,0.71196
rbac_min_privilege,sensitive_update,411,permission_denied,42501,permission denied for table sensitive_data,0.72116
rbac_min_privilege,sensitive_update,412,permission_denied,42501,permission denied for table sensitive_data,0.7472
rbac_min_privilege,sensitive_update,413,permission_denied,42501,permission denied for table sensitive_data,0.743889
rbac_min_privilege,sensitive_update,414,permission_denied,42501,permission denied for table sensitive_data,0.840778
rbac_min_privilege,sensitive_update,415,permission_denied,42501,permission denied for table sensitive_data,0.779849
rbac_min_privilege,sensitive_update,416,permission_denied,42501,permission denied for table sensitive_data,0.708591
rbac_min_privilege,sensitive_update,417,permission_denied,42501,permission denied for table sensitive_data,0.774879
rbac_min_privilege,sensitive_update,418,permission_denied,42501,permission denied for table sensitive_data,0.676301
rbac_min_privilege,sensitive_update,419,permission_denied,42501,permission denied for table sensitive_data,0.70782
rbac_min_privilege,sensitive_update,420,permission_denied,42501,permission denied for table sensitive_data,0.75145
rbac_min_privilege,sensitive_update,421,permission_denied,42501,permission denied for table sensitive_data,0.657111
rbac_min_privilege,sensitive_update,422,permission_denied,42501,permission denied for table sensitive_data,0.657311
rbac_min_privilege,sensitive_update,423,permission_denied,42501,permission denied for table sensitive_data,0.787579
rbac_min_privilege,sensitive_update,424,permission_denied,42501,permission denied for table sensitive_data,0.74454
rbac_min_privilege,sensitive_update,425,permission_denied,42501,permission denied for table sensitive_data,0.69916
rbac_min_privilege,sensitive_update,426,permission_denied,42501,permission denied for table sensitive_data,0.68962
rbac_min_privilege,sensitive_update,427,permission_denied,42501,permission denied for table sensitive_data,0.842919
rbac_min_privilege,sensitive_update,428,permission_denied,42501,permission denied for table sensitive_data,0.748579
rbac_min_privilege,sensitive_update,429,permission_denied,42501,permission denied for table sensitive_data,0.74
rbac_min_privilege,sensitive_update,430,permission_denied,42501,permission denied for table sensitive_data,0.877108
rbac_min_privilege,sensitive_update,431,permission_denied,42501,permission denied for table sensitive_data,0.696261
rbac_min_privilege,sensitive_update,432,permission_denied,42501,permission denied for table sensitive_data,0.818269
rbac_min_privilege,sensitive_update,433,permission_denied,42501,permission denied for table sensitive_data,0.74864
rbac_min_privilege,sensitive_update,434,permission_denied,42501,permission denied for table sensitive_data,0.910007
rbac_min_privilege,sensitive_update,435,permission_denied,42501,permission denied for table sensitive_data,0.906348
rbac_min_privilege,sensitive_update,436,permission_denied,42501,permission denied for table sensitive_data,0.765599
rbac_min_privilege,sensitive_update,437,permission_denied,42501,permission denied for table sensitive_data,0.983836
rbac_min_privilege,sensitive_update,438,permission_denied,42501,permission denied for table sensitive_data,0.786669
rbac_min_privilege,sensitive_update,439,permission_denied,42501,permission denied for table sensitive_data,0.706551
rbac_min_privilege,sensitive_update,440,permission_denied,42501,permission denied for table sensitive_data,1.056725
rbac_min_privilege,sensitive_update,441,permission_denied,42501,permission denied for table sensitive_data,0.848599
rbac_min_privilege,sensitive_update,442,permission_denied,42501,permission denied for table sensitive_data,0.908337
rbac_min_privilege,sensitive_update,443,permission_denied,42501,permission denied for table sensitive_data,0.793599
rbac_min_privilege,sensitive_update,444,permission_denied,42501,permission denied for table sensitive_data,0.777099
rbac_min_privilege,sensitive_update,445,permission_denied,42501,permission denied for table sensitive_data,0.692241
rbac_min_privilege,sensitive_update,446,permission_denied,42501,permission denied for table sensitive_data,0.73709
rbac_min_privilege,sensitive_update,447,permission_denied,42501,permission denied for table sensitive_data,0.786679
rbac_min_privilege,sensitive_update,448,permission_denied,42501,permission denied for table sensitive_data,0.74747
rbac_min_privilege,sensitive_update,449,permission_denied,42501,permission denied for table sensitive_data,0.843408
rbac_min_privilege,sensitive_update,450,permission_denied,42501,permission denied for table sensitive_data,0.74036
rbac_min_privilege,sensitive_update,451,permission_denied,42501,permission denied for table sensitive_data,0.73267
rbac_min_privilege,sensitive_update,452,permission_denied,42501,permission denied for table sensitive_data,0.813019
rbac_min_privilege,sensitive_update,453,permission_denied,42501,permission denied for table sensitive_data,0.808399
rbac_min_privilege,sensitive_update,454,permission_denied,42501,permission denied for table sensitive_data,0.75491
rbac_min_privilege,sensitive_update,455,permission_denied,42501,permission denied for table sensitive_data,0.854319
rbac_min_privilege,sensitive_update,456,permission_denied,42501,permission denied for table sensitive_data,0.6751
rbac_min_privilege,sensitive_update,457,permission_denied,42501,permission denied for table sensitive_data,0.811159
rbac_min_privilege,sensitive_update,458,permission_denied,42501,permission denied for table sensitive_data,0.781509
rbac_min_privilege,sensitive_update,459,permission_denied,42501,permission denied for table sensitive_data,0.73332
rbac_min_privilege,sensitive_update,460,permission_denied,42501,permission denied for table sensitive_data,0.75106
rbac_min_privilege,sensitive_update,461,permission_denied,42501,permission denied for table sensitive_data,0.941097
rbac_min_privilege,sensitive_update,462,permission_denied,42501,permission denied for table sensitive_data,0.886628
rbac_min_privilege,sensitive_update,463,permission_denied,42501,permission denied for table sensitive_data,0.862928
rbac_min_privilege,sensitive_update,464,permission_denied,42501,permission denied for table sensitive_data,0.732919
rbac_min_privilege,sensitive_update,465,permission_denied,42501,permission denied for table sensitive_data,0.75177
rbac_min_privilege,sensitive_update,466,permission_denied,42501,permission denied for table sensitive_data,0.70889
rbac_min_privilege,sensitive_update,467,permission_denied,42501,permission denied for table sensitive_data,0.774599
rbac_min_privilege,sensitive_update,468,permission_denied,42501,permission denied for table sensitive_data,0.802189
rbac_min_privilege,sensitive_update,469,permission_denied,42501,permission denied for table sensitive_data,0.72882
rbac_min_privilege,sensitive_update,470,permission_denied,42501,permission denied for table sensitive_data,0.75317
rbac_min_privilege,sensitive_update,471,permission_denied,42501,permission denied for table sensitive_data,0.79363
rbac_min_privilege,sensitive_update,472,permission_denied,42501,permission denied for table sensitive_data,0.842618
rbac_min_privilege,sensitive_update,473,permission_denied,42501,permission denied for table sensitive_data,0.858108
rbac_min_privilege,sensitive_update,474,permission_denied,42501,permission denied for table sensitive_data,0.75639
rbac_min_privilege,sensitive_update,475,permission_denied,42501,permission denied for table sensitive_data,0.893558
rbac_min_privilege,sensitive_update,476,permission_denied,42501,permission denied for table sensitive_data,0.805039
rbac_min_privilege,sensitive_update,477,permission_denied,42501,permission denied for table sensitive_data,0.755019
rbac_min_privilege,sensitive_update,478,permission_denied,42501,permission denied for table sensitive_data,0.78634
rbac_min_privilege,sensitive_update,479,permission_denied,42501,permission denied for table sensitive_data,0.743249
rbac_min_privilege,sensitive_update,480,permission_denied,42501,permission denied for table sensitive_data,0.795978
rbac_min_privilege,sensitive_update,481,permission_denied,42501,permission denied for table sensitive_data,0.869018
rbac_min_privilege,sensitive_update,482,permission_denied,42501,permission denied for table sensitive_data,0.676001
rbac_min_privilege,sensitive_update,483,permission_denied,42501,permission denied for table sensitive_data,0.70561
rbac_min_privilege,sensitive_update,484,permission_denied,42501,permission denied for table sensitive_data,0.836068
rbac_min_privilege,sensitive_update,485,permission_denied,42501,permission denied for table sensitive_data,0.738369
rbac_min_privilege,sensitive_update,486,permission_denied,42501,permission denied for table sensitive_data,0.823379
rbac_min_privilege,sensitive_update,487,permission_denied,42501,permission denied for table sensitive_data,0.922927
rbac_min_privilege,sensitive_update,488,permission_denied,42501,permission denied for table sensitive_data,0.834719
rbac_min_privilege,sensitive_update,489,permission_denied,42501,permission denied for table sensitive_data,0.810809
rbac_min_privilege,sensitive_update,490,permission_denied,42501,permission denied for table sensitive_data,0.781249
rbac_min_privilege,sensitive_update,491,permission_denied,42501,permission denied for table sensitive_data,0.780659
rbac_min_privilege,sensitive_update,492,permission_denied,42501,permission denied for table sensitive_data,1.094385
rbac_min_privilege,sensitive_update,493,permission_denied,42501,permission denied for table sensitive_data,0.915058
rbac_min_privilege,sensitive_update,494,permission_denied,42501,permission denied for table sensitive_data,0.852609
rbac_min_privilege,sensitive_update,495,permission_denied,42501,permission denied for table sensitive_data,0.816958
rbac_min_privilege,sensitive_update,496,permission_denied,42501,permission denied for table sensitive_data,0.855978
rbac_min_privilege,sensitive_update,497,permission_denied,42501,permission denied for table sensitive_data,0.804379
rbac_min_privilege,sensitive_update,498,permission_denied,42501,permission denied for table sensitive_data,0.912087
rbac_min_privilege,sensitive_update,499,permission_denied,42501,permission denied for table sensitive_data,0.654101
rbac_min_privilege,sensitive_update,500,permission_denied,42501,permission denied for table sensitive_data,0.71438
rbac_min_privilege,sensitive_delete,1,permission_denied,42501,permission denied for table sensitive_data,0.71294
rbac_min_privilege,sensitive_delete,2,permission_denied,42501,permission denied for table sensitive_data,0.641571
rbac_min_privilege,sensitive_delete,3,permission_denied,42501,permission denied for table sensitive_data,0.67032
rbac_min_privilege,sensitive_delete,4,permission_denied,42501,permission denied for table sensitive_data,0.699461
rbac_min_privilege,sensitive_delete,5,permission_denied,42501,permission denied for table sensitive_data,0.634821
rbac_min_privilege,sensitive_delete,6,permission_denied,42501,permission denied for table sensitive_data,0.72696
rbac_min_privilege,sensitive_delete,7,permission_denied,42501,permission denied for table sensitive_data,0.659251
rbac_min_privilege,sensitive_delete,8,permission_denied,42501,permission denied for table sensitive_data,0.70075
rbac_min_privilege,sensitive_delete,9,permission_denied,42501,permission denied for table sensitive_data,0.71753
rbac_min_privilege,sensitive_delete,10,permission_denied,42501,permission denied for table sensitive_data,0.634322
rbac_min_privilege,sensitive_delete,11,permission_denied,42501,permission denied for table sensitive_data,0.664761
rbac_min_privilege,sensitive_delete,12,permission_denied,42501,permission denied for table sensitive_data,0.778319
rbac_min_privilege,sensitive_delete,13,permission_denied,42501,permission denied for table sensitive_data,0.73135
rbac_min_privilege,sensitive_delete,14,permission_denied,42501,permission denied for table sensitive_data,0.7502
rbac_min_privilege,sensitive_delete,15,permission_denied,42501,permission denied for table sensitive_data,0.694451
rbac_min_privilege,sensitive_delete,16,permission_denied,42501,permission denied for table sensitive_data,0.7059
rbac_min_privilege,sensitive_delete,17,permission_denied,42501,permission denied for table sensitive_data,0.588042
rbac_min_privilege,sensitive_delete,18,permission_denied,42501,permission denied for table sensitive_data,0.617711
rbac_min_privilege,sensitive_delete,19,permission_denied,42501,permission denied for table sensitive_data,0.608952
rbac_min_privilege,sensitive_delete,20,permission_denied,42501,permission denied for table sensitive_data,0.682591
rbac_min_privilege,sensitive_delete,21,permission_denied,42501,permission denied for table sensitive_data,0.752339
rbac_min_privilege,sensitive_delete,22,permission_denied,42501,permission denied for table sensitive_data,0.619611
rbac_min_privilege,sensitive_delete,23,permission_denied,42501,permission denied for table sensitive_data,0.648501
rbac_min_privilege,sensitive_delete,24,permission_denied,42501,permission denied for table sensitive_data,0.71847
rbac_min_privilege,sensitive_delete,25,permission_denied,42501,permission denied for table sensitive_data,0.614542
rbac_min_privilege,sensitive_delete,26,permission_denied,42501,permission denied for table sensitive_data,0.583532
rbac_min_privilege,sensitive_delete,27,permission_denied,42501,permission denied for table sensitive_data,0.777149
rbac_min_privilege,sensitive_delete,28,permission_denied,42501,permission denied for table sensitive_data,0.607111
rbac_min_privilege,sensitive_delete,29,permission_denied,42501,permission denied for table sensitive_data,0.623782
rbac_min_privilege,sensitive_delete,30,permission_denied,42501,permission denied for table sensitive_data,0.77319
rbac_min_privilege,sensitive_delete,31,permission_denied,42501,permission denied for table sensitive_data,0.687071
rbac_min_privilege,sensitive_delete,32,permission_denied,42501,permission denied for table sensitive_data,0.588122
rbac_min_privilege,sensitive_delete,33,permission_denied,42501,permission denied for table sensitive_data,0.589262
rbac_min_privilege,sensitive_delete,34,permission_denied,42501,permission denied for table sensitive_data,0.541033
rbac_min_privilege,sensitive_delete,35,permission_denied,42501,permission denied for table sensitive_data,0.594431
rbac_min_privilege,sensitive_delete,36,permission_denied,42501,permission denied for table sensitive_data,0.665951
rbac_min_privilege,sensitive_delete,37,permission_denied,42501,permission denied for table sensitive_data,0.656421
rbac_min_privilege,sensitive_delete,38,permission_denied,42501,permission denied for table sensitive_data,0.617382
rbac_min_privilege,sensitive_delete,39,permission_denied,42501,permission denied for table sensitive_data,0.72031
rbac_min_privilege,sensitive_delete,40,permission_denied,42501,permission denied for table sensitive_data,0.677381
rbac_min_privilege,sensitive_delete,41,permission_denied,42501,permission denied for table sensitive_data,0.72751
rbac_min_privilege,sensitive_delete,42,permission_denied,42501,permission denied for table sensitive_data,0.6546
rbac_min_privilege,sensitive_delete,43,permission_denied,42501,permission denied for table sensitive_data,0.654231
rbac_min_privilege,sensitive_delete,44,permission_denied,42501,permission denied for table sensitive_data,0.70005
rbac_min_privilege,sensitive_delete,45,permission_denied,42501,permission denied for table sensitive_data,0.770189
rbac_min_privilege,sensitive_delete,46,permission_denied,42501,permission denied for table sensitive_data,0.824928
rbac_min_privilege,sensitive_delete,47,permission_denied,42501,permission denied for table sensitive_data,0.676911
rbac_min_privilege,sensitive_delete,48,permission_denied,42501,permission denied for table sensitive_data,0.656661
rbac_min_privilege,sensitive_delete,49,permission_denied,42501,permission denied for table sensitive_data,0.548302
rbac_min_privilege,sensitive_delete,50,permission_denied,42501,permission denied for table sensitive_data,0.684821
rbac_min_privilege,sensitive_delete,51,permission_denied,42501,permission denied for table sensitive_data,0.600131
rbac_min_privilege,sensitive_delete,52,permission_denied,42501,permission denied for table sensitive_data,0.71756
rbac_min_privilege,sensitive_delete,53,permission_denied,42501,permission denied for table sensitive_data,0.614801
rbac_min_privilege,sensitive_delete,54,permission_denied,42501,permission denied for table sensitive_data,0.696771
rbac_min_privilege,sensitive_delete,55,permission_denied,42501,permission denied for table sensitive_data,0.595232
rbac_min_privilege,sensitive_delete,56,permission_denied,42501,permission denied for table sensitive_data,0.650251
rbac_min_privilege,sensitive_delete,57,permission_denied,42501,permission denied for table sensitive_data,0.712721
rbac_min_privilege,sensitive_delete,58,permission_denied,42501,permission denied for table sensitive_data,0.658081
rbac_min_privilege,sensitive_delete,59,permission_denied,42501,permission denied for table sensitive_data,0.666331
rbac_min_privilege,sensitive_delete,60,permission_denied,42501,permission denied for table sensitive_data,0.601452
rbac_min_privilege,sensitive_delete,61,permission_denied,42501,permission denied for table sensitive_data,0.593822
rbac_min_privilege,sensitive_delete,62,permission_denied,42501,permission denied for table sensitive_data,0.547452
rbac_min_privilege,sensitive_delete,63,permission_denied,42501,permission denied for table sensitive_data,0.620422
rbac_min_privilege,sensitive_delete,64,permission_denied,42501,permission denied for table sensitive_data,0.589792
rbac_min_privilege,sensitive_delete,65,permission_denied,42501,permission denied for table sensitive_data,0.596172
rbac_min_privilege,sensitive_delete,66,permission_denied,42501,permission denied for table sensitive_data,0.475473
rbac_min_privilege,sensitive_delete,67,permission_denied,42501,permission denied for table sensitive_data,0.585132
rbac_min_privilege,sensitive_delete,68,permission_denied,42501,permission denied for table sensitive_data,0.559912
rbac_min_privilege,sensitive_delete,69,permission_denied,42501,permission denied for table sensitive_data,0.690221
rbac_min_privilege,sensitive_delete,70,permission_denied,42501,permission denied for table sensitive_data,0.570072
rbac_min_privilege,sensitive_delete,71,permission_denied,42501,permission denied for table sensitive_data,0.534763
rbac_min_privilege,sensitive_delete,72,permission_denied,42501,permission denied for table sensitive_data,0.658721
rbac_min_privilege,sensitive_delete,73,permission_denied,42501,permission denied for table sensitive_data,0.555872
rbac_min_privilege,sensitive_delete,74,permission_denied,42501,permission denied for table sensitive_data,0.588792
rbac_min_privilege,sensitive_delete,75,permission_denied,42501,permission denied for table sensitive_data,0.516963
rbac_min_privilege,sensitive_delete,76,permission_denied,42501,permission denied for table sensitive_data,0.504913
rbac_min_privilege,sensitive_delete,77,permission_denied,42501,permission denied for table sensitive_data,0.69943
rbac_min_privilege,sensitive_delete,78,permission_denied,42501,permission denied for table sensitive_data,0.641261
rbac_min_privilege,sensitive_delete,79,permission_denied,42501,permission denied for table sensitive_data,0.625611
rbac_min_privilege,sensitive_delete,80,permission_denied,42501,permission denied for table sensitive_data,0.601692
rbac_min_privilege,sensitive_delete,81,permission_denied,42501,permission denied for table sensitive_data,0.68851
rbac_min_privilege,sensitive_delete,82,permission_denied,42501,permission denied for table sensitive_data,0.638491
rbac_min_privilege,sensitive_delete,83,permission_denied,42501,permission denied for table sensitive_data,0.624451
rbac_min_privilege,sensitive_delete,84,permission_denied,42501,permission denied for table sensitive_data,0.614981
rbac_min_privilege,sensitive_delete,85,permission_denied,42501,permission denied for table sensitive_data,0.627632
rbac_min_privilege,sensitive_delete,86,permission_denied,42501,permission denied for table sensitive_data,0.654311
rbac_min_privilege,sensitive_delete,87,permission_denied,42501,permission denied for table sensitive_data,0.68749
rbac_min_privilege,sensitive_delete,88,permission_denied,42501,permission denied for table sensitive_data,0.605501
rbac_min_privilege,sensitive_delete,89,permission_denied,42501,permission denied for table sensitive_data,0.604242
rbac_min_privilege,sensitive_delete,90,permission_denied,42501,permission denied for table sensitive_data,0.742429
rbac_min_privilege,sensitive_delete,91,permission_denied,42501,permission denied for table sensitive_data,0.70513
rbac_min_privilege,sensitive_delete,92,permission_denied,42501,permission denied for table sensitive_data,0.593742
rbac_min_privilege,sensitive_delete,93,permission_denied,42501,permission denied for table sensitive_data,0.595732
rbac_min_privilege,sensitive_delete,94,permission_denied,42501,permission denied for table sensitive_data,0.680261
rbac_min_privilege,sensitive_delete,95,permission_denied,42501,permission denied for table sensitive_data,0.68663
rbac_min_privilege,sensitive_delete,96,permission_denied,42501,permission denied for table sensitive_data,0.801179
rbac_min_privilege,sensitive_delete,97,permission_denied,42501,permission denied for table sensitive_data,0.74805
rbac_min_privilege,sensitive_delete,98,permission_denied,42501,permission denied for table sensitive_data,0.64968
rbac_min_privilege,sensitive_delete,99,permission_denied,42501,permission denied for table sensitive_data,0.671341
rbac_min_privilege,sensitive_delete,100,permission_denied,42501,permission denied for table sensitive_data,0.880228
rbac_min_privilege,sensitive_delete,101,permission_denied,42501,permission denied for table sensitive_data,0.761369
rbac_min_privilege,sensitive_delete,102,permission_denied,42501,permission denied for table sensitive_data,0.588072
rbac_min_privilege,sensitive_delete,103,permission_denied,42501,permission denied for table sensitive_data,0.646311
rbac_min_privilege,sensitive_delete,104,permission_denied,42501,permission denied for table sensitive_data,0.7043
rbac_min_privilege,sensitive_delete,105,permission_denied,42501,permission denied for table sensitive_data,0.69115
rbac_min_privilege,sensitive_delete,106,permission_denied,42501,permission denied for table sensitive_data,0.631972
rbac_min_privilege,sensitive_delete,107,permission_denied,42501,permission denied for table sensitive_data,0.653151
rbac_min_privilege,sensitive_delete,108,permission_denied,42501,permission denied for table sensitive_data,0.583312
rbac_min_privilege,sensitive_delete,109,permission_denied,42501,permission denied for table sensitive_data,0.73161
rbac_min_privilege,sensitive_delete,110,permission_denied,42501,permission denied for table sensitive_data,0.595382
rbac_min_privilege,sensitive_delete,111,permission_denied,42501,permission denied for table sensitive_data,0.609302
rbac_min_privilege,sensitive_delete,112,permission_denied,42501,permission denied for table sensitive_data,0.71463
rbac_min_privilege,sensitive_delete,113,permission_denied,42501,permission denied for table sensitive_data,0.599961
rbac_min_privilege,sensitive_delete,114,permission_denied,42501,permission denied for table sensitive_data,0.570962
rbac_min_privilege,sensitive_delete,115,permission_denied,42501,permission denied for table sensitive_data,0.587552
rbac_min_privilege,sensitive_delete,116,permission_denied,42501,permission denied for table sensitive_data,0.524783
rbac_min_privilege,sensitive_delete,117,permission_denied,42501,permission denied for table sensitive_data,0.539893
rbac_min_privilege,sensitive_delete,118,permission_denied,42501,permission denied for table sensitive_data,0.537752
rbac_min_privilege,sensitive_delete,119,permission_denied,42501,permission denied for table sensitive_data,0.582103
rbac_min_privilege,sensitive_delete,120,permission_denied,42501,permission denied for table sensitive_data,0.596542
rbac_min_privilege,sensitive_delete,121,permission_denied,42501,permission denied for table sensitive_data,0.645801
rbac_min_privilege,sensitive_delete,122,permission_denied,42501,permission denied for table sensitive_data,0.567442
rbac_min_privilege,sensitive_delete,123,permission_denied,42501,permission denied for table sensitive_data,0.71126
rbac_min_privilege,sensitive_delete,124,permission_denied,42501,permission denied for table sensitive_data,0.586682
rbac_min_privilege,sensitive_delete,125,permission_denied,42501,permission denied for table sensitive_data,0.640681
rbac_min_privilege,sensitive_delete,126,permission_denied,42501,permission denied for table sensitive_data,0.737309
rbac_min_privilege,sensitive_delete,127,permission_denied,42501,permission denied for table sensitive_data,0.622631
rbac_min_privilege,sensitive_delete,128,permission_denied,42501,permission denied for table sensitive_data,0.429094
rbac_min_privilege,sensitive_delete,129,permission_denied,42501,permission denied for table sensitive_data,0.568762
rbac_min_privilege,sensitive_delete,130,permission_denied,42501,permission denied for table sensitive_data,0.626811
rbac_min_privilege,sensitive_delete,131,permission_denied,42501,permission denied for table sensitive_data,0.578092
rbac_min_privilege,sensitive_delete,132,permission_denied,42501,permission denied for table sensitive_data,0.660961
rbac_min_privilege,sensitive_delete,133,permission_denied,42501,permission denied for table sensitive_data,0.592982
rbac_min_privilege,sensitive_delete,134,permission_denied,42501,permission denied for table sensitive_data,0.639661
rbac_min_privilege,sensitive_delete,135,permission_denied,42501,permission denied for table sensitive_data,0.647392
rbac_min_privilege,sensitive_delete,136,permission_denied,42501,permission denied for table sensitive_data,0.68538
rbac_min_privilege,sensitive_delete,137,permission_denied,42501,permission denied for table sensitive_data,0.621302
rbac_min_privilege,sensitive_delete,138,permission_denied,42501,permission denied for table sensitive_data,0.566673
rbac_min_privilege,sensitive_delete,139,permission_denied,42501,permission denied for table sensitive_data,0.671241
rbac_min_privilege,sensitive_delete,140,permission_denied,42501,permission denied for table sensitive_data,0.652251
rbac_min_privilege,sensitive_delete,141,permission_denied,42501,permission denied for table sensitive_data,0.686861
rbac_min_privilege,sensitive_delete,142,permission_denied,42501,permission denied for table sensitive_data,0.623981
rbac_min_privilege,sensitive_delete,143,permission_denied,42501,permission denied for table sensitive_data,0.7363
rbac_min_privilege,sensitive_delete,144,permission_denied,42501,permission denied for table sensitive_data,0.825218
rbac_min_privilege,sensitive_delete,145,permission_denied,42501,permission denied for table sensitive_data,0.800699
rbac_min_privilege,sensitive_delete,146,permission_denied,42501,permission denied for table sensitive_data,0.661181
rbac_min_privilege,sensitive_delete,147,permission_denied,42501,permission denied for table sensitive_data,0.67296
rbac_min_privilege,sensitive_delete,148,permission_denied,42501,permission denied for table sensitive_data,0.862928
rbac_min_privilege,sensitive_delete,149,permission_denied,42501,permission denied for table sensitive_data,0.606602
rbac_min_privilege,sensitive_delete,150,permission_denied,42501,permission denied for table sensitive_data,0.839738
rbac_min_privilege,sensitive_delete,151,permission_denied,42501,permission denied for table sensitive_data,0.762539
rbac_min_privilege,sensitive_delete,152,permission_denied,42501,permission denied for table sensitive_data,0.68723
rbac_min_privilege,sensitive_delete,153,permission_denied,42501,permission denied for table sensitive_data,0.805539
rbac_min_privilege,sensitive_delete,154,permission_denied,42501,permission denied for table sensitive_data,0.6757
rbac_min_privilege,sensitive_delete,155,permission_denied,42501,permission denied for table sensitive_data,0.753589
rbac_min_privilege,sensitive_delete,156,permission_denied,42501,permission denied for table sensitive_data,0.640041
rbac_min_privilege,sensitive_delete,157,permission_denied,42501,permission denied for table sensitive_data,0.68475
rbac_min_privilege,sensitive_delete,158,permission_denied,42501,permission denied for table sensitive_data,0.798289
rbac_min_privilege,sensitive_delete,159,permission_denied,42501,permission denied for table sensitive_data,0.75841
rbac_min_privilege,sensitive_delete,160,permission_denied,42501,permission denied for table sensitive_data,0.608581
rbac_min_privilege,sensitive_delete,161,permission_denied,42501,permission denied for table sensitive_data,0.753559
rbac_min_privilege,sensitive_delete,162,permission_denied,42501,permission denied for table sensitive_data,0.657201
rbac_min_privilege,sensitive_delete,163,permission_denied,42501,permission denied for table sensitive_data,0.598572
rbac_min_privilege,sensitive_delete,164,permission_denied,42501,permission denied for table sensitive_data,0.839789
rbac_min_privilege,sensitive_delete,165,permission_denied,42501,permission denied for table sensitive_data,0.74719
rbac_min_privilege,sensitive_delete,166,permission_denied,42501,permission denied for table sensitive_data,0.7163
rbac_min_privilege,sensitive_delete,167,permission_denied,42501,permission denied for table sensitive_data,0.678211
rbac_min_privilege,sensitive_delete,168,permission_denied,42501,permission denied for table sensitive_data,0.623891
rbac_min_privilege,sensitive_delete,169,permission_denied,42501,permission denied for table sensitive_data,0.69921
rbac_min_privilege,sensitive_delete,170,permission_denied,42501,permission denied for table sensitive_data,0.551232
rbac_min_privilege,sensitive_delete,171,permission_denied,42501,permission denied for table sensitive_data,0.69973
rbac_min_privilege,sensitive_delete,172,permission_denied,42501,permission denied for table sensitive_data,0.71581
rbac_min_privilege,sensitive_delete,173,permission_denied,42501,permission denied for table sensitive_data,0.631341
rbac_min_privilege,sensitive_delete,174,permission_denied,42501,permission denied for table sensitive_data,0.837508
rbac_min_privilege,sensitive_delete,175,permission_denied,42501,permission denied for table sensitive_data,0.681151
rbac_min_privilege,sensitive_delete,176,permission_denied,42501,permission denied for table sensitive_data,0.766859
rbac_min_privilege,sensitive_delete,177,permission_denied,42501,permission denied for table sensitive_data,0.667061
rbac_min_privilege,sensitive_delete,178,permission_denied,42501,permission denied for table sensitive_data,0.717081
rbac_min_privilege,sensitive_delete,179,permission_denied,42501,permission denied for table sensitive_data,0.68732
rbac_min_privilege,sensitive_delete,180,permission_denied,42501,permission denied for table sensitive_data,0.74909
rbac_min_privilege,sensitive_delete,181,permission_denied,42501,permission denied for table sensitive_data,0.7331
rbac_min_privilege,sensitive_delete,182,permission_denied,42501,permission denied for table sensitive_data,0.767719
rbac_min_privilege,sensitive_delete,183,permission_denied,42501,permission denied for table sensitive_data,0.657631
rbac_min_privilege,sensitive_delete,184,permission_denied,42501,permission denied for table sensitive_data,0.761599
rbac_min_privilege,sensitive_delete,185,permission_denied,42501,permission denied for table sensitive_data,0.742129
rbac_min_privilege,sensitive_delete,186,permission_denied,42501,permission denied for table sensitive_data,0.655021
rbac_min_privilege,sensitive_delete,187,permission_denied,42501,permission denied for table sensitive_data,0.830668
rbac_min_privilege,sensitive_delete,188,permission_denied,42501,permission denied for table sensitive_data,0.663962
rbac_min_privilege,sensitive_delete,189,permission_denied,42501,permission denied for table sensitive_data,0.71578
rbac_min_privilege,sensitive_delete,190,permission_denied,42501,permission denied for table sensitive_data,0.573981
rbac_min_privilege,sensitive_delete,191,permission_denied,42501,permission denied for table sensitive_data,0.67327
rbac_min_privilege,sensitive_delete,192,permission_denied,42501,permission denied for table sensitive_data,0.667851
rbac_min_privilege,sensitive_delete,193,permission_denied,42501,permission denied for table sensitive_data,0.751039
rbac_min_privilege,sensitive_delete,194,permission_denied,42501,permission denied for table sensitive_data,0.72695
rbac_min_privilege,sensitive_delete,195,permission_denied,42501,permission denied for table sensitive_data,0.695941
rbac_min_privilege,sensitive_delete,196,permission_denied,42501,permission denied for table sensitive_data,0.76978
rbac_min_privilege,sensitive_delete,197,permission_denied,42501,permission denied for table sensitive_data,0.68174
rbac_min_privilege,sensitive_delete,198,permission_denied,42501,permission denied for table sensitive_data,0.76683
rbac_min_privilege,sensitive_delete,199,permission_denied,42501,permission denied for table sensitive_data,0.932657
rbac_min_privilege,sensitive_delete,200,permission_denied,42501,permission denied for table sensitive_data,0.72296
rbac_min_privilege,sensitive_delete,201,permission_denied,42501,permission denied for table sensitive_data,0.71818
rbac_min_privilege,sensitive_delete,202,permission_denied,42501,permission denied for table sensitive_data,0.658111
rbac_min_privilege,sensitive_delete,203,permission_denied,42501,permission denied for table sensitive_data,0.7514
rbac_min_privilege,sensitive_delete,204,permission_denied,42501,permission denied for table sensitive_data,0.7344
rbac_min_privilege,sensitive_delete,205,permission_denied,42501,permission denied for table sensitive_data,0.7276
rbac_min_privilege,sensitive_delete,206,permission_denied,42501,permission denied for table sensitive_data,0.645771
rbac_min_privilege,sensitive_delete,207,permission_denied,42501,permission denied for table sensitive_data,0.649581
rbac_min_privilege,sensitive_delete,208,permission_denied,42501,permission denied for table sensitive_data,0.664431
rbac_min_privilege,sensitive_delete,209,permission_denied,42501,permission denied for table sensitive_data,0.7636
rbac_min_privilege,sensitive_delete,210,permission_denied,42501,permission denied for table sensitive_data,0.813709
rbac_min_privilege,sensitive_delete,211,permission_denied,42501,permission denied for table sensitive_data,0.894577
rbac_min_privilege,sensitive_delete,212,permission_denied,42501,permission denied for table sensitive_data,0.74165
rbac_min_privilege,sensitive_delete,213,permission_denied,42501,permission denied for table sensitive_data,0.73801
rbac_min_privilege,sensitive_delete,214,permission_denied,42501,permission denied for table sensitive_data,0.68029
rbac_min_privilege,sensitive_delete,215,permission_denied,42501,permission denied for table sensitive_data,0.733759
rbac_min_privilege,sensitive_delete,216,permission_denied,42501,permission denied for table sensitive_data,0.772989
rbac_min_privilege,sensitive_delete,217,permission_denied,42501,permission denied for table sensitive_data,0.889917
rbac_min_privilege,sensitive_delete,218,permission_denied,42501,permission denied for table sensitive_data,0.6751
rbac_min_privilege,sensitive_delete,219,permission_denied,42501,permission denied for table sensitive_data,0.75729
rbac_min_privilege,sensitive_delete,220,permission_denied,42501,permission denied for table sensitive_data,0.7859
rbac_min_privilege,sensitive_delete,221,permission_denied,42501,permission denied for table sensitive_data,0.845118
rbac_min_privilege,sensitive_delete,222,permission_denied,42501,permission denied for table sensitive_data,0.924407
rbac_min_privilege,sensitive_delete,223,permission_denied,42501,permission denied for table sensitive_data,0.71472
rbac_min_privilege,sensitive_delete,224,permission_denied,42501,permission denied for table sensitive_data,0.797889
rbac_min_privilege,sensitive_delete,225,permission_denied,42501,permission denied for table sensitive_data,0.72295
rbac_min_privilege,sensitive_delete,226,permission_denied,42501,permission denied for table sensitive_data,0.73458
rbac_min_privilege,sensitive_delete,227,permission_denied,42501,permission denied for table sensitive_data,0.72533
rbac_min_privilege,sensitive_delete,228,permission_denied,42501,permission denied for table sensitive_data,0.795749
rbac_min_privilege,sensitive_delete,229,permission_denied,42501,permission denied for table sensitive_data,0.861689
rbac_min_privilege,sensitive_delete,230,permission_denied,42501,permission denied for table sensitive_data,0.71153
rbac_min_privilege,sensitive_delete,231,permission_denied,42501,permission denied for table sensitive_data,0.69239
rbac_min_privilege,sensitive_delete,232,permission_denied,42501,permission denied for table sensitive_data,0.810509
rbac_min_privilege,sensitive_delete,233,permission_denied,42501,permission denied for table sensitive_data,0.735089
rbac_min_privilege,sensitive_delete,234,permission_denied,42501,permission denied for table sensitive_data,0.766019
rbac_min_privilege,sensitive_delete,235,permission_denied,42501,permission denied for table sensitive_data,0.772679
rbac_min_privilege,sensitive_delete,236,permission_denied,42501,permission denied for table sensitive_data,0.767969
rbac_min_privilege,sensitive_delete,237,permission_denied,42501,permission denied for table sensitive_data,0.71188
rbac_min_privilege,sensitive_delete,238,permission_denied,42501,permission denied for table sensitive_data,0.7365
rbac_min_privilege,sensitive_delete,239,permission_denied,42501,permission denied for table sensitive_data,0.71909
rbac_min_privilege,sensitive_delete,240,permission_denied,42501,permission denied for table sensitive_data,0.70457
rbac_min_privilege,sensitive_delete,241,permission_denied,42501,permission denied for table sensitive_data,0.69391
rbac_min_privilege,sensitive_delete,242,permission_denied,42501,permission denied for table sensitive_data,0.7566
rbac_min_privilege,sensitive_delete,243,permission_denied,42501,permission denied for table sensitive_data,0.744369
rbac_min_privilege,sensitive_delete,244,permission_denied,42501,permission denied for table sensitive_data,0.819379
rbac_min_privilege,sensitive_delete,245,permission_denied,42501,permission denied for table sensitive_data,0.70015
rbac_min_privilege,sensitive_delete,246,permission_denied,42501,permission denied for table sensitive_data,0.736789
rbac_min_privilege,sensitive_delete,247,permission_denied,42501,permission denied for table sensitive_data,0.74338
rbac_min_privilege,sensitive_delete,248,permission_denied,42501,permission denied for table sensitive_data,0.932407
rbac_min_privilege,sensitive_delete,249,permission_denied,42501,permission denied for table sensitive_data,0.696811
rbac_min_privilege,sensitive_delete,250,permission_denied,42501,permission denied for table sensitive_data,0.670681
rbac_min_privilege,sensitive_delete,251,permission_denied,42501,permission denied for table sensitive_data,0.661181
rbac_min_privilege,sensitive_delete,252,permission_denied,42501,permission denied for table sensitive_data,0.71103
rbac_min_privilege,sensitive_delete,253,permission_denied,42501,permission denied for table sensitive_data,0.74888
rbac_min_privilege,sensitive_delete,254,permission_denied,42501,permission denied for table sensitive_data,0.671201
rbac_min_privilege,sensitive_delete,255,permission_denied,42501,permission denied for table sensitive_data,0.70344
rbac_min_privilege,sensitive_delete,256,permission_denied,42501,permission denied for table sensitive_data,0.6569
rbac_min_privilege,sensitive_delete,257,permission_denied,42501,permission denied for table sensitive_data,0.654251
rbac_min_privilege,sensitive_delete,258,permission_denied,42501,permission denied for table sensitive_data,0.74815
rbac_min_privilege,sensitive_delete,259,permission_denied,42501,permission denied for table sensitive_data,0.74384
rbac_min_privilege,sensitive_delete,260,permission_denied,42501,permission denied for table sensitive_data,0.72514
rbac_min_privilege,sensitive_delete,261,permission_denied,42501,permission denied for table sensitive_data,0.712551
rbac_min_privilege,sensitive_delete,262,permission_denied,42501,permission denied for table sensitive_data,0.66278
rbac_min_privilege,sensitive_delete,263,permission_denied,42501,permission denied for table sensitive_data,0.817368
rbac_min_privilege,sensitive_delete,264,permission_denied,42501,permission denied for table sensitive_data,0.887258
rbac_min_privilege,sensitive_delete,265,permission_denied,42501,permission denied for table sensitive_data,0.7148
rbac_min_privilege,sensitive_delete,266,permission_denied,42501,permission denied for table sensitive_data,0.628151
rbac_min_privilege,sensitive_delete,267,permission_denied,42501,permission denied for table sensitive_data,0.637371
rbac_min_privilege,sensitive_delete,268,permission_denied,42501,permission denied for table sensitive_data,0.695931
rbac_min_privilege,sensitive_delete,269,permission_denied,42501,permission denied for table sensitive_data,0.787259
rbac_min_privilege,sensitive_delete,270,permission_denied,42501,permission denied for table sensitive_data,0.826928
rbac_min_privilege,sensitive_delete,271,permission_denied,42501,permission denied for table sensitive_data,0.785649
rbac_min_privilege,sensitive_delete,272,permission_denied,42501,permission denied for table sensitive_data,0.757939
rbac_min_privilege,sensitive_delete,273,permission_denied,42501,permission denied for table sensitive_data,0.71207
rbac_min_privilege,sensitive_delete,274,permission_denied,42501,permission denied for table sensitive_data,0.71738
rbac_min_privilege,sensitive_delete,275,permission_denied,42501,permission denied for table sensitive_data,0.72646
rbac_min_privilege,sensitive_delete,276,permission_denied,42501,permission denied for table sensitive_data,0.803299
rbac_min_privilege,sensitive_delete,277,permission_denied,42501,permission denied for table sensitive_data,0.783019
rbac_min_privilege,sensitive_delete,278,permission_denied,42501,permission denied for table sensitive_data,0.663861
rbac_min_privilege,sensitive_delete,279,permission_denied,42501,permission denied for table sensitive_data,0.680231
rbac_min_privilege,sensitive_delete,280,permission_denied,42501,permission denied for table sensitive_data,0.67219
rbac_min_privilege,sensitive_delete,281,permission_denied,42501,permission denied for table sensitive_data,0.649311
rbac_min_privilege,sensitive_delete,282,permission_denied,42501,permission denied for table sensitive_data,0.570122
rbac_min_privilege,sensitive_delete,283,permission_denied,42501,permission denied for table sensitive_data,0.645761
rbac_min_privilege,sensitive_delete,284,permission_denied,42501,permission denied for table sensitive_data,0.821008
rbac_min_privilege,sensitive_delete,285,permission_denied,42501,permission denied for table sensitive_data,0.70889
rbac_min_privilege,sensitive_delete,286,permission_denied,42501,permission denied for table sensitive_data,0.69402
rbac_min_privilege,sensitive_delete,287,permission_denied,42501,permission denied for table sensitive_data,0.744869
rbac_min_privilege,sensitive_delete,288,permission_denied,42501,permission denied for table sensitive_data,0.629031
rbac_min_privilege,sensitive_delete,289,permission_denied,42501,permission denied for table sensitive_data,0.695671
rbac_min_privilege,sensitive_delete,290,permission_denied,42501,permission denied for table sensitive_data,0.75075
rbac_min_privilege,sensitive_delete,291,permission_denied,42501,permission denied for table sensitive_data,0.72939
rbac_min_privilege,sensitive_delete,292,permission_denied,42501,permission denied for table sensitive_data,0.74062
rbac_min_privilege,sensitive_delete,293,permission_denied,42501,permission denied for table sensitive_data,0.645631
rbac_min_privilege,sensitive_delete,294,permission_denied,42501,permission denied for table sensitive_data,0.776759
rbac_min_privilege,sensitive_delete,295,permission_denied,42501,permission denied for table sensitive_data,0.837359
rbac_min_privilege,sensitive_delete,296,permission_denied,42501,permission denied for table sensitive_data,0.888098
rbac_min_privilege,sensitive_delete,297,permission_denied,42501,permission denied for table sensitive_data,0.758489
rbac_min_privilege,sensitive_delete,298,permission_denied,42501,permission denied for table sensitive_data,0.664991
rbac_min_privilege,sensitive_delete,299,permission_denied,42501,permission denied for table sensitive_data,0.716541
rbac_min_privilege,sensitive_delete,300,permission_denied,42501,permission denied for table sensitive_data,0.73263
rbac_min_privilege,sensitive_delete,301,permission_denied,42501,permission denied for table sensitive_data,0.72348
rbac_min_privilege,sensitive_delete,302,permission_denied,42501,permission denied for table sensitive_data,0.70748
rbac_min_privilege,sensitive_delete,303,permission_denied,42501,permission denied for table sensitive_data,0.78332
rbac_min_privilege,sensitive_delete,304,permission_denied,42501,permission denied for table sensitive_data,0.845028
rbac_min_privilege,sensitive_delete,305,permission_denied,42501,permission denied for table sensitive_data,0.70105
rbac_min_privilege,sensitive_delete,306,permission_denied,42501,permission denied for table sensitive_data,0.73091
rbac_min_privilege,sensitive_delete,307,permission_denied,42501,permission denied for table sensitive_data,0.71674
rbac_min_privilege,sensitive_delete,308,permission_denied,42501,permission denied for table sensitive_data,0.77692
rbac_min_privilege,sensitive_delete,309,permission_denied,42501,permission denied for table sensitive_data,0.935608
rbac_min_privilege,sensitive_delete,310,permission_denied,42501,permission denied for table sensitive_data,0.782409
rbac_min_privilege,sensitive_delete,311,permission_denied,42501,permission denied for table sensitive_data,0.740269
rbac_min_privilege,sensitive_delete,312,permission_denied,42501,permission denied for table sensitive_data,0.681221
rbac_min_privilege,sensitive_delete,313,permission_denied,42501,permission denied for table sensitive_data,0.868788
rbac_min_privilege,sensitive_delete,314,permission_denied,42501,permission denied for table sensitive_data,0.944857
rbac_min_privilege,sensitive_delete,315,permission_denied,42501,permission denied for table sensitive_data,0.750789
rbac_min_privilege,sensitive_delete,316,permission_denied,42501,permission denied for table sensitive_data,0.820558
rbac_min_privilege,sensitive_delete,317,permission_denied,42501,permission denied for table sensitive_data,0.807699
rbac_min_privilege,sensitive_delete,318,permission_denied,42501,permission denied for table sensitive_data,0.782919
rbac_min_privilege,sensitive_delete,319,permission_denied,42501,permission denied for table sensitive_data,0.897357
rbac_min_privilege,sensitive_delete,320,permission_denied,42501,permission denied for table sensitive_data,0.72542
rbac_min_privilege,sensitive_delete,321,permission_denied,42501,permission denied for table sensitive_data,0.833879
rbac_min_privilege,sensitive_delete,322,permission_denied,42501,permission denied for table sensitive_data,0.66362
rbac_min_privilege,sensitive_delete,323,permission_denied,42501,permission denied for table sensitive_data,0.658191
rbac_min_privilege,sensitive_delete,324,permission_denied,42501,permission denied for table sensitive_data,0.67896
rbac_min_privilege,sensitive_delete,325,permission_denied,42501,permission denied for table sensitive_data,0.622702
rbac_min_privilege,sensitive_delete,326,permission_denied,42501,permission denied for table sensitive_data,0.7188
rbac_min_privilege,sensitive_delete,327,permission_denied,42501,permission denied for table sensitive_data,0.749749
rbac_min_privilege,sensitive_delete,328,permission_denied,42501,permission denied for table sensitive_data,0.76161
rbac_min_privilege,sensitive_delete,329,permission_denied,42501,permission denied for table sensitive_data,0.71889
rbac_min_privilege,sensitive_delete,330,permission_denied,42501,permission denied for table sensitive_data,0.795879
rbac_min_privilege,sensitive_delete,331,permission_denied,42501,permission denied for table sensitive_data,0.865568
rbac_min_privilege,sensitive_delete,332,permission_denied,42501,permission denied for table sensitive_data,0.71118
rbac_min_privilege,sensitive_delete,333,permission_denied,42501,permission denied for table sensitive_data,0.814699
rbac_min_privilege,sensitive_delete,334,permission_denied,42501,permission denied for table sensitive_data,0.824829
rbac_min_privilege,sensitive_delete,335,permission_denied,42501,permission denied for table sensitive_data,0.73612
rbac_min_privilege,sensitive_delete,336,permission_denied,42501,permission denied for table sensitive_data,0.69202
rbac_min_privilege,sensitive_delete,337,permission_denied,42501,permission denied for table sensitive_data,0.703611
rbac_min_privilege,sensitive_delete,338,permission_denied,42501,permission denied for table sensitive_data,0.618632
rbac_min_privilege,sensitive_delete,339,permission_denied,42501,permission denied for table sensitive_data,0.72436
rbac_min_privilege,sensitive_delete,340,permission_denied,42501,permission denied for table sensitive_data,0.72047
rbac_min_privilege,sensitive_delete,341,permission_denied,42501,permission denied for table sensitive_data,0.709441
rbac_min_privilege,sensitive_delete,342,permission_denied,42501,permission denied for table sensitive_data,0.70336
rbac_min_privilege,sensitive_delete,343,permission_denied,42501,permission denied for table sensitive_data,0.68998
rbac_min_privilege,sensitive_delete,344,permission_denied,42501,permission denied for table sensitive_data,0.74557
rbac_min_privilege,sensitive_delete,345,permission_denied,42501,permission denied for table sensitive_data,0.681891
rbac_min_privilege,sensitive_delete,346,permission_denied,42501,permission denied for table sensitive_data,0.74912
rbac_min_privilege,sensitive_delete,347,permission_denied,42501,permission denied for table sensitive_data,0.73273
rbac_min_privilege,sensitive_delete,348,permission_denied,42501,permission denied for table sensitive_data,0.737419
rbac_min_privilege,sensitive_delete,349,permission_denied,42501,permission denied for table sensitive_data,0.78648
rbac_min_privilege,sensitive_delete,350,permission_denied,42501,permission denied for table sensitive_data,0.71211
rbac_min_privilege,sensitive_delete,351,permission_denied,42501,permission denied for table sensitive_data,0.768249
rbac_min_privilege,sensitive_delete,352,permission_denied,42501,permission denied for table sensitive_data,0.814359
rbac_min_privilege,sensitive_delete,353,permission_denied,42501,permission denied for table sensitive_data,0.753219
rbac_min_privilege,sensitive_delete,354,permission_denied,42501,permission denied for table sensitive_data,0.635571
rbac_min_privilege,sensitive_delete,355,permission_denied,42501,permission denied for table sensitive_data,0.69819
rbac_min_privilege,sensitive_delete,356,permission_denied,42501,permission denied for table sensitive_data,0.630722
rbac_min_privilege,sensitive_delete,357,permission_denied,42501,permission denied for table sensitive_data,0.625241
rbac_min_privilege,sensitive_delete,358,permission_denied,42501,permission denied for table sensitive_data,0.644751
rbac_min_privilege,sensitive_delete,359,permission_denied,42501,permission denied for table sensitive_data,0.609162
rbac_min_privilege,sensitive_delete,360,permission_denied,42501,permission denied for table sensitive_data,0.74924
rbac_min_privilege,sensitive_delete,361,permission_denied,42501,permission denied for table sensitive_data,0.795598
rbac_min_privilege,sensitive_delete,362,permission_denied,42501,permission denied for table sensitive_data,0.787319
rbac_min_privilege,sensitive_delete,363,permission_denied,42501,permission denied for table sensitive_data,0.901038
rbac_min_privilege,sensitive_delete,364,permission_denied,42501,permission denied for table sensitive_data,0.693411
rbac_min_privilege,sensitive_delete,365,permission_denied,42501,permission denied for table sensitive_data,0.661551
rbac_min_privilege,sensitive_delete,366,permission_denied,42501,permission denied for table sensitive_data,0.640461
rbac_min_privilege,sensitive_delete,367,permission_denied,42501,permission denied for table sensitive_data,0.635261
rbac_min_privilege,sensitive_delete,368,permission_denied,42501,permission denied for table sensitive_data,0.617511
rbac_min_privilege,sensitive_delete,369,permission_denied,42501,permission denied for table sensitive_data,0.572392
rbac_min_privilege,sensitive_delete,370,permission_denied,42501,permission denied for table sensitive_data,0.606592
rbac_min_privilege,sensitive_delete,371,permission_denied,42501,permission denied for table sensitive_data,0.604192
rbac_min_privilege,sensitive_delete,372,permission_denied,42501,permission denied for table sensitive_data,0.648511
rbac_min_privilege,sensitive_delete,373,permission_denied,42501,permission denied for table sensitive_data,0.823398
rbac_min_privilege,sensitive_delete,374,permission_denied,42501,permission denied for table sensitive_data,0.807059
rbac_min_privilege,sensitive_delete,375,permission_denied,42501,permission denied for table sensitive_data,0.647762
rbac_min_privilege,sensitive_delete,376,permission_denied,42501,permission denied for table sensitive_data,0.649002
rbac_min_privilege,sensitive_delete,377,permission_denied,42501,permission denied for table sensitive_data,0.70569
rbac_min_privilege,sensitive_delete,378,permission_denied,42501,permission denied for table sensitive_data,0.72732
rbac_min_privilege,sensitive_delete,379,permission_denied,42501,permission denied for table sensitive_data,0.714711
rbac_min_privilege,sensitive_delete,380,permission_denied,42501,permission denied for table sensitive_data,0.67014
rbac_min_privilege,sensitive_delete,381,permission_denied,42501,permission denied for table sensitive_data,0.754139
rbac_min_privilege,sensitive_delete,382,permission_denied,42501,permission denied for table sensitive_data,0.646422
rbac_min_privilege,sensitive_delete,383,permission_denied,42501,permission denied for table sensitive_data,0.73416
rbac_min_privilege,sensitive_delete,384,permission_denied,42501,permission denied for table sensitive_data,0.791829
rbac_min_privilege,sensitive_delete,385,permission_denied,42501,permission denied for table sensitive_data,0.73759
rbac_min_privilege,sensitive_delete,386,permission_denied,42501,permission denied for table sensitive_data,0.74107
rbac_min_privilege,sensitive_delete,387,permission_denied,42501,permission denied for table sensitive_data,0.792209
rbac_min_privilege,sensitive_delete,388,permission_denied,42501,permission denied for table sensitive_data,0.664631
rbac_min_privilege,sensitive_delete,389,permission_denied,42501,permission denied for table sensitive_data,0.762739
rbac_min_privilege,sensitive_delete,390,permission_denied,42501,permission denied for table sensitive_data,0.75827
rbac_min_privilege,sensitive_delete,391,permission_denied,42501,permission denied for table sensitive_data,0.634641
rbac_min_privilege,sensitive_delete,392,permission_denied,42501,permission denied for table sensitive_data,0.784019
rbac_min_privilege,sensitive_delete,393,permission_denied,42501,permission denied for table sensitive_data,0.70634
rbac_min_privilege,sensitive_delete,394,permission_denied,42501,permission denied for table sensitive_data,1.019486
rbac_min_privilege,sensitive_delete,395,permission_denied,42501,permission denied for table sensitive_data,0.837889
rbac_min_privilege,sensitive_delete,396,permission_denied,42501,permission denied for table sensitive_data,0.894418
rbac_min_privilege,sensitive_delete,397,permission_denied,42501,permission denied for table sensitive_data,0.819048
rbac_min_privilege,sensitive_delete,398,permission_denied,42501,permission denied for table sensitive_data,0.842208
rbac_min_privilege,sensitive_delete,399,permission_denied,42501,permission denied for table sensitive_data,0.818998
rbac_min_privilege,sensitive_delete,400,permission_denied,42501,permission denied for table sensitive_data,1.134804
rbac_min_privilege,sensitive_delete,401,permission_denied,42501,permission denied for table sensitive_data,0.921327
rbac_min_privilege,sensitive_delete,402,permission_denied,42501,permission denied for table sensitive_data,1.066675
rbac_min_privilege,sensitive_delete,403,permission_denied,42501,permission denied for table sensitive_data,1.031866
rbac_min_privilege,sensitive_delete,404,permission_denied,42501,permission denied for table sensitive_data,1.136284
rbac_min_privilege,sensitive_delete,405,permission_denied,42501,permission denied for table sensitive_data,0.962956
rbac_min_privilege,sensitive_delete,406,permission_denied,42501,permission denied for table sensitive_data,0.996536
rbac_min_privilege,sensitive_delete,407,permission_denied,42501,permission denied for table sensitive_data,0.981796
rbac_min_privilege,sensitive_delete,408,permission_denied,42501,permission denied for table sensitive_data,0.921327
rbac_min_privilege,sensitive_delete,409,permission_denied,42501,permission denied for table sensitive_data,1.203833
rbac_min_privilege,sensitive_delete,410,permission_denied,42501,permission denied for table sensitive_data,0.910957
rbac_min_privilege,sensitive_delete,411,permission_denied,42501,permission denied for table sensitive_data,0.894027
rbac_min_privilege,sensitive_delete,412,permission_denied,42501,permission denied for table sensitive_data,0.878618
rbac_min_privilege,sensitive_delete,413,permission_denied,42501,permission denied for table sensitive_data,0.938547
rbac_min_privilege,sensitive_delete,414,permission_denied,42501,permission denied for table sensitive_data,0.944367
rbac_min_privilege,sensitive_delete,415,permission_denied,42501,permission denied for table sensitive_data,0.917917
rbac_min_privilege,sensitive_delete,416,permission_denied,42501,permission denied for table sensitive_data,0.840978
rbac_min_privilege,sensitive_delete,417,permission_denied,42501,permission denied for table sensitive_data,0.893088
rbac_min_privilege,sensitive_delete,418,permission_denied,42501,permission denied for table sensitive_data,0.820948
rbac_min_privilege,sensitive_delete,419,permission_denied,42501,permission denied for table sensitive_data,0.904808
rbac_min_privilege,sensitive_delete,420,permission_denied,42501,permission denied for table sensitive_data,0.874038
rbac_min_privilege,sensitive_delete,421,permission_denied,42501,permission denied for table sensitive_data,0.927267
rbac_min_privilege,sensitive_delete,422,permission_denied,42501,permission denied for table sensitive_data,0.895087
rbac_min_privilege,sensitive_delete,423,permission_denied,42501,permission denied for table sensitive_data,0.819689
rbac_min_privilege,sensitive_delete,424,permission_denied,42501,permission denied for table sensitive_data,0.968176
rbac_min_privilege,sensitive_delete,425,permission_denied,42501,permission denied for table sensitive_data,0.909278
rbac_min_privilege,sensitive_delete,426,permission_denied,42501,permission denied for table sensitive_data,0.933197
rbac_min_privilege,sensitive_delete,427,permission_denied,42501,permission denied for table sensitive_data,0.868148
rbac_min_privilege,sensitive_delete,428,permission_denied,42501,permission denied for table sensitive_data,0.901017
rbac_min_privilege,sensitive_delete,429,permission_denied,42501,permission denied for table sensitive_data,0.935707
rbac_min_privilege,sensitive_delete,430,permission_denied,42501,permission denied for table sensitive_data,0.906117
rbac_min_privilege,sensitive_delete,431,permission_denied,42501,permission denied for table sensitive_data,0.817929
rbac_min_privilege,sensitive_delete,432,permission_denied,42501,permission denied for table sensitive_data,0.845978
rbac_min_privilege,sensitive_delete,433,permission_denied,42501,permission denied for table sensitive_data,0.816999
rbac_min_privilege,sensitive_delete,434,permission_denied,42501,permission denied for table sensitive_data,0.979557
rbac_min_privilege,sensitive_delete,435,permission_denied,42501,permission denied for table sensitive_data,0.913007
rbac_min_privilege,sensitive_delete,436,permission_denied,42501,permission denied for table sensitive_data,0.899288
rbac_min_privilege,sensitive_delete,437,permission_denied,42501,permission denied for table sensitive_data,0.827398
rbac_min_privilege,sensitive_delete,438,permission_denied,42501,permission denied for table sensitive_data,0.910638
rbac_min_privilege,sensitive_delete,439,permission_denied,42501,permission denied for table sensitive_data,0.866048
rbac_min_privilege,sensitive_delete,440,permission_denied,42501,permission denied for table sensitive_data,0.887637
rbac_min_privilege,sensitive_delete,441,permission_denied,42501,permission denied for table sensitive_data,1.049995
rbac_min_privilege,sensitive_delete,442,permission_denied,42501,permission denied for table sensitive_data,0.945937
rbac_min_privilege,sensitive_delete,443,permission_denied,42501,permission denied for table sensitive_data,0.997656
rbac_min_privilege,sensitive_delete,444,permission_denied,42501,permission denied for table sensitive_data,0.890977
rbac_min_privilege,sensitive_delete,445,permission_denied,42501,permission denied for table sensitive_data,0.985456
rbac_min_privilege,sensitive_delete,446,permission_denied,42501,permission denied for table sensitive_data,0.859358
rbac_min_privilege,sensitive_delete,447,permission_denied,42501,permission denied for table sensitive_data,0.955637
rbac_min_privilege,sensitive_delete,448,permission_denied,42501,permission denied for table sensitive_data,0.924007
rbac_min_privilege,sensitive_delete,449,permission_denied,42501,permission denied for table sensitive_data,0.934478
rbac_min_privilege,sensitive_delete,450,permission_denied,42501,permission denied for table sensitive_data,0.898828
rbac_min_privilege,sensitive_delete,451,permission_denied,42501,permission denied for table sensitive_data,0.920477
rbac_min_privilege,sensitive_delete,452,permission_denied,42501,permission denied for table sensitive_data,0.849779
rbac_min_privilege,sensitive_delete,453,permission_denied,42501,permission denied for table sensitive_data,0.921948
rbac_min_privilege,sensitive_delete,454,permission_denied,42501,permission denied for table sensitive_data,0.849478
rbac_min_privilege,sensitive_delete,455,permission_denied,42501,permission denied for table sensitive_data,0.922537
rbac_min_privilege,sensitive_delete,456,permission_denied,42501,permission denied for table sensitive_data,1.044876
rbac_min_privilege,sensitive_delete,457,permission_denied,42501,permission denied for table sensitive_data,0.908667
rbac_min_privilege,sensitive_delete,458,permission_denied,42501,permission denied for table sensitive_data,0.892458
rbac_min_privilege,sensitive_delete,459,permission_denied,42501,permission denied for table sensitive_data,0.949367
rbac_min_privilege,sensitive_delete,460,permission_denied,42501,permission denied for table sensitive_data,0.845938
rbac_min_privilege,sensitive_delete,461,permission_denied,42501,permission denied for table sensitive_data,0.882497
rbac_min_privilege,sensitive_delete,462,permission_denied,42501,permission denied for table sensitive_data,0.950197
rbac_min_privilege,sensitive_delete,463,permission_denied,42501,permission denied for table sensitive_data,0.943457
rbac_min_privilege,sensitive_delete,464,permission_denied,42501,permission denied for table sensitive_data,0.939107
rbac_min_privilege,sensitive_delete,465,permission_denied,42501,permission denied for table sensitive_data,0.946997
rbac_min_privilege,sensitive_delete,466,permission_denied,42501,permission denied for table sensitive_data,0.847858
rbac_min_privilege,sensitive_delete,467,permission_denied,42501,permission denied for table sensitive_data,0.879438
rbac_min_privilege,sensitive_delete,468,permission_denied,42501,permission denied for table sensitive_data,1.018336
rbac_min_privilege,sensitive_delete,469,permission_denied,42501,permission denied for table sensitive_data,0.908327
rbac_min_privilege,sensitive_delete,470,permission_denied,42501,permission denied for table sensitive_data,0.895518
rbac_min_privilege,sensitive_delete,471,permission_denied,42501,permission denied for table sensitive_data,0.874107
rbac_min_privilege,sensitive_delete,472,permission_denied,42501,permission denied for table sensitive_data,1.025037
rbac_min_privilege,sensitive_delete,473,permission_denied,42501,permission denied for table sensitive_data,0.860298
rbac_min_privilege,sensitive_delete,474,permission_denied,42501,permission denied for table sensitive_data,0.872488
rbac_min_privilege,sensitive_delete,475,permission_denied,42501,permission denied for table sensitive_data,0.70873
rbac_min_privilege,sensitive_delete,476,permission_denied,42501,permission denied for table sensitive_data,0.770259
rbac_min_privilege,sensitive_delete,477,permission_denied,42501,permission denied for table sensitive_data,0.70665
rbac_min_privilege,sensitive_delete,478,permission_denied,42501,permission denied for table sensitive_data,0.71688
rbac_min_privilege,sensitive_delete,479,permission_denied,42501,permission denied for table sensitive_data,0.70446
rbac_min_privilege,sensitive_delete,480,permission_denied,42501,permission denied for table sensitive_data,0.645482
rbac_min_privilege,sensitive_delete,481,permission_denied,42501,permission denied for table sensitive_data,0.584332
rbac_min_privilege,sensitive_delete,482,permission_denied,42501,permission denied for table sensitive_data,0.637361
rbac_min_privilege,sensitive_delete,483,permission_denied,42501,permission denied for table sensitive_data,0.579742
rbac_min_privilege,sensitive_delete,484,permission_denied,42501,permission denied for table sensitive_data,0.599122
rbac_min_privilege,sensitive_delete,485,permission_denied,42501,permission denied for table sensitive_data,0.578712
rbac_min_privilege,sensitive_delete,486,permission_denied,42501,permission denied for table sensitive_data,0.592332
rbac_min_privilege,sensitive_delete,487,permission_denied,42501,permission denied for table sensitive_data,0.641341
rbac_min_privilege,sensitive_delete,488,permission_denied,42501,permission denied for table sensitive_data,0.74698
rbac_min_privilege,sensitive_delete,489,permission_denied,42501,permission denied for table sensitive_data,0.579242
rbac_min_privilege,sensitive_delete,490,permission_denied,42501,permission denied for table sensitive_data,0.573442
rbac_min_privilege,sensitive_delete,491,permission_denied,42501,permission denied for table sensitive_data,0.73959
rbac_min_privilege,sensitive_delete,492,permission_denied,42501,permission denied for table sensitive_data,0.606231
rbac_min_privilege,sensitive_delete,493,permission_denied,42501,permission denied for table sensitive_data,0.614982
rbac_min_privilege,sensitive_delete,494,permission_denied,42501,permission denied for table sensitive_data,0.609051
rbac_min_privilege,sensitive_delete,495,permission_denied,42501,permission denied for table sensitive_data,0.554462
rbac_min_privilege,sensitive_delete,496,permission_denied,42501,permission denied for table sensitive_data,0.648781
rbac_min_privilege,sensitive_delete,497,permission_denied,42501,permission denied for table sensitive_data,0.598102
rbac_min_privilege,sensitive_delete,498,permission_denied,42501,permission denied for table sensitive_data,0.632201
rbac_min_privilege,sensitive_delete,499,permission_denied,42501,permission denied for table sensitive_data,0.683511
rbac_min_privilege,sensitive_delete,500,permission_denied,42501,permission denied for table sensitive_data,0.604432
rbac_min_privilege,privilege_escalation,1,permission_denied,42501,permission denied to create role,0.520853
rbac_min_privilege,privilege_escalation,2,permission_denied,42501,permission denied to create role,0.470774
rbac_min_privilege,privilege_escalation,3,permission_denied,42501,permission denied to create role,0.400664
rbac_min_privilege,privilege_escalation,4,permission_denied,42501,permission denied to create role,0.381205
rbac_min_privilege,privilege_escalation,5,permission_denied,42501,permission denied to create role,0.388035
rbac_min_privilege,privilege_escalation,6,permission_denied,42501,permission denied to create role,0.462843
rbac_min_privilege,privilege_escalation,7,permission_denied,42501,permission denied to create role,0.370325
rbac_min_privilege,privilege_escalation,8,permission_denied,42501,permission denied to create role,0.386195
rbac_min_privilege,privilege_escalation,9,permission_denied,42501,permission denied to create role,0.421814
rbac_min_privilege,privilege_escalation,10,permission_denied,42501,permission denied to create role,0.406774
rbac_min_privilege,privilege_escalation,11,permission_denied,42501,permission denied to create role,0.432634
rbac_min_privilege,privilege_escalation,12,permission_denied,42501,permission denied to create role,0.418964
rbac_min_privilege,privilege_escalation,13,permission_denied,42501,permission denied to create role,0.422944
rbac_min_privilege,privilege_escalation,14,permission_denied,42501,permission denied to create role,0.387314
rbac_min_privilege,privilege_escalation,15,permission_denied,42501,permission denied to create role,0.389845
rbac_min_privilege,privilege_escalation,16,permission_denied,42501,permission denied to create role,0.565252
rbac_min_privilege,privilege_escalation,17,permission_denied,42501,permission denied to create role,0.469903
rbac_min_privilege,privilege_escalation,18,permission_denied,42501,permission denied to create role,0.509353
rbac_min_privilege,privilege_escalation,19,permission_denied,42501,permission denied to create role,0.393675
rbac_min_privilege,privilege_escalation,20,permission_denied,42501,permission denied to create role,0.470213
rbac_min_privilege,privilege_escalation,21,permission_denied,42501,permission denied to create role,0.482033
rbac_min_privilege,privilege_escalation,22,permission_denied,42501,permission denied to create role,0.448744
rbac_min_privilege,privilege_escalation,23,permission_denied,42501,permission denied to create role,0.439504
rbac_min_privilege,privilege_escalation,24,permission_denied,42501,permission denied to create role,0.401225
rbac_min_privilege,privilege_escalation,25,permission_denied,42501,permission denied to create role,0.382714
rbac_min_privilege,privilege_escalation,26,permission_denied,42501,permission denied to create role,0.465844
rbac_min_privilege,privilege_escalation,27,permission_denied,42501,permission denied to create role,0.449143
rbac_min_privilege,privilege_escalation,28,permission_denied,42501,permission denied to create role,0.437954
rbac_min_privilege,privilege_escalation,29,permission_denied,42501,permission denied to create role,0.409604
rbac_min_privilege,privilege_escalation,30,permission_denied,42501,permission denied to create role,0.351295
rbac_min_privilege,privilege_escalation,31,permission_denied,42501,permission denied to create role,0.398555
rbac_min_privilege,privilege_escalation,32,permission_denied,42501,permission denied to create role,0.424784
rbac_min_privilege,privilege_escalation,33,permission_denied,42501,permission denied to create role,0.517003
rbac_min_privilege,privilege_escalation,34,permission_denied,42501,permission denied to create role,0.459963
rbac_min_privilege,privilege_escalation,35,permission_denied,42501,permission denied to create role,0.406154
rbac_min_privilege,privilege_escalation,36,permission_denied,42501,permission denied to create role,0.394134
rbac_min_privilege,privilege_escalation,37,permission_denied,42501,permission denied to create role,0.357855
rbac_min_privilege,privilege_escalation,38,permission_denied,42501,permission denied to create role,0.414364
rbac_min_privilege,privilege_escalation,39,permission_denied,42501,permission denied to create role,0.372735
rbac_min_privilege,privilege_escalation,40,permission_denied,42501,permission denied to create role,0.379764
rbac_min_privilege,privilege_escalation,41,permission_denied,42501,permission denied to create role,0.405875
rbac_min_privilege,privilege_escalation,42,permission_denied,42501,permission denied to create role,0.446414
rbac_min_privilege,privilege_escalation,43,permission_denied,42501,permission denied to create role,0.334396
rbac_min_privilege,privilege_escalation,44,permission_denied,42501,permission denied to create role,0.410154
rbac_min_privilege,privilege_escalation,45,permission_denied,42501,permission denied to create role,0.390925
rbac_min_privilege,privilege_escalation,46,permission_denied,42501,permission denied to create role,0.351245
rbac_min_privilege,privilege_escalation,47,permission_denied,42501,permission denied to create role,0.374084
rbac_min_privilege,privilege_escalation,48,permission_denied,42501,permission denied to create role,0.353095
rbac_min_privilege,privilege_escalation,49,permission_denied,42501,permission denied to create role,0.352115
rbac_min_privilege,privilege_escalation,50,permission_denied,42501,permission denied to create role,0.381275
rbac_min_privilege,privilege_escalation,51,permission_denied,42501,permission denied to create role,0.392584
rbac_min_privilege,privilege_escalation,52,permission_denied,42501,permission denied to create role,0.426135
rbac_min_privilege,privilege_escalation,53,permission_denied,42501,permission denied to create role,0.378095
rbac_min_privilege,privilege_escalation,54,permission_denied,42501,permission denied to create role,0.391044
rbac_min_privilege,privilege_escalation,55,permission_denied,42501,permission denied to create role,0.402765
rbac_min_privilege,privilege_escalation,56,permission_denied,42501,permission denied to create role,0.432144
rbac_min_privilege,privilege_escalation,57,permission_denied,42501,permission denied to create role,0.454904
rbac_min_privilege,privilege_escalation,58,permission_denied,42501,permission denied to create role,0.414104
rbac_min_privilege,privilege_escalation,59,permission_denied,42501,permission denied to create role,0.446664
rbac_min_privilege,privilege_escalation,60,permission_denied,42501,permission denied to create role,0.408564
rbac_min_privilege,privilege_escalation,61,permission_denied,42501,permission denied to create role,0.462394
rbac_min_privilege,privilege_escalation,62,permission_denied,42501,permission denied to create role,0.456754
rbac_min_privilege,privilege_escalation,63,permission_denied,42501,permission denied to create role,0.488643
rbac_min_privilege,privilege_escalation,64,permission_denied,42501,permission denied to create role,0.570452
rbac_min_privilege,privilege_escalation,65,permission_denied,42501,permission denied to create role,0.613292
rbac_min_privilege,privilege_escalation,66,permission_denied,42501,permission denied to create role,0.492553
rbac_min_privilege,privilege_escalation,67,permission_denied,42501,permission denied to create role,0.421204
rbac_min_privilege,privilege_escalation,68,permission_denied,42501,permission denied to create role,0.546623
rbac_min_privilege,privilege_escalation,69,permission_denied,42501,permission denied to create role,0.484943
rbac_min_privilege,privilege_escalation,70,permission_denied,42501,permission denied to create role,0.505544
rbac_min_privilege,privilege_escalation,71,permission_denied,42501,permission denied to create role,0.473634
rbac_min_privilege,privilege_escalation,72,permission_denied,42501,permission denied to create role,0.516953
rbac_min_privilege,privilege_escalation,73,permission_denied,42501,permission denied to create role,0.482953
rbac_min_privilege,privilege_escalation,74,permission_denied,42501,permission denied to create role,0.590072
rbac_min_privilege,privilege_escalation,75,permission_denied,42501,permission denied to create role,0.482674
rbac_min_privilege,privilege_escalation,76,permission_denied,42501,permission denied to create role,0.427494
rbac_min_privilege,privilege_escalation,77,permission_denied,42501,permission denied to create role,0.616792
rbac_min_privilege,privilege_escalation,78,permission_denied,42501,permission denied to create role,0.475583
rbac_min_privilege,privilege_escalation,79,permission_denied,42501,permission denied to create role,0.432054
rbac_min_privilege,privilege_escalation,80,permission_denied,42501,permission denied to create role,0.437854
rbac_min_privilege,privilege_escalation,81,permission_denied,42501,permission denied to create role,0.444874
rbac_min_privilege,privilege_escalation,82,permission_denied,42501,permission denied to create role,0.432534
rbac_min_privilege,privilege_escalation,83,permission_denied,42501,permission denied to create role,0.491563
rbac_min_privilege,privilege_escalation,84,permission_denied,42501,permission denied to create role,0.455724
rbac_min_privilege,privilege_escalation,85,permission_denied,42501,permission denied to create role,0.411715
rbac_min_privilege,privilege_escalation,86,permission_denied,42501,permission denied to create role,0.422924
rbac_min_privilege,privilege_escalation,87,permission_denied,42501,permission denied to create role,0.411684
rbac_min_privilege,privilege_escalation,88,permission_denied,42501,permission denied to create role,0.485823
rbac_min_privilege,privilege_escalation,89,permission_denied,42501,permission denied to create role,0.498743
rbac_min_privilege,privilege_escalation,90,permission_denied,42501,permission denied to create role,0.434434
rbac_min_privilege,privilege_escalation,91,permission_denied,42501,permission denied to create role,0.474703
rbac_min_privilege,privilege_escalation,92,permission_denied,42501,permission denied to create role,0.519052
rbac_min_privilege,privilege_escalation,93,permission_denied,42501,permission denied to create role,0.436524
rbac_min_privilege,privilege_escalation,94,permission_denied,42501,permission denied to create role,0.523073
rbac_min_privilege,privilege_escalation,95,permission_denied,42501,permission denied to create role,0.442214
rbac_min_privilege,privilege_escalation,96,permission_denied,42501,permission denied to create role,0.481093
rbac_min_privilege,privilege_escalation,97,permission_denied,42501,permission denied to create role,0.543922
rbac_min_privilege,privilege_escalation,98,permission_denied,42501,permission denied to create role,0.607872
rbac_min_privilege,privilege_escalation,99,permission_denied,42501,permission denied to create role,0.70661
rbac_min_privilege,privilege_escalation,100,permission_denied,42501,permission denied to create role,0.565512
rbac_min_privilege,privilege_escalation,101,permission_denied,42501,permission denied to create role,0.575992
rbac_min_privilege,privilege_escalation,102,permission_denied,42501,permission denied to create role,0.612821
rbac_min_privilege,privilege_escalation,103,permission_denied,42501,permission denied to create role,0.509133
rbac_min_privilege,privilege_escalation,104,permission_denied,42501,permission denied to create role,0.517272
rbac_min_privilege,privilege_escalation,105,permission_denied,42501,permission denied to create role,0.462883
rbac_min_privilege,privilege_escalation,106,permission_denied,42501,permission denied to create role,0.487143
rbac_min_privilege,privilege_escalation,107,permission_denied,42501,permission denied to create role,0.471744
rbac_min_privilege,privilege_escalation,108,permission_denied,42501,permission denied to create role,0.529692
rbac_min_privilege,privilege_escalation,109,permission_denied,42501,permission denied to create role,0.415424
rbac_min_privilege,privilege_escalation,110,permission_denied,42501,permission denied to create role,0.651301
rbac_min_privilege,privilege_escalation,111,permission_denied,42501,permission denied to create role,0.504893
rbac_min_privilege,privilege_escalation,112,permission_denied,42501,permission denied to create role,0.396144
rbac_min_privilege,privilege_escalation,113,permission_denied,42501,permission denied to create role,0.455823
rbac_min_privilege,privilege_escalation,114,permission_denied,42501,permission denied to create role,0.406174
rbac_min_privilege,privilege_escalation,115,permission_denied,42501,permission denied to create role,0.524373
rbac_min_privilege,privilege_escalation,116,permission_denied,42501,permission denied to create role,0.477044
rbac_min_privilege,privilege_escalation,117,permission_denied,42501,permission denied to create role,0.415294
rbac_min_privilege,privilege_escalation,118,permission_denied,42501,permission denied to create role,0.510324
rbac_min_privilege,privilege_escalation,119,permission_denied,42501,permission denied to create role,0.399285
rbac_min_privilege,privilege_escalation,120,permission_denied,42501,permission denied to create role,0.477623
rbac_min_privilege,privilege_escalation,121,permission_denied,42501,permission denied to create role,0.510762
rbac_min_privilege,privilege_escalation,122,permission_denied,42501,permission denied to create role,0.465594
rbac_min_privilege,privilege_escalation,123,permission_denied,42501,permission denied to create role,0.512933
rbac_min_privilege,privilege_escalation,124,permission_denied,42501,permission denied to create role,0.432495
rbac_min_privilege,privilege_escalation,125,permission_denied,42501,permission denied to create role,0.73759
rbac_min_privilege,privilege_escalation,126,permission_denied,42501,permission denied to create role,0.546523
rbac_min_privilege,privilege_escalation,127,permission_denied,42501,permission denied to create role,0.521883
rbac_min_privilege,privilege_escalation,128,permission_denied,42501,permission denied to create role,0.510783
rbac_min_privilege,privilege_escalation,129,permission_denied,42501,permission denied to create role,0.623191
rbac_min_privilege,privilege_escalation,130,permission_denied,42501,permission denied to create role,0.444184
rbac_min_privilege,privilege_escalation,131,permission_denied,42501,permission denied to create role,0.496223
rbac_min_privilege,privilege_escalation,132,permission_denied,42501,permission denied to create role,0.691481
rbac_min_privilege,privilege_escalation,133,permission_denied,42501,permission denied to create role,0.546992
rbac_min_privilege,privilege_escalation,134,permission_denied,42501,permission denied to create role,0.561072
rbac_min_privilege,privilege_escalation,135,permission_denied,42501,permission denied to create role,0.591772
rbac_min_privilege,privilege_escalation,136,permission_denied,42501,permission denied to create role,0.566542
rbac_min_privilege,privilege_escalation,137,permission_denied,42501,permission denied to create role,0.565132
rbac_min_privilege,privilege_escalation,138,permission_denied,42501,permission denied to create role,0.512323
rbac_min_privilege,privilege_escalation,139,permission_denied,42501,permission denied to create role,0.590832
rbac_min_privilege,privilege_escalation,140,permission_denied,42501,permission denied to create role,0.502863
rbac_min_privilege,privilege_escalation,141,permission_denied,42501,permission denied to create role,0.587702
rbac_min_privilege,privilege_escalation,142,permission_denied,42501,permission denied to create role,0.563172
rbac_min_privilege,privilege_escalation,143,permission_denied,42501,permission denied to create role,0.552273
rbac_min_privilege,privilege_escalation,144,permission_denied,42501,permission denied to create role,0.436394
rbac_min_privilege,privilege_escalation,145,permission_denied,42501,permission denied to create role,0.542802
rbac_min_privilege,privilege_escalation,146,permission_denied,42501,permission denied to create role,0.603732
rbac_min_privilege,privilege_escalation,147,permission_denied,42501,permission denied to create role,0.575022
rbac_min_privilege,privilege_escalation,148,permission_denied,42501,permission denied to create role,0.573432
rbac_min_privilege,privilege_escalation,149,permission_denied,42501,permission denied to create role,0.567712
rbac_min_privilege,privilege_escalation,150,permission_denied,42501,permission denied to create role,0.487603
rbac_min_privilege,privilege_escalation,151,permission_denied,42501,permission denied to create role,0.608631
rbac_min_privilege,privilege_escalation,152,permission_denied,42501,permission denied to create role,0.527933
rbac_min_privilege,privilege_escalation,153,permission_denied,42501,permission denied to create role,0.448323
rbac_min_privilege,privilege_escalation,154,permission_denied,42501,permission denied to create role,0.435084
rbac_min_privilege,privilege_escalation,155,permission_denied,42501,permission denied to create role,0.404654
rbac_min_privilege,privilege_escalation,156,permission_denied,42501,permission denied to create role,0.396174
rbac_min_privilege,privilege_escalation,157,permission_denied,42501,permission denied to create role,0.483353
rbac_min_privilege,privilege_escalation,158,permission_denied,42501,permission denied to create role,0.496443
rbac_min_privilege,privilege_escalation,159,permission_denied,42501,permission denied to create role,0.462014
rbac_min_privilege,privilege_escalation,160,permission_denied,42501,permission denied to create role,0.587882
rbac_min_privilege,privilege_escalation,161,permission_denied,42501,permission denied to create role,2.21713
rbac_min_privilege,privilege_escalation,162,permission_denied,42501,permission denied to create role,0.849899
rbac_min_privilege,privilege_escalation,163,permission_denied,42501,permission denied to create role,0.646691
rbac_min_privilege,privilege_escalation,164,permission_denied,42501,permission denied to create role,0.607512
rbac_min_privilege,privilege_escalation,165,permission_denied,42501,permission denied to create role,0.837949
rbac_min_privilege,privilege_escalation,166,permission_denied,42501,permission denied to create role,0.492803
rbac_min_privilege,privilege_escalation,167,permission_denied,42501,permission denied to create role,0.537283
rbac_min_privilege,privilege_escalation,168,permission_denied,42501,permission denied to create role,0.337355
rbac_min_privilege,privilege_escalation,169,permission_denied,42501,permission denied to create role,0.342725
rbac_min_privilege,privilege_escalation,170,permission_denied,42501,permission denied to create role,0.446514
rbac_min_privilege,privilege_escalation,171,permission_denied,42501,permission denied to create role,0.377505
rbac_min_privilege,privilege_escalation,172,permission_denied,42501,permission denied to create role,0.347875
rbac_min_privilege,privilege_escalation,173,permission_denied,42501,permission denied to create role,0.536683
rbac_min_privilege,privilege_escalation,174,permission_denied,42501,permission denied to create role,0.75987
rbac_min_privilege,privilege_escalation,175,permission_denied,42501,permission denied to create role,0.607002
rbac_min_privilege,privilege_escalation,176,permission_denied,42501,permission denied to create role,0.803179
rbac_min_privilege,privilege_escalation,177,permission_denied,42501,permission denied to create role,0.587532
rbac_min_privilege,privilege_escalation,178,permission_denied,42501,permission denied to create role,0.538053
rbac_min_privilege,privilege_escalation,179,permission_denied,42501,permission denied to create role,0.649221
rbac_min_privilege,privilege_escalation,180,permission_denied,42501,permission denied to create role,0.574303
rbac_min_privilege,privilege_escalation,181,permission_denied,42501,permission denied to create role,0.552072
rbac_min_privilege,privilege_escalation,182,permission_denied,42501,permission denied to create role,0.665811
rbac_min_privilege,privilege_escalation,183,permission_denied,42501,permission denied to create role,0.534423
rbac_min_privilege,privilege_escalation,184,permission_denied,42501,permission denied to create role,0.536042
rbac_min_privilege,privilege_escalation,185,permission_denied,42501,permission denied to create role,0.502233
rbac_min_privilege,privilege_escalation,186,permission_denied,42501,permission denied to create role,0.634621
rbac_min_privilege,privilege_escalation,187,permission_denied,42501,permission denied to create role,0.518503
rbac_min_privilege,privilege_escalation,188,permission_denied,42501,permission denied to create role,0.602312
rbac_min_privilege,privilege_escalation,189,permission_denied,42501,permission denied to create role,0.532532
rbac_min_privilege,privilege_escalation,190,permission_denied,42501,permission denied to create role,0.526503
rbac_min_privilege,privilege_escalation,191,permission_denied,42501,permission denied to create role,0.581142
rbac_min_privilege,privilege_escalation,192,permission_denied,42501,permission denied to create role,0.542983
rbac_min_privilege,privilege_escalation,193,permission_denied,42501,permission denied to create role,0.514803
rbac_min_privilege,privilege_escalation,194,permission_denied,42501,permission denied to create role,0.614642
rbac_min_privilege,privilege_escalation,195,permission_denied,42501,permission denied to create role,0.499273
rbac_min_privilege,privilege_escalation,196,permission_denied,42501,permission denied to create role,0.599202
rbac_min_privilege,privilege_escalation,197,permission_denied,42501,permission denied to create role,0.628392
rbac_min_privilege,privilege_escalation,198,permission_denied,42501,permission denied to create role,0.632332
rbac_min_privilege,privilege_escalation,199,permission_denied,42501,permission denied to create role,0.69373
rbac_min_privilege,privilege_escalation,200,permission_denied,42501,permission denied to create role,0.591561
rbac_min_privilege,privilege_escalation,201,permission_denied,42501,permission denied to create role,0.616582
rbac_min_privilege,privilege_escalation,202,permission_denied,42501,permission denied to create role,0.72352
rbac_min_privilege,privilege_escalation,203,permission_denied,42501,permission denied to create role,0.638141
rbac_min_privilege,privilege_escalation,204,permission_denied,42501,permission denied to create role,0.604042
rbac_min_privilege,privilege_escalation,205,permission_denied,42501,permission denied to create role,0.650341
rbac_min_privilege,privilege_escalation,206,permission_denied,42501,permission denied to create role,0.586562
rbac_min_privilege,privilege_escalation,207,permission_denied,42501,permission denied to create role,0.606212
rbac_min_privilege,privilege_escalation,208,permission_denied,42501,permission denied to create role,0.678021
rbac_min_privilege,privilege_escalation,209,permission_denied,42501,permission denied to create role,0.639611
rbac_min_privilege,privilege_escalation,210,permission_denied,42501,permission denied to create role,0.541042
rbac_min_privilege,privilege_escalation,211,permission_denied,42501,permission denied to create role,0.547082
rbac_min_privilege,privilege_escalation,212,permission_denied,42501,permission denied to create role,0.660091
rbac_min_privilege,privilege_escalation,213,permission_denied,42501,permission denied to create role,0.575352
rbac_min_privilege,privilege_escalation,214,permission_denied,42501,permission denied to create role,0.461234
rbac_min_privilege,privilege_escalation,215,permission_denied,42501,permission denied to create role,0.541882
rbac_min_privilege,privilege_escalation,216,permission_denied,42501,permission denied to create role,0.523893
rbac_min_privilege,privilege_escalation,217,permission_denied,42501,permission denied to create role,0.517383
rbac_min_privilege,privilege_escalation,218,permission_denied,42501,permission denied to create role,0.546093
rbac_min_privilege,privilege_escalation,219,permission_denied,42501,permission denied to create role,0.430824
rbac_min_privilege,privilege_escalation,220,permission_denied,42501,permission denied to create role,0.409744
rbac_min_privilege,privilege_escalation,221,permission_denied,42501,permission denied to create role,0.493073
rbac_min_privilege,privilege_escalation,222,permission_denied,42501,permission denied to create role,0.488523
rbac_min_privilege,privilege_escalation,223,permission_denied,42501,permission denied to create role,0.409224
rbac_min_privilege,privilege_escalation,224,permission_denied,42501,permission denied to create role,0.469643
rbac_min_privilege,privilege_escalation,225,permission_denied,42501,permission denied to create role,0.445193
rbac_min_privilege,privilege_escalation,226,permission_denied,42501,permission denied to create role,0.673401
rbac_min_privilege,privilege_escalation,227,permission_denied,42501,permission denied to create role,0.346685
rbac_min_privilege,privilege_escalation,228,permission_denied,42501,permission denied to create role,0.269786
rbac_min_privilege,privilege_escalation,229,permission_denied,42501,permission denied to create role,0.357225
rbac_min_privilege,privilege_escalation,230,permission_denied,42501,permission denied to create role,0.495263
rbac_min_privilege,privilege_escalation,231,permission_denied,42501,permission denied to create role,0.419234
rbac_min_privilege,privilege_escalation,232,permission_denied,42501,permission denied to create role,0.308875
rbac_min_privilege,privilege_escalation,233,permission_denied,42501,permission denied to create role,0.289586
rbac_min_privilege,privilege_escalation,234,permission_denied,42501,permission denied to create role,0.423084
rbac_min_privilege,privilege_escalation,235,permission_denied,42501,permission denied to create role,0.275547
rbac_min_privilege,privilege_escalation,236,permission_denied,42501,permission denied to create role,0.241256
rbac_min_privilege,privilege_escalation,237,permission_denied,42501,permission denied to create role,0.270116
rbac_min_privilege,privilege_escalation,238,permission_denied,42501,permission denied to create role,0.352265
rbac_min_privilege,privilege_escalation,239,permission_denied,42501,permission denied to create role,0.317675
rbac_min_privilege,privilege_escalation,240,permission_denied,42501,permission denied to create role,0.349515
rbac_min_privilege,privilege_escalation,241,permission_denied,42501,permission denied to create role,0.300206
rbac_min_privilege,privilege_escalation,242,permission_denied,42501,permission denied to create role,0.291286
rbac_min_privilege,privilege_escalation,243,permission_denied,42501,permission denied to create role,0.271086
rbac_min_privilege,privilege_escalation,244,permission_denied,42501,permission denied to create role,0.286046
rbac_min_privilege,privilege_escalation,245,permission_denied,42501,permission denied to create role,0.373165
rbac_min_privilege,privilege_escalation,246,permission_denied,42501,permission denied to create role,0.340526
rbac_min_privilege,privilege_escalation,247,permission_denied,42501,permission denied to create role,0.333585
rbac_min_privilege,privilege_escalation,248,permission_denied,42501,permission denied to create role,0.303966
rbac_min_privilege,privilege_escalation,249,permission_denied,42501,permission denied to create role,0.290706
rbac_min_privilege,privilege_escalation,250,permission_denied,42501,permission denied to create role,0.357985
rbac_min_privilege,privilege_escalation,251,permission_denied,42501,permission denied to create role,0.258837
rbac_min_privilege,privilege_escalation,252,permission_denied,42501,permission denied to create role,0.283706
rbac_min_privilege,privilege_escalation,253,permission_denied,42501,permission denied to create role,0.306326
rbac_min_privilege,privilege_escalation,254,permission_denied,42501,permission denied to create role,0.251726
rbac_min_privilege,privilege_escalation,255,permission_denied,42501,permission denied to create role,0.261667
rbac_min_privilege,privilege_escalation,256,permission_denied,42501,permission denied to create role,0.266936
rbac_min_privilege,privilege_escalation,257,permission_denied,42501,permission denied to create role,0.333195
rbac_min_privilege,privilege_escalation,258,permission_denied,42501,permission denied to create role,0.469073
rbac_min_privilege,privilege_escalation,259,permission_denied,42501,permission denied to create role,0.268556
rbac_min_privilege,privilege_escalation,260,permission_denied,42501,permission denied to create role,0.260966
rbac_min_privilege,privilege_escalation,261,permission_denied,42501,permission denied to create role,0.272817
rbac_min_privilege,privilege_escalation,262,permission_denied,42501,permission denied to create role,0.295766
rbac_min_privilege,privilege_escalation,263,permission_denied,42501,permission denied to create role,0.263956
rbac_min_privilege,privilege_escalation,264,permission_denied,42501,permission denied to create role,0.313576
rbac_min_privilege,privilege_escalation,265,permission_denied,42501,permission denied to create role,0.379995
rbac_min_privilege,privilege_escalation,266,permission_denied,42501,permission denied to create role,0.394305
rbac_min_privilege,privilege_escalation,267,permission_denied,42501,permission denied to create role,0.320775
rbac_min_privilege,privilege_escalation,268,permission_denied,42501,permission denied to create role,0.313955
rbac_min_privilege,privilege_escalation,269,permission_denied,42501,permission denied to create role,0.295466
rbac_min_privilege,privilege_escalation,270,permission_denied,42501,permission denied to create role,0.299035
rbac_min_privilege,privilege_escalation,271,permission_denied,42501,permission denied to create role,0.284177
rbac_min_privilege,privilege_escalation,272,permission_denied,42501,permission denied to create role,0.283816
rbac_min_privilege,privilege_escalation,273,permission_denied,42501,permission denied to create role,0.465574
rbac_min_privilege,privilege_escalation,274,permission_denied,42501,permission denied to create role,0.286266
rbac_min_privilege,privilege_escalation,275,permission_denied,42501,permission denied to create role,0.328446
rbac_min_privilege,privilege_escalation,276,permission_denied,42501,permission denied to create role,0.359705
rbac_min_privilege,privilege_escalation,277,permission_denied,42501,permission denied to create role,0.492533
rbac_min_privilege,privilege_escalation,278,permission_denied,42501,permission denied to create role,0.326075
rbac_min_privilege,privilege_escalation,279,permission_denied,42501,permission denied to create role,0.473554
rbac_min_privilege,privilege_escalation,280,permission_denied,42501,permission denied to create role,0.344006
rbac_min_privilege,privilege_escalation,281,permission_denied,42501,permission denied to create role,0.261346
rbac_min_privilege,privilege_escalation,282,permission_denied,42501,permission denied to create role,0.266056
rbac_min_privilege,privilege_escalation,283,permission_denied,42501,permission denied to create role,0.350385
rbac_min_privilege,privilege_escalation,284,permission_denied,42501,permission denied to create role,0.408974
rbac_min_privilege,privilege_escalation,285,permission_denied,42501,permission denied to create role,0.318826
rbac_min_privilege,privilege_escalation,286,permission_denied,42501,permission denied to create role,0.300186
rbac_min_privilege,privilege_escalation,287,permission_denied,42501,permission denied to create role,0.382975
rbac_min_privilege,privilege_escalation,288,permission_denied,42501,permission denied to create role,0.261856
rbac_min_privilege,privilege_escalation,289,permission_denied,42501,permission denied to create role,0.283497
rbac_min_privilege,privilege_escalation,290,permission_denied,42501,permission denied to create role,0.433483
rbac_min_privilege,privilege_escalation,291,permission_denied,42501,permission denied to create role,0.321566
rbac_min_privilege,privilege_escalation,292,permission_denied,42501,permission denied to create role,0.341765
rbac_min_privilege,privilege_escalation,293,permission_denied,42501,permission denied to create role,0.301056
rbac_min_privilege,privilege_escalation,294,permission_denied,42501,permission denied to create role,0.328766
rbac_min_privilege,privilege_escalation,295,permission_denied,42501,permission denied to create role,0.313876
rbac_min_privilege,privilege_escalation,296,permission_denied,42501,permission denied to create role,0.459004
rbac_min_privilege,privilege_escalation,297,permission_denied,42501,permission denied to create role,0.404414
rbac_min_privilege,privilege_escalation,298,permission_denied,42501,permission denied to create role,0.302436
rbac_min_privilege,privilege_escalation,299,permission_denied,42501,permission denied to create role,0.301426
rbac_min_privilege,privilege_escalation,300,permission_denied,42501,permission denied to create role,0.336906
rbac_min_privilege,privilege_escalation,301,permission_denied,42501,permission denied to create role,0.283666
rbac_min_privilege,privilege_escalation,302,permission_denied,42501,permission denied to create role,0.378725
rbac_min_privilege,privilege_escalation,303,permission_denied,42501,permission denied to create role,0.287036
rbac_min_privilege,privilege_escalation,304,permission_denied,42501,permission denied to create role,0.348475
rbac_min_privilege,privilege_escalation,305,permission_denied,42501,permission denied to create role,0.296666
rbac_min_privilege,privilege_escalation,306,permission_denied,42501,permission denied to create role,0.293106
rbac_min_privilege,privilege_escalation,307,permission_denied,42501,permission denied to create role,0.309506
rbac_min_privilege,privilege_escalation,308,permission_denied,42501,permission denied to create role,0.286316
rbac_min_privilege,privilege_escalation,309,permission_denied,42501,permission denied to create role,0.247067
rbac_min_privilege,privilege_escalation,310,permission_denied,42501,permission denied to create role,0.252006
rbac_min_privilege,privilege_escalation,311,permission_denied,42501,permission denied to create role,0.277946
rbac_min_privilege,privilege_escalation,312,permission_denied,42501,permission denied to create role,0.289127
rbac_min_privilege,privilege_escalation,313,permission_denied,42501,permission denied to create role,0.331245
rbac_min_privilege,privilege_escalation,314,permission_denied,42501,permission denied to create role,0.250246
rbac_min_privilege,privilege_escalation,315,permission_denied,42501,permission denied to create role,0.289455
rbac_min_privilege,privilege_escalation,316,permission_denied,42501,permission denied to create role,0.316655
rbac_min_privilege,privilege_escalation,317,permission_denied,42501,permission denied to create role,0.246457
rbac_min_privilege,privilege_escalation,318,permission_denied,42501,permission denied to create role,0.404234
rbac_min_privilege,privilege_escalation,319,permission_denied,42501,permission denied to create role,0.243787
rbac_min_privilege,privilege_escalation,320,permission_denied,42501,permission denied to create role,0.245596
rbac_min_privilege,privilege_escalation,321,permission_denied,42501,permission denied to create role,0.243227
rbac_min_privilege,privilege_escalation,322,permission_denied,42501,permission denied to create role,0.248637
rbac_min_privilege,privilege_escalation,323,permission_denied,42501,permission denied to create role,0.321476
rbac_min_privilege,privilege_escalation,324,permission_denied,42501,permission denied to create role,0.269987
rbac_min_privilege,privilege_escalation,325,permission_denied,42501,permission denied to create role,0.255787
rbac_min_privilege,privilege_escalation,326,permission_denied,42501,permission denied to create role,0.227637
rbac_min_privilege,privilege_escalation,327,permission_denied,42501,permission denied to create role,0.244267
rbac_min_privilege,privilege_escalation,328,permission_denied,42501,permission denied to create role,0.269076
rbac_min_privilege,privilege_escalation,329,permission_denied,42501,permission denied to create role,0.241607
rbac_min_privilege,privilege_escalation,330,permission_denied,42501,permission denied to create role,0.239097
rbac_min_privilege,privilege_escalation,331,permission_denied,42501,permission denied to create role,0.254206
rbac_min_privilege,privilege_escalation,332,permission_denied,42501,permission denied to create role,0.253417
rbac_min_privilege,privilege_escalation,333,permission_denied,42501,permission denied to create role,0.257196
rbac_min_privilege,privilege_escalation,334,permission_denied,42501,permission denied to create role,0.285816
rbac_min_privilege,privilege_escalation,335,permission_denied,42501,permission denied to create role,0.265126
rbac_min_privilege,privilege_escalation,336,permission_denied,42501,permission denied to create role,0.304446
rbac_min_privilege,privilege_escalation,337,permission_denied,42501,permission denied to create role,0.304606
rbac_min_privilege,privilege_escalation,338,permission_denied,42501,permission denied to create role,0.371355
rbac_min_privilege,privilege_escalation,339,permission_denied,42501,permission denied to create role,0.439774
rbac_min_privilege,privilege_escalation,340,permission_denied,42501,permission denied to create role,0.342095
rbac_min_privilege,privilege_escalation,341,permission_denied,42501,permission denied to create role,0.272436
rbac_min_privilege,privilege_escalation,342,permission_denied,42501,permission denied to create role,0.247446
rbac_min_privilege,privilege_escalation,343,permission_denied,42501,permission denied to create role,0.284326
rbac_min_privilege,privilege_escalation,344,permission_denied,42501,permission denied to create role,0.242436
rbac_min_privilege,privilege_escalation,345,permission_denied,42501,permission denied to create role,0.244977
rbac_min_privilege,privilege_escalation,346,permission_denied,42501,permission denied to create role,0.271836
rbac_min_privilege,privilege_escalation,347,permission_denied,42501,permission denied to create role,0.336686
rbac_min_privilege,privilege_escalation,348,permission_denied,42501,permission denied to create role,0.418904
rbac_min_privilege,privilege_escalation,349,permission_denied,42501,permission denied to create role,0.445753
rbac_min_privilege,privilege_escalation,350,permission_denied,42501,permission denied to create role,0.343895
rbac_min_privilege,privilege_escalation,351,permission_denied,42501,permission denied to create role,0.292316
rbac_min_privilege,privilege_escalation,352,permission_denied,42501,permission denied to create role,0.339135
rbac_min_privilege,privilege_escalation,353,permission_denied,42501,permission denied to create role,0.267877
rbac_min_privilege,privilege_escalation,354,permission_denied,42501,permission denied to create role,0.278176
rbac_min_privilege,privilege_escalation,355,permission_denied,42501,permission denied to create role,0.281246
rbac_min_privilege,privilege_escalation,356,permission_denied,42501,permission denied to create role,0.245267
rbac_min_privilege,privilege_escalation,357,permission_denied,42501,permission denied to create role,0.291286
rbac_min_privilege,privilege_escalation,358,permission_denied,42501,permission denied to create role,0.243356
rbac_min_privilege,privilege_escalation,359,permission_denied,42501,permission denied to create role,0.257066
rbac_min_privilege,privilege_escalation,360,permission_denied,42501,permission denied to create role,0.248667
rbac_min_privilege,privilege_escalation,361,permission_denied,42501,permission denied to create role,0.246697
rbac_min_privilege,privilege_escalation,362,permission_denied,42501,permission denied to create role,0.332036
rbac_min_privilege,privilege_escalation,363,permission_denied,42501,permission denied to create role,0.394154
rbac_min_privilege,privilege_escalation,364,permission_denied,42501,permission denied to create role,0.299626
rbac_min_privilege,privilege_escalation,365,permission_denied,42501,permission denied to create role,0.278866
rbac_min_privilege,privilege_escalation,366,permission_denied,42501,permission denied to create role,0.318096
rbac_min_privilege,privilege_escalation,367,permission_denied,42501,permission denied to create role,0.286506
rbac_min_privilege,privilege_escalation,368,permission_denied,42501,permission denied to create role,0.296055
rbac_min_privilege,privilege_escalation,369,permission_denied,42501,permission denied to create role,0.313806
rbac_min_privilege,privilege_escalation,370,permission_denied,42501,permission denied to create role,0.267266
rbac_min_privilege,privilege_escalation,371,permission_denied,42501,permission denied to create role,0.263036
rbac_min_privilege,privilege_escalation,372,permission_denied,42501,permission denied to create role,0.286976
rbac_min_privilege,privilege_escalation,373,permission_denied,42501,permission denied to create role,0.285426
rbac_min_privilege,privilege_escalation,374,permission_denied,42501,permission denied to create role,0.308266
rbac_min_privilege,privilege_escalation,375,permission_denied,42501,permission denied to create role,0.251766
rbac_min_privilege,privilege_escalation,376,permission_denied,42501,permission denied to create role,0.265806
rbac_min_privilege,privilege_escalation,377,permission_denied,42501,permission denied to create role,0.239137
rbac_min_privilege,privilege_escalation,378,permission_denied,42501,permission denied to create role,0.225917
rbac_min_privilege,privilege_escalation,379,permission_denied,42501,permission denied to create role,0.287626
rbac_min_privilege,privilege_escalation,380,permission_denied,42501,permission denied to create role,0.263756
rbac_min_privilege,privilege_escalation,381,permission_denied,42501,permission denied to create role,0.373935
rbac_min_privilege,privilege_escalation,382,permission_denied,42501,permission denied to create role,0.259037
rbac_min_privilege,privilege_escalation,383,permission_denied,42501,permission denied to create role,0.283356
rbac_min_privilege,privilege_escalation,384,permission_denied,42501,permission denied to create role,0.245746
rbac_min_privilege,privilege_escalation,385,permission_denied,42501,permission denied to create role,0.251177
rbac_min_privilege,privilege_escalation,386,permission_denied,42501,permission denied to create role,0.285625
rbac_min_privilege,privilege_escalation,387,permission_denied,42501,permission denied to create role,0.294256
rbac_min_privilege,privilege_escalation,388,permission_denied,42501,permission denied to create role,0.294556
rbac_min_privilege,privilege_escalation,389,permission_denied,42501,permission denied to create role,0.270087
rbac_min_privilege,privilege_escalation,390,permission_denied,42501,permission denied to create role,0.302275
rbac_min_privilege,privilege_escalation,391,permission_denied,42501,permission denied to create role,0.327276
rbac_min_privilege,privilege_escalation,392,permission_denied,42501,permission denied to create role,0.355605
rbac_min_privilege,privilege_escalation,393,permission_denied,42501,permission denied to create role,0.372635
rbac_min_privilege,privilege_escalation,394,permission_denied,42501,permission denied to create role,0.279896
rbac_min_privilege,privilege_escalation,395,permission_denied,42501,permission denied to create role,0.241507
rbac_min_privilege,privilege_escalation,396,permission_denied,42501,permission denied to create role,0.234477
rbac_min_privilege,privilege_escalation,397,permission_denied,42501,permission denied to create role,0.273706
rbac_min_privilege,privilege_escalation,398,permission_denied,42501,permission denied to create role,0.257656
rbac_min_privilege,privilege_escalation,399,permission_denied,42501,permission denied to create role,0.244696
rbac_min_privilege,privilege_escalation,400,permission_denied,42501,permission denied to create role,0.256137
rbac_min_privilege,privilege_escalation,401,permission_denied,42501,permission denied to create role,0.250107
rbac_min_privilege,privilege_escalation,402,permission_denied,42501,permission denied to create role,0.232057
rbac_min_privilege,privilege_escalation,403,permission_denied,42501,permission denied to create role,0.250737
rbac_min_privilege,privilege_escalation,404,permission_denied,42501,permission denied to create role,0.369265
rbac_min_privilege,privilege_escalation,405,permission_denied,42501,permission denied to create role,0.251576
rbac_min_privilege,privilege_escalation,406,permission_denied,42501,permission denied to create role,0.375015
rbac_min_privilege,privilege_escalation,407,permission_denied,42501,permission denied to create role,0.326546
rbac_min_privilege,privilege_escalation,408,permission_denied,42501,permission denied to create role,0.270876
rbac_min_privilege,privilege_escalation,409,permission_denied,42501,permission denied to create role,0.233387
rbac_min_privilege,privilege_escalation,410,permission_denied,42501,permission denied to create role,0.238486
rbac_min_privilege,privilege_escalation,411,permission_denied,42501,permission denied to create role,0.278626
rbac_min_privilege,privilege_escalation,412,permission_denied,42501,permission denied to create role,0.316955
rbac_min_privilege,privilege_escalation,413,permission_denied,42501,permission denied to create role,0.269186
rbac_min_privilege,privilege_escalation,414,permission_denied,42501,permission denied to create role,0.267327
rbac_min_privilege,privilege_escalation,415,permission_denied,42501,permission denied to create role,0.296676
rbac_min_privilege,privilege_escalation,416,permission_denied,42501,permission denied to create role,0.260406
rbac_min_privilege,privilege_escalation,417,permission_denied,42501,permission denied to create role,0.233786
rbac_min_privilege,privilege_escalation,418,permission_denied,42501,permission denied to create role,0.248667
rbac_min_privilege,privilege_escalation,419,permission_denied,42501,permission denied to create role,0.250167
rbac_min_privilege,privilege_escalation,420,permission_denied,42501,permission denied to create role,0.253726
rbac_min_privilege,privilege_escalation,421,permission_denied,42501,permission denied to create role,0.269076
rbac_min_privilege,privilege_escalation,422,permission_denied,42501,permission denied to create role,0.262066
rbac_min_privilege,privilege_escalation,423,permission_denied,42501,permission denied to create role,0.247456
rbac_min_privilege,privilege_escalation,424,permission_denied,42501,permission denied to create role,0.256957
rbac_min_privilege,privilege_escalation,425,permission_denied,42501,permission denied to create role,0.235197
rbac_min_privilege,privilege_escalation,426,permission_denied,42501,permission denied to create role,0.244437
rbac_min_privilege,privilege_escalation,427,permission_denied,42501,permission denied to create role,0.265796
rbac_min_privilege,privilege_escalation,428,permission_denied,42501,permission denied to create role,0.330406
rbac_min_privilege,privilege_escalation,429,permission_denied,42501,permission denied to create role,0.286067
rbac_min_privilege,privilege_escalation,430,permission_denied,42501,permission denied to create role,0.249926
rbac_min_privilege,privilege_escalation,431,permission_denied,42501,permission denied to create role,0.233737
rbac_min_privilege,privilege_escalation,432,permission_denied,42501,permission denied to create role,0.220337
rbac_min_privilege,privilege_escalation,433,permission_denied,42501,permission denied to create role,0.217307
rbac_min_privilege,privilege_escalation,434,permission_denied,42501,permission denied to create role,0.266317
rbac_min_privilege,privilege_escalation,435,permission_denied,42501,permission denied to create role,0.355415
rbac_min_privilege,privilege_escalation,436,permission_denied,42501,permission denied to create role,0.260316
rbac_min_privilege,privilege_escalation,437,permission_denied,42501,permission denied to create role,0.329355
rbac_min_privilege,privilege_escalation,438,permission_denied,42501,permission denied to create role,0.256747
rbac_min_privilege,privilege_escalation,439,permission_denied,42501,permission denied to create role,0.360665
rbac_min_privilege,privilege_escalation,440,permission_denied,42501,permission denied to create role,0.258357
rbac_min_privilege,privilege_escalation,441,permission_denied,42501,permission denied to create role,0.250807
rbac_min_privilege,privilege_escalation,442,permission_denied,42501,permission denied to create role,0.228187
rbac_min_privilege,privilege_escalation,443,permission_denied,42501,permission denied to create role,0.276216
rbac_min_privilege,privilege_escalation,444,permission_denied,42501,permission denied to create role,0.232787
rbac_min_privilege,privilege_escalation,445,permission_denied,42501,permission denied to create role,0.230297
rbac_min_privilege,privilege_escalation,446,permission_denied,42501,permission denied to create role,0.303576
rbac_min_privilege,privilege_escalation,447,permission_denied,42501,permission denied to create role,0.263226
rbac_min_privilege,privilege_escalation,448,permission_denied,42501,permission denied to create role,0.262077
rbac_min_privilege,privilege_escalation,449,permission_denied,42501,permission denied to create role,0.240247
rbac_min_privilege,privilege_escalation,450,permission_denied,42501,permission denied to create role,0.237766
rbac_min_privilege,privilege_escalation,451,permission_denied,42501,permission denied to create role,0.219667
rbac_min_privilege,privilege_escalation,452,permission_denied,42501,permission denied to create role,0.253806
rbac_min_privilege,privilege_escalation,453,permission_denied,42501,permission denied to create role,0.233817
rbac_min_privilege,privilege_escalation,454,permission_denied,42501,permission denied to create role,0.227357
rbac_min_privilege,privilege_escalation,455,permission_denied,42501,permission denied to create role,0.227087
rbac_min_privilege,privilege_escalation,456,permission_denied,42501,permission denied to create role,0.246266
rbac_min_privilege,privilege_escalation,457,permission_denied,42501,permission denied to create role,0.314325
rbac_min_privilege,privilege_escalation,458,permission_denied,42501,permission denied to create role,0.239786
rbac_min_privilege,privilege_escalation,459,permission_denied,42501,permission denied to create role,0.232206
rbac_min_privilege,privilege_escalation,460,permission_denied,42501,permission denied to create role,0.300326
rbac_min_privilege,privilege_escalation,461,permission_denied,42501,permission denied to create role,0.205038
rbac_min_privilege,privilege_escalation,462,permission_denied,42501,permission denied to create role,0.214778
rbac_min_privilege,privilege_escalation,463,permission_denied,42501,permission denied to create role,0.234607
rbac_min_privilege,privilege_escalation,464,permission_denied,42501,permission denied to create role,0.209707
rbac_min_privilege,privilege_escalation,465,permission_denied,42501,permission denied to create role,0.206788
rbac_min_privilege,privilege_escalation,466,permission_denied,42501,permission denied to create role,0.215137
rbac_min_privilege,privilege_escalation,467,permission_denied,42501,permission denied to create role,0.264596
rbac_min_privilege,privilege_escalation,468,permission_denied,42501,permission denied to create role,0.268957
rbac_min_privilege,privilege_escalation,469,permission_denied,42501,permission denied to create role,0.244017
rbac_min_privilege,privilege_escalation,470,permission_denied,42501,permission denied to create role,0.258366
rbac_min_privilege,privilege_escalation,471,permission_denied,42501,permission denied to create role,0.252816
rbac_min_privilege,privilege_escalation,472,permission_denied,42501,permission denied to create role,0.256196
rbac_min_privilege,privilege_escalation,473,permission_denied,42501,permission denied to create role,0.228367
rbac_min_privilege,privilege_escalation,474,permission_denied,42501,permission denied to create role,0.230127
rbac_min_privilege,privilege_escalation,475,permission_denied,42501,permission denied to create role,0.228427
rbac_min_privilege,privilege_escalation,476,permission_denied,42501,permission denied to create role,0.371185
rbac_min_privilege,privilege_escalation,477,permission_denied,42501,permission denied to create role,0.448904
rbac_min_privilege,privilege_escalation,478,permission_denied,42501,permission denied to create role,0.269127
rbac_min_privilege,privilege_escalation,479,permission_denied,42501,permission denied to create role,0.275106
rbac_min_privilege,privilege_escalation,480,permission_denied,42501,permission denied to create role,0.253666
rbac_min_privilege,privilege_escalation,481,permission_denied,42501,permission denied to create role,0.275656
rbac_min_privilege,privilege_escalation,482,permission_denied,42501,permission denied to create role,0.307846
rbac_min_privilege,privilege_escalation,483,permission_denied,42501,permission denied to create role,0.315386
rbac_min_privilege,privilege_escalation,484,permission_denied,42501,permission denied to create role,0.344586
rbac_min_privilege,privilege_escalation,485,permission_denied,42501,permission denied to create role,0.353996
rbac_min_privilege,privilege_escalation,486,permission_denied,42501,permission denied to create role,0.303806
rbac_min_privilege,privilege_escalation,487,permission_denied,42501,permission denied to create role,0.329955
rbac_min_privilege,privilege_escalation,488,permission_denied,42501,permission denied to create role,0.336315
rbac_min_privilege,privilege_escalation,489,permission_denied,42501,permission denied to create role,0.263106
rbac_min_privilege,privilege_escalation,490,permission_denied,42501,permission denied to create role,0.257227
rbac_min_privilege,privilege_escalation,491,permission_denied,42501,permission denied to create role,0.348295
rbac_min_privilege,privilege_escalation,492,permission_denied,42501,permission denied to create role,0.248657
rbac_min_privilege,privilege_escalation,493,permission_denied,42501,permission denied to create role,0.244046
rbac_min_privilege,privilege_escalation,494,permission_denied,42501,permission denied to create role,0.248137
rbac_min_privilege,privilege_escalation,495,permission_denied,42501,permission denied to create role,0.264896
rbac_min_privilege,privilege_escalation,496,permission_denied,42501,permission denied to create role,0.270317
rbac_min_privilege,privilege_escalation,497,permission_denied,42501,permission denied to create role,0.278086
rbac_min_privilege,privilege_escalation,498,permission_denied,42501,permission denied to create role,0.265077
rbac_min_privilege,privilege_escalation,499,permission_denied,42501,permission denied to create role,0.235416
rbac_min_privilege,privilege_escalation,500,permission_denied,42501,permission denied to create role,0.293696
