timestamp,start_ts,end_ts,system,scenario,defense,request_id,operation,item_id,user_id,is_hot,hot_fraction,success,error,latency_ms,rows
2026-05-11T15:23:07+0000,1778512987.0033023,1778512987.0086005,PostgreSQL+Citus,citus_uniform,citus_native,32,update,19425,6600,False,0.0,False,FeatureNotSupported,5.298137664794922,0
2026-05-11T15:23:06+0000,1778512986.9918387,1778512986.9968584,PostgreSQL+Citus,citus_uniform,citus_native,8,update,9265,80816,False,0.0,False,FeatureNotSupported,5.019664764404297,0
2026-05-11T15:23:06+0000,1778512986.9890363,1778512986.9952528,PostgreSQL+Citus,citus_uniform,citus_native,4,update,13578,36554,False,0.0,False,FeatureNotSupported,6.216526031494141,0
2026-05-11T15:23:06+0000,1778512986.9925234,1778512986.998005,PostgreSQL+Citus,citus_uniform,citus_native,10,update,5727,55389,False,0.0,False,FeatureNotSupported,5.481481552124023,0
2026-05-11T15:23:07+0000,1778512986.992217,1778512987.02302,PostgreSQL+Citus,citus_uniform,citus_native,9,select,11473,88488,False,0.0,True,,30.80296516418457,1
2026-05-11T15:23:07+0000,1778512986.9973986,1778512987.0026045,PostgreSQL+Citus,citus_uniform,citus_native,20,update,29001,98303,False,0.0,False,FeatureNotSupported,5.205869674682617,0
2026-05-11T15:23:07+0000,1778512986.9893582,1778512987.0203273,PostgreSQL+Citus,citus_uniform,citus_native,5,select,12300,24320,False,0.0,True,,30.96914291381836,1
2026-05-11T15:23:07+0000,1778512987.004154,1778512987.0092885,PostgreSQL+Citus,citus_uniform,citus_native,34,update,9224,60124,False,0.0,False,FeatureNotSupported,5.13458251953125,0
2026-05-11T15:23:07+0000,1778512987.0014796,1778512987.0088568,PostgreSQL+Citus,citus_uniform,citus_native,29,update,22416,34821,False,0.0,False,FeatureNotSupported,7.377147674560547,0
2026-05-11T15:23:07+0000,1778512987.0330145,1778512987.1071365,PostgreSQL+Citus,citus_uniform,citus_native,99,update,7571,58372,False,0.0,False,FeatureNotSupported,74.12195205688477,0
2026-05-11T15:23:07+0000,1778512987.0284967,1778512987.1119535,PostgreSQL+Citus,citus_uniform,citus_native,84,update,27701,95528,False,0.0,False,FeatureNotSupported,83.45675468444824,0
2026-05-11T15:23:07+0000,1778512986.9867709,1778512987.1124334,PostgreSQL+Citus,citus_uniform,citus_native,0,insert,2502,78756,False,0.0,True,,125.66256523132324,1
2026-05-11T15:23:07+0000,1778512986.9875886,1778512987.113101,PostgreSQL+Citus,citus_uniform,citus_native,1,insert,15305,24815,False,0.0,True,,125.51236152648926,1
2026-05-11T15:23:07+0000,1778512986.9977005,1778512987.114953,PostgreSQL+Citus,citus_uniform,citus_native,21,select,10214,40955,False,0.0,True,,117.25258827209473,1
2026-05-11T15:23:07+0000,1778512986.9938455,1778512987.205332,PostgreSQL+Citus,citus_uniform,citus_native,12,insert,1526,54502,False,0.0,True,,211.4865779876709,1
2026-05-11T15:23:07+0000,1778512986.9953525,1778512987.2061334,PostgreSQL+Citus,citus_uniform,citus_native,15,insert,4753,90200,False,0.0,True,,210.78085899353027,1
2026-05-11T15:23:07+0000,1778512986.9969594,1778512987.2068229,PostgreSQL+Citus,citus_uniform,citus_native,19,select,11086,60323,False,0.0,True,,209.86342430114746,1
2026-05-11T15:23:07+0000,1778512986.9886801,1778512987.2078958,PostgreSQL+Citus,citus_uniform,citus_native,3,select,12047,72501,False,0.0,True,,219.21563148498535,1
2026-05-11T15:23:07+0000,1778512986.988191,1778512987.20906,PostgreSQL+Citus,citus_uniform,citus_native,2,select,27014,77092,False,0.0,True,,220.8690643310547,1
2026-05-11T15:23:07+0000,1778512987.115091,1778512987.2093525,PostgreSQL+Citus,citus_uniform,citus_native,109,update,26676,39482,False,0.0,False,FeatureNotSupported,94.26140785217285,0
2026-05-11T15:23:07+0000,1778512986.9942932,1778512987.209555,PostgreSQL+Citus,citus_uniform,citus_native,13,select,20857,9647,False,0.0,True,,215.26169776916504,1
2026-05-11T15:23:07+0000,1778512987.1125925,1778512987.2098715,PostgreSQL+Citus,citus_uniform,citus_native,107,select,19669,2725,False,0.0,True,,97.27907180786133,1
2026-05-11T15:23:07+0000,1778512986.9984224,1778512987.210278,PostgreSQL+Citus,citus_uniform,citus_native,23,select,8743,86201,False,0.0,True,,211.85564994812012,1
2026-05-11T15:23:07+0000,1778512986.9964254,1778512987.2112463,PostgreSQL+Citus,citus_uniform,citus_native,18,select,29828,67957,False,0.0,True,,214.82086181640625,1
2026-05-11T15:23:07+0000,1778512987.0104132,1778512987.211513,PostgreSQL+Citus,citus_uniform,citus_native,44,update,17332,247,False,0.0,False,FeatureNotSupported,201.09987258911133,0
2026-05-11T15:23:07+0000,1778512987.2062707,1778512987.2123287,PostgreSQL+Citus,citus_uniform,citus_native,111,select,17125,3868,False,0.0,True,,6.057977676391602,1
2026-05-11T15:23:07+0000,1778512987.2081032,1778512987.2125711,PostgreSQL+Citus,citus_uniform,citus_native,113,select,10466,117,False,0.0,True,,4.467964172363281,1
2026-05-11T15:23:07+0000,1778512987.2094152,1778512987.2128458,PostgreSQL+Citus,citus_uniform,citus_native,115,update,8897,89861,False,0.0,False,FeatureNotSupported,3.430604934692383,0
2026-05-11T15:23:07+0000,1778512987.0281498,1778512987.2133954,PostgreSQL+Citus,citus_uniform,citus_native,83,update,12985,42217,False,0.0,False,FeatureNotSupported,185.24551391601562,0
2026-05-11T15:23:07+0000,1778512986.9985502,1778512987.2138371,PostgreSQL+Citus,citus_uniform,citus_native,24,select,22266,86769,False,0.0,True,,215.2869701385498,1
2026-05-11T15:23:07+0000,1778512986.9990149,1778512987.214026,PostgreSQL+Citus,citus_uniform,citus_native,25,select,8544,76292,False,0.0,True,,215.0111198425293,1
2026-05-11T15:23:07+0000,1778512986.9900484,1778512987.2142684,PostgreSQL+Citus,citus_uniform,citus_native,6,insert,10204,91479,False,0.0,True,,224.22003746032715,1
2026-05-11T15:23:07+0000,1778512987.2141078,1778512987.2148366,PostgreSQL+Citus,citus_uniform,citus_native,126,update,4726,57817,False,0.0,False,FeatureNotSupported,0.7288455963134766,0
2026-05-11T15:23:07+0000,1778512986.9959238,1778512987.217786,PostgreSQL+Citus,citus_uniform,citus_native,16,select,5515,25993,False,0.0,True,,221.8623161315918,1
2026-05-11T15:23:07+0000,1778512987.00061,1778512987.2237518,PostgreSQL+Citus,citus_uniform,citus_native,27,insert,24929,33786,False,0.0,True,,223.14167022705078,1
2026-05-11T15:23:07+0000,1778512986.9948642,1778512987.3059793,PostgreSQL+Citus,citus_uniform,citus_native,14,select,2257,77126,False,0.0,True,,311.115026473999,1
2026-05-11T15:23:07+0000,1778512987.2103522,1778512987.3065233,PostgreSQL+Citus,citus_uniform,citus_native,118,insert,24057,12882,False,0.0,True,,96.17114067077637,1
2026-05-11T15:23:07+0000,1778512987.2123845,1778512987.307538,PostgreSQL+Citus,citus_uniform,citus_native,121,select,17160,3801,False,0.0,True,,95.1535701751709,1
2026-05-11T15:23:07+0000,1778512987.025719,1778512987.3079705,PostgreSQL+Citus,citus_uniform,citus_native,76,update,24577,71477,False,0.0,False,FeatureNotSupported,282.25159645080566,0
2026-05-11T15:23:07+0000,1778512987.206958,1778512987.308286,PostgreSQL+Citus,citus_uniform,citus_native,112,select,5433,20662,False,0.0,True,,101.32789611816406,1
2026-05-11T15:23:07+0000,1778512986.9962728,1778512987.308598,PostgreSQL+Citus,citus_uniform,citus_native,17,select,12725,39179,False,0.0,True,,312.32523918151855,1
2026-05-11T15:23:07+0000,1778512987.0260453,1778512987.3089836,PostgreSQL+Citus,citus_uniform,citus_native,77,update,29904,86176,False,0.0,False,FeatureNotSupported,282.93824195861816,0
2026-05-11T15:23:07+0000,1778512987.223849,1778512987.3093343,PostgreSQL+Citus,citus_uniform,citus_native,130,select,18869,85865,False,0.0,True,,85.48521995544434,1
2026-05-11T15:23:07+0000,1778512987.032136,1778512987.3101113,PostgreSQL+Citus,citus_uniform,citus_native,96,select,14113,91200,False,0.0,True,,277.97532081604004,1
2026-05-11T15:23:07+0000,1778512986.9980898,1778512987.3116097,PostgreSQL+Citus,citus_uniform,citus_native,22,select,22743,5865,False,0.0,True,,313.5199546813965,1
2026-05-11T15:23:07+0000,1778512987.005877,1778512987.3120499,PostgreSQL+Citus,citus_uniform,citus_native,37,select,10570,75228,False,0.0,True,,306.17284774780273,1
2026-05-11T15:23:07+0000,1778512987.214899,1778512987.3124201,PostgreSQL+Citus,citus_uniform,citus_native,128,insert,360,83632,False,0.0,True,,97.52106666564941,1
2026-05-11T15:23:07+0000,1778512987.3094735,1778512987.3126483,PostgreSQL+Citus,citus_uniform,citus_native,138,update,9517,54310,False,0.0,False,FeatureNotSupported,3.1747817993164062,0
2026-05-11T15:23:07+0000,1778512987.3110209,1778512987.3127275,PostgreSQL+Citus,citus_uniform,citus_native,139,select,23121,44539,False,0.0,True,,1.7066001892089844,1
2026-05-11T15:23:07+0000,1778512987.312281,1778512987.3131342,PostgreSQL+Citus,citus_uniform,citus_native,141,update,5701,14900,False,0.0,False,FeatureNotSupported,0.8533000946044922,0
2026-05-11T15:23:07+0000,1778512986.9934225,1778512987.3136442,PostgreSQL+Citus,citus_uniform,citus_native,11,select,12041,15192,False,0.0,True,,320.2216625213623,1
2026-05-11T15:23:07+0000,1778512987.3126867,1778512987.3141081,PostgreSQL+Citus,citus_uniform,citus_native,143,select,15844,55227,False,0.0,True,,1.4214515686035156,1
2026-05-11T15:23:07+0000,1778512987.313695,1778512987.314602,PostgreSQL+Citus,citus_uniform,citus_native,146,select,24395,21939,False,0.0,True,,0.9069442749023438,1
2026-05-11T15:23:07+0000,1778512987.015581,1778512987.3157067,PostgreSQL+Citus,citus_uniform,citus_native,53,select,29711,96582,False,0.0,True,,300.1258373260498,1
2026-05-11T15:23:07+0000,1778512987.2055197,1778512987.3161843,PostgreSQL+Citus,citus_uniform,citus_native,110,insert,27548,34618,False,0.0,True,,110.66460609436035,1
2026-05-11T15:23:07+0000,1778512987.316218,1778512987.317769,PostgreSQL+Citus,citus_uniform,citus_native,150,select,22851,7555,False,0.0,True,,1.5511512756347656,1
2026-05-11T15:23:07+0000,1778512987.0358567,1778512987.405111,PostgreSQL+Citus,citus_uniform,citus_native,103,insert,8981,42596,False,0.0,True,,369.25435066223145,1
2026-05-11T15:23:07+0000,1778512987.306159,1778512987.4060974,PostgreSQL+Citus,citus_uniform,citus_native,131,insert,21198,26739,False,0.0,True,,99.93839263916016,1
2026-05-11T15:23:07+0000,1778512987.4052575,1778512987.4100225,PostgreSQL+Citus,citus_uniform,citus_native,152,select,8935,77991,False,0.0,True,,4.765033721923828,1
2026-05-11T15:23:07+0000,1778512987.3076308,1778512987.4103699,PostgreSQL+Citus,citus_uniform,citus_native,133,update,14508,32108,False,0.0,False,FeatureNotSupported,102.73909568786621,0
2026-05-11T15:23:07+0000,1778512987.002761,1778512987.411954,PostgreSQL+Citus,citus_uniform,citus_native,31,select,14905,82163,False,0.0,True,,409.1930389404297,1
2026-05-11T15:23:07+0000,1778512987.0063055,1778512987.412631,PostgreSQL+Citus,citus_uniform,citus_native,38,select,4898,67820,False,0.0,True,,406.3255786895752,1
2026-05-11T15:23:07+0000,1778512987.3157475,1778512987.4130335,PostgreSQL+Citus,citus_uniform,citus_native,149,select,13971,64986,False,0.0,True,,97.28598594665527,1
2026-05-11T15:23:07+0000,1778512987.0020657,1778512987.4134629,PostgreSQL+Citus,citus_uniform,citus_native,30,select,10991,48252,False,0.0,True,,411.39721870422363,1
2026-05-11T15:23:07+0000,1778512987.3068206,1778512987.4138267,PostgreSQL+Citus,citus_uniform,citus_native,132,select,15595,38158,False,0.0,True,,107.00607299804688,1
2026-05-11T15:23:07+0000,1778512987.0349703,1778512987.4147837,PostgreSQL+Citus,citus_uniform,citus_native,102,select,6843,29552,False,0.0,True,,379.81343269348145,1
2026-05-11T15:23:07+0000,1778512987.0277858,1778512987.4183064,PostgreSQL+Citus,citus_uniform,citus_native,82,insert,14380,67118,False,0.0,True,,390.5205726623535,1
2026-05-11T15:23:07+0000,1778512987.0170753,1778512987.4187202,PostgreSQL+Citus,citus_uniform,citus_native,56,select,7565,10867,False,0.0,True,,401.6449451446533,1
2026-05-11T15:23:07+0000,1778512987.0080545,1778512987.4189775,PostgreSQL+Citus,citus_uniform,citus_native,40,select,7925,95674,False,0.0,True,,410.9230041503906,1
2026-05-11T15:23:07+0000,1778512987.2096698,1778512987.4196563,PostgreSQL+Citus,citus_uniform,citus_native,116,select,14588,71510,False,0.0,True,,209.98644828796387,1
2026-05-11T15:23:07+0000,1778512986.9997346,1778512987.4208593,PostgreSQL+Citus,citus_uniform,citus_native,26,insert,19938,40199,False,0.0,True,,421.1246967315674,1
2026-05-11T15:23:07+0000,1778512987.4197228,1778512987.4210958,PostgreSQL+Citus,citus_uniform,citus_native,165,select,29758,49663,False,0.0,True,,1.3730525970458984,1
2026-05-11T15:23:07+0000,1778512987.421142,1778512987.421846,PostgreSQL+Citus,citus_uniform,citus_native,167,select,11238,53658,False,0.0,True,,0.7038116455078125,1
2026-05-11T15:23:07+0000,1778512987.421883,1778512987.4235423,PostgreSQL+Citus,citus_uniform,citus_native,168,select,17238,61629,False,0.0,True,,1.6591548919677734,1
2026-05-11T15:23:07+0000,1778512987.0054274,1778512987.5052876,PostgreSQL+Citus,citus_uniform,citus_native,36,select,7486,41699,False,0.0,True,,499.8602867126465,1
2026-05-11T15:23:07+0000,1778512987.0104809,1778512987.5059721,PostgreSQL+Citus,citus_uniform,citus_native,45,select,29540,34708,False,0.0,True,,495.49126625061035,1
2026-05-11T15:23:07+0000,1778512987.418463,1778512987.5086083,PostgreSQL+Citus,citus_uniform,citus_native,162,select,25954,43109,False,0.0,True,,90.14534950256348,1
2026-05-11T15:23:07+0000,1778512987.423585,1778512987.5115993,PostgreSQL+Citus,citus_uniform,citus_native,169,select,14915,66144,False,0.0,True,,88.01436424255371,1
2026-05-11T15:23:07+0000,1778512987.0034928,1778512987.511972,PostgreSQL+Citus,citus_uniform,citus_native,33,select,23575,38542,False,0.0,True,,508.47911834716797,1
2026-05-11T15:23:07+0000,1778512987.4128253,1778512987.5140254,PostgreSQL+Citus,citus_uniform,citus_native,157,select,29377,82195,False,0.0,True,,101.20010375976562,1
2026-05-11T15:23:07+0000,1778512987.4121425,1778512987.5156837,PostgreSQL+Citus,citus_uniform,citus_native,156,select,4020,70261,False,0.0,True,,103.54113578796387,1
2026-05-11T15:23:07+0000,1778512987.0215228,1778512987.5163686,PostgreSQL+Citus,citus_uniform,citus_native,66,select,10708,45683,False,0.0,True,,494.8458671569824,1
2026-05-11T15:23:07+0000,1778512987.413112,1778512987.5169244,PostgreSQL+Citus,citus_uniform,citus_native,158,update,23646,37189,False,0.0,False,FeatureNotSupported,103.81245613098145,0
2026-05-11T15:23:07+0000,1778512987.505461,1778512987.5174327,PostgreSQL+Citus,citus_uniform,citus_native,170,select,21030,31399,False,0.0,True,,11.971712112426758,1
2026-05-11T15:23:07+0000,1778512987.0160515,1778512987.517783,PostgreSQL+Citus,citus_uniform,citus_native,54,update,21567,28159,False,0.0,False,FeatureNotSupported,501.73139572143555,0
2026-05-11T15:23:07+0000,1778512987.027495,1778512987.5180874,PostgreSQL+Citus,citus_uniform,citus_native,81,select,20000,38485,False,0.0,True,,490.59247970581055,1
2026-05-11T15:23:07+0000,1778512986.9914157,1778512987.5183685,PostgreSQL+Citus,citus_uniform,citus_native,7,select,11613,26520,False,0.0,True,,526.9527435302734,1
2026-05-11T15:23:07+0000,1778512987.0134156,1778512987.5185668,PostgreSQL+Citus,citus_uniform,citus_native,49,select,4448,28713,False,0.0,True,,505.15127182006836,1
2026-05-11T15:23:07+0000,1778512987.0046983,1778512987.5189788,PostgreSQL+Citus,citus_uniform,citus_native,35,select,24123,62272,False,0.0,True,,514.2805576324463,1
2026-05-11T15:23:07+0000,1778512987.314633,1778512987.5196662,PostgreSQL+Citus,citus_uniform,citus_native,148,select,22452,28314,False,0.0,True,,205.0333023071289,1
2026-05-11T15:23:07+0000,1778512987.1132195,1778512987.5199573,PostgreSQL+Citus,citus_uniform,citus_native,108,select,3670,52937,False,0.0,True,,406.7378044128418,1
2026-05-11T15:23:07+0000,1778512987.4104068,1778512987.520245,PostgreSQL+Citus,citus_uniform,citus_native,155,select,29043,91588,False,0.0,True,,109.83824729919434,1
2026-05-11T15:23:07+0000,1778512987.0342894,1778512987.5207663,PostgreSQL+Citus,citus_uniform,citus_native,101,select,13315,10234,False,0.0,True,,486.4768981933594,1
2026-05-11T15:23:07+0000,1778512987.001143,1778512987.521035,PostgreSQL+Citus,citus_uniform,citus_native,28,select,17633,46621,False,0.0,True,,519.8919773101807,1
2026-05-11T15:23:07+0000,1778512987.023096,1778512987.5212207,PostgreSQL+Citus,citus_uniform,citus_native,68,select,13008,43073,False,0.0,True,,498.1245994567871,1
2026-05-11T15:23:07+0000,1778512987.1122391,1778512987.5214157,PostgreSQL+Citus,citus_uniform,citus_native,106,select,19507,35353,False,0.0,True,,409.1765880584717,1
2026-05-11T15:23:07+0000,1778512987.009956,1778512987.5218613,PostgreSQL+Citus,citus_uniform,citus_native,42,insert,21545,94391,False,0.0,True,,511.9054317474365,1
2026-05-11T15:23:07+0000,1778512987.5214808,1778512987.5248525,PostgreSQL+Citus,citus_uniform,citus_native,191,update,14286,44828,False,0.0,False,FeatureNotSupported,3.371715545654297,0
2026-05-11T15:23:07+0000,1778512987.5211093,1778512987.5262375,PostgreSQL+Citus,citus_uniform,citus_native,189,update,4549,3134,False,0.0,False,FeatureNotSupported,5.128145217895508,0
2026-05-11T15:23:07+0000,1778512987.0066512,1778512987.6050727,PostgreSQL+Citus,citus_uniform,citus_native,39,select,13807,38421,False,0.0,True,,598.421573638916,1
2026-05-11T15:23:07+0000,1778512987.0302923,1778512987.6054606,PostgreSQL+Citus,citus_uniform,citus_native,90,select,25795,63637,False,0.0,True,,575.1683712005615,1
2026-05-11T15:23:07+0000,1778512987.2127213,1778512987.605682,PostgreSQL+Citus,citus_uniform,citus_native,122,select,4570,42882,False,0.0,True,,392.9605484008789,1
2026-05-11T15:23:07+0000,1778512987.511711,1778512987.6059673,PostgreSQL+Citus,citus_uniform,citus_native,173,select,24923,10010,False,0.0,True,,94.25640106201172,1
2026-05-11T15:23:07+0000,1778512987.6052337,1778512987.6068356,PostgreSQL+Citus,citus_uniform,citus_native,195,select,27015,30829,False,0.0,True,,1.6019344329833984,1
2026-05-11T15:23:07+0000,1778512987.5178864,1778512987.608408,PostgreSQL+Citus,citus_uniform,citus_native,180,update,4914,46924,False,0.0,False,FeatureNotSupported,90.52157402038574,0
2026-05-11T15:23:07+0000,1778512987.5148518,1778512987.6090028,PostgreSQL+Citus,citus_uniform,citus_native,175,update,23998,28504,False,0.0,False,FeatureNotSupported,94.15102005004883,0
2026-05-11T15:23:07+0000,1778512987.0300555,1778512987.6093054,PostgreSQL+Citus,citus_uniform,citus_native,89,update,9322,47027,False,0.0,False,FeatureNotSupported,579.2498588562012,0
2026-05-11T15:23:07+0000,1778512987.312765,1778512987.6095886,PostgreSQL+Citus,citus_uniform,citus_native,144,select,1306,3506,False,0.0,True,,296.82374000549316,1
2026-05-11T15:23:07+0000,1778512987.5182257,1778512987.6116815,PostgreSQL+Citus,citus_uniform,citus_native,181,select,6740,99068,False,0.0,True,,93.45579147338867,1
2026-05-11T15:23:07+0000,1778512987.0268087,1778512987.6120145,PostgreSQL+Citus,citus_uniform,citus_native,79,select,21509,24488,False,0.0,True,,585.2057933807373,1
2026-05-11T15:23:07+0000,1778512987.6057312,1778512987.6124063,PostgreSQL+Citus,citus_uniform,citus_native,197,update,2876,91329,False,0.0,False,FeatureNotSupported,6.675004959106445,0
2026-05-11T15:23:07+0000,1778512987.5213146,1778512987.6130018,PostgreSQL+Citus,citus_uniform,citus_native,190,update,8095,7834,False,0.0,False,FeatureNotSupported,91.68720245361328,0
2026-05-11T15:23:07+0000,1778512987.5197911,1778512987.6134098,PostgreSQL+Citus,citus_uniform,citus_native,185,select,3486,37779,False,0.0,True,,93.61863136291504,1
2026-05-11T15:23:07+0000,1778512987.5175183,1778512987.6137004,PostgreSQL+Citus,citus_uniform,citus_native,179,update,25640,59406,False,0.0,False,FeatureNotSupported,96.18210792541504,0
2026-05-11T15:23:07+0000,1778512987.2138948,1778512987.6140313,PostgreSQL+Citus,citus_uniform,citus_native,125,select,2427,32968,False,0.0,True,,400.13647079467773,1
2026-05-11T15:23:07+0000,1778512987.6060185,1778512987.6143515,PostgreSQL+Citus,citus_uniform,citus_native,198,update,10619,39482,False,0.0,False,FeatureNotSupported,8.332967758178711,0
2026-05-11T15:23:07+0000,1778512987.506187,1778512987.6146297,PostgreSQL+Citus,citus_uniform,citus_native,171,select,9169,21874,False,0.0,True,,108.44278335571289,1
2026-05-11T15:23:07+0000,1778512987.0324066,1778512987.615014,PostgreSQL+Citus,citus_uniform,citus_native,97,select,22114,24279,False,0.0,True,,582.6075077056885,1
2026-05-11T15:23:07+0000,1778512987.032661,1778512987.6152031,PostgreSQL+Citus,citus_uniform,citus_native,98,select,22176,31221,False,0.0,True,,582.5421810150146,1
2026-05-11T15:23:07+0000,1778512987.5203183,1778512987.6153774,PostgreSQL+Citus,citus_uniform,citus_native,187,select,23735,17655,False,0.0,True,,95.05915641784668,1
2026-05-11T15:23:07+0000,1778512987.0211043,1778512987.6156304,PostgreSQL+Citus,citus_uniform,citus_native,65,update,23973,94168,False,0.0,False,FeatureNotSupported,594.5260524749756,0
2026-05-11T15:23:07+0000,1778512987.217845,1778512987.615931,PostgreSQL+Citus,citus_uniform,citus_native,129,select,8585,14376,False,0.0,True,,398.0860710144043,1
2026-05-11T15:23:07+0000,1778512987.6147726,1778512987.6162164,PostgreSQL+Citus,citus_uniform,citus_native,212,update,3380,80897,False,0.0,False,FeatureNotSupported,1.4438629150390625,0
2026-05-11T15:23:07+0000,1778512987.3090892,1778512987.6166682,PostgreSQL+Citus,citus_uniform,citus_native,137,select,22986,91055,False,0.0,True,,307.57904052734375,1
2026-05-11T15:23:07+0000,1778512987.0224054,1778512987.616957,PostgreSQL+Citus,citus_uniform,citus_native,67,update,16358,64474,False,0.0,False,FeatureNotSupported,594.5515632629395,0
2026-05-11T15:23:07+0000,1778512987.60688,1778512987.6172314,PostgreSQL+Citus,citus_uniform,citus_native,199,update,13153,9384,False,0.0,False,FeatureNotSupported,10.351419448852539,0
2026-05-11T15:23:07+0000,1778512987.6138406,1778512987.617407,PostgreSQL+Citus,citus_uniform,citus_native,209,update,17567,46247,False,0.0,False,FeatureNotSupported,3.5665035247802734,0
2026-05-11T15:23:07+0000,1778512987.6152887,1778512987.61755,PostgreSQL+Citus,citus_uniform,citus_native,214,select,6345,26439,False,0.0,True,,2.2611618041992188,1
2026-05-11T15:23:07+0000,1778512987.2113304,1778512987.6176982,PostgreSQL+Citus,citus_uniform,citus_native,119,insert,3824,67047,False,0.0,True,,406.3677787780762,1
2026-05-11T15:23:07+0000,1778512987.0318146,1778512987.6179147,PostgreSQL+Citus,citus_uniform,citus_native,95,select,29755,30795,False,0.0,True,,586.1001014709473,1
2026-05-11T15:23:07+0000,1778512987.017435,1778512987.6180587,PostgreSQL+Citus,citus_uniform,citus_native,57,select,29459,79417,False,0.0,True,,600.623607635498,1
2026-05-11T15:23:07+0000,1778512987.6176188,1778512987.6182537,PostgreSQL+Citus,citus_uniform,citus_native,223,update,26938,89250,False,0.0,False,FeatureNotSupported,0.6349086761474609,0
2026-05-11T15:23:07+0000,1778512987.2136724,1778512987.7051218,PostgreSQL+Citus,citus_uniform,citus_native,124,select,29410,87905,False,0.0,True,,491.44935607910156,1
2026-05-11T15:23:07+0000,1778512987.0243983,1778512987.7054143,PostgreSQL+Citus,citus_uniform,citus_native,72,insert,15689,32574,False,0.0,True,,681.0159683227539,1
2026-05-11T15:23:07+0000,1778512987.0239408,1778512987.7057724,PostgreSQL+Citus,citus_uniform,citus_native,71,insert,29534,79840,False,0.0,True,,681.8315982818604,1
2026-05-11T15:23:07+0000,1778512987.0247042,1778512987.7065485,PostgreSQL+Citus,citus_uniform,citus_native,73,update,10300,68267,False,0.0,False,FeatureNotSupported,681.8442344665527,0
2026-05-11T15:23:07+0000,1778512987.02635,1778512987.7070744,PostgreSQL+Citus,citus_uniform,citus_native,78,update,25688,90352,False,0.0,False,FeatureNotSupported,680.7243824005127,0
2026-05-11T15:23:07+0000,1778512987.612243,1778512987.7086425,PostgreSQL+Citus,citus_uniform,citus_native,205,select,14953,75478,False,0.0,True,,96.39954566955566,1
2026-05-11T15:23:07+0000,1778512987.036239,1778512987.7090013,PostgreSQL+Citus,citus_uniform,citus_native,104,select,18950,75784,False,0.0,True,,672.762393951416,1
2026-05-11T15:23:07+0000,1778512987.311784,1778512987.7103124,PostgreSQL+Citus,citus_uniform,citus_native,140,select,5136,59276,False,0.0,True,,398.5283374786377,1
2026-05-11T15:23:07+0000,1778512987.6154797,1778512987.71058,PostgreSQL+Citus,citus_uniform,citus_native,215,select,23220,25013,False,0.0,True,,95.10040283203125,1
2026-05-11T15:23:07+0000,1778512987.0140355,1778512987.7119052,PostgreSQL+Citus,citus_uniform,citus_native,50,update,7477,45168,False,0.0,False,FeatureNotSupported,697.8697776794434,0
2026-05-11T15:23:07+0000,1778512987.6144264,1778512987.7122512,PostgreSQL+Citus,citus_uniform,citus_native,211,insert,21724,60374,False,0.0,True,,97.8248119354248,1
2026-05-11T15:23:07+0000,1778512987.0291245,1778512987.7131891,PostgreSQL+Citus,citus_uniform,citus_native,86,update,25029,10110,False,0.0,False,FeatureNotSupported,684.0646266937256,0
2026-05-11T15:23:07+0000,1778512987.3081787,1778512987.7144458,PostgreSQL+Citus,citus_uniform,citus_native,134,select,17169,94262,False,0.0,True,,406.2671661376953,1
2026-05-11T15:23:07+0000,1778512987.012417,1778512987.714719,PostgreSQL+Citus,citus_uniform,citus_native,47,select,21567,62259,False,0.0,True,,702.3019790649414,1
2026-05-11T15:23:07+0000,1778512987.70681,1778512987.7149584,PostgreSQL+Citus,citus_uniform,citus_native,231,update,13866,37993,False,0.0,False,FeatureNotSupported,8.148431777954102,0
2026-05-11T15:23:07+0000,1778512987.1072652,1778512987.7153003,PostgreSQL+Citus,citus_uniform,citus_native,105,select,1465,97411,False,0.0,True,,608.0350875854492,1
2026-05-11T15:23:07+0000,1778512987.2092292,1778512987.715636,PostgreSQL+Citus,citus_uniform,citus_native,114,select,9063,19544,False,0.0,True,,506.4067840576172,1
2026-05-11T15:23:07+0000,1778512987.0308542,1778512987.715953,PostgreSQL+Citus,citus_uniform,citus_native,92,update,18927,71111,False,0.0,False,FeatureNotSupported,685.0988864898682,0
2026-05-11T15:23:07+0000,1778512987.0298243,1778512987.7164023,PostgreSQL+Citus,citus_uniform,citus_native,88,update,20547,43566,False,0.0,False,FeatureNotSupported,686.5780353546143,0
2026-05-11T15:23:07+0000,1778512987.0087254,1778512987.7165816,PostgreSQL+Citus,citus_uniform,citus_native,41,select,21341,67072,False,0.0,True,,707.8561782836914,1
2026-05-11T15:23:07+0000,1778512987.0271845,1778512987.7166848,PostgreSQL+Citus,citus_uniform,citus_native,80,select,11883,42728,False,0.0,True,,689.5003318786621,1
2026-05-11T15:23:07+0000,1778512987.6124413,1778512987.7168183,PostgreSQL+Citus,citus_uniform,citus_native,206,select,1817,4181,False,0.0,True,,104.37703132629395,1
2026-05-11T15:23:07+0000,1778512987.6160347,1778512987.7169385,PostgreSQL+Citus,citus_uniform,citus_native,217,select,4025,99337,False,0.0,True,,100.90374946594238,1
2026-05-11T15:23:07+0000,1778512987.0336604,1778512987.7170584,PostgreSQL+Citus,citus_uniform,citus_native,100,select,14026,13223,False,0.0,True,,683.3980083465576,1
2026-05-11T15:23:07+0000,1778512987.3083797,1778512987.717247,PostgreSQL+Citus,citus_uniform,citus_native,135,select,24688,79417,False,0.0,True,,408.86735916137695,1
2026-05-11T15:23:07+0000,1778512987.3131692,1778512987.7175844,PostgreSQL+Citus,citus_uniform,citus_native,145,select,26618,55780,False,0.0,True,,404.4151306152344,1
2026-05-11T15:23:07+0000,1778512987.0117989,1778512987.7178872,PostgreSQL+Citus,citus_uniform,citus_native,46,update,18933,42302,False,0.0,False,FeatureNotSupported,706.0883045196533,0
2026-05-11T15:23:07+0000,1778512987.2143872,1778512987.7182398,PostgreSQL+Citus,citus_uniform,citus_native,127,select,14394,85557,False,0.0,True,,503.85260581970215,1
2026-05-11T15:23:07+0000,1778512987.3124993,1778512987.7185245,PostgreSQL+Citus,citus_uniform,citus_native,142,select,1608,66490,False,0.0,True,,406.0251712799072,1
2026-05-11T15:23:07+0000,1778512987.2129383,1778512987.7187362,PostgreSQL+Citus,citus_uniform,citus_native,123,select,28943,97522,False,0.0,True,,505.7978630065918,1
2026-05-11T15:23:07+0000,1778512987.6096482,1778512987.7189417,PostgreSQL+Citus,citus_uniform,citus_native,203,select,29670,85992,False,0.0,True,,109.29346084594727,1
2026-05-11T15:23:07+0000,1778512987.015106,1778512987.7191122,PostgreSQL+Citus,citus_uniform,citus_native,52,select,7409,98453,False,0.0,True,,704.0061950683594,1
2026-05-11T15:23:07+0000,1778512987.7190034,1778512987.7196348,PostgreSQL+Citus,citus_uniform,citus_native,258,update,21815,7062,False,0.0,False,FeatureNotSupported,0.6313323974609375,0
2026-05-11T15:23:07+0000,1778512987.7186086,1778512987.7197802,PostgreSQL+Citus,citus_uniform,citus_native,256,select,7661,32839,False,0.0,True,,1.1715888977050781,1
2026-05-11T15:23:07+0000,1778512987.7150757,1778512987.805421,PostgreSQL+Citus,citus_uniform,citus_native,242,update,15233,71001,False,0.0,False,FeatureNotSupported,90.34538269042969,0
2026-05-11T15:23:07+0000,1778512987.7124414,1778512987.8058612,PostgreSQL+Citus,citus_uniform,citus_native,238,select,9153,10552,False,0.0,True,,93.41979026794434,1
2026-05-11T15:23:07+0000,1778512987.613478,1778512987.8062437,PostgreSQL+Citus,citus_uniform,citus_native,208,insert,11306,81903,False,0.0,True,,192.7657127380371,1
2026-05-11T15:23:07+0000,1778512987.713987,1778512987.8065376,PostgreSQL+Citus,citus_uniform,citus_native,239,update,11682,56904,False,0.0,False,FeatureNotSupported,92.55051612854004,0
2026-05-11T15:23:07+0000,1778512987.4188683,1778512987.808339,PostgreSQL+Citus,citus_uniform,citus_native,163,select,2187,77943,False,0.0,True,,389.47081565856934,1
2026-05-11T15:23:07+0000,1778512987.0294828,1778512987.8084707,PostgreSQL+Citus,citus_uniform,citus_native,87,select,27805,26544,False,0.0,True,,778.9878845214844,1
2026-05-11T15:23:07+0000,1778512987.2099316,1778512987.808875,PostgreSQL+Citus,citus_uniform,citus_native,117,select,16049,70813,False,0.0,True,,598.9434719085693,1
2026-05-11T15:23:07+0000,1778512987.4210093,1778512987.8092294,PostgreSQL+Citus,citus_uniform,citus_native,166,select,8851,38694,False,0.0,True,,388.22007179260254,1
2026-05-11T15:23:07+0000,1778512987.705955,1778512987.8095045,PostgreSQL+Citus,citus_uniform,citus_native,230,select,8812,39462,False,0.0,True,,103.54948043823242,1
2026-05-11T15:23:07+0000,1778512987.7169971,1778512987.8101451,PostgreSQL+Citus,citus_uniform,citus_native,250,select,14650,35798,False,0.0,True,,93.14799308776855,1
2026-05-11T15:23:07+0000,1778512987.709193,1778512987.8104646,PostgreSQL+Citus,citus_uniform,citus_native,234,select,10027,71548,False,0.0,True,,101.2716293334961,1
2026-05-11T15:23:07+0000,1778512987.7183876,1778512987.8108113,PostgreSQL+Citus,citus_uniform,citus_native,255,update,24907,34121,False,0.0,False,FeatureNotSupported,92.42367744445801,0
2026-05-11T15:23:07+0000,1778512987.024978,1778512987.8110728,PostgreSQL+Citus,citus_uniform,citus_native,74,update,23043,15670,False,0.0,False,FeatureNotSupported,786.0949039459229,0
2026-05-11T15:23:07+0000,1778512987.7157617,1778512987.8113449,PostgreSQL+Citus,citus_uniform,citus_native,244,update,23142,68681,False,0.0,False,FeatureNotSupported,95.58320045471191,0
2026-05-11T15:23:07+0000,1778512987.806028,1778512987.8116202,PostgreSQL+Citus,citus_uniform,citus_native,263,select,11253,11042,False,0.0,True,,5.59234619140625,1
2026-05-11T15:23:07+0000,1778512987.80965,1778512987.8118382,PostgreSQL+Citus,citus_uniform,citus_native,270,update,5872,41068,False,0.0,False,FeatureNotSupported,2.1882057189941406,0
2026-05-11T15:23:07+0000,1778512987.2116988,1778512987.8119721,PostgreSQL+Citus,citus_uniform,citus_native,120,insert,29967,60450,False,0.0,True,,600.2733707427979,1
2026-05-11T15:23:07+0000,1778512987.3087707,1778512987.8122532,PostgreSQL+Citus,citus_uniform,citus_native,136,select,1025,69248,False,0.0,True,,503.4825801849365,1
2026-05-11T15:23:07+0000,1778512987.710403,1778512987.8124053,PostgreSQL+Citus,citus_uniform,citus_native,235,update,18606,59140,False,0.0,False,FeatureNotSupported,102.00238227844238,0
2026-05-11T15:23:07+0000,1778512987.5170927,1778512987.8125358,PostgreSQL+Citus,citus_uniform,citus_native,178,select,11718,55086,False,0.0,True,,295.443058013916,1
2026-05-11T15:23:07+0000,1778512987.4190657,1778512987.8126762,PostgreSQL+Citus,citus_uniform,citus_native,164,insert,10265,78293,False,0.0,True,,393.61047744750977,1
2026-05-11T15:23:07+0000,1778512987.810604,1778512987.8129942,PostgreSQL+Citus,citus_uniform,citus_native,272,update,23992,24544,False,0.0,False,FeatureNotSupported,2.390146255493164,0
2026-05-11T15:23:07+0000,1778512987.0101042,1778512987.8151143,PostgreSQL+Citus,citus_uniform,citus_native,43,select,7047,87074,False,0.0,True,,805.0100803375244,1
2026-05-11T15:23:07+0000,1778512987.3141532,1778512987.8158624,PostgreSQL+Citus,citus_uniform,citus_native,147,select,19456,93449,False,0.0,True,,501.7092227935791,1
2026-05-11T15:23:07+0000,1778512987.815279,1778512987.81626,PostgreSQL+Citus,citus_uniform,citus_native,284,update,25162,26246,False,0.0,False,FeatureNotSupported,0.9810924530029297,0
2026-05-11T15:23:07+0000,1778512987.0287974,1778512987.8198695,PostgreSQL+Citus,citus_uniform,citus_native,85,select,7100,20908,False,0.0,True,,791.0721302032471,1
2026-05-11T15:23:07+0000,1778512987.8063223,1778512987.9053557,PostgreSQL+Citus,citus_uniform,citus_native,264,select,7868,3607,False,0.0,True,,99.03335571289062,1
2026-05-11T15:23:07+0000,1778512987.8092923,1778512987.9069805,PostgreSQL+Citus,citus_uniform,citus_native,269,select,4994,63939,False,0.0,True,,97.68819808959961,1
2026-05-11T15:23:07+0000,1778512987.413659,1778512987.9072986,PostgreSQL+Citus,citus_uniform,citus_native,159,select,24621,20854,False,0.0,True,,493.6394691467285,1
2026-05-11T15:23:07+0000,1778512987.7168627,1778512987.9076223,PostgreSQL+Citus,citus_uniform,citus_native,249,select,27907,63217,False,0.0,True,,190.75965881347656,1
2026-05-11T15:23:07+0000,1778512987.0235906,1778512987.9077857,PostgreSQL+Citus,citus_uniform,citus_native,70,insert,15601,23805,False,0.0,True,,884.19508934021,1
2026-05-11T15:23:07+0000,1778512987.8159604,1778512987.908906,PostgreSQL+Citus,citus_uniform,citus_native,285,select,5114,30104,False,0.0,True,,92.94557571411133,1
2026-05-11T15:23:07+0000,1778512987.8130648,1778512987.9091148,PostgreSQL+Citus,citus_uniform,citus_native,283,update,27889,58541,False,0.0,False,FeatureNotSupported,96.05002403259277,0
2026-05-11T15:23:07+0000,1778512987.8114834,1778512987.909647,PostgreSQL+Citus,citus_uniform,citus_native,275,select,10196,71139,False,0.0,True,,98.16360473632812,1
2026-05-11T15:23:07+0000,1778512987.8116825,1778512987.910167,PostgreSQL+Citus,citus_uniform,citus_native,276,select,14655,93715,False,0.0,True,,98.48451614379883,1
2026-05-11T15:23:07+0000,1778512987.5122523,1778512987.9106412,PostgreSQL+Citus,citus_uniform,citus_native,174,insert,18085,12036,False,0.0,True,,398.3888626098633,1
2026-05-11T15:23:07+0000,1778512987.8090055,1778512987.9111342,PostgreSQL+Citus,citus_uniform,citus_native,268,select,19798,9205,False,0.0,True,,102.12874412536621,1
2026-05-11T15:23:07+0000,1778512987.907664,1778512987.9114194,PostgreSQL+Citus,citus_uniform,citus_native,291,select,15500,72031,False,0.0,True,,3.755331039428711,1
2026-05-11T15:23:07+0000,1778512987.810941,1778512987.912228,PostgreSQL+Citus,citus_uniform,citus_native,273,select,16682,39380,False,0.0,True,,101.2871265411377,1
2026-05-11T15:23:07+0000,1778512987.8124645,1778512987.9125478,PostgreSQL+Citus,citus_uniform,citus_native,280,select,29486,96889,False,0.0,True,,100.0833511352539,1
2026-05-11T15:23:07+0000,1778512987.4139247,1778512987.9128337,PostgreSQL+Citus,citus_uniform,citus_native,160,select,643,87757,False,0.0,True,,498.90899658203125,1
2026-05-11T15:23:07+0000,1778512987.8120303,1778512987.9130387,PostgreSQL+Citus,citus_uniform,citus_native,278,select,8241,57928,False,0.0,True,,101.00841522216797,1
2026-05-11T15:23:07+0000,1778512987.5201015,1778512987.9132988,PostgreSQL+Citus,citus_uniform,citus_native,186,select,652,56815,False,0.0,True,,393.19729804992676,1
2026-05-11T15:23:07+0000,1778512987.4062295,1778512987.9136374,PostgreSQL+Citus,citus_uniform,citus_native,153,select,12662,78561,False,0.0,True,,507.40790367126465,1
2026-05-11T15:23:07+0000,1778512987.8123145,1778512987.9139128,PostgreSQL+Citus,citus_uniform,citus_native,279,update,29151,34879,False,0.0,False,FeatureNotSupported,101.59826278686523,0
2026-05-11T15:23:07+0000,1778512987.810283,1778512987.9141986,PostgreSQL+Citus,citus_uniform,citus_native,271,select,6876,33672,False,0.0,True,,103.91569137573242,1
2026-05-11T15:23:07+0000,1778512987.9091516,1778512987.9144194,PostgreSQL+Citus,citus_uniform,citus_native,294,update,20842,12182,False,0.0,False,FeatureNotSupported,5.267858505249023,0
2026-05-11T15:23:07+0000,1778512987.9145117,1778512987.9151607,PostgreSQL+Citus,citus_uniform,citus_native,308,update,19221,29424,False,0.0,False,FeatureNotSupported,0.6489753723144531,0
2026-05-11T15:23:07+0000,1778512987.9142737,1778512987.9153972,PostgreSQL+Citus,citus_uniform,citus_native,307,update,15252,80702,False,0.0,False,FeatureNotSupported,1.1234283447265625,0
2026-05-11T15:23:07+0000,1778512987.7071774,1778512987.9158769,PostgreSQL+Citus,citus_uniform,citus_native,232,select,28836,52870,False,0.0,True,,208.69946479797363,1
2026-05-11T15:23:07+0000,1778512987.9159296,1778512987.9168758,PostgreSQL+Citus,citus_uniform,citus_native,311,select,16820,42901,False,0.0,True,,0.9462833404541016,1
2026-05-11T15:23:07+0000,1778512987.9169126,1778512987.9172373,PostgreSQL+Citus,citus_uniform,citus_native,312,update,5808,5139,False,0.0,False,FeatureNotSupported,0.3247261047363281,0
2026-05-11T15:23:07+0000,1778512987.6055226,1778512987.9175045,PostgreSQL+Citus,citus_uniform,citus_native,196,select,18480,94360,False,0.0,True,,311.9819164276123,1
2026-05-11T15:23:07+0000,1778512987.917544,1778512987.918209,PostgreSQL+Citus,citus_uniform,citus_native,314,update,23784,60925,False,0.0,False,FeatureNotSupported,0.6651878356933594,0
2026-05-11T15:23:07+0000,1778512987.019102,1778512987.9215114,PostgreSQL+Citus,citus_uniform,citus_native,60,insert,4659,25342,False,0.0,True,,902.4093151092529,1
2026-05-11T15:23:07+0000,1778512987.9215586,1778512987.9229925,PostgreSQL+Citus,citus_uniform,citus_native,316,update,21996,29819,False,0.0,False,FeatureNotSupported,1.4338493347167969,0
2026-05-11T15:23:08+0000,1778512987.9071064,1778512988.005399,PostgreSQL+Citus,citus_uniform,citus_native,289,select,19042,89850,False,0.0,True,,98.29258918762207,1
2026-05-11T15:23:08+0000,1778512987.6181176,1778512988.0056643,PostgreSQL+Citus,citus_uniform,citus_native,226,insert,20889,37342,False,0.0,True,,387.5467777252197,1
2026-05-11T15:23:08+0000,1778512987.9107172,1778512988.0069058,PostgreSQL+Citus,citus_uniform,citus_native,297,select,25745,76165,False,0.0,True,,96.18854522705078,1
2026-05-11T15:23:08+0000,1778512987.9123309,1778512988.007112,PostgreSQL+Citus,citus_uniform,citus_native,300,update,16359,92,False,0.0,False,FeatureNotSupported,94.78116035461426,0
2026-05-11T15:23:08+0000,1778512987.3178058,1778512988.007536,PostgreSQL+Citus,citus_uniform,citus_native,151,select,15140,46407,False,0.0,True,,689.730167388916,1
2026-05-11T15:23:08+0000,1778512987.9073365,1778512988.0102932,PostgreSQL+Citus,citus_uniform,citus_native,290,select,11577,15828,False,0.0,True,,102.95677185058594,1
2026-05-11T15:23:08+0000,1778512987.9182465,1778512988.0107915,PostgreSQL+Citus,citus_uniform,citus_native,315,select,1165,52459,False,0.0,True,,92.5450325012207,1
2026-05-11T15:23:08+0000,1778512987.6090791,1778512988.0119617,PostgreSQL+Citus,citus_uniform,citus_native,201,select,23918,58353,False,0.0,True,,402.88257598876953,1
2026-05-11T15:23:08+0000,1778512987.0194304,1778512988.0124784,PostgreSQL+Citus,citus_uniform,citus_native,61,select,5971,9662,False,0.0,True,,993.0479526519775,1
2026-05-11T15:23:08+0000,1778512987.913448,1778512988.012899,PostgreSQL+Citus,citus_uniform,citus_native,304,select,9787,62384,False,0.0,True,,99.45082664489746,1
2026-05-11T15:23:08+0000,1778512987.5166485,1778512988.0131614,PostgreSQL+Citus,citus_uniform,citus_native,177,select,27180,52303,False,0.0,True,,496.51288986206055,1
2026-05-11T15:23:08+0000,1778512987.5158641,1778512988.0135055,PostgreSQL+Citus,citus_uniform,citus_native,176,select,595,77242,False,0.0,True,,497.64132499694824,1
2026-05-11T15:23:08+0000,1778512987.910326,1778512988.013802,PostgreSQL+Citus,citus_uniform,citus_native,296,select,25755,85178,False,0.0,True,,103.47604751586914,1
2026-05-11T15:23:08+0000,1778512987.414927,1778512988.0140052,PostgreSQL+Citus,citus_uniform,citus_native,161,insert,16633,94635,False,0.0,True,,599.0781784057617,1
2026-05-11T15:23:08+0000,1778512988.0120406,1778512988.014216,PostgreSQL+Citus,citus_uniform,citus_native,325,update,10264,15745,False,0.0,False,FeatureNotSupported,2.1753311157226562,0
2026-05-11T15:23:08+0000,1778512987.9055212,1778512988.0146468,PostgreSQL+Citus,citus_uniform,citus_native,288,insert,27299,34180,False,0.0,True,,109.12561416625977,1
2026-05-11T15:23:08+0000,1778512987.5186503,1778512988.0149906,PostgreSQL+Citus,citus_uniform,citus_native,183,select,7081,81884,False,0.0,True,,496.340274810791,1
2026-05-11T15:23:08+0000,1778512987.6168008,1778512988.0151834,PostgreSQL+Citus,citus_uniform,citus_native,219,select,8077,86923,False,0.0,True,,398.38266372680664,1
2026-05-11T15:23:08+0000,1778512987.5220022,1778512988.0153575,PostgreSQL+Citus,citus_uniform,citus_native,192,select,20900,54932,False,0.0,True,,493.35527420043945,1
2026-05-11T15:23:08+0000,1778512987.9129403,1778512988.0155258,PostgreSQL+Citus,citus_uniform,citus_native,302,select,11831,6147,False,0.0,True,,102.5855541229248,1
2026-05-11T15:23:08+0000,1778512987.615073,1778512988.015639,PostgreSQL+Citus,citus_uniform,citus_native,213,select,1135,79596,False,0.0,True,,400.56610107421875,1
2026-05-11T15:23:08+0000,1778512987.9230824,1778512988.0157754,PostgreSQL+Citus,citus_uniform,citus_native,317,update,2819,61148,False,0.0,False,FeatureNotSupported,92.69309043884277,0
2026-05-11T15:23:08+0000,1778512987.5209148,1778512988.0159464,PostgreSQL+Citus,citus_uniform,citus_native,188,select,17435,70872,False,0.0,True,,495.03159523010254,1
2026-05-11T15:23:08+0000,1778512987.9172714,1778512988.016096,PostgreSQL+Citus,citus_uniform,citus_native,313,update,9709,65632,False,0.0,False,FeatureNotSupported,98.82473945617676,0
2026-05-11T15:23:08+0000,1778512987.5184555,1778512988.0163212,PostgreSQL+Citus,citus_uniform,citus_native,182,select,7477,9030,False,0.0,True,,497.8656768798828,1
2026-05-11T15:23:08+0000,1778512987.7147825,1778512988.0166657,PostgreSQL+Citus,citus_uniform,citus_native,241,insert,23555,71684,False,0.0,True,,301.8832206726074,1
2026-05-11T15:23:08+0000,1778512987.019834,1778512988.01693,PostgreSQL+Citus,citus_uniform,citus_native,62,select,14982,55939,False,0.0,True,,997.096061706543,1
2026-05-11T15:23:08+0000,1778512987.5194042,1778512988.0170984,PostgreSQL+Citus,citus_uniform,citus_native,184,select,27615,95357,False,0.0,True,,497.6942539215088,1
2026-05-11T15:23:08+0000,1778512987.6183016,1778512988.0172007,PostgreSQL+Citus,citus_uniform,citus_native,227,select,21018,25193,False,0.0,True,,398.8990783691406,1
2026-05-11T15:23:08+0000,1778512987.0252948,1778512988.017685,PostgreSQL+Citus,citus_uniform,citus_native,75,select,16031,61755,False,0.0,True,,992.3901557922363,1
2026-05-11T15:23:08+0000,1778512987.812736,1778512988.0179343,PostgreSQL+Citus,citus_uniform,citus_native,282,select,16285,34030,False,0.0,True,,205.1982879638672,1
2026-05-11T15:23:08+0000,1778512988.006947,1778512988.0180848,PostgreSQL+Citus,citus_uniform,citus_native,320,update,221,82526,False,0.0,False,FeatureNotSupported,11.137723922729492,0
2026-05-11T15:23:08+0000,1778512988.0169978,1778512988.0182304,PostgreSQL+Citus,citus_uniform,citus_native,344,update,15099,33877,False,0.0,False,FeatureNotSupported,1.2326240539550781,0
2026-05-11T15:23:08+0000,1778512988.0181406,1778512988.0211492,PostgreSQL+Citus,citus_uniform,citus_native,349,select,14158,32391,False,0.0,True,,3.008604049682617,1
2026-05-11T15:23:08+0000,1778512987.915283,1778512988.1053276,PostgreSQL+Citus,citus_uniform,citus_native,309,insert,10682,66003,False,0.0,True,,190.04464149475098,1
2026-05-11T15:23:08+0000,1778512987.6177654,1778512988.1056693,PostgreSQL+Citus,citus_uniform,citus_native,224,select,7726,31230,False,0.0,True,,487.9038333892822,1
2026-05-11T15:23:08+0000,1778512987.5264022,1778512988.106359,PostgreSQL+Citus,citus_uniform,citus_native,194,select,19920,61234,False,0.0,True,,579.9567699432373,1
2026-05-11T15:23:08+0000,1778512987.6085677,1778512988.1072567,PostgreSQL+Citus,citus_uniform,citus_native,200,select,7430,85558,False,0.0,True,,498.6889362335205,1
2026-05-11T15:23:08+0000,1778512987.614195,1778512988.107613,PostgreSQL+Citus,citus_uniform,citus_native,210,select,19697,39664,False,0.0,True,,493.41797828674316,1
2026-05-11T15:23:08+0000,1778512988.014287,1778512988.1096816,PostgreSQL+Citus,citus_uniform,citus_native,332,insert,11240,45775,False,0.0,True,,95.39461135864258,1
2026-05-11T15:23:08+0000,1778512988.1058571,1778512988.1102173,PostgreSQL+Citus,citus_uniform,citus_native,353,update,10050,13333,False,0.0,False,FeatureNotSupported,4.360198974609375,0
2026-05-11T15:23:08+0000,1778512988.0103526,1778512988.11051,PostgreSQL+Citus,citus_uniform,citus_native,323,select,28700,28670,False,0.0,True,,100.15749931335449,1
2026-05-11T15:23:08+0000,1778512988.0154305,1778512988.1110005,PostgreSQL+Citus,citus_uniform,citus_native,336,select,16131,34208,False,0.0,True,,95.57008743286133,1
2026-05-11T15:23:08+0000,1778512987.031198,1778512988.1113164,PostgreSQL+Citus,citus_uniform,citus_native,93,select,29708,88169,False,0.0,True,,1080.1184177398682,1
2026-05-11T15:23:08+0000,1778512988.0150595,1778512988.1115427,PostgreSQL+Citus,citus_uniform,citus_native,334,insert,24668,47722,False,0.0,True,,96.48323059082031,1
2026-05-11T15:23:08+0000,1778512988.015854,1778512988.1125727,PostgreSQL+Citus,citus_uniform,citus_native,339,update,29200,50037,False,0.0,False,FeatureNotSupported,96.71878814697266,0
2026-05-11T15:23:08+0000,1778512987.4101655,1778512988.112988,PostgreSQL+Citus,citus_uniform,citus_native,154,select,20282,32972,False,0.0,True,,702.8224468231201,1
2026-05-11T15:23:08+0000,1778512988.0155835,1778512988.1132562,PostgreSQL+Citus,citus_uniform,citus_native,337,select,21649,90337,False,0.0,True,,97.67270088195801,1
2026-05-11T15:23:08+0000,1778512988.0182922,1778512988.1136315,PostgreSQL+Citus,citus_uniform,citus_native,350,select,3453,77664,False,0.0,True,,95.33929824829102,1
2026-05-11T15:23:08+0000,1778512987.7196875,1778512988.1139255,PostgreSQL+Citus,citus_uniform,citus_native,260,select,1057,36637,False,0.0,True,,394.2379951477051,1
2026-05-11T15:23:08+0000,1778512988.11059,1778512988.114199,PostgreSQL+Citus,citus_uniform,citus_native,359,select,1955,99398,False,0.0,True,,3.6089420318603516,1
2026-05-11T15:23:08+0000,1778512987.8055909,1778512988.1144273,PostgreSQL+Citus,citus_uniform,citus_native,262,select,25639,65599,False,0.0,True,,308.8364601135254,1
2026-05-11T15:23:08+0000,1778512987.0315208,1778512988.114581,PostgreSQL+Citus,citus_uniform,citus_native,94,select,27564,32346,False,0.0,True,,1083.0602645874023,1
2026-05-11T15:23:08+0000,1778512988.015999,1778512988.1148012,PostgreSQL+Citus,citus_uniform,citus_native,340,update,4942,53925,False,0.0,False,FeatureNotSupported,98.80208969116211,0
2026-05-11T15:23:08+0000,1778512987.5088992,1778512988.114944,PostgreSQL+Citus,citus_uniform,citus_native,172,select,6175,19940,False,0.0,True,,606.0447692871094,1
2026-05-11T15:23:08+0000,1778512987.7192166,1778512988.1151278,PostgreSQL+Citus,citus_uniform,citus_native,259,select,5006,49741,False,0.0,True,,395.91121673583984,1
2026-05-11T15:23:08+0000,1778512988.0161455,1778512988.1152742,PostgreSQL+Citus,citus_uniform,citus_native,341,update,7645,37710,False,0.0,False,FeatureNotSupported,99.12872314453125,0
2026-05-11T15:23:08+0000,1778512987.715447,1778512988.11543,PostgreSQL+Citus,citus_uniform,citus_native,243,select,17578,34421,False,0.0,True,,399.98316764831543,1
2026-05-11T15:23:08+0000,1778512987.5249648,1778512988.1156416,PostgreSQL+Citus,citus_uniform,citus_native,193,select,14224,44168,False,0.0,True,,590.6767845153809,1
2026-05-11T15:23:08+0000,1778512988.105445,1778512988.1158283,PostgreSQL+Citus,citus_uniform,citus_native,352,select,18469,10344,False,0.0,True,,10.383367538452148,1
2026-05-11T15:23:08+0000,1778512988.007588,1778512988.116139,PostgreSQL+Citus,citus_uniform,citus_native,322,select,10415,75523,False,0.0,True,,108.551025390625,1
2026-05-11T15:23:08+0000,1778512987.7052755,1778512988.1164498,PostgreSQL+Citus,citus_uniform,citus_native,228,select,22463,49885,False,0.0,True,,411.1742973327637,1
2026-05-11T15:23:08+0000,1778512987.0166614,1778512988.1165864,PostgreSQL+Citus,citus_uniform,citus_native,55,select,25308,5062,False,0.0,True,,1099.9250411987305,1
2026-05-11T15:23:08+0000,1778512988.0179958,1778512988.116715,PostgreSQL+Citus,citus_uniform,citus_native,348,update,11641,48060,False,0.0,False,FeatureNotSupported,98.71912002563477,0
2026-05-11T15:23:08+0000,1778512988.0164733,1778512988.1168575,PostgreSQL+Citus,citus_uniform,citus_native,342,select,9783,39934,False,0.0,True,,100.38423538208008,1
2026-05-11T15:23:08+0000,1778512987.7145805,1778512988.1170018,PostgreSQL+Citus,citus_uniform,citus_native,240,select,14597,7296,False,0.0,True,,402.421236038208,1
2026-05-11T15:23:08+0000,1778512987.7119696,1778512988.1172702,PostgreSQL+Citus,citus_uniform,citus_native,237,select,5304,40568,False,0.0,True,,405.3006172180176,1
2026-05-11T15:23:08+0000,1778512987.7087352,1778512988.1174881,PostgreSQL+Citus,citus_uniform,citus_native,233,select,22148,92030,False,0.0,True,,408.7529182434082,1
2026-05-11T15:23:08+0000,1778512988.1073797,1778512988.1177135,PostgreSQL+Citus,citus_uniform,citus_native,355,select,25166,33272,False,0.0,True,,10.333776473999023,1
2026-05-11T15:23:08+0000,1778512988.1103506,1778512988.1179023,PostgreSQL+Citus,citus_uniform,citus_native,358,select,1192,93807,False,0.0,True,,7.551670074462891,1
2026-05-11T15:23:08+0000,1778512987.6131423,1778512988.1181471,PostgreSQL+Citus,citus_uniform,citus_native,207,select,12864,48067,False,0.0,True,,505.0048828125,1
2026-05-11T15:23:08+0000,1778512987.7173457,1778512988.1182728,PostgreSQL+Citus,citus_uniform,citus_native,252,select,18745,59407,False,0.0,True,,400.9270668029785,1
2026-05-11T15:23:08+0000,1778512988.1165116,1778512988.118412,PostgreSQL+Citus,citus_uniform,citus_native,379,select,8933,37806,False,0.0,True,,1.9004344940185547,1
2026-05-11T15:23:08+0000,1778512987.6171014,1778512988.118527,PostgreSQL+Citus,citus_uniform,citus_native,220,select,4915,85361,False,0.0,True,,501.42550468444824,1
2026-05-11T15:23:08+0000,1778512987.6118257,1778512988.1186514,PostgreSQL+Citus,citus_uniform,citus_native,204,select,9960,16383,False,0.0,True,,506.82568550109863,1
2026-05-11T15:23:08+0000,1778512987.7106423,1778512988.1188312,PostgreSQL+Citus,citus_uniform,citus_native,236,insert,28223,64663,False,0.0,True,,408.1888198852539,1
2026-05-11T15:23:08+0000,1778512988.1076787,1778512988.1189713,PostgreSQL+Citus,citus_uniform,citus_native,356,select,7103,56609,False,0.0,True,,11.292695999145508,1
2026-05-11T15:23:08+0000,1778512987.023474,1778512988.1190841,PostgreSQL+Citus,citus_uniform,citus_native,69,select,6446,19100,False,0.0,True,,1095.6101417541504,1
2026-05-11T15:23:08+0000,1778512988.1183224,1778512988.1194062,PostgreSQL+Citus,citus_uniform,citus_native,389,select,17663,25357,False,0.0,True,,1.0838508605957031,1
2026-05-11T15:23:08+0000,1778512988.119448,1778512988.1200094,PostgreSQL+Citus,citus_uniform,citus_native,396,update,5385,21458,False,0.0,False,FeatureNotSupported,0.5614757537841797,0
2026-05-11T15:23:08+0000,1778512988.1149857,1778512988.1201138,PostgreSQL+Citus,citus_uniform,citus_native,372,insert,16828,82178,False,0.0,True,,5.128145217895508,1
2026-05-11T15:23:08+0000,1778512987.6163256,1778512988.2052526,PostgreSQL+Citus,citus_uniform,citus_native,218,insert,15559,78097,False,0.0,True,,588.9270305633545,1
2026-05-11T15:23:08+0000,1778512988.113396,1778512988.2056122,PostgreSQL+Citus,citus_uniform,citus_native,365,insert,23187,40495,False,0.0,True,,92.21625328063965,1
2026-05-11T15:23:08+0000,1778512987.7164693,1778512988.2065043,PostgreSQL+Citus,citus_uniform,citus_native,246,insert,4739,92368,False,0.0,True,,490.0350570678711,1
2026-05-11T15:23:08+0000,1778512988.1159093,1778512988.2068887,PostgreSQL+Citus,citus_uniform,citus_native,377,select,21581,53603,False,0.0,True,,90.97933769226074,1
2026-05-11T15:23:08+0000,1778512988.1162984,1778512988.2071722,PostgreSQL+Citus,citus_uniform,citus_native,378,select,4785,22,False,0.0,True,,90.87371826171875,1
2026-05-11T15:23:08+0000,1778512988.0129921,1778512988.2076812,PostgreSQL+Citus,citus_uniform,citus_native,327,select,27080,11184,False,0.0,True,,194.6890354156494,1
2026-05-11T15:23:08+0000,1778512988.114867,1778512988.2081091,PostgreSQL+Citus,citus_uniform,citus_native,371,select,27480,85103,False,0.0,True,,93.24216842651367,1
2026-05-11T15:23:08+0000,1778512988.1186936,1778512988.2087622,PostgreSQL+Citus,citus_uniform,citus_native,392,select,14163,40936,False,0.0,True,,90.06857872009277,1
2026-05-11T15:23:08+0000,1778512988.2069566,1778512988.209808,PostgreSQL+Citus,citus_uniform,citus_native,402,select,25369,70359,False,0.0,True,,2.8514862060546875,1
2026-05-11T15:23:08+0000,1778512988.117325,1778512988.2101922,PostgreSQL+Citus,citus_uniform,citus_native,384,update,8275,28568,False,0.0,False,FeatureNotSupported,92.86713600158691,0
2026-05-11T15:23:08+0000,1778512988.1169252,1778512988.210422,PostgreSQL+Citus,citus_uniform,citus_native,382,update,29305,53695,False,0.0,False,FeatureNotSupported,93.49679946899414,0
2026-05-11T15:23:08+0000,1778512988.115734,1778512988.2106678,PostgreSQL+Citus,citus_uniform,citus_native,376,select,17896,35883,False,0.0,True,,94.93374824523926,1
2026-05-11T15:23:08+0000,1778512988.0156748,1778512988.210892,PostgreSQL+Citus,citus_uniform,citus_native,338,insert,17668,42496,False,0.0,True,,195.21713256835938,1
2026-05-11T15:23:08+0000,1778512988.0171435,1778512988.2110739,PostgreSQL+Citus,citus_uniform,citus_native,345,insert,23348,38465,False,0.0,True,,193.93038749694824,1
2026-05-11T15:23:08+0000,1778512988.1178238,1778512988.211548,PostgreSQL+Citus,citus_uniform,citus_native,386,select,28814,41139,False,0.0,True,,93.72425079345703,1
2026-05-11T15:23:08+0000,1778512988.1191409,1778512988.2118676,PostgreSQL+Citus,citus_uniform,citus_native,395,update,20203,45004,False,0.0,False,FeatureNotSupported,92.7267074584961,0
2026-05-11T15:23:08+0000,1778512987.617447,1778512988.2120526,PostgreSQL+Citus,citus_uniform,citus_native,222,select,3555,63889,False,0.0,True,,594.6056842803955,1
2026-05-11T15:23:08+0000,1778512988.116761,1778512988.2123759,PostgreSQL+Citus,citus_uniform,citus_native,381,update,24349,35679,False,0.0,False,FeatureNotSupported,95.61491012573242,0
2026-05-11T15:23:08+0000,1778512987.0146403,1778512988.212667,PostgreSQL+Citus,citus_uniform,citus_native,51,select,1144,24127,False,0.0,True,,1198.0266571044922,1
2026-05-11T15:23:08+0000,1778512988.1140127,1778512988.2130468,PostgreSQL+Citus,citus_uniform,citus_native,367,update,21122,77147,False,0.0,False,FeatureNotSupported,99.03407096862793,0
2026-05-11T15:23:08+0000,1778512988.117554,1778512988.2133946,PostgreSQL+Citus,citus_uniform,citus_native,385,select,315,33466,False,0.0,True,,95.8406925201416,1
2026-05-11T15:23:08+0000,1778512988.1200464,1778512988.2136588,PostgreSQL+Citus,citus_uniform,citus_native,397,select,12330,63061,False,0.0,True,,93.6124324798584,1
2026-05-11T15:23:08+0000,1778512988.1113944,1778512988.2138455,PostgreSQL+Citus,citus_uniform,citus_native,361,update,8,5721,False,0.0,False,FeatureNotSupported,102.45108604431152,0
2026-05-11T15:23:08+0000,1778512988.1137745,1778512988.2140734,PostgreSQL+Citus,citus_uniform,citus_native,366,update,24880,31977,False,0.0,False,FeatureNotSupported,100.29888153076172,0
2026-05-11T15:23:08+0000,1778512988.2102885,1778512988.2142634,PostgreSQL+Citus,citus_uniform,citus_native,408,update,1143,56707,False,0.0,False,FeatureNotSupported,3.97491455078125,0
2026-05-11T15:23:08+0000,1778512988.2107146,1778512988.2145407,PostgreSQL+Citus,citus_uniform,citus_native,410,update,28620,32973,False,0.0,False,FeatureNotSupported,3.826141357421875,0
2026-05-11T15:23:08+0000,1778512988.1130648,1778512988.214757,PostgreSQL+Citus,citus_uniform,citus_native,364,select,25850,7819,False,0.0,True,,101.69219970703125,1
2026-05-11T15:23:08+0000,1778512988.1184728,1778512988.2148964,PostgreSQL+Citus,citus_uniform,citus_native,390,select,23417,41992,False,0.0,True,,96.42362594604492,1
2026-05-11T15:23:08+0000,1778512987.012878,1778512988.2151573,PostgreSQL+Citus,citus_uniform,citus_native,48,select,4166,46436,False,0.0,True,,1202.2793292999268,1
2026-05-11T15:23:08+0000,1778512988.1188912,1778512988.2153828,PostgreSQL+Citus,citus_uniform,citus_native,393,select,15214,89203,False,0.0,True,,96.49157524108887,1
2026-05-11T15:23:08+0000,1778512987.6179783,1778512988.2155623,PostgreSQL+Citus,citus_uniform,citus_native,225,select,20994,37389,False,0.0,True,,597.5840091705322,1
2026-05-11T15:23:08+0000,1778512988.2066865,1778512988.2157805,PostgreSQL+Citus,citus_uniform,citus_native,401,insert,23492,63950,False,0.0,True,,9.093999862670898,1
2026-05-11T15:23:08+0000,1778512987.0182672,1778512988.2159598,PostgreSQL+Citus,citus_uniform,citus_native,58,select,22841,37421,False,0.0,True,,1197.692632675171,1
2026-05-11T15:23:08+0000,1778512988.2131767,1778512988.2162848,PostgreSQL+Citus,citus_uniform,citus_native,418,select,12716,28631,False,0.0,True,,3.1080245971679688,1
2026-05-11T15:23:08+0000,1778512988.11117,1778512988.2166362,PostgreSQL+Citus,citus_uniform,citus_native,360,update,15120,85528,False,0.0,False,FeatureNotSupported,105.46612739562988,0
2026-05-11T15:23:08+0000,1778512988.2141273,1778512988.2169147,PostgreSQL+Citus,citus_uniform,citus_native,422,update,29169,20607,False,0.0,False,FeatureNotSupported,2.787351608276367,0
2026-05-11T15:23:08+0000,1778512987.716131,1778512988.2173893,PostgreSQL+Citus,citus_uniform,citus_native,245,select,28315,30286,False,0.0,True,,501.25837326049805,1
2026-05-11T15:23:08+0000,1778512988.119021,1778512988.217576,PostgreSQL+Citus,citus_uniform,citus_native,394,update,4578,79602,False,0.0,False,FeatureNotSupported,98.55508804321289,0
2026-05-11T15:23:08+0000,1778512987.71772,1778512988.2177463,PostgreSQL+Citus,citus_uniform,citus_native,253,select,27003,31337,False,0.0,True,,500.0262260437012,1
2026-05-11T15:23:08+0000,1778512988.115315,1778512988.2178838,PostgreSQL+Citus,citus_uniform,citus_native,374,insert,13114,35214,False,0.0,True,,102.5688648223877,1
2026-05-11T15:23:08+0000,1778512987.718796,1778512988.2180972,PostgreSQL+Citus,citus_uniform,citus_native,257,select,26257,5057,False,0.0,True,,499.3011951446533,1
2026-05-11T15:23:08+0000,1778512987.7180154,1778512988.2185347,PostgreSQL+Citus,citus_uniform,citus_native,254,select,14560,12387,False,0.0,True,,500.5192756652832,1
2026-05-11T15:23:08+0000,1778512988.2054472,1778512988.2190382,PostgreSQL+Citus,citus_uniform,citus_native,399,update,4269,69645,False,0.0,False,FeatureNotSupported,13.59105110168457,0
2026-05-11T15:23:08+0000,1778512988.1146407,1778512988.2191987,PostgreSQL+Citus,citus_uniform,citus_native,370,insert,29843,88891,False,0.0,True,,104.55799102783203,1
2026-05-11T15:23:08+0000,1778512988.1142995,1778512988.2195656,PostgreSQL+Citus,citus_uniform,citus_native,368,select,12585,65601,False,0.0,True,,105.26609420776367,1
2026-05-11T15:23:08+0000,1778512988.112823,1778512988.2201571,PostgreSQL+Citus,citus_uniform,citus_native,363,select,22842,79630,False,0.0,True,,107.33413696289062,1
2026-05-11T15:23:08+0000,1778512988.1151977,1778512988.2203588,PostgreSQL+Citus,citus_uniform,citus_native,373,select,14405,31474,False,0.0,True,,105.16119003295898,1
2026-05-11T15:23:08+0000,1778512988.2145984,1778512988.220552,PostgreSQL+Citus,citus_uniform,citus_native,424,select,14339,72204,False,0.0,True,,5.953550338745117,1
2026-05-11T15:23:08+0000,1778512988.0072706,1778512988.2207203,PostgreSQL+Citus,citus_uniform,citus_native,321,select,28841,53454,False,0.0,True,,213.44971656799316,1
2026-05-11T15:23:08+0000,1778512988.1065404,1778512988.2209437,PostgreSQL+Citus,citus_uniform,citus_native,354,select,29531,22574,False,0.0,True,,114.40324783325195,1
2026-05-11T15:23:08+0000,1778512987.7171018,1778512988.221148,PostgreSQL+Citus,citus_uniform,citus_native,251,insert,24986,97572,False,0.0,True,,504.0462017059326,1
2026-05-11T15:23:08+0000,1778512987.8118918,1778512988.2214053,PostgreSQL+Citus,citus_uniform,citus_native,277,select,28705,3055,False,0.0,True,,409.5134735107422,1
2026-05-11T15:23:08+0000,1778512987.9137275,1778512988.2217002,PostgreSQL+Citus,citus_uniform,citus_native,305,select,20479,5836,False,0.0,True,,307.97266960144043,1
2026-05-11T15:23:08+0000,1778512988.2212226,1778512988.221925,PostgreSQL+Citus,citus_uniform,citus_native,449,update,21060,61302,False,0.0,False,FeatureNotSupported,0.7023811340332031,0
2026-05-11T15:23:08+0000,1778512987.9130998,1778512988.2221706,PostgreSQL+Citus,citus_uniform,citus_native,303,select,7521,99843,False,0.0,True,,309.0708255767822,1
2026-05-11T15:23:08+0000,1778512987.8085213,1778512988.2225246,PostgreSQL+Citus,citus_uniform,citus_native,267,select,518,88974,False,0.0,True,,414.0033721923828,1
2026-05-11T15:23:08+0000,1778512987.7166235,1778512988.2227473,PostgreSQL+Citus,citus_uniform,citus_native,247,select,23427,23775,False,0.0,True,,506.12378120422363,1
2026-05-11T15:23:08+0000,1778512988.0132513,1778512988.2229779,PostgreSQL+Citus,citus_uniform,citus_native,328,select,28722,26747,False,0.0,True,,209.72657203674316,1
2026-05-11T15:23:08+0000,1778512988.2206082,1778512988.2231288,PostgreSQL+Citus,citus_uniform,citus_native,446,update,18560,61666,False,0.0,False,FeatureNotSupported,2.5205612182617188,0
2026-05-11T15:23:08+0000,1778512987.0187209,1778512988.2233298,PostgreSQL+Citus,citus_uniform,citus_native,59,select,22268,4848,False,0.0,True,,1204.6089172363281,1
2026-05-11T15:23:08+0000,1778512987.6157684,1778512988.2235308,PostgreSQL+Citus,citus_uniform,citus_native,216,select,21384,34119,False,0.0,True,,607.762336730957,1
2026-05-11T15:23:08+0000,1778512987.8111594,1778512988.2237036,PostgreSQL+Citus,citus_uniform,citus_native,274,select,6051,10768,False,0.0,True,,412.54425048828125,1
2026-05-11T15:23:08+0000,1778512987.719833,1778512988.2238815,PostgreSQL+Citus,citus_uniform,citus_native,261,select,3151,80778,False,0.0,True,,504.04858589172363,1
2026-05-11T15:23:08+0000,1778512987.914046,1778512988.224106,PostgreSQL+Citus,citus_uniform,citus_native,306,select,23597,5890,False,0.0,True,,310.0600242614746,1
2026-05-11T15:23:08+0000,1778512988.115509,1778512988.2242107,PostgreSQL+Citus,citus_uniform,citus_native,375,select,4621,18338,False,0.0,True,,108.70170593261719,1
2026-05-11T15:23:08+0000,1778512988.2117126,1778512988.2243268,PostgreSQL+Citus,citus_uniform,citus_native,413,select,22775,60535,False,0.0,True,,12.614250183105469,1
2026-05-11T15:23:08+0000,1778512988.223934,1778512988.2246723,PostgreSQL+Citus,citus_uniform,citus_native,461,update,17910,51397,False,0.0,False,FeatureNotSupported,0.7383823394775391,0
2026-05-11T15:23:08+0000,1778512988.2241578,1778512988.2254655,PostgreSQL+Citus,citus_uniform,citus_native,462,select,26524,12825,False,0.0,True,,1.3077259063720703,1
2026-05-11T15:23:08+0000,1778512987.7054548,1778512988.3055182,PostgreSQL+Citus,citus_uniform,citus_native,229,select,13650,25277,False,0.0,True,,600.0633239746094,1
2026-05-11T15:23:08+0000,1778512988.2209878,1778512988.306222,PostgreSQL+Citus,citus_uniform,citus_native,448,select,13963,93129,False,0.0,True,,85.23416519165039,1
2026-05-11T15:23:08+0000,1778512988.2243786,1778512988.3066676,PostgreSQL+Citus,citus_uniform,citus_native,464,update,2742,41441,False,0.0,False,FeatureNotSupported,82.28898048400879,0
2026-05-11T15:23:08+0000,1778512987.8083925,1778512988.3070374,PostgreSQL+Citus,citus_uniform,citus_native,266,select,27390,44476,False,0.0,True,,498.6448287963867,1
2026-05-11T15:23:08+0000,1778512988.2255037,1778512988.307431,PostgreSQL+Citus,citus_uniform,citus_native,466,select,11382,86195,False,0.0,True,,81.92729949951172,1
2026-05-11T15:23:08+0000,1778512988.1179512,1778512988.3077083,PostgreSQL+Citus,citus_uniform,citus_native,387,insert,20703,74235,False,0.0,True,,189.7571086883545,1
2026-05-11T15:23:08+0000,1778512987.806598,1778512988.3084073,PostgreSQL+Citus,citus_uniform,citus_native,265,insert,16395,70030,False,0.0,True,,501.80935859680176,1
2026-05-11T15:23:08+0000,1778512988.214384,1778512988.309868,PostgreSQL+Citus,citus_uniform,citus_native,423,select,10725,24947,False,0.0,True,,95.48401832580566,1
2026-05-11T15:23:08+0000,1778512987.7167299,1778512988.3104553,PostgreSQL+Citus,citus_uniform,citus_native,248,select,25546,12221,False,0.0,True,,593.7254428863525,1
2026-05-11T15:23:08+0000,1778512988.221773,1778512988.3108964,PostgreSQL+Citus,citus_uniform,citus_native,451,select,18866,80003,False,0.0,True,,89.12348747253418,1
2026-05-11T15:23:08+0000,1778512988.2202513,1778512988.3111756,PostgreSQL+Citus,citus_uniform,citus_native,444,update,1754,83199,False,0.0,False,FeatureNotSupported,90.92426300048828,0
2026-05-11T15:23:08+0000,1778512988.2170916,1778512988.3115153,PostgreSQL+Citus,citus_uniform,citus_native,434,update,2192,17467,False,0.0,False,FeatureNotSupported,94.42377090454102,0
2026-05-11T15:23:08+0000,1778512988.2231889,1778512988.3117902,PostgreSQL+Citus,citus_uniform,citus_native,457,select,23049,98419,False,0.0,True,,88.60135078430176,1
2026-05-11T15:23:08+0000,1778512988.3071954,1778512988.3120456,PostgreSQL+Citus,citus_uniform,citus_native,470,update,22569,56813,False,0.0,False,FeatureNotSupported,4.850149154663086,0
2026-05-11T15:23:08+0000,1778512988.216726,1778512988.3124065,PostgreSQL+Citus,citus_uniform,citus_native,433,update,21607,93820,False,0.0,False,FeatureNotSupported,95.68047523498535,0
2026-05-11T15:23:08+0000,1778512988.2078857,1778512988.312606,PostgreSQL+Citus,citus_uniform,citus_native,404,select,24512,58770,False,0.0,True,,104.7203540802002,1
2026-05-11T15:23:08+0000,1778512987.0208826,1778512988.3129845,PostgreSQL+Citus,citus_uniform,citus_native,64,select,25541,52550,False,0.0,True,,1292.1018600463867,1
2026-05-11T15:23:08+0000,1778512988.2177973,1778512988.3132513,PostgreSQL+Citus,citus_uniform,citus_native,437,select,9033,32744,False,0.0,True,,95.45397758483887,1
2026-05-11T15:23:08+0000,1778512988.2204564,1778512988.3135896,PostgreSQL+Citus,citus_uniform,citus_native,445,select,2514,913,False,0.0,True,,93.13321113586426,1
2026-05-11T15:23:08+0000,1778512987.90969,1778512988.313937,PostgreSQL+Citus,citus_uniform,citus_native,295,select,28993,34491,False,0.0,True,,404.2470455169678,1
2026-05-11T15:23:08+0000,1778512988.2207909,1778512988.3142385,PostgreSQL+Citus,citus_uniform,citus_native,447,select,15755,48869,False,0.0,True,,93.44768524169922,1
2026-05-11T15:23:08+0000,1778512988.3131275,1778512988.3146484,PostgreSQL+Citus,citus_uniform,citus_native,483,select,12114,9927,False,0.0,True,,1.5208721160888672,1
2026-05-11T15:23:08+0000,1778512988.2228456,1778512988.314903,PostgreSQL+Citus,citus_uniform,citus_native,455,insert,22008,53829,False,0.0,True,,92.05746650695801,1
2026-05-11T15:23:08+0000,1778512988.2164469,1778512988.3151789,PostgreSQL+Citus,citus_uniform,citus_native,432,update,28080,21794,False,0.0,False,FeatureNotSupported,98.73199462890625,0
2026-05-11T15:23:08+0000,1778512988.3112595,1778512988.315492,PostgreSQL+Citus,citus_uniform,citus_native,477,select,5044,96294,False,0.0,True,,4.2324066162109375,1
2026-05-11T15:23:08+0000,1778512988.222596,1778512988.3157353,PostgreSQL+Citus,citus_uniform,citus_native,454,select,17399,16635,False,0.0,True,,93.1394100189209,1
2026-05-11T15:23:08+0000,1778512988.212202,1778512988.315885,PostgreSQL+Citus,citus_uniform,citus_native,415,insert,12618,41063,False,0.0,True,,103.6829948425293,1
2026-05-11T15:23:08+0000,1778512988.218175,1778512988.3161075,PostgreSQL+Citus,citus_uniform,citus_native,439,select,3259,54554,False,0.0,True,,97.93257713317871,1
2026-05-11T15:23:08+0000,1778512988.2081928,1778512988.316302,PostgreSQL+Citus,citus_uniform,citus_native,405,select,12573,76328,False,0.0,True,,108.1092357635498,1
2026-05-11T15:23:08+0000,1778512988.2247367,1778512988.3164895,PostgreSQL+Citus,citus_uniform,citus_native,465,select,467,18680,False,0.0,True,,91.75276756286621,1
2026-05-11T15:23:08+0000,1778512988.3140342,1778512988.316808,PostgreSQL+Citus,citus_uniform,citus_native,486,select,3785,7160,False,0.0,True,,2.773761749267578,1
2026-05-11T15:23:08+0000,1778512988.3161864,1778512988.3172996,PostgreSQL+Citus,citus_uniform,citus_native,494,select,8904,23079,False,0.0,True,,1.1131763458251953,1
2026-05-11T15:23:08+0000,1778512988.2176406,1778512988.317455,PostgreSQL+Citus,citus_uniform,citus_native,436,update,4965,443,False,0.0,False,FeatureNotSupported,99.81441497802734,0
2026-05-11T15:23:08+0000,1778512987.9089763,1778512988.317607,PostgreSQL+Citus,citus_uniform,citus_native,293,select,15826,53768,False,0.0,True,,408.6306095123291,1
2026-05-11T15:23:08+0000,1778512988.312699,1778512988.3177733,PostgreSQL+Citus,citus_uniform,citus_native,482,select,15144,14791,False,0.0,True,,5.074262619018555,1
2026-05-11T15:23:08+0000,1778512988.3075707,1778512988.3179784,PostgreSQL+Citus,citus_uniform,citus_native,471,update,29410,26330,False,0.0,False,FeatureNotSupported,10.407686233520508,0
2026-05-11T15:23:08+0000,1778512988.2147973,1778512988.3182845,PostgreSQL+Citus,citus_uniform,citus_native,425,select,9143,67212,False,0.0,True,,103.48725318908691,1
2026-05-11T15:23:08+0000,1778512988.2100017,1778512988.318719,PostgreSQL+Citus,citus_uniform,citus_native,407,select,29402,52996,False,0.0,True,,108.71720314025879,1
2026-05-11T15:23:08+0000,1778512988.3159366,1778512988.3191578,PostgreSQL+Citus,citus_uniform,citus_native,493,select,16077,91767,False,0.0,True,,3.221273422241211,1
2026-05-11T15:23:08+0000,1778512988.211215,1778512988.3193007,PostgreSQL+Citus,citus_uniform,citus_native,412,insert,22526,22161,False,0.0,True,,108.08563232421875,1
2026-05-11T15:23:08+0000,1778512987.8163142,1778512988.3194387,PostgreSQL+Citus,citus_uniform,citus_native,286,select,16162,9473,False,0.0,True,,503.124475479126,1
2026-05-11T15:23:08+0000,1778512988.3124826,1778512988.319583,PostgreSQL+Citus,citus_uniform,citus_native,481,select,6328,68273,False,0.0,True,,7.100343704223633,1
2026-05-11T15:23:08+0000,1778512988.21748,1778512988.3197143,PostgreSQL+Citus,citus_uniform,citus_native,435,select,26152,45030,False,0.0,True,,102.2343635559082,1
2026-05-11T15:23:08+0000,1778512988.224255,1778512988.3198738,PostgreSQL+Citus,citus_uniform,citus_native,463,update,5331,70663,False,0.0,False,FeatureNotSupported,95.61872482299805,0
2026-05-11T15:23:08+0000,1778512988.3058674,1778512988.3200855,PostgreSQL+Citus,citus_uniform,citus_native,467,select,25804,93797,False,0.0,True,,14.21809196472168,1
2026-05-11T15:23:08+0000,1778512988.1098337,1778512988.3205078,PostgreSQL+Citus,citus_uniform,citus_native,357,select,27133,3995,False,0.0,True,,210.67404747009277,1
2026-05-11T15:23:08+0000,1778512988.3122356,1778512988.3206902,PostgreSQL+Citus,citus_uniform,citus_native,480,select,15049,10885,False,0.0,True,,8.454561233520508,1
2026-05-11T15:23:08+0000,1778512988.310222,1778512988.3208961,PostgreSQL+Citus,citus_uniform,citus_native,474,select,15156,72429,False,0.0,True,,10.674238204956055,1
2026-05-11T15:23:08+0000,1778512987.0204673,1778512988.321126,PostgreSQL+Citus,citus_uniform,citus_native,63,select,14595,17963,False,0.0,True,,1300.6587028503418,1
2026-05-11T15:23:08+0000,1778512988.2197597,1778512988.321239,PostgreSQL+Citus,citus_uniform,citus_native,443,insert,17350,32887,False,0.0,True,,101.47929191589355,1
2026-05-11T15:23:08+0000,1778512988.221543,1778512988.3218634,PostgreSQL+Citus,citus_uniform,citus_native,450,select,29104,4271,False,0.0,True,,100.32033920288086,1
2026-05-11T15:23:08+0000,1778512988.2191014,1778512988.3222625,PostgreSQL+Citus,citus_uniform,citus_native,441,select,21727,59309,False,0.0,True,,103.16109657287598,1
2026-05-11T15:23:08+0000,1778512988.320581,1778512988.322532,PostgreSQL+Citus,citus_uniform,citus_native,512,update,8395,3769,False,0.0,False,FeatureNotSupported,1.950979232788086,0
2026-05-11T15:23:08+0000,1778512988.2072794,1778512988.3226876,PostgreSQL+Citus,citus_uniform,citus_native,403,select,24573,32108,False,0.0,True,,115.40818214416504,1
2026-05-11T15:23:08+0000,1778512988.016806,1778512988.3228,PostgreSQL+Citus,citus_uniform,citus_native,343,select,8519,16139,False,0.0,True,,305.99403381347656,1
2026-05-11T15:23:08+0000,1778512987.907915,1778512988.323258,PostgreSQL+Citus,citus_uniform,citus_native,292,select,23056,31237,False,0.0,True,,415.3428077697754,1
2026-05-11T15:23:08+0000,1778512988.3173678,1778512988.3236358,PostgreSQL+Citus,citus_uniform,citus_native,498,select,18400,22009,False,0.0,True,,6.268024444580078,1
2026-05-11T15:23:08+0000,1778512987.9114702,1778512988.3243997,PostgreSQL+Citus,citus_uniform,citus_native,299,select,18360,26315,False,0.0,True,,412.9295349121094,1
2026-05-11T15:23:08+0000,1778512988.3192246,1778512988.3246639,PostgreSQL+Citus,citus_uniform,citus_native,505,select,15644,66903,False,0.0,True,,5.439281463623047,1
2026-05-11T15:23:08+0000,1778512988.3212812,1778512988.3248038,PostgreSQL+Citus,citus_uniform,citus_native,516,select,5883,74755,False,0.0,True,,3.522634506225586,1
2026-05-11T15:23:08+0000,1778512988.3176827,1778512988.324942,PostgreSQL+Citus,citus_uniform,citus_native,500,select,26717,76493,False,0.0,True,,7.259368896484375,1
2026-05-11T15:23:08+0000,1778512988.3250065,1778512988.4061508,PostgreSQL+Citus,citus_uniform,citus_native,527,select,3976,8670,False,0.0,True,,81.14433288574219,1
2026-05-11T15:23:08+0000,1778512988.3133123,1778512988.4065874,PostgreSQL+Citus,citus_uniform,citus_native,484,insert,26282,24099,False,0.0,True,,93.27507019042969,1
2026-05-11T15:23:08+0000,1778512988.317816,1778512988.4069932,PostgreSQL+Citus,citus_uniform,citus_native,501,select,8360,19741,False,0.0,True,,89.17713165283203,1
2026-05-11T15:23:08+0000,1778512988.011379,1778512988.4074626,PostgreSQL+Citus,citus_uniform,citus_native,324,select,29073,39987,False,0.0,True,,396.0835933685303,1
2026-05-11T15:23:08+0000,1778512988.013894,1778512988.4079769,PostgreSQL+Citus,citus_uniform,citus_native,330,select,13499,19770,False,0.0,True,,394.08278465270996,1
2026-05-11T15:23:08+0000,1778512988.3181264,1778512988.4084787,PostgreSQL+Citus,citus_uniform,citus_native,502,select,24548,9075,False,0.0,True,,90.35229682922363,1
2026-05-11T15:23:08+0000,1778512988.2137432,1778512988.4089375,PostgreSQL+Citus,citus_uniform,citus_native,420,insert,7025,2126,False,0.0,True,,195.19424438476562,1
2026-05-11T15:23:08+0000,1778512988.322412,1778512988.4092734,PostgreSQL+Citus,citus_uniform,citus_native,518,select,19841,45835,False,0.0,True,,86.86137199401855,1
2026-05-11T15:23:08+0000,1778512988.3078063,1778512988.4094656,PostgreSQL+Citus,citus_uniform,citus_native,472,select,15500,6764,False,0.0,True,,101.65929794311523,1
2026-05-11T15:23:08+0000,1778512988.2135122,1778512988.410097,PostgreSQL+Citus,citus_uniform,citus_native,419,select,13516,90617,False,0.0,True,,196.58470153808594,1
2026-05-11T15:23:08+0000,1778512988.306398,1778512988.417796,PostgreSQL+Citus,citus_uniform,citus_native,468,select,14893,84384,False,0.0,True,,111.39798164367676,1
2026-05-11T15:23:08+0000,1778512988.3245265,1778512988.4181314,PostgreSQL+Citus,citus_uniform,citus_native,524,select,29434,19853,False,0.0,True,,93.60480308532715,1
2026-05-11T15:23:08+0000,1778512988.4095802,1778512988.4184494,PostgreSQL+Citus,citus_uniform,citus_native,536,select,3354,17298,False,0.0,True,,8.869171142578125,1
2026-05-11T15:23:08+0000,1778512988.3163688,1778512988.4187021,PostgreSQL+Citus,citus_uniform,citus_native,495,select,10817,43396,False,0.0,True,,102.33330726623535,1
2026-05-11T15:23:08+0000,1778512988.3116336,1778512988.418992,PostgreSQL+Citus,citus_uniform,citus_native,478,select,29727,72443,False,0.0,True,,107.35845565795898,1
2026-05-11T15:23:08+0000,1778512988.3165693,1778512988.4192545,PostgreSQL+Citus,citus_uniform,citus_native,496,update,22879,31171,False,0.0,False,FeatureNotSupported,102.68521308898926,0
2026-05-11T15:23:08+0000,1778512988.3228524,1778512988.4195116,PostgreSQL+Citus,citus_uniform,citus_native,521,select,24794,11761,False,0.0,True,,96.65918350219727,1
2026-05-11T15:23:08+0000,1778512988.4071448,1778512988.4197972,PostgreSQL+Citus,citus_uniform,citus_native,530,select,11630,41841,False,0.0,True,,12.652397155761719,1
2026-05-11T15:23:08+0000,1778512988.3110108,1778512988.4202886,PostgreSQL+Citus,citus_uniform,citus_native,476,select,4965,21915,False,0.0,True,,109.27772521972656,1
2026-05-11T15:23:08+0000,1778512988.3207653,1778512988.4206266,PostgreSQL+Citus,citus_uniform,citus_native,513,update,26431,65344,False,0.0,False,FeatureNotSupported,99.86138343811035,0
2026-05-11T15:23:08+0000,1778512988.3195012,1778512988.420864,PostgreSQL+Citus,citus_uniform,citus_native,507,update,26229,53080,False,0.0,False,FeatureNotSupported,101.36294364929199,0
2026-05-11T15:23:08+0000,1778512988.318981,1778512988.421144,PostgreSQL+Citus,citus_uniform,citus_native,504,select,7020,67458,False,0.0,True,,102.16307640075684,1
2026-05-11T15:23:08+0000,1778512988.0140865,1778512988.4213192,PostgreSQL+Citus,citus_uniform,citus_native,331,select,26561,65845,False,0.0,True,,407.23276138305664,1
2026-05-11T15:23:08+0000,1778512988.406305,1778512988.4216323,PostgreSQL+Citus,citus_uniform,citus_native,528,select,22943,42831,False,0.0,True,,15.327215194702148,1
2026-05-11T15:23:08+0000,1778512988.3233228,1778512988.4218168,PostgreSQL+Citus,citus_uniform,citus_native,522,select,10193,91779,False,0.0,True,,98.49405288696289,1
2026-05-11T15:23:08+0000,1778512988.3170793,1778512988.421928,PostgreSQL+Citus,citus_uniform,citus_native,497,select,9083,2063,False,0.0,True,,104.84862327575684,1
2026-05-11T15:23:08+0000,1778512988.31995,1778512988.4220746,PostgreSQL+Citus,citus_uniform,citus_native,510,select,19545,59930,False,0.0,True,,102.12445259094238,1
2026-05-11T15:23:08+0000,1778512988.317508,1778512988.422407,PostgreSQL+Citus,citus_uniform,citus_native,499,select,26489,80618,False,0.0,True,,104.89892959594727,1
2026-05-11T15:23:08+0000,1778512988.3158076,1778512988.4230173,PostgreSQL+Citus,citus_uniform,citus_native,492,select,2122,40779,False,0.0,True,,107.20968246459961,1
2026-05-11T15:23:08+0000,1778512988.3144488,1778512988.4236224,PostgreSQL+Citus,citus_uniform,citus_native,487,select,12409,36124,False,0.0,True,,109.17353630065918,1
2026-05-11T15:23:08+0000,1778512988.4182725,1778512988.4241672,PostgreSQL+Citus,citus_uniform,citus_native,539,update,4712,25552,False,0.0,False,FeatureNotSupported,5.894660949707031,0
2026-05-11T15:23:08+0000,1778512988.3201602,1778512988.4244502,PostgreSQL+Citus,citus_uniform,citus_native,511,update,15777,13127,False,0.0,False,FeatureNotSupported,104.29000854492188,0
2026-05-11T15:23:08+0000,1778512988.005712,1778512988.4246354,PostgreSQL+Citus,citus_uniform,citus_native,319,insert,21331,65525,False,0.0,True,,418.92337799072266,1
2026-05-11T15:23:08+0000,1778512988.4067378,1778512988.4248521,PostgreSQL+Citus,citus_uniform,citus_native,529,select,2962,26044,False,0.0,True,,18.114328384399414,1
2026-05-11T15:23:08+0000,1778512987.6093612,1778512988.425074,PostgreSQL+Citus,citus_uniform,citus_native,202,insert,6764,48198,False,0.0,True,,815.7129287719727,1
2026-05-11T15:23:08+0000,1778512988.1185775,1778512988.4252,PostgreSQL+Citus,citus_uniform,citus_native,391,select,6800,54630,False,0.0,True,,306.6225051879883,1
2026-05-11T15:23:08+0000,1778512988.4082112,1778512988.4253008,PostgreSQL+Citus,citus_uniform,citus_native,532,insert,15020,30167,False,0.0,True,,17.0896053314209,1
2026-05-11T15:23:08+0000,1778512988.4076152,1778512988.4255028,PostgreSQL+Citus,citus_uniform,citus_native,531,update,16489,92444,False,0.0,False,FeatureNotSupported,17.887592315673828,0
2026-05-11T15:23:08+0000,1778512988.313747,1778512988.4256759,PostgreSQL+Citus,citus_uniform,citus_native,485,select,8532,16790,False,0.0,True,,111.92893981933594,1
2026-05-11T15:23:08+0000,1778512987.030536,1778512988.4258633,PostgreSQL+Citus,citus_uniform,citus_native,91,select,3481,27448,False,0.0,True,,1395.3273296356201,1
2026-05-11T15:23:08+0000,1778512988.3153217,1778512988.426082,PostgreSQL+Citus,citus_uniform,citus_native,490,insert,26663,21410,False,0.0,True,,110.76021194458008,1
2026-05-11T15:23:08+0000,1778512988.2222192,1778512988.4262195,PostgreSQL+Citus,citus_uniform,citus_native,453,insert,3570,10156,False,0.0,True,,204.00023460388184,1
2026-05-11T15:23:08+0000,1778512988.4245512,1778512988.4264402,PostgreSQL+Citus,citus_uniform,citus_native,559,update,15334,63477,False,0.0,False,FeatureNotSupported,1.8889904022216797,0
2026-05-11T15:23:08+0000,1778512988.4227285,1778512988.4267886,PostgreSQL+Citus,citus_uniform,citus_native,555,select,3454,53004,False,0.0,True,,4.060029983520508,1
2026-05-11T15:23:08+0000,1778512987.8199317,1778512988.4269311,PostgreSQL+Citus,citus_uniform,citus_native,287,select,21409,54628,False,0.0,True,,606.999397277832,1
2026-05-11T15:23:08+0000,1778512988.3239596,1778512988.4270515,PostgreSQL+Citus,citus_uniform,citus_native,523,insert,27439,26129,False,0.0,True,,103.09195518493652,1
2026-05-11T15:23:08+0000,1778512988.3247447,1778512988.4272778,PostgreSQL+Citus,citus_uniform,citus_native,525,select,27423,1416,False,0.0,True,,102.53310203552246,1
2026-05-11T15:23:08+0000,1778512988.4251258,1778512988.4273992,PostgreSQL+Citus,citus_uniform,citus_native,562,select,16418,53357,False,0.0,True,,2.2733211517333984,1
2026-05-11T15:23:08+0000,1778512988.4179192,1778512988.4275756,PostgreSQL+Citus,citus_uniform,citus_native,538,insert,29524,65628,False,0.0,True,,9.656429290771484,1
2026-05-11T15:23:08+0000,1778512988.425338,1778512988.4278374,PostgreSQL+Citus,citus_uniform,citus_native,564,select,23574,47998,False,0.0,True,,2.4993419647216797,1
2026-05-11T15:23:08+0000,1778512988.4231136,1778512988.4281101,PostgreSQL+Citus,citus_uniform,citus_native,556,update,15082,35149,False,0.0,False,FeatureNotSupported,4.996538162231445,0
2026-05-11T15:23:08+0000,1778512987.812597,1778512988.428205,PostgreSQL+Citus,citus_uniform,citus_native,281,insert,26560,41857,False,0.0,True,,615.6079769134521,1
2026-05-11T15:23:08+0000,1778512988.4242983,1778512988.4283578,PostgreSQL+Citus,citus_uniform,citus_native,558,select,14553,40854,False,0.0,True,,4.059553146362305,1
2026-05-11T15:23:08+0000,1778512988.423753,1778512988.4285183,PostgreSQL+Citus,citus_uniform,citus_native,557,update,3187,17794,False,0.0,False,FeatureNotSupported,4.76527214050293,0
2026-05-11T15:23:08+0000,1778512988.0212078,1778512988.428686,PostgreSQL+Citus,citus_uniform,citus_native,351,select,8814,5877,False,0.0,True,,407.47809410095215,1
2026-05-11T15:23:08+0000,1778512988.4268463,1778512988.428905,PostgreSQL+Citus,citus_uniform,citus_native,571,update,18003,61057,False,0.0,False,FeatureNotSupported,2.058744430541992,0
2026-05-11T15:23:08+0000,1778512988.4287314,1778512988.4293325,PostgreSQL+Citus,citus_uniform,citus_native,582,update,4144,91233,False,0.0,False,FeatureNotSupported,0.6010532379150391,0
2026-05-11T15:23:08+0000,1778512988.4284256,1778512988.4294372,PostgreSQL+Citus,citus_uniform,citus_native,580,select,20246,50114,False,0.0,True,,1.0116100311279297,1
2026-05-11T15:23:08+0000,1778512988.4293694,1778512988.4301524,PostgreSQL+Citus,citus_uniform,citus_native,584,update,14239,47691,False,0.0,False,FeatureNotSupported,0.7829666137695312,0
2026-05-11T15:23:08+0000,1778512988.428967,1778512988.505184,PostgreSQL+Citus,citus_uniform,citus_native,583,select,29381,38921,False,0.0,True,,76.2169361114502,1
2026-05-11T15:23:08+0000,1778512988.4086525,1778512988.5058637,PostgreSQL+Citus,citus_uniform,citus_native,533,select,27304,85208,False,0.0,True,,97.21112251281738,1
2026-05-11T15:23:08+0000,1778512988.120148,1778512988.506123,PostgreSQL+Citus,citus_uniform,citus_native,398,select,2323,4712,False,0.0,True,,385.9751224517822,1
2026-05-11T15:23:08+0000,1778512988.116628,1778512988.5066123,PostgreSQL+Citus,citus_uniform,citus_native,380,select,29002,95709,False,0.0,True,,389.9843692779541,1
2026-05-11T15:23:08+0000,1778512988.4209151,1778512988.5068123,PostgreSQL+Citus,citus_uniform,citus_native,548,update,23666,25718,False,0.0,False,FeatureNotSupported,85.89720726013184,0
2026-05-11T15:23:08+0000,1778512988.4257438,1778512988.5070546,PostgreSQL+Citus,citus_uniform,citus_native,566,select,20584,67378,False,0.0,True,,81.31074905395508,1
2026-05-11T15:23:08+0000,1778512988.421445,1778512988.507662,PostgreSQL+Citus,citus_uniform,citus_native,550,select,29644,76274,False,0.0,True,,86.21716499328613,1
2026-05-11T15:23:08+0000,1778512988.4196491,1778512988.5081818,PostgreSQL+Citus,citus_uniform,citus_native,544,update,28676,5516,False,0.0,False,FeatureNotSupported,88.53268623352051,0
2026-05-11T15:23:08+0000,1778512988.4221282,1778512988.5085948,PostgreSQL+Citus,citus_uniform,citus_native,554,select,2776,17551,False,0.0,True,,86.46655082702637,1
2026-05-11T15:23:08+0000,1778512988.409097,1778512988.5090194,PostgreSQL+Citus,citus_uniform,citus_native,534,select,5296,56071,False,0.0,True,,99.92241859436035,1
2026-05-11T15:23:08+0000,1778512988.4219875,1778512988.5092907,PostgreSQL+Citus,citus_uniform,citus_native,553,update,19899,94499,False,0.0,False,FeatureNotSupported,87.30316162109375,0
2026-05-11T15:23:08+0000,1778512988.419329,1778512988.5095687,PostgreSQL+Citus,citus_uniform,citus_native,543,update,13340,64906,False,0.0,False,FeatureNotSupported,90.2397632598877,0
2026-05-11T15:23:08+0000,1778512987.9111936,1778512988.5099313,PostgreSQL+Citus,citus_uniform,citus_native,298,select,8301,55813,False,0.0,True,,598.7377166748047,1
2026-05-11T15:23:08+0000,1778512988.4246864,1778512988.510742,PostgreSQL+Citus,citus_uniform,citus_native,560,select,18729,11398,False,0.0,True,,86.05551719665527,1
2026-05-11T15:23:08+0000,1778512988.4207497,1778512988.5125484,PostgreSQL+Citus,citus_uniform,citus_native,547,select,19612,74527,False,0.0,True,,91.79878234863281,1
2026-05-11T15:23:08+0000,1778512988.5063357,1778512988.5128355,PostgreSQL+Citus,citus_uniform,citus_native,589,update,12833,19876,False,0.0,False,FeatureNotSupported,6.499767303466797,0
2026-05-11T15:23:08+0000,1778512988.4279897,1778512988.513139,PostgreSQL+Citus,citus_uniform,citus_native,577,select,7007,23753,False,0.0,True,,85.14928817749023,1
2026-05-11T15:23:08+0000,1778512988.428588,1778512988.5134215,PostgreSQL+Citus,citus_uniform,citus_native,581,select,28393,32654,False,0.0,True,,84.83362197875977,1
2026-05-11T15:23:08+0000,1778512988.4282486,1778512988.5136712,PostgreSQL+Citus,citus_uniform,citus_native,579,select,7392,46608,False,0.0,True,,85.42251586914062,1
2026-05-11T15:23:08+0000,1778512988.4204342,1778512988.5139081,PostgreSQL+Citus,citus_uniform,citus_native,546,insert,24699,80276,False,0.0,True,,93.47391128540039,1
2026-05-11T15:23:08+0000,1778512988.3183434,1778512988.5141385,PostgreSQL+Citus,citus_uniform,citus_native,503,update,2722,61814,False,0.0,False,FeatureNotSupported,195.79505920410156,0
2026-05-11T15:23:08+0000,1778512988.427325,1778512988.514277,PostgreSQL+Citus,citus_uniform,citus_native,574,select,27423,86750,False,0.0,True,,86.95197105407715,1
2026-05-11T15:23:08+0000,1778512988.4276068,1778512988.5147088,PostgreSQL+Citus,citus_uniform,citus_native,576,select,28674,87178,False,0.0,True,,87.10193634033203,1
2026-05-11T15:23:08+0000,1778512988.509139,1778512988.514939,PostgreSQL+Citus,citus_uniform,citus_native,596,select,17027,79735,False,0.0,True,,5.800008773803711,1
2026-05-11T15:23:08+0000,1778512988.4212008,1778512988.5152504,PostgreSQL+Citus,citus_uniform,citus_native,549,select,20589,9258,False,0.0,True,,94.04969215393066,1
2026-05-11T15:23:08+0000,1778512988.2236001,1778512988.5156083,PostgreSQL+Citus,citus_uniform,citus_native,459,select,19017,16884,False,0.0,True,,292.0081615447998,1
2026-05-11T15:23:08+0000,1778512988.3225937,1778512988.5160012,PostgreSQL+Citus,citus_uniform,citus_native,519,select,5465,9610,False,0.0,True,,193.40753555297852,1
2026-05-11T15:23:08+0000,1778512988.0178187,1778512988.5163214,PostgreSQL+Citus,citus_uniform,citus_native,347,select,8629,54227,False,0.0,True,,498.5027313232422,1
2026-05-11T15:23:08+0000,1778512988.506657,1778512988.5164974,PostgreSQL+Citus,citus_uniform,citus_native,590,update,12201,29779,False,0.0,False,FeatureNotSupported,9.84048843383789,0
2026-05-11T15:23:08+0000,1778512988.2230482,1778512988.5169542,PostgreSQL+Citus,citus_uniform,citus_native,456,select,6804,92046,False,0.0,True,,293.90597343444824,1
2026-05-11T15:23:08+0000,1778512988.5053678,1778512988.5172155,PostgreSQL+Citus,citus_uniform,citus_native,587,insert,228,30304,False,0.0,True,,11.847734451293945,1
2026-05-11T15:23:08+0000,1778512988.216079,1778512988.517485,PostgreSQL+Citus,citus_uniform,citus_native,431,select,22027,31791,False,0.0,True,,301.4059066772461,1
2026-05-11T15:23:08+0000,1778512988.5083258,1778512988.5177758,PostgreSQL+Citus,citus_uniform,citus_native,594,select,8577,66195,False,0.0,True,,9.449958801269531,1
2026-05-11T15:23:08+0000,1778512988.4198694,1778512988.51795,PostgreSQL+Citus,citus_uniform,citus_native,545,select,3739,51866,False,0.0,True,,98.08063507080078,1
2026-05-11T15:23:08+0000,1778512988.4301798,1778512988.5180779,PostgreSQL+Citus,citus_uniform,citus_native,586,select,24620,12072,False,0.0,True,,87.89801597595215,1
2026-05-11T15:23:08+0000,1778512987.91544,1778512988.5182517,PostgreSQL+Citus,citus_uniform,citus_native,310,select,14112,95340,False,0.0,True,,602.8115749359131,1
2026-05-11T15:23:08+0000,1778512988.514821,1778512988.5184312,PostgreSQL+Citus,citus_uniform,citus_native,609,select,17383,46378,False,0.0,True,,3.6101341247558594,1
2026-05-11T15:23:08+0000,1778512988.0172417,1778512988.5188189,PostgreSQL+Citus,citus_uniform,citus_native,346,select,9496,86119,False,0.0,True,,501.57713890075684,1
2026-05-11T15:23:08+0000,1778512988.4274652,1778512988.5190582,PostgreSQL+Citus,citus_uniform,citus_native,575,select,21075,64993,False,0.0,True,,91.59302711486816,1
2026-05-11T15:23:08+0000,1778512988.4103632,1778512988.5194943,PostgreSQL+Citus,citus_uniform,citus_native,537,select,28698,71329,False,0.0,True,,109.1310977935791,1
2026-05-11T15:23:08+0000,1778512988.5185854,1778512988.520146,PostgreSQL+Citus,citus_uniform,citus_native,623,select,28402,2364,False,0.0,True,,1.5604496002197266,1
2026-05-11T15:23:08+0000,1778512988.4281523,1778512988.5203094,PostgreSQL+Citus,citus_uniform,citus_native,578,select,25891,30126,False,0.0,True,,92.15712547302246,1
2026-05-11T15:23:08+0000,1778512988.5175564,1778512988.5205133,PostgreSQL+Citus,citus_uniform,citus_native,618,select,9057,4500,False,0.0,True,,2.956867218017578,1
2026-05-11T15:23:08+0000,1778512988.4249861,1778512988.5209098,PostgreSQL+Citus,citus_uniform,citus_native,561,select,6685,10199,False,0.0,True,,95.92366218566895,1
2026-05-11T15:23:08+0000,1778512988.114506,1778512988.5217092,PostgreSQL+Citus,citus_uniform,citus_native,369,select,12239,3932,False,0.0,True,,407.20319747924805,1
2026-05-11T15:23:08+0000,1778512988.5171003,1778512988.5219147,PostgreSQL+Citus,citus_uniform,citus_native,616,update,5696,36903,False,0.0,False,FeatureNotSupported,4.814386367797852,0
2026-05-11T15:23:08+0000,1778512988.426132,1778512988.5220685,PostgreSQL+Citus,citus_uniform,citus_native,568,select,21739,37908,False,0.0,True,,95.93653678894043,1
2026-05-11T15:23:08+0000,1778512988.1170473,1778512988.522261,PostgreSQL+Citus,citus_uniform,citus_native,383,select,20222,76817,False,0.0,True,,405.2135944366455,1
2026-05-11T15:23:08+0000,1778512988.5179996,1778512988.522409,PostgreSQL+Citus,citus_uniform,citus_native,620,update,3857,12572,False,0.0,False,FeatureNotSupported,4.409313201904297,0
2026-05-11T15:23:08+0000,1778512988.5096586,1778512988.5225406,PostgreSQL+Citus,citus_uniform,citus_native,598,update,6042,17208,False,0.0,False,FeatureNotSupported,12.881994247436523,0
2026-05-11T15:23:08+0000,1778512988.5141978,1778512988.5226872,PostgreSQL+Citus,citus_uniform,citus_native,607,select,25500,34970,False,0.0,True,,8.489370346069336,1
2026-05-11T15:23:08+0000,1778512988.5162048,1778512988.5228071,PostgreSQL+Citus,citus_uniform,citus_native,613,update,5461,95890,False,0.0,False,FeatureNotSupported,6.602287292480469,0
2026-05-11T15:23:08+0000,1778512988.3248527,1778512988.523054,PostgreSQL+Citus,citus_uniform,citus_native,526,select,12555,65882,False,0.0,True,,198.20117950439453,1
2026-05-11T15:23:08+0000,1778512988.0055583,1778512988.5235047,PostgreSQL+Citus,citus_uniform,citus_native,318,select,2952,21645,False,0.0,True,,517.9464817047119,1
2026-05-11T15:23:08+0000,1778512988.5221343,1778512988.5238154,PostgreSQL+Citus,citus_uniform,citus_native,633,update,8676,78796,False,0.0,False,FeatureNotSupported,1.6810894012451172,0
2026-05-11T15:23:08+0000,1778512988.5071795,1778512988.5240173,PostgreSQL+Citus,citus_uniform,citus_native,592,select,24246,15587,False,0.0,True,,16.83783531188965,1
2026-05-11T15:23:08+0000,1778512988.4217176,1778512988.5244198,PostgreSQL+Citus,citus_uniform,citus_native,551,select,8625,20954,False,0.0,True,,102.70214080810547,1
2026-05-11T15:23:08+0000,1778512988.0152655,1778512988.5247161,PostgreSQL+Citus,citus_uniform,citus_native,335,select,29307,1142,False,0.0,True,,509.45067405700684,1
2026-05-11T15:23:08+0000,1778512988.5202067,1778512988.5248532,PostgreSQL+Citus,citus_uniform,citus_native,627,insert,8218,97348,False,0.0,True,,4.646539688110352,1
2026-05-11T15:23:08+0000,1778512988.5227344,1778512988.5249927,PostgreSQL+Citus,citus_uniform,citus_native,637,update,9590,66627,False,0.0,False,FeatureNotSupported,2.25830078125,0
2026-05-11T15:23:08+0000,1778512988.5238698,1778512988.525112,PostgreSQL+Citus,citus_uniform,citus_native,641,update,20431,35811,False,0.0,False,FeatureNotSupported,1.2421607971191406,0
2026-05-11T15:23:08+0000,1778512988.5126863,1778512988.5252023,PostgreSQL+Citus,citus_uniform,citus_native,601,update,10831,39494,False,0.0,False,FeatureNotSupported,12.516021728515625,0
2026-05-11T15:23:08+0000,1778512988.5228493,1778512988.5253172,PostgreSQL+Citus,citus_uniform,citus_native,638,update,19953,17662,False,0.0,False,FeatureNotSupported,2.4678707122802734,0
2026-05-11T15:23:08+0000,1778512988.4255557,1778512988.5254436,PostgreSQL+Citus,citus_uniform,citus_native,565,select,28185,28554,False,0.0,True,,99.88784790039062,1
2026-05-11T15:23:08+0000,1778512987.9126565,1778512988.5257902,PostgreSQL+Citus,citus_uniform,citus_native,301,select,15278,98969,False,0.0,True,,613.1336688995361,1
2026-05-11T15:23:08+0000,1778512988.5250518,1778512988.526161,PostgreSQL+Citus,citus_uniform,citus_native,646,update,19552,35457,False,0.0,False,FeatureNotSupported,1.1091232299804688,0
2026-05-11T15:23:08+0000,1778512988.5236945,1778512988.5268893,PostgreSQL+Citus,citus_uniform,citus_native,640,select,28889,91387,False,0.0,True,,3.1948089599609375,1
2026-05-11T15:23:08+0000,1778512988.525145,1778512988.527152,PostgreSQL+Citus,citus_uniform,citus_native,647,select,17777,72634,False,0.0,True,,2.007007598876953,1
2026-05-11T15:23:08+0000,1778512988.5137548,1778512988.6055171,PostgreSQL+Citus,citus_uniform,citus_native,605,update,4503,55569,False,0.0,False,FeatureNotSupported,91.76230430603027,0
2026-05-11T15:23:08+0000,1778512988.4294717,1778512988.6060183,PostgreSQL+Citus,citus_uniform,citus_native,585,insert,18054,79469,False,0.0,True,,176.54657363891602,1
2026-05-11T15:23:08+0000,1778512988.5253572,1778512988.6065564,PostgreSQL+Citus,citus_uniform,citus_native,649,insert,29472,52080,False,0.0,True,,81.19916915893555,1
2026-05-11T15:23:08+0000,1778512988.5094001,1778512988.607122,PostgreSQL+Citus,citus_uniform,citus_native,597,update,5262,12188,False,0.0,False,FeatureNotSupported,97.72181510925293,0
2026-05-11T15:23:08+0000,1778512988.5270312,1778512988.607477,PostgreSQL+Citus,citus_uniform,citus_native,653,update,1536,72631,False,0.0,False,FeatureNotSupported,80.44576644897461,0
2026-05-11T15:23:08+0000,1778512988.5204163,1778512988.6077938,PostgreSQL+Citus,citus_uniform,citus_native,628,select,16410,20772,False,0.0,True,,87.37754821777344,1
2026-05-11T15:23:08+0000,1778512988.5150275,1778512988.6083324,PostgreSQL+Citus,citus_uniform,citus_native,610,select,9689,69001,False,0.0,True,,93.30487251281738,1
2026-05-11T15:23:08+0000,1778512988.6075482,1778512988.6086173,PostgreSQL+Citus,citus_uniform,citus_native,659,update,15639,37728,False,0.0,False,FeatureNotSupported,1.0690689086914062,0
2026-05-11T15:23:08+0000,1778512988.5218263,1778512988.6088898,PostgreSQL+Citus,citus_uniform,citus_native,631,select,26780,66084,False,0.0,True,,87.06355094909668,1
2026-05-11T15:23:08+0000,1778512988.5249062,1778512988.6091483,PostgreSQL+Citus,citus_uniform,citus_native,645,insert,14866,51449,False,0.0,True,,84.24210548400879,1
2026-05-11T15:23:08+0000,1778512988.51636,1778512988.6094196,PostgreSQL+Citus,citus_uniform,citus_native,614,select,11728,52816,False,0.0,True,,93.05953979492188,1
2026-05-11T15:23:08+0000,1778512988.4218707,1778512988.609678,PostgreSQL+Citus,citus_uniform,citus_native,552,select,16974,57101,False,0.0,True,,187.8073215484619,1
2026-05-11T15:23:08+0000,1778512988.6084785,1778512988.609971,PostgreSQL+Citus,citus_uniform,citus_native,661,select,17847,1870,False,0.0,True,,1.4925003051757812,1
2026-05-11T15:23:08+0000,1778512988.516601,1778512988.6102178,PostgreSQL+Citus,citus_uniform,citus_native,615,update,7267,27185,False,0.0,False,FeatureNotSupported,93.61672401428223,0
2026-05-11T15:23:08+0000,1778512988.5078075,1778512988.6107638,PostgreSQL+Citus,citus_uniform,citus_native,593,insert,21353,656,False,0.0,True,,102.95629501342773,1
2026-05-11T15:23:08+0000,1778512988.5245745,1778512988.6114209,PostgreSQL+Citus,citus_uniform,citus_native,643,select,18688,27461,False,0.0,True,,86.84635162353516,1
2026-05-11T15:23:08+0000,1778512988.2124245,1778512988.6116748,PostgreSQL+Citus,citus_uniform,citus_native,416,insert,30000,52179,False,0.0,True,,399.2502689361572,1
2026-05-11T15:23:08+0000,1778512988.6066344,1778512988.6123817,PostgreSQL+Citus,citus_uniform,citus_native,657,select,24162,24169,False,0.0,True,,5.747318267822266,1
2026-05-11T15:23:08+0000,1778512988.5252466,1778512988.6126862,PostgreSQL+Citus,citus_uniform,citus_native,648,select,27534,72930,False,0.0,True,,87.43953704833984,1
2026-05-11T15:23:08+0000,1778512988.6115186,1778512988.612983,PostgreSQL+Citus,citus_uniform,citus_native,670,select,27086,44083,False,0.0,True,,1.4643669128417969,1
2026-05-11T15:23:08+0000,1778512988.6057112,1778512988.6133265,PostgreSQL+Citus,citus_uniform,citus_native,655,select,15827,70990,False,0.0,True,,7.615327835083008,1
2026-05-11T15:23:08+0000,1778512988.6079333,1778512988.6137447,PostgreSQL+Citus,citus_uniform,citus_native,660,select,9892,50086,False,0.0,True,,5.811452865600586,1
2026-05-11T15:23:08+0000,1778512988.514031,1778512988.6140687,PostgreSQL+Citus,citus_uniform,citus_native,606,select,8963,64151,False,0.0,True,,100.03781318664551,1
2026-05-11T15:23:08+0000,1778512988.5132658,1778512988.6144361,PostgreSQL+Citus,citus_uniform,citus_native,603,update,14020,1145,False,0.0,False,FeatureNotSupported,101.17030143737793,0
2026-05-11T15:23:08+0000,1778512988.4271188,1778512988.614777,PostgreSQL+Citus,citus_uniform,citus_native,573,insert,28799,54974,False,0.0,True,,187.65830993652344,1
2026-05-11T15:23:08+0000,1778512988.6086936,1778512988.6151543,PostgreSQL+Citus,citus_uniform,citus_native,662,select,1738,22758,False,0.0,True,,6.460666656494141,1
2026-05-11T15:23:08+0000,1778512988.0148146,1778512988.6154675,PostgreSQL+Citus,citus_uniform,citus_native,333,select,20858,97818,False,0.0,True,,600.6529331207275,1
2026-05-11T15:23:08+0000,1778512988.5135183,1778512988.615721,PostgreSQL+Citus,citus_uniform,citus_native,604,select,17869,10194,False,0.0,True,,102.2026538848877,1
2026-05-11T15:23:08+0000,1778512988.5059018,1778512988.6159608,PostgreSQL+Citus,citus_uniform,citus_native,588,select,11851,2520,False,0.0,True,,110.05902290344238,1
2026-05-11T15:23:08+0000,1778512988.5068946,1778512988.6162703,PostgreSQL+Citus,citus_uniform,citus_native,591,select,5010,38171,False,0.0,True,,109.3757152557373,1
2026-05-11T15:23:08+0000,1778512988.6062737,1778512988.6164143,PostgreSQL+Citus,citus_uniform,citus_native,656,update,71,29296,False,0.0,False,FeatureNotSupported,10.140657424926758,0
2026-05-11T15:23:08+0000,1778512988.5242057,1778512988.6165693,PostgreSQL+Citus,citus_uniform,citus_native,642,select,13905,28300,False,0.0,True,,92.36359596252441,1
2026-05-11T15:23:08+0000,1778512988.5219529,1778512988.6167364,PostgreSQL+Citus,citus_uniform,citus_native,632,select,28135,24957,False,0.0,True,,94.78354454040527,1
2026-05-11T15:23:08+0000,1778512988.0136561,1778512988.6169887,PostgreSQL+Citus,citus_uniform,citus_native,329,select,15483,874,False,0.0,True,,603.33251953125,1
2026-05-11T15:23:08+0000,1778512988.2152798,1778512988.6172185,PostgreSQL+Citus,citus_uniform,citus_native,427,select,9216,37874,False,0.0,True,,401.93867683410645,1
2026-05-11T15:23:08+0000,1778512988.514349,1778512988.617378,PostgreSQL+Citus,citus_uniform,citus_native,608,select,21638,25153,False,0.0,True,,103.02901268005371,1
2026-05-11T15:23:08+0000,1778512988.520569,1778512988.6175637,PostgreSQL+Citus,citus_uniform,citus_native,629,insert,20774,42618,False,0.0,True,,96.99463844299316,1
2026-05-11T15:23:08+0000,1778512988.5118172,1778512988.6177397,PostgreSQL+Citus,citus_uniform,citus_native,600,insert,29055,88076,False,0.0,True,,105.92246055603027,1
2026-05-11T15:23:08+0000,1778512988.5173366,1778512988.6179228,PostgreSQL+Citus,citus_uniform,citus_native,617,insert,14566,20612,False,0.0,True,,100.5861759185791,1
2026-05-11T15:23:08+0000,1778512988.2109296,1778512988.6182969,PostgreSQL+Citus,citus_uniform,citus_native,411,select,4170,45401,False,0.0,True,,407.3672294616699,1
2026-05-11T15:23:08+0000,1778512988.2156723,1778512988.618619,PostgreSQL+Citus,citus_uniform,citus_native,429,select,16539,82661,False,0.0,True,,402.94671058654785,1
2026-05-11T15:23:08+0000,1778512988.614197,1778512988.6188397,PostgreSQL+Citus,citus_uniform,citus_native,677,select,21231,75490,False,0.0,True,,4.642724990844727,1
2026-05-11T15:23:08+0000,1778512988.5272174,1778512988.619047,PostgreSQL+Citus,citus_uniform,citus_native,654,select,18296,2875,False,0.0,True,,91.82953834533691,1
2026-05-11T15:23:08+0000,1778512988.4263127,1778512988.6193638,PostgreSQL+Citus,citus_uniform,citus_native,569,select,14236,7077,False,0.0,True,,193.05109977722168,1
2026-05-11T15:23:08+0000,1778512988.2179499,1778512988.6195514,PostgreSQL+Citus,citus_uniform,citus_native,438,insert,5919,80914,False,0.0,True,,401.60155296325684,1
2026-05-11T15:23:08+0000,1778512988.5178566,1778512988.6197073,PostgreSQL+Citus,citus_uniform,citus_native,619,select,13686,4338,False,0.0,True,,101.85074806213379,1
2026-05-11T15:23:08+0000,1778512988.5226023,1778512988.6199343,PostgreSQL+Citus,citus_uniform,citus_native,636,select,14431,44799,False,0.0,True,,97.33200073242188,1
2026-05-11T15:23:08+0000,1778512988.2104812,1778512988.6202261,PostgreSQL+Citus,citus_uniform,citus_native,409,select,17976,13384,False,0.0,True,,409.7449779510498,1
2026-05-11T15:23:08+0000,1778512988.5213745,1778512988.620515,PostgreSQL+Citus,citus_uniform,citus_native,630,select,11422,58350,False,0.0,True,,99.14064407348633,1
2026-05-11T15:23:08+0000,1778512988.222057,1778512988.6207392,PostgreSQL+Citus,citus_uniform,citus_native,452,select,5813,90232,False,0.0,True,,398.6821174621582,1
2026-05-11T15:23:08+0000,1778512988.6135547,1778512988.6209092,PostgreSQL+Citus,citus_uniform,citus_native,675,update,9513,45032,False,0.0,False,FeatureNotSupported,7.354497909545898,0
2026-05-11T15:23:08+0000,1778512988.5191412,1778512988.6211965,PostgreSQL+Citus,citus_uniform,citus_native,625,select,17269,26594,False,0.0,True,,102.05531120300293,1
2026-05-11T15:23:08+0000,1778512988.205651,1778512988.621442,PostgreSQL+Citus,citus_uniform,citus_native,400,select,9806,1645,False,0.0,True,,415.7910346984863,1
2026-05-11T15:23:08+0000,1778512987.6173198,1778512988.6216795,PostgreSQL+Citus,citus_uniform,citus_native,221,select,5793,98879,False,0.0,True,,1004.3597221374512,1
2026-05-11T15:23:08+0000,1778512988.6187062,1778512988.621854,PostgreSQL+Citus,citus_uniform,citus_native,695,update,21784,35200,False,0.0,False,FeatureNotSupported,3.1478404998779297,0
2026-05-11T15:23:08+0000,1778512988.5223196,1778512988.6219757,PostgreSQL+Citus,citus_uniform,citus_native,634,select,25396,25111,False,0.0,True,,99.6561050415039,1
2026-05-11T15:23:08+0000,1778512988.6117985,1778512988.6220698,PostgreSQL+Citus,citus_uniform,citus_native,671,insert,23221,11040,False,0.0,True,,10.271310806274414,1
2026-05-11T15:23:08+0000,1778512988.3211794,1778512988.62216,PostgreSQL+Citus,citus_uniform,citus_native,515,select,12640,69116,False,0.0,True,,300.9805679321289,1
2026-05-11T15:23:08+0000,1778512988.6164606,1778512988.6222534,PostgreSQL+Citus,citus_uniform,citus_native,685,update,23036,88635,False,0.0,False,FeatureNotSupported,5.792856216430664,0
2026-05-11T15:23:08+0000,1778512988.6072748,1778512988.6223385,PostgreSQL+Citus,citus_uniform,citus_native,658,select,2971,90043,False,0.0,True,,15.063762664794922,1
2026-05-11T15:23:08+0000,1778512988.518309,1778512988.6224735,PostgreSQL+Citus,citus_uniform,citus_native,622,select,12594,54686,False,0.0,True,,104.16436195373535,1
2026-05-11T15:23:08+0000,1778512988.5157218,1778512988.6227994,PostgreSQL+Citus,citus_uniform,citus_native,612,update,14838,99870,False,0.0,False,FeatureNotSupported,107.07759857177734,0
2026-05-11T15:23:08+0000,1778512988.6176436,1778512988.6229,PostgreSQL+Citus,citus_uniform,citus_native,691,select,7810,67113,False,0.0,True,,5.256414413452148,1
2026-05-11T15:23:08+0000,1778512988.6207893,1778512988.6229773,PostgreSQL+Citus,citus_uniform,citus_native,704,update,27030,22327,False,0.0,False,FeatureNotSupported,2.187967300415039,0
2026-05-11T15:23:08+0000,1778512988.6221962,1778512988.6230602,PostgreSQL+Citus,citus_uniform,citus_native,712,select,14590,52932,False,0.0,True,,0.8640289306640625,1
2026-05-11T15:23:08+0000,1778512988.6180444,1778512988.6231368,PostgreSQL+Citus,citus_uniform,citus_native,693,select,12710,34405,False,0.0,True,,5.092382431030273,1
2026-05-11T15:23:08+0000,1778512988.1181993,1778512988.623728,PostgreSQL+Citus,citus_uniform,citus_native,388,select,12148,90513,False,0.0,True,,505.52868843078613,1
2026-05-11T15:23:08+0000,1778512988.5189,1778512988.6245055,PostgreSQL+Citus,citus_uniform,citus_native,624,select,12876,606,False,0.0,True,,105.6056022644043,1
2026-05-11T15:23:08+0000,1778512988.617111,1778512988.6246614,PostgreSQL+Citus,citus_uniform,citus_native,688,update,9992,24200,False,0.0,False,FeatureNotSupported,7.550477981567383,0
2026-05-11T15:23:08+0000,1778512988.525903,1778512988.6248147,PostgreSQL+Citus,citus_uniform,citus_native,651,select,28045,57845,False,0.0,True,,98.91176223754883,1
2026-05-11T15:23:08+0000,1778512988.612804,1778512988.6250367,PostgreSQL+Citus,citus_uniform,citus_native,673,select,5057,59784,False,0.0,True,,12.232780456542969,1
2026-05-11T15:23:08+0000,1778512988.510083,1778512988.6252613,PostgreSQL+Citus,citus_uniform,citus_native,599,select,10542,64322,False,0.0,True,,115.17834663391113,1
2026-05-11T15:23:08+0000,1778512988.515388,1778512988.6254542,PostgreSQL+Citus,citus_uniform,citus_native,611,insert,10714,89486,False,0.0,True,,110.06617546081543,1
2026-05-11T15:23:08+0000,1778512988.6153035,1778512988.6256983,PostgreSQL+Citus,citus_uniform,citus_native,680,select,22470,44861,False,0.0,True,,10.394811630249023,1
2026-05-11T15:23:08+0000,1778512988.615794,1778512988.6259105,PostgreSQL+Citus,citus_uniform,citus_native,682,select,15927,49008,False,0.0,True,,10.1165771484375,1
2026-05-11T15:23:08+0000,1778512988.5129313,1778512988.6260977,PostgreSQL+Citus,citus_uniform,citus_native,602,select,7552,5710,False,0.0,True,,113.16633224487305,1
2026-05-11T15:23:08+0000,1778512988.4185565,1778512988.6263013,PostgreSQL+Citus,citus_uniform,citus_native,540,insert,7277,2529,False,0.0,True,,207.74483680725098,1
2026-05-11T15:23:08+0000,1778512988.519809,1778512988.6264863,PostgreSQL+Citus,citus_uniform,citus_native,626,select,23019,61099,False,0.0,True,,106.67729377746582,1
2026-05-11T15:23:08+0000,1778512988.215855,1778512988.6266704,PostgreSQL+Citus,citus_uniform,citus_native,430,select,21213,68062,False,0.0,True,,410.8154773712158,1
2026-05-11T15:23:08+0000,1778512988.5181525,1778512988.627479,PostgreSQL+Citus,citus_uniform,citus_native,621,select,26222,57722,False,0.0,True,,109.32660102844238,1
2026-05-11T15:23:08+0000,1778512988.426601,1778512988.628326,PostgreSQL+Citus,citus_uniform,citus_native,570,select,3541,43112,False,0.0,True,,201.72500610351562,1
2026-05-11T15:23:08+0000,1778512988.6221106,1778512988.628458,PostgreSQL+Citus,citus_uniform,citus_native,711,select,15900,20804,False,0.0,True,,6.347417831420898,1
2026-05-11T15:23:08+0000,1778512988.5247781,1778512988.6286602,PostgreSQL+Citus,citus_uniform,citus_native,644,select,10180,47163,False,0.0,True,,103.8820743560791,1
2026-05-11T15:23:08+0000,1778512988.5255315,1778512988.6290097,PostgreSQL+Citus,citus_uniform,citus_native,650,select,13934,10373,False,0.0,True,,103.47819328308105,1
2026-05-11T15:23:08+0000,1778512988.522454,1778512988.6294959,PostgreSQL+Citus,citus_uniform,citus_native,635,select,20309,54015,False,0.0,True,,107.04183578491211,1
2026-05-11T15:23:08+0000,1778512988.6230109,1778512988.629789,PostgreSQL+Citus,citus_uniform,citus_native,718,select,13728,60076,False,0.0,True,,6.778240203857422,1
2026-05-11T15:23:08+0000,1778512988.6145806,1778512988.6299436,PostgreSQL+Citus,citus_uniform,citus_native,678,update,19125,58595,False,0.0,False,FeatureNotSupported,15.362977981567383,0
2026-05-11T15:23:08+0000,1778512988.6100805,1778512988.6300964,PostgreSQL+Citus,citus_uniform,citus_native,667,select,12338,4432,False,0.0,True,,20.015954971313477,1
2026-05-11T15:23:08+0000,1778512988.6110694,1778512988.6303272,PostgreSQL+Citus,citus_uniform,citus_native,669,select,14836,92363,False,0.0,True,,19.257783889770508,1
2026-05-11T15:23:08+0000,1778512988.6092725,1778512988.63078,PostgreSQL+Citus,citus_uniform,citus_native,664,insert,28551,48861,False,0.0,True,,21.50750160217285,1
2026-05-11T15:23:08+0000,1778512988.2237873,1778512988.6310365,PostgreSQL+Citus,citus_uniform,citus_native,460,select,17816,85149,False,0.0,True,,407.24921226501465,1
2026-05-11T15:23:08+0000,1778512988.6124952,1778512988.6312127,PostgreSQL+Citus,citus_uniform,citus_native,672,select,29560,39246,False,0.0,True,,18.717527389526367,1
2026-05-11T15:23:08+0000,1778512988.6149166,1778512988.6313074,PostgreSQL+Citus,citus_uniform,citus_native,679,select,23536,73930,False,0.0,True,,16.39080047607422,1
2026-05-11T15:23:08+0000,1778512988.526491,1778512988.6314871,PostgreSQL+Citus,citus_uniform,citus_native,652,select,306,14575,False,0.0,True,,104.9962043762207,1
2026-05-11T15:23:08+0000,1778512988.6283863,1778512988.6317818,PostgreSQL+Citus,citus_uniform,citus_native,735,select,29135,65027,False,0.0,True,,3.395557403564453,1
2026-05-11T15:23:08+0000,1778512988.6300242,1778512988.6322606,PostgreSQL+Citus,citus_uniform,citus_native,741,select,18597,14213,False,0.0,True,,2.2363662719726562,1
2026-05-11T15:23:08+0000,1778512988.631871,1778512988.6333382,PostgreSQL+Citus,citus_uniform,citus_native,749,select,9976,88539,False,0.0,True,,1.4672279357910156,1
2026-05-11T15:23:08+0000,1778512988.6095095,1778512988.705186,PostgreSQL+Citus,citus_uniform,citus_native,665,update,16832,75083,False,0.0,False,FeatureNotSupported,95.67642211914062,0
2026-05-11T15:23:08+0000,1778512988.6287766,1778512988.7075405,PostgreSQL+Citus,citus_uniform,citus_native,737,select,12141,46205,False,0.0,True,,78.76396179199219,1
2026-05-11T15:23:08+0000,1778512988.6168046,1778512988.707885,PostgreSQL+Citus,citus_uniform,citus_native,687,select,27955,27619,False,0.0,True,,91.0804271697998,1
2026-05-11T15:23:08+0000,1778512988.6220224,1778512988.708231,PostgreSQL+Citus,citus_uniform,citus_native,710,select,3912,94566,False,0.0,True,,86.20858192443848,1
2026-05-11T15:23:08+0000,1778512988.3118708,1778512988.7085886,PostgreSQL+Citus,citus_uniform,citus_native,479,select,24479,58787,False,0.0,True,,396.71778678894043,1
2026-05-11T15:23:08+0000,1778512988.7077103,1778512988.7088137,PostgreSQL+Citus,citus_uniform,citus_native,753,update,7906,563,False,0.0,False,FeatureNotSupported,1.1034011840820312,0
2026-05-11T15:23:08+0000,1778512988.6155457,1778512988.7091296,PostgreSQL+Citus,citus_uniform,citus_native,681,select,1564,93455,False,0.0,True,,93.58382225036621,1
2026-05-11T15:23:08+0000,1778512988.6261942,1778512988.7095554,PostgreSQL+Citus,citus_uniform,citus_native,730,select,4239,95086,False,0.0,True,,83.36114883422852,1
2026-05-11T15:23:08+0000,1778512988.624213,1778512988.7098649,PostgreSQL+Citus,citus_uniform,citus_native,721,select,6189,95230,False,0.0,True,,85.65187454223633,1
2026-05-11T15:23:08+0000,1778512988.7088807,1778512988.7100892,PostgreSQL+Citus,citus_uniform,citus_native,757,select,3009,33479,False,0.0,True,,1.2085437774658203,1
2026-05-11T15:23:08+0000,1778512988.625324,1778512988.7103484,PostgreSQL+Citus,citus_uniform,citus_native,726,select,1501,49804,False,0.0,True,,85.02435684204102,1
2026-05-11T15:23:08+0000,1778512988.3227441,1778512988.710891,PostgreSQL+Citus,citus_uniform,citus_native,520,select,19576,16881,False,0.0,True,,388.14687728881836,1
2026-05-11T15:23:08+0000,1778512988.632341,1778512988.7112544,PostgreSQL+Citus,citus_uniform,citus_native,750,select,19329,83624,False,0.0,True,,78.91345024108887,1
2026-05-11T15:23:08+0000,1778512988.625967,1778512988.7115755,PostgreSQL+Citus,citus_uniform,citus_native,729,select,6012,98912,False,0.0,True,,85.60848236083984,1
2026-05-11T15:23:08+0000,1778512988.6249352,1778512988.7127426,PostgreSQL+Citus,citus_uniform,citus_native,724,select,29963,77860,False,0.0,True,,87.80741691589355,1
2026-05-11T15:23:08+0000,1778512988.6223688,1778512988.7134342,PostgreSQL+Citus,citus_uniform,citus_native,714,select,4212,77679,False,0.0,True,,91.0654067993164,1
2026-05-11T15:23:08+0000,1778512988.6189363,1778512988.7136753,PostgreSQL+Citus,citus_uniform,citus_native,696,select,26117,390,False,0.0,True,,94.73896026611328,1
2026-05-11T15:23:08+0000,1778512988.2192712,1778512988.7138414,PostgreSQL+Citus,citus_uniform,citus_native,442,select,9159,70422,False,0.0,True,,494.570255279541,1
2026-05-11T15:23:08+0000,1778512988.6200294,1778512988.7140462,PostgreSQL+Citus,citus_uniform,citus_native,701,update,20681,95366,False,0.0,False,FeatureNotSupported,94.01679039001465,0
2026-05-11T15:23:08+0000,1778512988.6203203,1778512988.7143455,PostgreSQL+Citus,citus_uniform,citus_native,702,select,3540,93188,False,0.0,True,,94.0251350402832,1
2026-05-11T15:23:08+0000,1778512988.6166294,1778512988.714572,PostgreSQL+Citus,citus_uniform,citus_native,686,select,6366,39518,False,0.0,True,,97.94259071350098,1
2026-05-11T15:23:08+0000,1778512988.2138984,1778512988.7148216,PostgreSQL+Citus,citus_uniform,citus_native,421,select,12587,46942,False,0.0,True,,500.92315673828125,1
2026-05-11T15:23:08+0000,1778512988.7096927,1778512988.715098,PostgreSQL+Citus,citus_uniform,citus_native,759,update,23286,14093,False,0.0,False,FeatureNotSupported,5.405187606811523,0
2026-05-11T15:23:08+0000,1778512988.2128308,1778512988.7153244,PostgreSQL+Citus,citus_uniform,citus_native,417,select,27129,88551,False,0.0,True,,502.49361991882324,1
2026-05-11T15:23:08+0000,1778512988.623176,1778512988.7154815,PostgreSQL+Citus,citus_uniform,citus_native,720,select,15247,34978,False,0.0,True,,92.30542182922363,1
2026-05-11T15:23:08+0000,1778512988.6316261,1778512988.7158158,PostgreSQL+Citus,citus_uniform,citus_native,748,select,23824,22269,False,0.0,True,,84.18965339660645,1
2026-05-11T15:23:08+0000,1778512988.6212862,1778512988.716142,PostgreSQL+Citus,citus_uniform,citus_native,706,select,18549,84203,False,0.0,True,,94.85578536987305,1
2026-05-11T15:23:08+0000,1778512988.6161325,1778512988.7164192,PostgreSQL+Citus,citus_uniform,citus_native,683,insert,9797,81826,False,0.0,True,,100.28672218322754,1
2026-05-11T15:23:08+0000,1778512988.7101564,1778512988.71697,PostgreSQL+Citus,citus_uniform,citus_native,761,select,19763,37615,False,0.0,True,,6.813526153564453,1
2026-05-11T15:23:08+0000,1778512988.2154322,1778512988.7177477,PostgreSQL+Citus,citus_uniform,citus_native,428,select,19085,43118,False,0.0,True,,502.3155212402344,1
2026-05-11T15:23:08+0000,1778512988.631262,1778512988.7185504,PostgreSQL+Citus,citus_uniform,citus_native,746,select,9746,11401,False,0.0,True,,87.28837966918945,1
2026-05-11T15:23:08+0000,1778512988.7131987,1778512988.7193463,PostgreSQL+Citus,citus_uniform,citus_native,766,select,21036,10874,False,0.0,True,,6.147623062133789,1
2026-05-11T15:23:08+0000,1778512988.618446,1778512988.719671,PostgreSQL+Citus,citus_uniform,citus_native,694,select,8883,23602,False,0.0,True,,101.22489929199219,1
2026-05-11T15:23:08+0000,1778512988.11167,1778512988.7198918,PostgreSQL+Citus,citus_uniform,citus_native,362,select,22344,79026,False,0.0,True,,608.2217693328857,1
2026-05-11T15:23:08+0000,1778512988.62101,1778512988.7202396,PostgreSQL+Citus,citus_uniform,citus_native,705,select,839,6988,False,0.0,True,,99.22957420349121,1
2026-05-11T15:23:08+0000,1778512988.7141602,1778512988.7205756,PostgreSQL+Citus,citus_uniform,citus_native,770,select,8971,16236,False,0.0,True,,6.415367126464844,1
2026-05-11T15:23:08+0000,1778512988.62458,1778512988.7209458,PostgreSQL+Citus,citus_uniform,citus_native,722,select,13724,4498,False,0.0,True,,96.36592864990234,1
2026-05-11T15:23:08+0000,1778512988.629838,1778512988.7212245,PostgreSQL+Citus,citus_uniform,citus_native,740,select,18100,19429,False,0.0,True,,91.38655662536621,1
2026-05-11T15:23:08+0000,1778512988.6225505,1778512988.721416,PostgreSQL+Citus,citus_uniform,citus_native,715,select,25258,59105,False,0.0,True,,98.86550903320312,1
2026-05-11T15:23:08+0000,1778512988.613101,1778512988.7219274,PostgreSQL+Citus,citus_uniform,citus_native,674,select,11377,21221,False,0.0,True,,108.8263988494873,1
2026-05-11T15:23:08+0000,1778512988.6308258,1778512988.7223835,PostgreSQL+Citus,citus_uniform,citus_native,744,select,11993,29759,False,0.0,True,,91.55774116516113,1
2026-05-11T15:23:08+0000,1778512988.620624,1778512988.722682,PostgreSQL+Citus,citus_uniform,citus_native,703,select,9751,49411,False,0.0,True,,102.05793380737305,1
2026-05-11T15:23:08+0000,1778512988.6301417,1778512988.7231088,PostgreSQL+Citus,citus_uniform,citus_native,742,select,22129,24573,False,0.0,True,,92.96703338623047,1
2026-05-11T15:23:08+0000,1778512988.7083845,1778512988.7233148,PostgreSQL+Citus,citus_uniform,citus_native,755,select,22281,91201,False,0.0,True,,14.930248260498047,1
2026-05-11T15:23:08+0000,1778512988.6228492,1778512988.723559,PostgreSQL+Citus,citus_uniform,citus_native,716,update,14239,36216,False,0.0,False,FeatureNotSupported,100.70967674255371,0
2026-05-11T15:23:08+0000,1778512988.4093223,1778512988.7236989,PostgreSQL+Citus,citus_uniform,citus_native,535,select,13107,22845,False,0.0,True,,314.3765926361084,1
2026-05-11T15:23:08+0000,1778512988.6215487,1778512988.7242494,PostgreSQL+Citus,citus_uniform,citus_native,707,update,15750,61206,False,0.0,False,FeatureNotSupported,102.70071029663086,0
2026-05-11T15:23:08+0000,1778512988.708688,1778512988.7246182,PostgreSQL+Citus,citus_uniform,citus_native,756,select,21422,22862,False,0.0,True,,15.93017578125,1
2026-05-11T15:23:08+0000,1778512988.6229355,1778512988.7247567,PostgreSQL+Citus,citus_uniform,citus_native,717,select,5309,18399,False,0.0,True,,101.8211841583252,1
2026-05-11T15:23:08+0000,1778512988.7139015,1778512988.7249234,PostgreSQL+Citus,citus_uniform,citus_native,769,select,2806,19849,False,0.0,True,,11.021852493286133,1
2026-05-11T15:23:08+0000,1778512988.6313434,1778512988.7251513,PostgreSQL+Citus,citus_uniform,citus_native,747,update,28390,39788,False,0.0,False,FeatureNotSupported,93.80793571472168,0
2026-05-11T15:23:08+0000,1778512988.715539,1778512988.7253404,PostgreSQL+Citus,citus_uniform,citus_native,776,update,9512,53663,False,0.0,False,FeatureNotSupported,9.801387786865234,0
2026-05-11T15:23:08+0000,1778512988.6251202,1778512988.7255738,PostgreSQL+Citus,citus_uniform,citus_native,725,select,29507,14850,False,0.0,True,,100.45361518859863,1
2026-05-11T15:23:08+0000,1778512988.7211022,1778512988.725824,PostgreSQL+Citus,citus_uniform,citus_native,788,update,18052,73559,False,0.0,False,FeatureNotSupported,4.721879959106445,0
2026-05-11T15:23:08+0000,1778512988.2188315,1778512988.7260816,PostgreSQL+Citus,citus_uniform,citus_native,440,insert,6137,59980,False,0.0,True,,507.2500705718994,1
2026-05-11T15:23:08+0000,1778512988.6285052,1778512988.7266064,PostgreSQL+Citus,citus_uniform,citus_native,736,select,16957,19165,False,0.0,True,,98.10113906860352,1
2026-05-11T15:23:08+0000,1778512988.7165592,1778512988.7271655,PostgreSQL+Citus,citus_uniform,citus_native,779,select,26773,18659,False,0.0,True,,10.60628890991211,1
2026-05-11T15:23:08+0000,1778512988.6217613,1778512988.7273436,PostgreSQL+Citus,citus_uniform,citus_native,708,select,9659,63591,False,0.0,True,,105.58223724365234,1
2026-05-11T15:23:08+0000,1778512988.3149898,1778512988.7275124,PostgreSQL+Citus,citus_uniform,citus_native,489,select,79,86354,False,0.0,True,,412.522554397583,1
2026-05-11T15:23:08+0000,1778512988.6258078,1778512988.7276735,PostgreSQL+Citus,citus_uniform,citus_native,728,select,24504,37487,False,0.0,True,,101.86576843261719,1
2026-05-11T15:23:08+0000,1778512988.7190404,1778512988.7278626,PostgreSQL+Citus,citus_uniform,citus_native,782,update,3248,94307,False,0.0,False,FeatureNotSupported,8.822202682495117,0
2026-05-11T15:23:08+0000,1778512988.6292791,1778512988.7281559,PostgreSQL+Citus,citus_uniform,citus_native,738,select,13922,34805,False,0.0,True,,98.8767147064209,1
2026-05-11T15:23:08+0000,1778512988.6311355,1778512988.7284923,PostgreSQL+Citus,citus_uniform,citus_native,745,select,12415,11737,False,0.0,True,,97.35679626464844,1
2026-05-11T15:23:08+0000,1778512988.7158997,1778512988.7288015,PostgreSQL+Citus,citus_uniform,citus_native,777,select,7253,86104,False,0.0,True,,12.901782989501953,1
2026-05-11T15:23:08+0000,1778512988.7093005,1778512988.729338,PostgreSQL+Citus,citus_uniform,citus_native,758,insert,9242,96121,False,0.0,True,,20.037412643432617,1
2026-05-11T15:23:08+0000,1778512988.7254426,1778512988.729665,PostgreSQL+Citus,citus_uniform,citus_native,803,select,12809,6109,False,0.0,True,,4.222393035888672,1
2026-05-11T15:23:08+0000,1778512988.6174524,1778512988.7299058,PostgreSQL+Citus,citus_uniform,citus_native,690,select,18545,27079,False,0.0,True,,112.45346069335938,1
2026-05-11T15:23:08+0000,1778512988.3147812,1778512988.7303905,PostgreSQL+Citus,citus_uniform,citus_native,488,select,14569,47678,False,0.0,True,,415.60935974121094,1
2026-05-11T15:23:08+0000,1778512988.3210096,1778512988.7311842,PostgreSQL+Citus,citus_uniform,citus_native,514,select,29612,13104,False,0.0,True,,410.1746082305908,1
2026-05-11T15:23:08+0000,1778512988.7137449,1778512988.7314043,PostgreSQL+Citus,citus_uniform,citus_native,768,select,14272,36539,False,0.0,True,,17.659425735473633,1
2026-05-11T15:23:08+0000,1778512988.3197768,1778512988.7315993,PostgreSQL+Citus,citus_uniform,citus_native,509,select,27839,95826,False,0.0,True,,411.8225574493408,1
2026-05-11T15:23:08+0000,1778512988.616329,1778512988.73211,PostgreSQL+Citus,citus_uniform,citus_native,684,select,23015,32988,False,0.0,True,,115.78106880187988,1
2026-05-11T15:23:08+0000,1778512988.7197595,1778512988.732356,PostgreSQL+Citus,citus_uniform,citus_native,784,select,3134,26059,False,0.0,True,,12.596607208251953,1
2026-05-11T15:23:08+0000,1778512988.7117348,1778512988.732513,PostgreSQL+Citus,citus_uniform,citus_native,765,select,2053,86254,False,0.0,True,,20.778179168701172,1
2026-05-11T15:23:08+0000,1778512988.633734,1778512988.7326646,PostgreSQL+Citus,citus_uniform,citus_native,751,insert,27149,84743,False,0.0,True,,98.93059730529785,1
2026-05-11T15:23:08+0000,1778512988.7213094,1778512988.7328482,PostgreSQL+Citus,citus_uniform,citus_native,789,select,27519,91938,False,0.0,True,,11.53874397277832,1
2026-05-11T15:23:08+0000,1778512988.7315023,1778512988.7330506,PostgreSQL+Citus,citus_uniform,citus_native,821,select,19781,54895,False,0.0,True,,1.5482902526855469,1
2026-05-11T15:23:08+0000,1778512988.7295153,1778512988.733192,PostgreSQL+Citus,citus_uniform,citus_native,816,select,10282,74642,False,0.0,True,,3.6766529083251953,1
2026-05-11T15:23:08+0000,1778512988.6222937,1778512988.733318,PostgreSQL+Citus,citus_uniform,citus_native,713,insert,4954,5127,False,0.0,True,,111.02437973022461,1
2026-05-11T15:23:08+0000,1778512988.7244925,1778512988.7335713,PostgreSQL+Citus,citus_uniform,citus_native,798,select,14180,14881,False,0.0,True,,9.078741073608398,1
2026-05-11T15:23:08+0000,1778512988.6306427,1778512988.733792,PostgreSQL+Citus,citus_uniform,citus_native,743,insert,14082,59536,False,0.0,True,,103.1494140625,1
2026-05-11T15:23:08+0000,1778512988.4269843,1778512988.7340913,PostgreSQL+Citus,citus_uniform,citus_native,572,select,14564,84386,False,0.0,True,,307.10697174072266,1
2026-05-11T15:23:08+0000,1778512988.6177967,1778512988.734289,PostgreSQL+Citus,citus_uniform,citus_native,692,select,27060,33608,False,0.0,True,,116.49227142333984,1
2026-05-11T15:23:08+0000,1778512988.306809,1778512988.7345371,PostgreSQL+Citus,citus_uniform,citus_native,469,select,28982,62766,False,0.0,True,,427.72817611694336,1
2026-05-11T15:23:08+0000,1778512988.6295772,1778512988.7347093,PostgreSQL+Citus,citus_uniform,citus_native,739,insert,7619,43019,False,0.0,True,,105.1321029663086,1
2026-05-11T15:23:08+0000,1778512988.7224915,1778512988.7349558,PostgreSQL+Citus,citus_uniform,citus_native,792,update,7354,14128,False,0.0,False,FeatureNotSupported,12.464284896850586,0
2026-05-11T15:23:08+0000,1778512988.6247215,1778512988.7351425,PostgreSQL+Citus,citus_uniform,citus_native,723,select,24180,94877,False,0.0,True,,110.42094230651855,1
2026-05-11T15:23:08+0000,1778512988.012693,1778512988.735407,PostgreSQL+Citus,citus_uniform,citus_native,326,select,23375,87794,False,0.0,True,,722.7141857147217,1
2026-05-11T15:23:08+0000,1778512988.7324193,1778512988.735661,PostgreSQL+Citus,citus_uniform,citus_native,824,update,6283,23177,False,0.0,False,FeatureNotSupported,3.2417774200439453,0
2026-05-11T15:23:08+0000,1778512988.7277296,1778512988.7357833,PostgreSQL+Citus,citus_uniform,citus_native,811,insert,532,45224,False,0.0,True,,8.053779602050781,1
2026-05-11T15:23:08+0000,1778512988.7246768,1778512988.7358744,PostgreSQL+Citus,citus_uniform,citus_native,799,select,22926,9998,False,0.0,True,,11.197566986083984,1
2026-05-11T15:23:08+0000,1778512988.7206893,1778512988.73612,PostgreSQL+Citus,citus_uniform,citus_native,787,select,24071,6562,False,0.0,True,,15.430688858032227,1
2026-05-11T15:23:08+0000,1778512988.7135391,1778512988.7363608,PostgreSQL+Citus,citus_uniform,citus_native,767,select,25284,31519,False,0.0,True,,22.821664810180664,1
2026-05-11T15:23:08+0000,1778512988.724815,1778512988.7366478,PostgreSQL+Citus,citus_uniform,citus_native,800,update,17057,18130,False,0.0,False,FeatureNotSupported,11.832952499389648,0
2026-05-11T15:23:08+0000,1778512988.6219049,1778512988.7371106,PostgreSQL+Citus,citus_uniform,citus_native,709,select,4400,50406,False,0.0,True,,115.20576477050781,1
2026-05-11T15:23:08+0000,1778512988.3220534,1778512988.7374592,PostgreSQL+Citus,citus_uniform,citus_native,517,select,22503,45774,False,0.0,True,,415.4057502746582,1
2026-05-11T15:23:08+0000,1778512988.7327316,1778512988.737711,PostgreSQL+Citus,citus_uniform,citus_native,826,select,23111,36969,False,0.0,True,,4.979372024536133,1
2026-05-11T15:23:08+0000,1778512988.735923,1778512988.7381506,PostgreSQL+Citus,citus_uniform,citus_native,842,update,4328,15964,False,0.0,False,FeatureNotSupported,2.2275447845458984,0
2026-05-11T15:23:08+0000,1778512988.6263602,1778512988.7385046,PostgreSQL+Citus,citus_uniform,citus_native,731,select,15983,80240,False,0.0,True,,112.14447021484375,1
2026-05-11T15:23:08+0000,1778512988.7053733,1778512988.7387047,PostgreSQL+Citus,citus_uniform,citus_native,752,update,29746,519,False,0.0,False,FeatureNotSupported,33.33139419555664,0
2026-05-11T15:23:08+0000,1778512988.737778,1778512988.7389123,PostgreSQL+Citus,citus_uniform,citus_native,848,update,23221,17136,False,0.0,False,FeatureNotSupported,1.1343955993652344,0
2026-05-11T15:23:08+0000,1778512988.2091575,1778512988.8062475,PostgreSQL+Citus,citus_uniform,citus_native,406,select,24092,6660,False,0.0,True,,597.0900058746338,1
2026-05-11T15:23:08+0000,1778512988.7343946,1778512988.8076532,PostgreSQL+Citus,citus_uniform,citus_native,834,insert,19396,37344,False,0.0,True,,73.25863838195801,1
2026-05-11T15:23:08+0000,1778512988.7341433,1778512988.8087142,PostgreSQL+Citus,citus_uniform,citus_native,833,select,50,50906,False,0.0,True,,74.57089424133301,1
2026-05-11T15:23:08+0000,1778512988.3090672,1778512988.8097343,PostgreSQL+Citus,citus_uniform,citus_native,473,select,27848,83617,False,0.0,True,,500.6670951843262,1
2026-05-11T15:23:08+0000,1778512988.628,1778512988.8100438,PostgreSQL+Citus,citus_uniform,citus_native,734,select,29596,506,False,0.0,True,,182.04379081726074,1
2026-05-11T15:23:08+0000,1778512988.736205,1778512988.8104422,PostgreSQL+Citus,citus_uniform,citus_native,843,select,22011,8865,False,0.0,True,,74.23710823059082,1
2026-05-11T15:23:08+0000,1778512988.7355545,1778512988.810782,PostgreSQL+Citus,citus_uniform,citus_native,839,select,27537,6796,False,0.0,True,,75.22749900817871,1
2026-05-11T15:23:08+0000,1778512988.7375913,1778512988.8110697,PostgreSQL+Citus,citus_uniform,citus_native,847,update,12539,56807,False,0.0,False,FeatureNotSupported,73.47846031188965,0
2026-05-11T15:23:08+0000,1778512988.7325785,1778512988.8112235,PostgreSQL+Citus,citus_uniform,citus_native,825,select,4212,88003,False,0.0,True,,78.64499092102051,1
2026-05-11T15:23:08+0000,1778512988.7316573,1778512988.8116453,PostgreSQL+Citus,citus_uniform,citus_native,822,select,11126,49546,False,0.0,True,,79.98800277709961,1
2026-05-11T15:23:08+0000,1778512988.7221866,1778512988.8121958,PostgreSQL+Citus,citus_uniform,citus_native,791,update,22606,76484,False,0.0,False,FeatureNotSupported,90.00921249389648,0
2026-05-11T15:23:08+0000,1778512988.728976,1778512988.8126824,PostgreSQL+Citus,citus_uniform,citus_native,815,select,10137,73687,False,0.0,True,,83.70637893676758,1
2026-05-11T15:23:08+0000,1778512988.7261395,1778512988.8130803,PostgreSQL+Citus,citus_uniform,citus_native,806,select,24241,41586,False,0.0,True,,86.94076538085938,1
2026-05-11T15:23:08+0000,1778512988.7350578,1778512988.8133838,PostgreSQL+Citus,citus_uniform,citus_native,837,select,26422,24567,False,0.0,True,,78.32598686218262,1
2026-05-11T15:23:08+0000,1778512988.4188032,1778512988.8136744,PostgreSQL+Citus,citus_uniform,citus_native,541,select,21601,67405,False,0.0,True,,394.8712348937988,1
2026-05-11T15:23:08+0000,1778512988.8078911,1778512988.8138385,PostgreSQL+Citus,citus_uniform,citus_native,854,select,21697,45564,False,0.0,True,,5.947351455688477,1
2026-05-11T15:23:08+0000,1778512988.735825,1778512988.8140068,PostgreSQL+Citus,citus_uniform,citus_native,841,select,2106,18211,False,0.0,True,,78.18174362182617,1
2026-05-11T15:23:08+0000,1778512988.7269144,1778512988.814193,PostgreSQL+Citus,citus_uniform,citus_native,807,select,15805,26452,False,0.0,True,,87.27860450744629,1
2026-05-11T15:23:08+0000,1778512988.8092484,1778512988.8144345,PostgreSQL+Citus,citus_uniform,citus_native,855,insert,18371,99412,False,0.0,True,,5.1860809326171875,1
2026-05-11T15:23:08+0000,1778512988.2149906,1778512988.8147633,PostgreSQL+Citus,citus_uniform,citus_native,426,select,29649,98763,False,0.0,True,,599.7726917266846,1
2026-05-11T15:23:08+0000,1778512988.7352257,1778512988.815139,PostgreSQL+Citus,citus_uniform,citus_native,838,select,27518,24011,False,0.0,True,,79.91337776184082,1
2026-05-11T15:23:08+0000,1778512988.2119405,1778512988.8154557,PostgreSQL+Citus,citus_uniform,citus_native,414,select,18920,74511,False,0.0,True,,603.5151481628418,1
2026-05-11T15:23:08+0000,1778512988.7256405,1778512988.8156354,PostgreSQL+Citus,citus_uniform,citus_native,804,update,26583,55337,False,0.0,False,FeatureNotSupported,89.99490737915039,0
2026-05-11T15:23:08+0000,1778512988.7331202,1778512988.8157892,PostgreSQL+Citus,citus_uniform,citus_native,828,select,15907,68654,False,0.0,True,,82.66901969909668,1
2026-05-11T15:23:08+0000,1778512988.8112884,1778512988.815959,PostgreSQL+Citus,citus_uniform,citus_native,861,update,20193,96631,False,0.0,False,FeatureNotSupported,4.670619964599609,0
2026-05-11T15:23:08+0000,1778512988.3196383,1778512988.8162107,PostgreSQL+Citus,citus_uniform,citus_native,508,select,11291,66831,False,0.0,True,,496.57249450683594,1
2026-05-11T15:23:08+0000,1778512988.6102958,1778512988.8163512,PostgreSQL+Citus,citus_uniform,citus_native,668,select,4982,48416,False,0.0,True,,206.0554027557373,1
2026-05-11T15:23:08+0000,1778512988.7237558,1778512988.8165681,PostgreSQL+Citus,citus_uniform,citus_native,797,select,18449,22178,False,0.0,True,,92.81229972839355,1
2026-05-11T15:23:08+0000,1778512988.8152847,1778512988.8168204,PostgreSQL+Citus,citus_uniform,citus_native,873,update,23199,49017,False,0.0,False,FeatureNotSupported,1.535654067993164,0
2026-05-11T15:23:08+0000,1778512988.715192,1778512988.8170555,PostgreSQL+Citus,citus_uniform,citus_native,774,select,7297,63520,False,0.0,True,,101.86338424682617,1
2026-05-11T15:23:08+0000,1778512988.7215154,1778512988.8174071,PostgreSQL+Citus,citus_uniform,citus_native,790,update,10709,1219,False,0.0,False,FeatureNotSupported,95.89171409606934,0
2026-05-11T15:23:08+0000,1778512988.5087557,1778512988.817782,PostgreSQL+Citus,citus_uniform,citus_native,595,select,3630,98564,False,0.0,True,,309.02624130249023,1
2026-05-11T15:23:08+0000,1778512988.720395,1778512988.8182461,PostgreSQL+Citus,citus_uniform,citus_native,786,select,2712,17864,False,0.0,True,,97.85103797912598,1
2026-05-11T15:23:08+0000,1778512988.6255355,1778512988.8188405,PostgreSQL+Citus,citus_uniform,citus_native,727,insert,4761,66364,False,0.0,True,,193.30501556396484,1
2026-05-11T15:23:08+0000,1778512988.310537,1778512988.819037,PostgreSQL+Citus,citus_uniform,citus_native,475,select,25949,99951,False,0.0,True,,508.4998607635498,1
2026-05-11T15:23:08+0000,1778512988.7373106,1778512988.8194075,PostgreSQL+Citus,citus_uniform,citus_native,846,select,22573,25839,False,0.0,True,,82.09681510925293,1
2026-05-11T15:23:08+0000,1778512988.715391,1778512988.8199065,PostgreSQL+Citus,citus_uniform,citus_native,775,select,29606,57250,False,0.0,True,,104.51555252075195,1
2026-05-11T15:23:08+0000,1778512988.8140736,1778512988.8200412,PostgreSQL+Citus,citus_uniform,citus_native,869,select,26318,29105,False,0.0,True,,5.967617034912109,1
2026-05-11T15:23:08+0000,1778512988.72725,1778512988.8204186,PostgreSQL+Citus,citus_uniform,citus_native,808,select,17811,55079,False,0.0,True,,93.16849708557129,1
2026-05-11T15:23:08+0000,1778512988.8105981,1778512988.8207033,PostgreSQL+Citus,citus_uniform,citus_native,858,select,26198,77820,False,0.0,True,,10.105133056640625,1
2026-05-11T15:23:08+0000,1778512988.7364786,1778512988.8208804,PostgreSQL+Citus,citus_uniform,citus_native,844,insert,17340,15173,False,0.0,True,,84.40184593200684,1
2026-05-11T15:23:08+0000,1778512988.7233846,1778512988.821104,PostgreSQL+Citus,citus_uniform,citus_native,795,update,29531,86682,False,0.0,False,FeatureNotSupported,97.71943092346191,0
2026-05-11T15:23:08+0000,1778512988.725218,1778512988.821392,PostgreSQL+Citus,citus_uniform,citus_native,802,insert,16884,35001,False,0.0,True,,96.17400169372559,1
2026-05-11T15:23:08+0000,1778512988.2234318,1778512988.8216276,PostgreSQL+Citus,citus_uniform,citus_native,458,select,9874,86326,False,0.0,True,,598.1957912445068,1
2026-05-11T15:23:08+0000,1778512988.7173462,1778512988.821798,PostgreSQL+Citus,citus_uniform,citus_native,780,select,29686,74639,False,0.0,True,,104.45189476013184,1
2026-05-11T15:23:08+0000,1778512988.6191146,1778512988.821942,PostgreSQL+Citus,citus_uniform,citus_native,697,insert,25784,67871,False,0.0,True,,202.82745361328125,1
2026-05-11T15:23:08+0000,1778512988.6097844,1778512988.8221579,PostgreSQL+Citus,citus_uniform,citus_native,666,insert,14301,17975,False,0.0,True,,212.3734951019287,1
2026-05-11T15:23:08+0000,1778512988.8123388,1778512988.8223205,PostgreSQL+Citus,citus_uniform,citus_native,863,select,26523,89104,False,0.0,True,,9.981632232666016,1
2026-05-11T15:23:08+0000,1778512988.7279577,1778512988.822451,PostgreSQL+Citus,citus_uniform,citus_native,812,select,4604,85811,False,0.0,True,,94.49338912963867,1
2026-05-11T15:23:08+0000,1778512988.7308602,1778512988.8226118,PostgreSQL+Citus,citus_uniform,citus_native,819,select,872,69394,False,0.0,True,,91.7515754699707,1
2026-05-11T15:23:08+0000,1778512988.8128753,1778512988.8227782,PostgreSQL+Citus,citus_uniform,citus_native,864,update,744,46292,False,0.0,False,FeatureNotSupported,9.9029541015625,0
2026-05-11T15:23:08+0000,1778512988.8063765,1778512988.822897,PostgreSQL+Citus,citus_uniform,citus_native,853,select,23542,51083,False,0.0,True,,16.52050018310547,1
2026-05-11T15:23:08+0000,1778512988.725017,1778512988.823038,PostgreSQL+Citus,citus_uniform,citus_native,801,select,13775,15433,False,0.0,True,,98.02103042602539,1
2026-05-11T15:23:08+0000,1778512988.8160324,1778512988.8233745,PostgreSQL+Citus,citus_uniform,citus_native,877,select,11502,88444,False,0.0,True,,7.342100143432617,1
2026-05-11T15:23:08+0000,1778512988.626576,1778512988.8237426,PostgreSQL+Citus,citus_uniform,citus_native,732,select,18377,1409,False,0.0,True,,197.16668128967285,1
2026-05-11T15:23:08+0000,1778512988.6267142,1778512988.823974,PostgreSQL+Citus,citus_uniform,citus_native,733,insert,20289,23302,False,0.0,True,,197.25966453552246,1
2026-05-11T15:23:08+0000,1778512988.7110646,1778512988.8242102,PostgreSQL+Citus,citus_uniform,citus_native,763,select,19303,8281,False,0.0,True,,113.14558982849121,1
2026-05-11T15:23:08+0000,1778512988.71463,1778512988.8243911,PostgreSQL+Citus,citus_uniform,citus_native,772,select,14655,2490,False,0.0,True,,109.76123809814453,1
2026-05-11T15:23:08+0000,1778512988.814286,1778512988.8245265,PostgreSQL+Citus,citus_uniform,citus_native,870,update,10866,52655,False,0.0,False,FeatureNotSupported,10.240554809570312,0
2026-05-11T15:23:08+0000,1778512988.8109381,1778512988.8246608,PostgreSQL+Citus,citus_uniform,citus_native,859,select,13503,90876,False,0.0,True,,13.722658157348633,1
2026-05-11T15:23:08+0000,1778512988.815536,1778512988.8248243,PostgreSQL+Citus,citus_uniform,citus_native,874,update,27205,40926,False,0.0,False,FeatureNotSupported,9.288311004638672,0
2026-05-11T15:23:08+0000,1778512988.8201938,1778512988.8249404,PostgreSQL+Citus,citus_uniform,citus_native,890,update,20822,58960,False,0.0,False,FeatureNotSupported,4.746675491333008,0
2026-05-11T15:23:08+0000,1778512988.7336287,1778512988.8250635,PostgreSQL+Citus,citus_uniform,citus_native,831,insert,9308,89806,False,0.0,True,,91.43471717834473,1
2026-05-11T15:23:08+0000,1778512988.8111305,1778512988.8252676,PostgreSQL+Citus,citus_uniform,citus_native,860,select,7321,81072,False,0.0,True,,14.137029647827148,1
2026-05-11T15:23:08+0000,1778512988.6198003,1778512988.8253846,PostgreSQL+Citus,citus_uniform,citus_native,700,select,8159,3636,False,0.0,True,,205.58428764343262,1
2026-05-11T15:23:08+0000,1778512988.728618,1778512988.8263261,PostgreSQL+Citus,citus_uniform,citus_native,814,select,29736,73599,False,0.0,True,,97.70822525024414,1
2026-05-11T15:23:08+0000,1778512988.7079961,1778512988.82652,PostgreSQL+Citus,citus_uniform,citus_native,754,select,2410,69619,False,0.0,True,,118.52383613586426,1
2026-05-11T15:23:08+0000,1778512988.7259595,1778512988.826645,PostgreSQL+Citus,citus_uniform,citus_native,805,select,14304,57497,False,0.0,True,,100.68535804748535,1
2026-05-11T15:23:08+0000,1778512988.7105083,1778512988.826821,PostgreSQL+Citus,citus_uniform,citus_native,762,select,24441,37222,False,0.0,True,,116.31274223327637,1
2026-05-11T15:23:08+0000,1778512988.7333858,1778512988.8269944,PostgreSQL+Citus,citus_uniform,citus_native,830,select,5027,54968,False,0.0,True,,93.60861778259277,1
2026-05-11T15:23:08+0000,1778512988.7332327,1778512988.827144,PostgreSQL+Citus,citus_uniform,citus_native,829,select,13323,65489,False,0.0,True,,93.91117095947266,1
2026-05-11T15:23:08+0000,1778512988.8222208,1778512988.8273103,PostgreSQL+Citus,citus_uniform,citus_native,899,select,23753,26208,False,0.0,True,,5.089521408081055,1
2026-05-11T15:23:08+0000,1778512988.8131998,1778512988.8276408,PostgreSQL+Citus,citus_uniform,citus_native,865,select,27165,99874,False,0.0,True,,14.44101333618164,1
2026-05-11T15:23:08+0000,1778512988.813542,1778512988.8279216,PostgreSQL+Citus,citus_uniform,citus_native,866,select,25516,28287,False,0.0,True,,14.379739761352539,1
2026-05-11T15:23:08+0000,1778512988.7387748,1778512988.8281267,PostgreSQL+Citus,citus_uniform,citus_native,851,select,9964,74262,False,0.0,True,,89.35189247131348,1
2026-05-11T15:23:08+0000,1778512988.813739,1778512988.8283405,PostgreSQL+Citus,citus_uniform,citus_native,867,select,23489,98450,False,0.0,True,,14.601469039916992,1
2026-05-11T15:23:08+0000,1778512988.814566,1778512988.828649,PostgreSQL+Citus,citus_uniform,citus_native,871,select,1925,39224,False,0.0,True,,14.083147048950195,1
2026-05-11T15:23:08+0000,1778512988.3155735,1778512988.8288598,PostgreSQL+Citus,citus_uniform,citus_native,491,insert,17296,22474,False,0.0,True,,513.2863521575928,1
2026-05-11T15:23:08+0000,1778512988.7099566,1778512988.8290732,PostgreSQL+Citus,citus_uniform,citus_native,760,select,626,89857,False,0.0,True,,119.11654472351074,1
2026-05-11T15:23:08+0000,1778512988.6090035,1778512988.8292956,PostgreSQL+Citus,citus_uniform,citus_native,663,select,7685,69668,False,0.0,True,,220.2920913696289,1
2026-05-11T15:23:08+0000,1778512988.8163974,1778512988.8295958,PostgreSQL+Citus,citus_uniform,citus_native,879,update,18333,78908,False,0.0,False,FeatureNotSupported,13.198375701904297,0
2026-05-11T15:23:08+0000,1778512988.816272,1778512988.829929,PostgreSQL+Citus,citus_uniform,citus_native,878,select,24952,89313,False,0.0,True,,13.657093048095703,1
2026-05-11T15:23:08+0000,1778512988.4259758,1778512988.830036,PostgreSQL+Citus,citus_uniform,citus_native,567,insert,15024,42798,False,0.0,True,,404.06012535095215,1
2026-05-11T15:23:08+0000,1778512988.727577,1778512988.830222,PostgreSQL+Citus,citus_uniform,citus_native,810,update,21442,61014,False,0.0,False,FeatureNotSupported,102.6449203491211,0
2026-05-11T15:23:08+0000,1778512988.7357152,1778512988.830452,PostgreSQL+Citus,citus_uniform,citus_native,840,insert,29842,65696,False,0.0,True,,94.73681449890137,1
2026-05-11T15:23:08+0000,1778512988.8098378,1778512988.830612,PostgreSQL+Citus,citus_uniform,citus_native,856,update,3163,52650,False,0.0,False,FeatureNotSupported,20.774126052856445,0
2026-05-11T15:23:08+0000,1778512988.8215134,1778512988.8307295,PostgreSQL+Citus,citus_uniform,citus_native,895,select,1581,52493,False,0.0,True,,9.216070175170898,1
2026-05-11T15:23:08+0000,1778512988.7228448,1778512988.8308432,PostgreSQL+Citus,citus_uniform,citus_native,793,select,9503,35113,False,0.0,True,,107.99837112426758,1
2026-05-11T15:23:08+0000,1778512988.3193552,1778512988.8310175,PostgreSQL+Citus,citus_uniform,citus_native,506,select,26962,96295,False,0.0,True,,511.66224479675293,1
2026-05-11T15:23:08+0000,1778512988.7383354,1778512988.8311841,PostgreSQL+Citus,citus_uniform,citus_native,849,select,22311,14650,False,0.0,True,,92.8487777709961,1
2026-05-11T15:23:08+0000,1778512988.7347612,1778512988.8313315,PostgreSQL+Citus,citus_uniform,citus_native,836,update,10860,82682,False,0.0,False,FeatureNotSupported,96.57025337219238,0
2026-05-11T15:23:08+0000,1778512988.7346332,1778512988.8314514,PostgreSQL+Citus,citus_uniform,citus_native,835,update,12638,88584,False,0.0,False,FeatureNotSupported,96.81820869445801,0
2026-05-11T15:23:08+0000,1778512988.6230917,1778512988.8315616,PostgreSQL+Citus,citus_uniform,citus_native,719,select,3705,77840,False,0.0,True,,208.46986770629883,1
2026-05-11T15:23:08+0000,1778512988.4252408,1778512988.8316395,PostgreSQL+Citus,citus_uniform,citus_native,563,select,25032,32071,False,0.0,True,,406.3987731933594,1
2026-05-11T15:23:08+0000,1778512988.714457,1778512988.8317263,PostgreSQL+Citus,citus_uniform,citus_native,771,select,12137,41530,False,0.0,True,,117.26927757263184,1
2026-05-11T15:23:08+0000,1778512988.4191241,1778512988.8318222,PostgreSQL+Citus,citus_uniform,citus_native,542,select,28855,76512,False,0.0,True,,412.69803047180176,1
2026-05-11T15:23:08+0000,1778512988.723629,1778512988.8319001,PostgreSQL+Citus,citus_uniform,citus_native,796,select,17814,96201,False,0.0,True,,108.27112197875977,1
2026-05-11T15:23:08+0000,1778512988.8138845,1778512988.832008,PostgreSQL+Citus,citus_uniform,citus_native,868,select,22124,26207,False,0.0,True,,18.123388290405273,1
2026-05-11T15:23:08+0000,1778512988.821217,1778512988.832152,PostgreSQL+Citus,citus_uniform,citus_native,894,update,15761,98737,False,0.0,False,FeatureNotSupported,10.934829711914062,0
2026-05-11T15:23:08+0000,1778512988.6195946,1778512988.8322377,PostgreSQL+Citus,citus_uniform,citus_native,699,select,8129,58789,False,0.0,True,,212.64314651489258,1
2026-05-11T15:23:08+0000,1778512988.717872,1778512988.8323646,PostgreSQL+Citus,citus_uniform,citus_native,781,select,14750,15852,False,0.0,True,,114.49265480041504,1
2026-05-11T15:23:08+0000,1778512988.8101914,1778512988.832482,PostgreSQL+Citus,citus_uniform,citus_native,857,update,18460,96612,False,0.0,False,FeatureNotSupported,22.290706634521484,0
2026-05-11T15:23:08+0000,1778512988.738599,1778512988.832634,PostgreSQL+Citus,citus_uniform,citus_native,850,select,11744,84473,False,0.0,True,,94.03491020202637,1
2026-05-11T15:23:08+0000,1778512988.711336,1778512988.8328087,PostgreSQL+Citus,citus_uniform,citus_native,764,select,27990,82592,False,0.0,True,,121.47283554077148,1
2026-05-11T15:23:08+0000,1778512988.8148842,1778512988.8329446,PostgreSQL+Citus,citus_uniform,citus_native,872,select,2897,11268,False,0.0,True,,18.06044578552246,1
2026-05-11T15:23:08+0000,1778512988.7274003,1778512988.833075,PostgreSQL+Citus,citus_uniform,citus_native,809,select,19893,90153,False,0.0,True,,105.67474365234375,1
2026-05-11T15:23:08+0000,1778512988.7231977,1778512988.83323,PostgreSQL+Citus,citus_uniform,citus_native,794,select,25332,41717,False,0.0,True,,110.03232002258301,1
2026-05-11T15:23:08+0000,1778512988.7339368,1778512988.8333561,PostgreSQL+Citus,citus_uniform,citus_native,832,update,15981,89451,False,0.0,False,FeatureNotSupported,99.41935539245605,0
2026-05-11T15:23:08+0000,1778512988.7297595,1778512988.833486,PostgreSQL+Citus,citus_uniform,citus_native,817,update,25586,75285,False,0.0,False,FeatureNotSupported,103.72662544250488,0
2026-05-11T15:23:08+0000,1778512988.732942,1778512988.833623,PostgreSQL+Citus,citus_uniform,citus_native,827,select,9278,12624,False,0.0,True,,100.68082809448242,1
2026-05-11T15:23:08+0000,1778512988.7194912,1778512988.8337157,PostgreSQL+Citus,citus_uniform,citus_native,783,insert,4407,99379,False,0.0,True,,114.22443389892578,1
2026-05-11T15:23:08+0000,1778512988.8207774,1778512988.8338366,PostgreSQL+Citus,citus_uniform,citus_native,892,insert,25271,94191,False,0.0,True,,13.059139251708984,1
2026-05-11T15:23:08+0000,1778512988.71999,1778512988.83405,PostgreSQL+Citus,citus_uniform,citus_native,785,select,17436,65337,False,0.0,True,,114.0599250793457,1
2026-05-11T15:23:08+0000,1778512988.8190978,1778512988.8343587,PostgreSQL+Citus,citus_uniform,citus_native,887,select,7586,90707,False,0.0,True,,15.260934829711914,1
2026-05-11T15:23:08+0000,1778512988.728252,1778512988.8345888,PostgreSQL+Citus,citus_uniform,citus_native,813,select,18628,15955,False,0.0,True,,106.33683204650879,1
2026-05-11T15:23:08+0000,1778512988.8166757,1778512988.9051151,PostgreSQL+Citus,citus_uniform,citus_native,880,select,28397,94694,False,0.0,True,,88.4394645690918,1
2026-05-11T15:23:08+0000,1778512988.6172628,1778512988.9055882,PostgreSQL+Citus,citus_uniform,citus_native,689,insert,29674,2130,False,0.0,True,,288.32530975341797,1
2026-05-11T15:23:08+0000,1778512988.8158376,1778512988.9058988,PostgreSQL+Citus,citus_uniform,citus_native,876,insert,21080,44782,False,0.0,True,,90.06118774414062,1
2026-05-11T15:23:08+0000,1778512988.8209493,1778512988.9061215,PostgreSQL+Citus,citus_uniform,citus_native,893,update,11257,55676,False,0.0,False,FeatureNotSupported,85.17217636108398,0
2026-05-11T15:23:08+0000,1778512988.817158,1778512988.9063764,PostgreSQL+Citus,citus_uniform,citus_native,882,insert,1046,12718,False,0.0,True,,89.2183780670166,1
2026-05-11T15:23:08+0000,1778512988.8218489,1778512988.906643,PostgreSQL+Citus,citus_uniform,citus_native,897,update,27211,43098,False,0.0,False,FeatureNotSupported,84.7940444946289,0
2026-05-11T15:23:08+0000,1778512988.8186588,1778512988.9068346,PostgreSQL+Citus,citus_uniform,citus_native,885,select,13425,15617,False,0.0,True,,88.17577362060547,1
2026-05-11T15:23:08+0000,1778512988.8199575,1778512988.9069834,PostgreSQL+Citus,citus_uniform,citus_native,889,select,21366,62748,False,0.0,True,,87.02588081359863,1
2026-05-11T15:23:08+0000,1778512988.816917,1778512988.9072661,PostgreSQL+Citus,citus_uniform,citus_native,881,select,1893,77032,False,0.0,True,,90.34919738769531,1
2026-05-11T15:23:08+0000,1778512988.8178444,1778512988.9073958,PostgreSQL+Citus,citus_uniform,citus_native,884,select,19053,80698,False,0.0,True,,89.55144882202148,1
2026-05-11T15:23:08+0000,1778512988.5232792,1778512988.9075215,PostgreSQL+Citus,citus_uniform,citus_native,639,select,12551,3182,False,0.0,True,,384.24229621887207,1
2026-05-11T15:23:08+0000,1778512988.8220313,1778512988.9076157,PostgreSQL+Citus,citus_uniform,citus_native,898,insert,11886,10520,False,0.0,True,,85.58440208435059,1
2026-05-11T15:23:08+0000,1778512988.820549,1778512988.9077866,PostgreSQL+Citus,citus_uniform,citus_native,891,select,18489,55901,False,0.0,True,,87.23759651184082,1
2026-05-11T15:23:08+0000,1778512988.8175936,1778512988.9080012,PostgreSQL+Citus,citus_uniform,citus_native,883,select,23482,21894,False,0.0,True,,90.4076099395752,1
2026-05-11T15:23:08+0000,1778512988.818909,1778512988.9081607,PostgreSQL+Citus,citus_uniform,citus_native,886,select,13521,44791,False,0.0,True,,89.25175666809082,1
2026-05-11T15:23:08+0000,1778512988.8156934,1778512988.9082701,PostgreSQL+Citus,citus_uniform,citus_native,875,select,15369,65012,False,0.0,True,,92.57674217224121,1
2026-05-11T15:23:08+0000,1778512988.819731,1778512988.908495,PostgreSQL+Citus,citus_uniform,citus_native,888,select,26105,83994,False,0.0,True,,88.76395225524902,1
2026-05-11T15:23:08+0000,1778512988.7162476,1778512988.9087346,PostgreSQL+Citus,citus_uniform,citus_native,778,select,27734,53324,False,0.0,True,,192.48700141906738,1
2026-05-11T15:23:08+0000,1778512988.736751,1778512988.9118905,PostgreSQL+Citus,citus_uniform,citus_native,845,insert,24323,55005,False,0.0,True,,175.1394271850586,1
2026-05-11T15:23:08+0000,1778512988.6138456,1778512988.9134438,PostgreSQL+Citus,citus_uniform,citus_native,676,select,21277,43813,False,0.0,True,,299.59821701049805,1
2026-05-11T15:23:08+0000,1778512988.619485,1778512988.9135408,PostgreSQL+Citus,citus_uniform,citus_native,698,select,12661,21115,False,0.0,True,,294.0559387207031,1
2026-05-11T15:23:08+0000,1778512988.729986,1778512988.913683,PostgreSQL+Citus,citus_uniform,citus_native,818,select,11184,43874,False,0.0,True,,183.69698524475098,1
2026-05-11T15:23:08+0000,1778512988.7312691,1778512988.9153984,PostgreSQL+Citus,citus_uniform,citus_native,820,select,9748,13000,False,0.0,True,,184.1292381286621,1
2026-05-11T15:23:08+0000,1778512988.732209,1778512988.9178905,PostgreSQL+Citus,citus_uniform,citus_native,823,select,18232,4812,False,0.0,True,,185.68158149719238,1
2026-05-11T15:23:08+0000,1778512988.8216772,1778512988.919276,PostgreSQL+Citus,citus_uniform,citus_native,896,select,11888,48950,False,0.0,True,,97.59879112243652,1
2026-05-11T15:23:08+0000,1778512988.7149594,1778512988.9194407,PostgreSQL+Citus,citus_uniform,citus_native,773,select,510,57573,False,0.0,True,,204.4813632965088,1
2026-05-11T15:23:08+0000,1778512988.739022,1778512988.9202576,PostgreSQL+Citus,citus_uniform,citus_native,852,select,24123,49122,False,0.0,True,,181.23555183410645,1
2026-05-11T15:23:08+0000,1778512988.8118916,1778512988.9241357,PostgreSQL+Citus,citus_uniform,citus_native,862,insert,18670,67003,False,0.0,True,,112.2441291809082,1
2026-05-11T15:23:11+0000,1778512991.0793047,1778512991.0853636,PostgreSQL+Citus,citus_hot70,citus_native,21,update,3000,96742,True,0.7,False,FeatureNotSupported,6.058931350708008,0
2026-05-11T15:23:11+0000,1778512991.0699646,1778512991.0751228,PostgreSQL+Citus,citus_hot70,citus_native,1,update,4122,35577,False,0.7,False,FeatureNotSupported,5.158185958862305,0
2026-05-11T15:23:11+0000,1778512991.0704293,1778512991.0758533,PostgreSQL+Citus,citus_hot70,citus_native,2,update,3000,76005,True,0.7,False,FeatureNotSupported,5.424022674560547,0
2026-05-11T15:23:11+0000,1778512991.1125185,1778512991.1210353,PostgreSQL+Citus,citus_hot70,citus_native,94,update,3000,85115,True,0.7,False,FeatureNotSupported,8.516788482666016,0
2026-05-11T15:23:11+0000,1778512991.0775776,1778512991.1095695,PostgreSQL+Citus,citus_hot70,citus_native,16,update,10618,29870,False,0.7,False,FeatureNotSupported,31.991958618164062,0
2026-05-11T15:23:11+0000,1778512991.0739827,1778512991.081573,PostgreSQL+Citus,citus_hot70,citus_native,5,update,3000,92583,True,0.7,False,FeatureNotSupported,7.590293884277344,0
2026-05-11T15:23:11+0000,1778512991.0731208,1778512991.0777562,PostgreSQL+Citus,citus_hot70,citus_native,3,update,19305,92966,False,0.7,False,FeatureNotSupported,4.635334014892578,0
2026-05-11T15:23:11+0000,1778512991.1142807,1778512991.20626,PostgreSQL+Citus,citus_hot70,citus_native,99,update,4949,5402,False,0.7,False,FeatureNotSupported,91.9792652130127,0
2026-05-11T15:23:11+0000,1778512991.069267,1778512991.206743,PostgreSQL+Citus,citus_hot70,citus_native,0,select,3000,67446,True,0.7,True,,137.47596740722656,1
2026-05-11T15:23:11+0000,1778512991.2069027,1778512991.208392,PostgreSQL+Citus,citus_hot70,citus_native,104,select,3000,40857,True,0.7,True,,1.4891624450683594,1
2026-05-11T15:23:11+0000,1778512991.2085001,1778512991.209848,PostgreSQL+Citus,citus_hot70,citus_native,105,update,3000,32376,True,0.7,False,FeatureNotSupported,1.3477802276611328,0
2026-05-11T15:23:11+0000,1778512991.0749965,1778512991.2102168,PostgreSQL+Citus,citus_hot70,citus_native,8,select,3000,39630,True,0.7,True,,135.22028923034668,1
2026-05-11T15:23:11+0000,1778512991.0747688,1778512991.2107532,PostgreSQL+Citus,citus_hot70,citus_native,7,select,3000,36272,True,0.7,True,,135.9844207763672,1
2026-05-11T15:23:11+0000,1778512991.0916226,1778512991.211244,PostgreSQL+Citus,citus_hot70,citus_native,52,update,3000,1839,True,0.7,False,FeatureNotSupported,119.62151527404785,0
2026-05-11T15:23:11+0000,1778512991.2099452,1778512991.2115533,PostgreSQL+Citus,citus_hot70,citus_native,106,select,3000,52959,True,0.7,True,,1.608133316040039,1
2026-05-11T15:23:11+0000,1778512991.0781567,1778512991.2122655,PostgreSQL+Citus,citus_hot70,citus_native,17,insert,3000,40472,True,0.7,True,,134.1087818145752,1
2026-05-11T15:23:11+0000,1778512991.211326,1778512991.2124624,PostgreSQL+Citus,citus_hot70,citus_native,109,update,10830,1531,False,0.7,False,FeatureNotSupported,1.1365413665771484,0
2026-05-11T15:23:11+0000,1778512991.0762672,1778512991.2149734,PostgreSQL+Citus,citus_hot70,citus_native,11,select,13338,74777,False,0.7,True,,138.70620727539062,1
2026-05-11T15:23:11+0000,1778512991.0769494,1778512991.2188156,PostgreSQL+Citus,citus_hot70,citus_native,14,select,9473,76008,False,0.7,True,,141.86620712280273,1
2026-05-11T15:23:11+0000,1778512991.0736506,1778512991.3056133,PostgreSQL+Citus,citus_hot70,citus_native,4,insert,3000,26852,True,0.7,True,,231.9626808166504,1
2026-05-11T15:23:11+0000,1778512991.2123678,1778512991.3062124,PostgreSQL+Citus,citus_hot70,citus_native,111,select,3000,65733,True,0.7,True,,93.84465217590332,1
2026-05-11T15:23:11+0000,1778512991.210847,1778512991.3076644,PostgreSQL+Citus,citus_hot70,citus_native,108,select,3000,82282,True,0.7,True,,96.8174934387207,1
2026-05-11T15:23:11+0000,1778512991.076649,1778512991.3080485,PostgreSQL+Citus,citus_hot70,citus_native,13,select,3000,81626,True,0.7,True,,231.3995361328125,1
2026-05-11T15:23:11+0000,1778512991.0891604,1778512991.308388,PostgreSQL+Citus,citus_hot70,citus_native,46,update,3000,30622,True,0.7,False,FeatureNotSupported,219.22755241394043,0
2026-05-11T15:23:11+0000,1778512991.0772295,1778512991.3089478,PostgreSQL+Citus,citus_hot70,citus_native,15,insert,16353,95836,False,0.7,True,,231.7183017730713,1
2026-05-11T15:23:11+0000,1778512991.21173,1778512991.3102398,PostgreSQL+Citus,citus_hot70,citus_native,110,update,3000,27239,True,0.7,False,FeatureNotSupported,98.5097885131836,0
2026-05-11T15:23:11+0000,1778512991.3058457,1778512991.311073,PostgreSQL+Citus,citus_hot70,citus_native,115,select,3000,76229,True,0.7,True,,5.227327346801758,1
2026-05-11T15:23:11+0000,1778512991.215109,1778512991.3113594,PostgreSQL+Citus,citus_hot70,citus_native,113,update,12138,22363,False,0.7,False,FeatureNotSupported,96.25029563903809,0
2026-05-11T15:23:11+0000,1778512991.0763164,1778512991.3117063,PostgreSQL+Citus,citus_hot70,citus_native,12,select,3000,65072,True,0.7,True,,235.38994789123535,1
2026-05-11T15:23:11+0000,1778512991.2189367,1778512991.312257,PostgreSQL+Citus,citus_hot70,citus_native,114,update,6119,45968,False,0.7,False,FeatureNotSupported,93.32036972045898,0
2026-05-11T15:23:11+0000,1778512991.0947986,1778512991.3125231,PostgreSQL+Citus,citus_hot70,citus_native,59,update,3000,84485,True,0.7,False,FeatureNotSupported,217.72456169128418,0
2026-05-11T15:23:11+0000,1778512991.3078055,1778512991.3128185,PostgreSQL+Citus,citus_hot70,citus_native,117,select,3000,79960,True,0.7,True,,5.012989044189453,1
2026-05-11T15:23:11+0000,1778512991.3066232,1778512991.3130696,PostgreSQL+Citus,citus_hot70,citus_native,116,select,2473,50194,False,0.7,True,,6.446361541748047,1
2026-05-11T15:23:11+0000,1778512991.0757565,1778512991.313208,PostgreSQL+Citus,citus_hot70,citus_native,10,select,3000,34821,True,0.7,True,,237.45155334472656,1
2026-05-11T15:23:11+0000,1778512991.0743194,1778512991.3133156,PostgreSQL+Citus,citus_hot70,citus_native,6,select,12064,57019,False,0.7,True,,238.9962673187256,1
2026-05-11T15:23:11+0000,1778512991.1024575,1778512991.3136613,PostgreSQL+Citus,citus_hot70,citus_native,79,update,3000,20897,True,0.7,False,FeatureNotSupported,211.20381355285645,0
2026-05-11T15:23:11+0000,1778512991.0869083,1778512991.314265,PostgreSQL+Citus,citus_hot70,citus_native,40,update,3000,60165,True,0.7,False,FeatureNotSupported,227.3566722869873,0
2026-05-11T15:23:11+0000,1778512991.3129694,1778512991.3149226,PostgreSQL+Citus,citus_hot70,citus_native,127,select,9290,68983,False,0.7,True,,1.953125,1
2026-05-11T15:23:11+0000,1778512991.3150988,1778512991.316329,PostgreSQL+Citus,citus_hot70,citus_native,133,select,3000,31268,True,0.7,True,,1.2302398681640625,1
2026-05-11T15:23:11+0000,1778512991.1012857,1778512991.3185802,PostgreSQL+Citus,citus_hot70,citus_native,76,select,3000,11827,True,0.7,True,,217.29445457458496,1
2026-05-11T15:23:11+0000,1778512991.3188183,1778512991.3197734,PostgreSQL+Citus,citus_hot70,citus_native,135,select,3000,91381,True,0.7,True,,0.9551048278808594,1
2026-05-11T15:23:11+0000,1778512991.078783,1778512991.4056249,PostgreSQL+Citus,citus_hot70,citus_native,19,select,3000,82538,True,0.7,True,,326.8418312072754,1
2026-05-11T15:23:11+0000,1778512991.0795891,1778512991.406845,PostgreSQL+Citus,citus_hot70,citus_native,22,select,3000,52435,True,0.7,True,,327.2559642791748,1
2026-05-11T15:23:11+0000,1778512991.0756524,1778512991.407442,PostgreSQL+Citus,citus_hot70,citus_native,9,select,15355,57350,False,0.7,True,,331.7897319793701,1
2026-05-11T15:23:11+0000,1778512991.3131273,1778512991.4078183,PostgreSQL+Citus,citus_hot70,citus_native,128,select,3000,19556,True,0.7,True,,94.69103813171387,1
2026-05-11T15:23:11+0000,1778512991.0944595,1778512991.4084601,PostgreSQL+Citus,citus_hot70,citus_native,58,update,3000,32051,True,0.7,False,FeatureNotSupported,314.00060653686523,0
2026-05-11T15:23:11+0000,1778512991.0798786,1778512991.4089463,PostgreSQL+Citus,citus_hot70,citus_native,23,select,3000,25096,True,0.7,True,,329.0677070617676,1
2026-05-11T15:23:11+0000,1778512991.3133476,1778512991.4093068,PostgreSQL+Citus,citus_hot70,citus_native,130,insert,27422,91549,False,0.7,True,,95.95918655395508,1
2026-05-11T15:23:11+0000,1778512991.3115017,1778512991.4097416,PostgreSQL+Citus,citus_hot70,citus_native,123,select,3000,91140,True,0.7,True,,98.23989868164062,1
2026-05-11T15:23:11+0000,1778512991.3164337,1778512991.4100397,PostgreSQL+Citus,citus_hot70,citus_native,134,update,16882,83646,False,0.7,False,FeatureNotSupported,93.60599517822266,0
2026-05-11T15:23:11+0000,1778512991.4076238,1778512991.4102519,PostgreSQL+Citus,citus_hot70,citus_native,139,update,19939,76788,False,0.7,False,FeatureNotSupported,2.6280879974365234,0
2026-05-11T15:23:11+0000,1778512991.4079196,1778512991.4104881,PostgreSQL+Citus,citus_hot70,citus_native,140,select,3000,18025,True,0.7,True,,2.568483352661133,1
2026-05-11T15:23:11+0000,1778512991.3198278,1778512991.4107904,PostgreSQL+Citus,citus_hot70,citus_native,136,insert,3000,30147,True,0.7,True,,90.96264839172363,1
2026-05-11T15:23:11+0000,1778512991.0839503,1778512991.4110763,PostgreSQL+Citus,citus_hot70,citus_native,32,update,3000,95996,True,0.7,False,FeatureNotSupported,327.12602615356445,0
2026-05-11T15:23:11+0000,1778512991.3132567,1778512991.4113002,PostgreSQL+Citus,citus_hot70,citus_native,129,select,3000,9953,True,0.7,True,,98.04344177246094,1
2026-05-11T15:23:11+0000,1778512991.405979,1778512991.4115362,PostgreSQL+Citus,citus_hot70,citus_native,137,select,3000,66082,True,0.7,True,,5.55729866027832,1
2026-05-11T15:23:11+0000,1778512991.0900528,1778512991.4116685,PostgreSQL+Citus,citus_hot70,citus_native,48,update,3000,23109,True,0.7,False,FeatureNotSupported,321.61569595336914,0
2026-05-11T15:23:11+0000,1778512991.101063,1778512991.4118226,PostgreSQL+Citus,citus_hot70,citus_native,75,select,3000,12928,True,0.7,True,,310.7595443725586,1
2026-05-11T15:23:11+0000,1778512991.3143296,1778512991.41199,PostgreSQL+Citus,citus_hot70,citus_native,132,update,3000,30097,True,0.7,False,FeatureNotSupported,97.66030311584473,0
2026-05-11T15:23:11+0000,1778512991.0801492,1778512991.4122918,PostgreSQL+Citus,citus_hot70,citus_native,24,select,3000,37189,True,0.7,True,,332.14259147644043,1
2026-05-11T15:23:11+0000,1778512991.3103907,1778512991.412811,PostgreSQL+Citus,citus_hot70,citus_native,121,update,15299,85742,False,0.7,False,FeatureNotSupported,102.42033004760742,0
2026-05-11T15:23:11+0000,1778512991.4118617,1778512991.4134686,PostgreSQL+Citus,citus_hot70,citus_native,153,update,20659,30682,False,0.7,False,FeatureNotSupported,1.6069412231445312,0
2026-05-11T15:23:11+0000,1778512991.4091198,1778512991.4136345,PostgreSQL+Citus,citus_hot70,citus_native,142,select,3000,36664,True,0.7,True,,4.5146942138671875,1
2026-05-11T15:23:11+0000,1778512991.413686,1778512991.4146657,PostgreSQL+Citus,citus_hot70,citus_native,158,update,24541,44613,False,0.7,False,FeatureNotSupported,0.9796619415283203,0
2026-05-11T15:23:11+0000,1778512991.111901,1778512991.4180834,PostgreSQL+Citus,citus_hot70,citus_native,92,select,3000,78742,True,0.7,True,,306.1823844909668,1
2026-05-11T15:23:11+0000,1778512991.41815,1778512991.4187837,PostgreSQL+Citus,citus_hot70,citus_native,160,select,15443,58246,False,0.7,True,,0.6337165832519531,1
2026-05-11T15:23:11+0000,1778512991.418828,1778512991.505065,PostgreSQL+Citus,citus_hot70,citus_native,161,insert,2939,31985,False,0.7,True,,86.23695373535156,1
2026-05-11T15:23:11+0000,1778512991.114559,1778512991.5053914,PostgreSQL+Citus,citus_hot70,citus_native,100,select,3000,24388,True,0.7,True,,390.83242416381836,1
2026-05-11T15:23:11+0000,1778512991.105146,1778512991.5055869,PostgreSQL+Citus,citus_hot70,citus_native,86,insert,3000,21822,True,0.7,True,,400.44093132019043,1
2026-05-11T15:23:11+0000,1778512991.412441,1778512991.5060205,PostgreSQL+Citus,citus_hot70,citus_native,155,update,25291,54762,False,0.7,False,FeatureNotSupported,93.57953071594238,0
2026-05-11T15:23:11+0000,1778512991.081323,1778512991.5064917,PostgreSQL+Citus,citus_hot70,citus_native,26,select,3000,34464,True,0.7,True,,425.1687526702881,1
2026-05-11T15:23:11+0000,1778512991.5051928,1778512991.5069792,PostgreSQL+Citus,citus_hot70,citus_native,162,update,3000,65026,True,0.7,False,FeatureNotSupported,1.7864704132080078,0
2026-05-11T15:23:11+0000,1778512991.0783038,1778512991.5072117,PostgreSQL+Citus,citus_hot70,citus_native,18,select,3000,45065,True,0.7,True,,428.9078712463379,1
2026-05-11T15:23:11+0000,1778512991.0976176,1778512991.507367,PostgreSQL+Citus,citus_hot70,citus_native,66,insert,27279,1645,False,0.7,True,,409.74926948547363,1
2026-05-11T15:23:11+0000,1778512991.4131544,1778512991.5076923,PostgreSQL+Citus,citus_hot70,citus_native,156,select,3000,88309,True,0.7,True,,94.53797340393066,1
2026-05-11T15:23:11+0000,1778512991.4098928,1778512991.507958,PostgreSQL+Citus,citus_hot70,citus_native,144,select,3000,20156,True,0.7,True,,98.06513786315918,1
2026-05-11T15:23:11+0000,1778512991.5070322,1778512991.50825,PostgreSQL+Citus,citus_hot70,citus_native,167,update,8266,53613,False,0.7,False,FeatureNotSupported,1.2178421020507812,0
2026-05-11T15:23:11+0000,1778512991.5054376,1778512991.5084188,PostgreSQL+Citus,citus_hot70,citus_native,163,update,3000,74100,True,0.7,False,FeatureNotSupported,2.9811859130859375,0
2026-05-11T15:23:11+0000,1778512991.4115944,1778512991.50863,PostgreSQL+Citus,citus_hot70,citus_native,151,select,3000,4073,True,0.7,True,,97.03564643859863,1
2026-05-11T15:23:11+0000,1778512991.0980988,1778512991.50881,PostgreSQL+Citus,citus_hot70,citus_native,68,select,3000,1116,True,0.7,True,,410.71128845214844,1
2026-05-11T15:23:11+0000,1778512991.4147234,1778512991.5089557,PostgreSQL+Citus,citus_hot70,citus_native,159,select,3000,70295,True,0.7,True,,94.23232078552246,1
2026-05-11T15:23:11+0000,1778512991.0964098,1778512991.5090473,PostgreSQL+Citus,citus_hot70,citus_native,63,select,3000,69278,True,0.7,True,,412.63747215270996,1
2026-05-11T15:23:11+0000,1778512991.413554,1778512991.509183,PostgreSQL+Citus,citus_hot70,citus_native,157,select,3000,60601,True,0.7,True,,95.62897682189941,1
2026-05-11T15:23:11+0000,1778512991.4113765,1778512991.509464,PostgreSQL+Citus,citus_hot70,citus_native,150,select,3000,18464,True,0.7,True,,98.08754920959473,1
2026-05-11T15:23:11+0000,1778512991.4070847,1778512991.5099938,PostgreSQL+Citus,citus_hot70,citus_native,138,insert,3000,1610,True,0.7,True,,102.90908813476562,1
2026-05-11T15:23:11+0000,1778512991.410556,1778512991.5106757,PostgreSQL+Citus,citus_hot70,citus_native,147,insert,5509,88393,False,0.7,True,,100.11959075927734,1
2026-05-11T15:23:11+0000,1778512991.5062208,1778512991.5115252,PostgreSQL+Citus,citus_hot70,citus_native,165,update,406,39241,False,0.7,False,FeatureNotSupported,5.3043365478515625,0
2026-05-11T15:23:11+0000,1778512991.0790284,1778512991.5117543,PostgreSQL+Citus,citus_hot70,citus_native,20,select,3000,3700,True,0.7,True,,432.7259063720703,1
2026-05-11T15:23:11+0000,1778512991.50773,1778512991.5119922,PostgreSQL+Citus,citus_hot70,citus_native,170,update,6727,48975,False,0.7,False,FeatureNotSupported,4.262208938598633,0
2026-05-11T15:23:11+0000,1778512991.0904467,1778512991.5126123,PostgreSQL+Citus,citus_hot70,citus_native,49,update,3000,11220,True,0.7,False,FeatureNotSupported,422.1656322479248,0
2026-05-11T15:23:11+0000,1778512991.102936,1778512991.5135102,PostgreSQL+Citus,citus_hot70,citus_native,80,insert,3000,75521,True,0.7,True,,410.57419776916504,1
2026-05-11T15:23:11+0000,1778512991.4109032,1778512991.513974,PostgreSQL+Citus,citus_hot70,citus_native,148,update,19028,32918,False,0.7,False,FeatureNotSupported,103.07073593139648,0
2026-05-11T15:23:11+0000,1778512991.508987,1778512991.5141857,PostgreSQL+Citus,citus_hot70,citus_native,176,select,3000,21188,True,0.7,True,,5.19871711730957,1
2026-05-11T15:23:11+0000,1778512991.5090878,1778512991.5143712,PostgreSQL+Citus,citus_hot70,citus_native,177,select,3000,75947,True,0.7,True,,5.283355712890625,1
2026-05-11T15:23:11+0000,1778512991.0885677,1778512991.5145288,PostgreSQL+Citus,citus_hot70,citus_native,44,update,3000,5481,True,0.7,False,FeatureNotSupported,425.9610176086426,0
2026-05-11T15:23:11+0000,1778512991.4103508,1778512991.514677,PostgreSQL+Citus,citus_hot70,citus_native,146,select,3000,97021,True,0.7,True,,104.32624816894531,1
2026-05-11T15:23:11+0000,1778512991.1134014,1778512991.51477,PostgreSQL+Citus,citus_hot70,citus_native,97,select,3000,76308,True,0.7,True,,401.3686180114746,1
2026-05-11T15:23:11+0000,1778512991.08614,1778512991.5175848,PostgreSQL+Citus,citus_hot70,citus_native,38,select,3000,45388,True,0.7,True,,431.4448833465576,1
2026-05-11T15:23:11+0000,1778512991.5176337,1778512991.5184271,PostgreSQL+Citus,citus_hot70,citus_native,193,select,3000,99040,True,0.7,True,,0.79345703125,1
2026-05-11T15:23:11+0000,1778512991.5136511,1778512991.6053953,PostgreSQL+Citus,citus_hot70,citus_native,186,select,3000,47572,True,0.7,True,,91.74418449401855,1
2026-05-11T15:23:11+0000,1778512991.0882554,1778512991.6079535,PostgreSQL+Citus,citus_hot70,citus_native,43,update,3000,12380,True,0.7,False,FeatureNotSupported,519.6981430053711,0
2026-05-11T15:23:11+0000,1778512991.5084772,1778512991.60836,PostgreSQL+Citus,citus_hot70,citus_native,173,select,3000,93335,True,0.7,True,,99.88284111022949,1
2026-05-11T15:23:11+0000,1778512991.5144432,1778512991.6085846,PostgreSQL+Citus,citus_hot70,citus_native,189,update,11501,7206,False,0.7,False,FeatureNotSupported,94.14148330688477,0
2026-05-11T15:23:11+0000,1778512991.5121484,1778512991.608895,PostgreSQL+Citus,citus_hot70,citus_native,184,select,3000,39567,True,0.7,True,,96.74668312072754,1
2026-05-11T15:23:11+0000,1778512991.0807338,1778512991.6091967,PostgreSQL+Citus,citus_hot70,citus_native,25,select,3000,69035,True,0.7,True,,528.4628868103027,1
2026-05-11T15:23:11+0000,1778512991.5129652,1778512991.6095433,PostgreSQL+Citus,citus_hot70,citus_native,185,update,3000,56922,True,0.7,False,FeatureNotSupported,96.57812118530273,0
2026-05-11T15:23:11+0000,1778512991.0857186,1778512991.6097548,PostgreSQL+Citus,citus_hot70,citus_native,36,update,9096,83928,False,0.7,False,FeatureNotSupported,524.036169052124,0
2026-05-11T15:23:11+0000,1778512991.0954416,1778512991.610014,PostgreSQL+Citus,citus_hot70,citus_native,61,select,3000,86320,True,0.7,True,,514.5723819732666,1
2026-05-11T15:23:11+0000,1778512991.5118463,1778512991.6102626,PostgreSQL+Citus,citus_hot70,citus_native,183,update,3000,40145,True,0.7,False,FeatureNotSupported,98.41632843017578,0
2026-05-11T15:23:11+0000,1778512991.5072844,1778512991.6105654,PostgreSQL+Citus,citus_hot70,citus_native,168,select,3000,75675,True,0.7,True,,103.28102111816406,1
2026-05-11T15:23:11+0000,1778512991.114804,1778512991.610701,PostgreSQL+Citus,citus_hot70,citus_native,101,select,3000,83232,True,0.7,True,,495.8970546722412,1
2026-05-11T15:23:11+0000,1778512991.5087082,1778512991.610865,PostgreSQL+Citus,citus_hot70,citus_native,174,select,3000,94619,True,0.7,True,,102.1568775177002,1
2026-05-11T15:23:11+0000,1778512991.5088618,1778512991.6113687,PostgreSQL+Citus,citus_hot70,citus_native,175,insert,3000,65153,True,0.7,True,,102.50687599182129,1
2026-05-11T15:23:11+0000,1778512991.2103827,1778512991.6121228,PostgreSQL+Citus,citus_hot70,citus_native,107,select,4637,499,False,0.7,True,,401.74007415771484,1
2026-05-11T15:23:11+0000,1778512991.5116081,1778512991.6127574,PostgreSQL+Citus,citus_hot70,citus_native,182,select,3000,42804,True,0.7,True,,101.14932060241699,1
2026-05-11T15:23:11+0000,1778512991.5096192,1778512991.613715,PostgreSQL+Citus,citus_hot70,citus_native,179,select,3000,71902,True,0.7,True,,104.0956974029541,1
2026-05-11T15:23:11+0000,1778512991.5147164,1778512991.6139307,PostgreSQL+Citus,citus_hot70,citus_native,191,insert,3000,18483,True,0.7,True,,99.21431541442871,1
2026-05-11T15:23:11+0000,1778512991.5142457,1778512991.6143126,PostgreSQL+Citus,citus_hot70,citus_native,188,update,3000,38096,True,0.7,False,FeatureNotSupported,100.0669002532959,0
2026-05-11T15:23:11+0000,1778512991.082526,1778512991.6145453,PostgreSQL+Citus,citus_hot70,citus_native,29,select,17572,96875,False,0.7,True,,532.0193767547607,1
2026-05-11T15:23:11+0000,1778512991.6117957,1778512991.6147802,PostgreSQL+Citus,citus_hot70,citus_native,208,select,3000,30941,True,0.7,True,,2.9845237731933594,1
2026-05-11T15:23:11+0000,1778512991.5057697,1778512991.6149158,PostgreSQL+Citus,citus_hot70,citus_native,164,update,3000,66130,True,0.7,False,FeatureNotSupported,109.1461181640625,0
2026-05-11T15:23:11+0000,1778512991.1211278,1778512991.6150632,PostgreSQL+Citus,citus_hot70,citus_native,102,insert,12822,71141,False,0.7,True,,493.93534660339355,1
2026-05-11T15:23:11+0000,1778512991.6106298,1778512991.615429,PostgreSQL+Citus,citus_hot70,citus_native,205,select,3000,80358,True,0.7,True,,4.799127578735352,1
2026-05-11T15:23:11+0000,1778512991.6138182,1778512991.6156325,PostgreSQL+Citus,citus_hot70,citus_native,211,select,3000,88982,True,0.7,True,,1.8143653869628906,1
2026-05-11T15:23:11+0000,1778512991.6139991,1778512991.6157765,PostgreSQL+Citus,citus_hot70,citus_native,212,select,3000,49211,True,0.7,True,,1.7774105072021484,1
2026-05-11T15:23:11+0000,1778512991.110241,1778512991.6158783,PostgreSQL+Citus,citus_hot70,citus_native,89,select,5867,30109,False,0.7,True,,505.63740730285645,1
2026-05-11T15:23:11+0000,1778512991.0821903,1778512991.6161587,PostgreSQL+Citus,citus_hot70,citus_native,28,select,3000,47575,True,0.7,True,,533.968448638916,1
2026-05-11T15:23:11+0000,1778512991.6100872,1778512991.616293,PostgreSQL+Citus,citus_hot70,citus_native,203,select,4047,48238,False,0.7,True,,6.20579719543457,1
2026-05-11T15:23:11+0000,1778512991.4101164,1778512991.6164207,PostgreSQL+Citus,citus_hot70,citus_native,145,select,3000,88416,True,0.7,True,,206.30431175231934,1
2026-05-11T15:23:11+0000,1778512991.614841,1778512991.61659,PostgreSQL+Citus,citus_hot70,citus_native,215,select,3000,26955,True,0.7,True,,1.7490386962890625,1
2026-05-11T15:23:11+0000,1778512991.0851805,1778512991.6169388,PostgreSQL+Citus,citus_hot70,citus_native,35,select,3000,2146,True,0.7,True,,531.7583084106445,1
2026-05-11T15:23:11+0000,1778512991.6087158,1778512991.6172483,PostgreSQL+Citus,citus_hot70,citus_native,198,update,3000,64434,True,0.7,False,FeatureNotSupported,8.532524108886719,0
2026-05-11T15:23:11+0000,1778512991.085865,1778512991.617554,PostgreSQL+Citus,citus_hot70,citus_native,37,select,3000,225,True,0.7,True,,531.688928604126,1
2026-05-11T15:23:11+0000,1778512991.1008399,1778512991.617729,PostgreSQL+Citus,citus_hot70,citus_native,74,select,3000,13297,True,0.7,True,,516.8890953063965,1
2026-05-11T15:23:11+0000,1778512991.3085573,1778512991.617846,PostgreSQL+Citus,citus_hot70,citus_native,119,select,3000,9542,True,0.7,True,,309.28874015808105,1
2026-05-11T15:23:11+0000,1778512991.61779,1778512991.618614,PostgreSQL+Citus,citus_hot70,citus_native,229,select,3000,54064,True,0.7,True,,0.823974609375,1
2026-05-11T15:23:11+0000,1778512991.6186945,1778512991.6194124,PostgreSQL+Citus,citus_hot70,citus_native,231,select,3000,36654,True,0.7,True,,0.7178783416748047,1
2026-05-11T15:23:11+0000,1778512991.092206,1778512991.7051303,PostgreSQL+Citus,citus_hot70,citus_native,53,insert,3000,40645,True,0.7,True,,612.924337387085,1
2026-05-11T15:23:11+0000,1778512991.113087,1778512991.706026,PostgreSQL+Citus,citus_hot70,citus_native,96,select,3000,41728,True,0.7,True,,592.9391384124756,1
2026-05-11T15:23:11+0000,1778512991.610398,1778512991.7062516,PostgreSQL+Citus,citus_hot70,citus_native,204,update,3000,44123,True,0.7,False,FeatureNotSupported,95.85356712341309,0
2026-05-11T15:23:11+0000,1778512991.6056032,1778512991.706403,PostgreSQL+Citus,citus_hot70,citus_native,195,update,3000,94616,True,0.7,False,FeatureNotSupported,100.7997989654541,0
2026-05-11T15:23:11+0000,1778512991.6178918,1778512991.7067885,PostgreSQL+Citus,citus_hot70,citus_native,230,select,3000,50868,True,0.7,True,,88.8967514038086,1
2026-05-11T15:23:11+0000,1778512991.6194708,1778512991.707698,PostgreSQL+Citus,citus_hot70,citus_native,232,update,27181,19357,False,0.7,False,FeatureNotSupported,88.2272720336914,0
2026-05-11T15:23:11+0000,1778512991.0843525,1778512991.7084324,PostgreSQL+Citus,citus_hot70,citus_native,33,select,3000,85084,True,0.7,True,,624.0799427032471,1
2026-05-11T15:23:11+0000,1778512991.6107426,1778512991.709139,PostgreSQL+Citus,citus_hot70,citus_native,206,select,3000,82345,True,0.7,True,,98.39653968811035,1
2026-05-11T15:23:11+0000,1778512991.609328,1778512991.7094483,PostgreSQL+Citus,citus_hot70,citus_native,200,select,3000,57301,True,0.7,True,,100.12030601501465,1
2026-05-11T15:23:11+0000,1778512991.1139202,1778512991.7098145,PostgreSQL+Citus,citus_hot70,citus_native,98,select,10387,50377,False,0.7,True,,595.8943367004395,1
2026-05-11T15:23:11+0000,1778512991.6123023,1778512991.7101164,PostgreSQL+Citus,citus_hot70,citus_native,209,select,3000,49877,True,0.7,True,,97.81408309936523,1
2026-05-11T15:23:11+0000,1778512991.7086499,1778512991.7103384,PostgreSQL+Citus,citus_hot70,citus_native,239,update,3000,91287,True,0.7,False,FeatureNotSupported,1.6884803771972656,0
2026-05-11T15:23:11+0000,1778512991.617631,1778512991.7106514,PostgreSQL+Citus,citus_hot70,citus_native,228,select,3000,28329,True,0.7,True,,93.02043914794922,1
2026-05-11T15:23:11+0000,1778512991.6084092,1778512991.7108264,PostgreSQL+Citus,citus_hot70,citus_native,197,select,3000,88180,True,0.7,True,,102.4172306060791,1
2026-05-11T15:23:11+0000,1778512991.616659,1778512991.7110517,PostgreSQL+Citus,citus_hot70,citus_native,225,select,12473,36071,False,0.7,True,,94.39277648925781,1
2026-05-11T15:23:11+0000,1778512991.3081846,1778512991.711296,PostgreSQL+Citus,citus_hot70,citus_native,118,select,10513,27168,False,0.7,True,,403.11145782470703,1
2026-05-11T15:23:11+0000,1778512991.7061503,1778512991.7114582,PostgreSQL+Citus,citus_hot70,citus_native,234,select,3000,42808,True,0.7,True,,5.307912826538086,1
2026-05-11T15:23:11+0000,1778512991.6170766,1778512991.7117054,PostgreSQL+Citus,citus_hot70,citus_native,226,select,3000,98643,True,0.7,True,,94.62881088256836,1
2026-05-11T15:23:11+0000,1778512991.506775,1778512991.712053,PostgreSQL+Citus,citus_hot70,citus_native,166,select,3000,80174,True,0.7,True,,205.2781581878662,1
2026-05-11T15:23:11+0000,1778512991.6155157,1778512991.7123158,PostgreSQL+Citus,citus_hot70,citus_native,218,insert,3000,33577,True,0.7,True,,96.80008888244629,1
2026-05-11T15:23:11+0000,1778512991.6134033,1778512991.7132037,PostgreSQL+Citus,citus_hot70,citus_native,210,select,3000,58181,True,0.7,True,,99.80034828186035,1
2026-05-11T15:23:11+0000,1778512991.616342,1778512991.7138882,PostgreSQL+Citus,citus_hot70,citus_native,223,select,3000,49810,True,0.7,True,,97.54610061645508,1
2026-05-11T15:23:11+0000,1778512991.6089919,1778512991.7140653,PostgreSQL+Citus,citus_hot70,citus_native,199,update,3000,12279,True,0.7,False,FeatureNotSupported,105.07345199584961,0
2026-05-11T15:23:11+0000,1778512991.7101905,1778512991.7142842,PostgreSQL+Citus,citus_hot70,citus_native,243,select,3000,93463,True,0.7,True,,4.093647003173828,1
2026-05-11T15:23:11+0000,1778512991.7104187,1778512991.7144582,PostgreSQL+Citus,citus_hot70,citus_native,244,select,3000,32251,True,0.7,True,,4.039525985717773,1
2026-05-11T15:23:11+0000,1778512991.7108943,1778512991.714602,PostgreSQL+Citus,citus_hot70,citus_native,246,select,3000,58155,True,0.7,True,,3.7076473236083984,1
2026-05-11T15:23:11+0000,1778512991.2125144,1778512991.714723,PostgreSQL+Citus,citus_hot70,citus_native,112,select,23110,92311,False,0.7,True,,502.2087097167969,1
2026-05-11T15:23:11+0000,1778512991.6158195,1778512991.7149334,PostgreSQL+Citus,citus_hot70,citus_native,220,select,3000,97907,True,0.7,True,,99.11394119262695,1
2026-05-11T15:23:11+0000,1778512991.3091528,1778512991.7151654,PostgreSQL+Citus,citus_hot70,citus_native,120,select,3000,65165,True,0.7,True,,406.01253509521484,1
2026-05-11T15:23:11+0000,1778512991.7093036,1778512991.7153304,PostgreSQL+Citus,citus_hot70,citus_native,240,update,3000,74708,True,0.7,False,FeatureNotSupported,6.026744842529297,0
2026-05-11T15:23:11+0000,1778512991.1005714,1778512991.7154365,PostgreSQL+Citus,citus_hot70,citus_native,73,select,3000,15674,True,0.7,True,,614.8650646209717,1
2026-05-11T15:23:11+0000,1778512991.7107112,1778512991.7158701,PostgreSQL+Citus,citus_hot70,citus_native,245,select,3000,83402,True,0.7,True,,5.158901214599609,1
2026-05-11T15:23:11+0000,1778512991.6149583,1778512991.7160397,PostgreSQL+Citus,citus_hot70,citus_native,216,select,3000,29262,True,0.7,True,,101.08137130737305,1
2026-05-11T15:23:11+0000,1778512991.709519,1778512991.716205,PostgreSQL+Citus,citus_hot70,citus_native,241,select,3000,35653,True,0.7,True,,6.685972213745117,1
2026-05-11T15:23:11+0000,1778512991.092788,1778512991.716344,PostgreSQL+Citus,citus_hot70,citus_native,54,select,6772,691,False,0.7,True,,623.5561370849609,1
2026-05-11T15:23:11+0000,1778512991.0830855,1778512991.7165353,PostgreSQL+Citus,citus_hot70,citus_native,30,select,3000,14198,True,0.7,True,,633.4497928619385,1
2026-05-11T15:23:11+0000,1778512991.08651,1778512991.716747,PostgreSQL+Citus,citus_hot70,citus_native,39,select,4338,26762,False,0.7,True,,630.2371025085449,1
2026-05-11T15:23:11+0000,1778512991.7113626,1778512991.7169163,PostgreSQL+Citus,citus_hot70,citus_native,248,select,3000,3061,True,0.7,True,,5.553722381591797,1
2026-05-11T15:23:11+0000,1778512991.7115228,1778512991.7171004,PostgreSQL+Citus,citus_hot70,citus_native,249,select,3000,82164,True,0.7,True,,5.577564239501953,1
2026-05-11T15:23:11+0000,1778512991.7150419,1778512991.7173748,PostgreSQL+Citus,citus_hot70,citus_native,260,update,3000,93660,True,0.7,False,FeatureNotSupported,2.332925796508789,0
2026-05-11T15:23:11+0000,1778512991.2064238,1778512991.717898,PostgreSQL+Citus,citus_hot70,citus_native,103,select,5522,1796,False,0.7,True,,511.4741325378418,1
2026-05-11T15:23:11+0000,1778512991.706302,1778512991.7182567,PostgreSQL+Citus,citus_hot70,citus_native,235,select,3000,16359,True,0.7,True,,11.954784393310547,1
2026-05-11T15:23:11+0000,1778512991.7099655,1778512991.7185414,PostgreSQL+Citus,citus_hot70,citus_native,242,select,3000,83643,True,0.7,True,,8.575916290283203,1
2026-05-11T15:23:11+0000,1778512991.411122,1778512991.7187684,PostgreSQL+Citus,citus_hot70,citus_native,149,select,10620,29037,False,0.7,True,,307.6462745666504,1
2026-05-11T15:23:11+0000,1778512991.7152443,1778512991.7190318,PostgreSQL+Citus,citus_hot70,citus_native,261,select,3000,89492,True,0.7,True,,3.787517547607422,1
2026-05-11T15:23:11+0000,1778512991.614662,1778512991.7192554,PostgreSQL+Citus,citus_hot70,citus_native,214,insert,3000,48170,True,0.7,True,,104.59351539611816,1
2026-05-11T15:23:11+0000,1778512991.706987,1778512991.7193995,PostgreSQL+Citus,citus_hot70,citus_native,237,update,3000,42342,True,0.7,False,FeatureNotSupported,12.412548065185547,0
2026-05-11T15:23:11+0000,1778512991.102044,1778512991.7195563,PostgreSQL+Citus,citus_hot70,citus_native,78,select,3000,39087,True,0.7,True,,617.5122261047363,1
2026-05-11T15:23:11+0000,1778512991.7180467,1778512991.7199905,PostgreSQL+Citus,citus_hot70,citus_native,273,update,3000,73328,True,0.7,False,FeatureNotSupported,1.943826675415039,0
2026-05-11T15:23:11+0000,1778512991.7118442,1778512991.7202067,PostgreSQL+Citus,citus_hot70,citus_native,250,select,3000,64591,True,0.7,True,,8.362531661987305,1
2026-05-11T15:23:11+0000,1778512991.1016412,1778512991.7203588,PostgreSQL+Citus,citus_hot70,citus_native,77,select,3000,712,True,0.7,True,,618.7176704406738,1
2026-05-11T15:23:11+0000,1778512991.7121775,1778512991.7205024,PostgreSQL+Citus,citus_hot70,citus_native,251,update,3000,77285,True,0.7,False,FeatureNotSupported,8.324861526489258,0
2026-05-11T15:23:11+0000,1778512991.610979,1778512991.7207341,PostgreSQL+Citus,citus_hot70,citus_native,207,select,3000,70130,True,0.7,True,,109.75503921508789,1
2026-05-11T15:23:11+0000,1778512991.3126109,1778512991.7210336,PostgreSQL+Citus,citus_hot70,citus_native,126,select,3000,18645,True,0.7,True,,408.42270851135254,1
2026-05-11T15:23:11+0000,1778512991.0820045,1778512991.80531,PostgreSQL+Citus,citus_hot70,citus_native,27,insert,3000,72449,True,0.7,True,,723.3054637908936,1
2026-05-11T15:23:11+0000,1778512991.712377,1778512991.805782,PostgreSQL+Citus,citus_hot70,citus_native,252,insert,3000,30633,True,0.7,True,,93.40500831604004,1
2026-05-11T15:23:11+0000,1778512991.7162452,1778512991.8065987,PostgreSQL+Citus,citus_hot70,citus_native,266,select,3000,30654,True,0.7,True,,90.35348892211914,1
2026-05-11T15:23:11+0000,1778512991.8059611,1778512991.8071055,PostgreSQL+Citus,citus_hot70,citus_native,288,update,3000,47190,True,0.7,False,FeatureNotSupported,1.1444091796875,0
2026-05-11T15:23:11+0000,1778512991.7146502,1778512991.8073556,PostgreSQL+Citus,citus_hot70,citus_native,258,select,3000,7052,True,0.7,True,,92.70548820495605,1
2026-05-11T15:23:11+0000,1778512991.7196934,1778512991.8077312,PostgreSQL+Citus,citus_hot70,citus_native,280,select,20444,800,False,0.7,True,,88.03772926330566,1
2026-05-11T15:23:11+0000,1778512991.717607,1778512991.8079748,PostgreSQL+Citus,citus_hot70,citus_native,272,select,3000,70098,True,0.7,True,,90.36779403686523,1
2026-05-11T15:23:11+0000,1778512991.7202568,1778512991.8084033,PostgreSQL+Citus,citus_hot70,citus_native,282,select,3000,34636,True,0.7,True,,88.14644813537598,1
2026-05-11T15:23:11+0000,1778512991.7052996,1778512991.8086498,PostgreSQL+Citus,citus_hot70,citus_native,233,insert,3000,60270,True,0.7,True,,103.35016250610352,1
2026-05-11T15:23:11+0000,1778512991.7183626,1778512991.8088984,PostgreSQL+Citus,citus_hot70,citus_native,274,select,6793,86968,False,0.7,True,,90.53587913513184,1
2026-05-11T15:23:11+0000,1778512991.715957,1778512991.8102067,PostgreSQL+Citus,citus_hot70,citus_native,264,select,3000,95379,True,0.7,True,,94.24972534179688,1
2026-05-11T15:23:11+0000,1778512991.1035407,1778512991.8105643,PostgreSQL+Citus,citus_hot70,citus_native,82,select,3000,66423,True,0.7,True,,707.0236206054688,1
2026-05-11T15:23:11+0000,1778512991.716128,1778512991.81076,PostgreSQL+Citus,citus_hot70,citus_native,265,select,3000,65242,True,0.7,True,,94.63191032409668,1
2026-05-11T15:23:11+0000,1778512991.0969186,1778512991.810967,PostgreSQL+Citus,citus_hot70,citus_native,64,select,3000,55114,True,0.7,True,,714.0483856201172,1
2026-05-11T15:23:11+0000,1778512991.7191525,1778512991.8111353,PostgreSQL+Citus,citus_hot70,citus_native,277,update,3000,84249,True,0.7,False,FeatureNotSupported,91.98284149169922,0
2026-05-11T15:23:11+0000,1778512991.714121,1778512991.811497,PostgreSQL+Citus,citus_hot70,citus_native,255,update,3000,71746,True,0.7,False,FeatureNotSupported,97.37586975097656,0
2026-05-11T15:23:11+0000,1778512991.718665,1778512991.8116434,PostgreSQL+Citus,citus_hot70,citus_native,275,select,22117,87749,False,0.7,True,,92.97847747802734,1
2026-05-11T15:23:11+0000,1778512991.7166498,1778512991.8118439,PostgreSQL+Citus,citus_hot70,citus_native,268,select,3000,47648,True,0.7,True,,95.19410133361816,1
2026-05-11T15:23:11+0000,1778512991.7147768,1778512991.81205,PostgreSQL+Citus,citus_hot70,citus_native,259,select,3000,66845,True,0.7,True,,97.27334976196289,1
2026-05-11T15:23:11+0000,1778512991.7188315,1778512991.812305,PostgreSQL+Citus,citus_hot70,citus_native,276,select,10120,47412,False,0.7,True,,93.47343444824219,1
2026-05-11T15:23:11+0000,1778512991.7205737,1778512991.8125653,PostgreSQL+Citus,citus_hot70,citus_native,284,select,3000,21387,True,0.7,True,,91.99166297912598,1
2026-05-11T15:23:11+0000,1778512991.7208478,1778512991.8131902,PostgreSQL+Citus,citus_hot70,citus_native,285,select,3000,21835,True,0.7,True,,92.34237670898438,1
2026-05-11T15:23:11+0000,1778512991.095131,1778512991.8134618,PostgreSQL+Citus,citus_hot70,citus_native,60,update,17989,98880,False,0.7,False,FeatureNotSupported,718.3308601379395,0
2026-05-11T15:23:11+0000,1778512991.7163975,1778512991.8141031,PostgreSQL+Citus,citus_hot70,citus_native,267,select,3000,15771,True,0.7,True,,97.70560264587402,1
2026-05-11T15:23:11+0000,1778512991.8085372,1778512991.8153188,PostgreSQL+Citus,citus_hot70,citus_native,294,select,3000,36273,True,0.7,True,,6.781578063964844,1
2026-05-11T15:23:11+0000,1778512991.716984,1778512991.8167884,PostgreSQL+Citus,citus_hot70,citus_native,270,select,3000,937,True,0.7,True,,99.80440139770508,1
2026-05-11T15:23:11+0000,1778512991.8072078,1778512991.81738,PostgreSQL+Citus,citus_hot70,citus_native,290,select,3000,77687,True,0.7,True,,10.172128677368164,1
2026-05-11T15:23:11+0000,1778512991.0958061,1778512991.8176343,PostgreSQL+Citus,citus_hot70,citus_native,62,select,3000,95638,True,0.7,True,,721.8282222747803,1
2026-05-11T15:23:11+0000,1778512991.7136893,1778512991.8178432,PostgreSQL+Citus,citus_hot70,citus_native,253,select,3000,12360,True,0.7,True,,104.15387153625488,1
2026-05-11T15:23:11+0000,1778512991.8108597,1778512991.817976,PostgreSQL+Citus,citus_hot70,citus_native,299,select,3000,87226,True,0.7,True,,7.1163177490234375,1
2026-05-11T15:23:11+0000,1778512991.719324,1778512991.8181577,PostgreSQL+Citus,citus_hot70,citus_native,278,select,3000,79135,True,0.7,True,,98.83356094360352,1
2026-05-11T15:23:11+0000,1778512991.7079065,1778512991.8183317,PostgreSQL+Citus,citus_hot70,citus_native,238,update,3000,5685,True,0.7,False,FeatureNotSupported,110.42523384094238,0
2026-05-11T15:23:11+0000,1778512991.5079956,1778512991.8184843,PostgreSQL+Citus,citus_hot70,citus_native,171,select,20453,61700,False,0.7,True,,310.4887008666992,1
2026-05-11T15:23:11+0000,1778512991.8106248,1778512991.8187559,PostgreSQL+Citus,citus_hot70,citus_native,298,select,3000,12207,True,0.7,True,,8.131027221679688,1
2026-05-11T15:23:11+0000,1778512991.8080297,1778512991.8188818,PostgreSQL+Citus,citus_hot70,citus_native,293,select,8131,64078,False,0.7,True,,10.85209846496582,1
2026-05-11T15:23:11+0000,1778512991.4117084,1778512991.8190815,PostgreSQL+Citus,citus_hot70,citus_native,152,select,3530,94436,False,0.7,True,,407.37318992614746,1
2026-05-11T15:23:11+0000,1778512991.817707,1778512991.8192916,PostgreSQL+Citus,citus_hot70,citus_native,314,select,3000,66206,True,0.7,True,,1.5845298767089844,1
2026-05-11T15:23:11+0000,1778512991.7171435,1778512991.8197808,PostgreSQL+Citus,citus_hot70,citus_native,271,select,3000,16314,True,0.7,True,,102.63729095458984,1
2026-05-11T15:23:11+0000,1778512991.3137991,1778512991.8204944,PostgreSQL+Citus,citus_hot70,citus_native,131,insert,3000,85960,True,0.7,True,,506.6952705383301,1
2026-05-11T15:23:11+0000,1778512991.408633,1778512991.821079,PostgreSQL+Citus,citus_hot70,citus_native,141,select,4769,87018,False,0.7,True,,412.4460220336914,1
2026-05-11T15:23:11+0000,1778512991.820628,1778512991.8223357,PostgreSQL+Citus,citus_hot70,citus_native,325,select,3000,6841,True,0.7,True,,1.7077922821044922,1
2026-05-11T15:23:11+0000,1778512991.8223693,1778512991.8257215,PostgreSQL+Citus,citus_hot70,citus_native,327,insert,3000,86329,True,0.7,True,,3.3521652221679688,1
2026-05-11T15:23:11+0000,1778512991.8183992,1778512991.9076695,PostgreSQL+Citus,citus_hot70,citus_native,318,select,3000,29688,True,0.7,True,,89.27035331726074,1
2026-05-11T15:23:11+0000,1778512991.8179007,1778512991.9080198,PostgreSQL+Citus,citus_hot70,citus_native,315,update,3000,34453,True,0.7,False,FeatureNotSupported,90.1191234588623,0
2026-05-11T15:23:11+0000,1778512991.818811,1778512991.9085584,PostgreSQL+Citus,citus_hot70,citus_native,320,select,24296,4991,False,0.7,True,,89.74742889404297,1
2026-05-11T15:23:11+0000,1778512991.311196,1778512991.9090226,PostgreSQL+Citus,citus_hot70,citus_native,122,select,9257,79896,False,0.7,True,,597.8264808654785,1
2026-05-11T15:23:11+0000,1778512991.812445,1778512991.9094431,PostgreSQL+Citus,citus_hot70,citus_native,306,select,3000,97663,True,0.7,True,,96.99821472167969,1
2026-05-11T15:23:11+0000,1778512991.8112214,1778512991.9097302,PostgreSQL+Citus,citus_hot70,citus_native,301,select,3000,28668,True,0.7,True,,98.50883483886719,1
2026-05-11T15:23:11+0000,1778512991.409434,1778512991.9103045,PostgreSQL+Citus,citus_hot70,citus_native,143,select,3000,93729,True,0.7,True,,500.8704662322998,1
2026-05-11T15:23:11+0000,1778512991.7139664,1778512991.9111865,PostgreSQL+Citus,citus_hot70,citus_native,254,insert,3000,45696,True,0.7,True,,197.2200870513916,1
2026-05-11T15:23:11+0000,1778512991.8126476,1778512991.9119668,PostgreSQL+Citus,citus_hot70,citus_native,307,select,3000,86224,True,0.7,True,,99.3192195892334,1
2026-05-11T15:23:11+0000,1778512991.0874934,1778512991.9125392,PostgreSQL+Citus,citus_hot70,citus_native,41,insert,3000,3262,True,0.7,True,,825.0458240509033,1
2026-05-11T15:23:11+0000,1778512991.8089662,1778512991.9133701,PostgreSQL+Citus,citus_hot70,citus_native,296,select,3000,94619,True,0.7,True,,104.40397262573242,1
2026-05-11T15:23:11+0000,1778512991.4121013,1778512991.913614,PostgreSQL+Citus,citus_hot70,citus_native,154,insert,3000,99234,True,0.7,True,,501.5127658843994,1
2026-05-11T15:23:11+0000,1778512991.8054676,1778512991.9139562,PostgreSQL+Citus,citus_hot70,citus_native,287,update,22797,88260,False,0.7,False,FeatureNotSupported,108.48855972290039,0
2026-05-11T15:23:11+0000,1778512991.103298,1778512991.91423,PostgreSQL+Citus,citus_hot70,citus_native,81,select,3000,10318,True,0.7,True,,810.9321594238281,1
2026-05-11T15:23:11+0000,1778512991.8185349,1778512991.915112,PostgreSQL+Citus,citus_hot70,citus_native,319,select,14182,93073,False,0.7,True,,96.57716751098633,1
2026-05-11T15:23:11+0000,1778512991.719445,1778512991.915536,PostgreSQL+Citus,citus_hot70,citus_native,279,select,3000,22695,True,0.7,True,,196.0909366607666,1
2026-05-11T15:23:11+0000,1778512991.5073993,1778512991.9161584,PostgreSQL+Citus,citus_hot70,citus_native,169,select,12550,78657,False,0.7,True,,408.75911712646484,1
2026-05-11T15:23:11+0000,1778512991.9078112,1778512991.9164886,PostgreSQL+Citus,citus_hot70,citus_native,329,update,3000,73945,True,0.7,False,FeatureNotSupported,8.677482604980469,0
2026-05-11T15:23:11+0000,1778512991.909851,1778512991.916737,PostgreSQL+Citus,citus_hot70,citus_native,334,update,28803,10556,False,0.7,False,FeatureNotSupported,6.886005401611328,0
2026-05-11T15:23:11+0000,1778512991.0933428,1778512991.9172366,PostgreSQL+Citus,citus_hot70,citus_native,55,select,3000,48538,True,0.7,True,,823.8937854766846,1
2026-05-11T15:23:11+0000,1778512991.5145853,1778512991.9178562,PostgreSQL+Citus,citus_hot70,citus_native,190,select,3000,85247,True,0.7,True,,403.270959854126,1
2026-05-11T15:23:11+0000,1778512991.6162043,1778512991.9180133,PostgreSQL+Citus,citus_hot70,citus_native,222,insert,3000,99285,True,0.7,True,,301.80907249450684,1
2026-05-11T15:23:11+0000,1778512991.811706,1778512991.9182026,PostgreSQL+Citus,citus_hot70,citus_native,303,select,3000,40751,True,0.7,True,,106.49657249450684,1
2026-05-11T15:23:11+0000,1778512991.8078418,1778512991.918461,PostgreSQL+Citus,citus_hot70,citus_native,292,select,3000,35416,True,0.7,True,,110.61930656433105,1
2026-05-11T15:23:11+0000,1778512991.819398,1778512991.9187007,PostgreSQL+Citus,citus_hot70,citus_native,323,select,3000,31147,True,0.7,True,,99.30276870727539,1
2026-05-11T15:23:11+0000,1778512991.1096706,1778512991.9189448,PostgreSQL+Citus,citus_hot70,citus_native,88,select,3000,80591,True,0.7,True,,809.2741966247559,1
2026-05-11T15:23:11+0000,1778512991.8257625,1778512991.9192219,PostgreSQL+Citus,citus_hot70,citus_native,328,update,3000,97415,True,0.7,False,FeatureNotSupported,93.4593677520752,0
2026-05-11T15:23:11+0000,1778512991.8189464,1778512991.9196894,PostgreSQL+Citus,citus_hot70,citus_native,321,select,3000,5829,True,0.7,True,,100.74305534362793,1
2026-05-11T15:23:11+0000,1778512991.0937285,1778512991.9199343,PostgreSQL+Citus,citus_hot70,citus_native,56,select,3000,40135,True,0.7,True,,826.2057304382324,1
2026-05-11T15:23:11+0000,1778512991.0996895,1778512991.920249,PostgreSQL+Citus,citus_hot70,citus_native,70,select,20927,56490,False,0.7,True,,820.5595016479492,1
2026-05-11T15:23:11+0000,1778512991.817493,1778512991.9204965,PostgreSQL+Citus,citus_hot70,citus_native,313,update,1646,51936,False,0.7,False,FeatureNotSupported,103.00350189208984,0
2026-05-11T15:23:11+0000,1778512991.0978975,1778512991.9206324,PostgreSQL+Citus,citus_hot70,citus_native,67,select,3000,92524,True,0.7,True,,822.7348327636719,1
2026-05-11T15:23:11+0000,1778512991.7143502,1778512991.9208188,PostgreSQL+Citus,citus_hot70,citus_native,256,select,3000,76444,True,0.7,True,,206.4685821533203,1
2026-05-11T15:23:11+0000,1778512991.8103666,1778512991.9210384,PostgreSQL+Citus,citus_hot70,citus_native,297,select,3000,78602,True,0.7,True,,110.6717586517334,1
2026-05-11T15:23:11+0000,1778512991.9108884,1778512991.9211886,PostgreSQL+Citus,citus_hot70,citus_native,335,update,3000,99726,True,0.7,False,FeatureNotSupported,10.300159454345703,0
2026-05-11T15:23:11+0000,1778512991.9121194,1778512991.921309,PostgreSQL+Citus,citus_hot70,citus_native,337,select,3000,20423,True,0.7,True,,9.189605712890625,1
2026-05-11T15:23:11+0000,1778512991.50926,1778512991.9213974,PostgreSQL+Citus,citus_hot70,citus_native,178,select,28473,53673,False,0.7,True,,412.137508392334,1
2026-05-11T15:23:11+0000,1778512991.083597,1778512991.9215121,PostgreSQL+Citus,citus_hot70,citus_native,31,select,3000,84626,True,0.7,True,,837.9151821136475,1
2026-05-11T15:23:11+0000,1778512991.615693,1778512991.9216802,PostgreSQL+Citus,citus_hot70,citus_native,219,select,19984,36599,False,0.7,True,,305.9871196746826,1
2026-05-11T15:23:11+0000,1778512991.104405,1778512991.9218996,PostgreSQL+Citus,citus_hot70,citus_native,85,select,3000,6692,True,0.7,True,,817.4946308135986,1
2026-05-11T15:23:11+0000,1778512991.8086984,1778512991.9220896,PostgreSQL+Citus,citus_hot70,citus_native,295,select,3000,64717,True,0.7,True,,113.39116096496582,1
2026-05-11T15:23:11+0000,1778512991.811917,1778512991.922285,PostgreSQL+Citus,citus_hot70,citus_native,304,insert,3000,59722,True,0.7,True,,110.36801338195801,1
2026-05-11T15:23:11+0000,1778512991.312362,1778512991.9224565,PostgreSQL+Citus,citus_hot70,citus_native,125,select,3000,76420,True,0.7,True,,610.0945472717285,1
2026-05-11T15:23:11+0000,1778512991.8211462,1778512991.922629,PostgreSQL+Citus,citus_hot70,citus_native,326,insert,3000,83815,True,0.7,True,,101.48286819458008,1
2026-05-11T15:23:11+0000,1778512991.7154958,1778512991.922774,PostgreSQL+Citus,citus_hot70,citus_native,263,insert,3000,93240,True,0.7,True,,207.27825164794922,1
2026-05-11T15:23:11+0000,1778512991.9137561,1778512991.922956,PostgreSQL+Citus,citus_hot70,citus_native,340,select,3000,83063,True,0.7,True,,9.199857711791992,1
2026-05-11T15:23:11+0000,1778512991.8157823,1778512991.9231904,PostgreSQL+Citus,citus_hot70,citus_native,311,update,3000,11856,True,0.7,False,FeatureNotSupported,107.40804672241211,0
2026-05-11T15:23:11+0000,1778512991.908322,1778512991.9233084,PostgreSQL+Citus,citus_hot70,citus_native,330,update,23695,75481,False,0.7,False,FeatureNotSupported,14.986276626586914,0
2026-05-11T15:23:11+0000,1778512991.616475,1778512991.923412,PostgreSQL+Citus,citus_hot70,citus_native,224,select,18838,45020,False,0.7,True,,306.93697929382324,1
2026-05-11T15:23:11+0000,1778512991.9217901,1778512991.9235315,PostgreSQL+Citus,citus_hot70,citus_native,367,update,3000,13163,True,0.7,False,FeatureNotSupported,1.7414093017578125,0
2026-05-11T15:23:11+0000,1778512991.9197755,1778512991.9237287,PostgreSQL+Citus,citus_hot70,citus_native,356,update,28049,31426,False,0.7,False,FeatureNotSupported,3.953218460083008,0
2026-05-11T15:23:11+0000,1778512991.9095442,1778512991.9244273,PostgreSQL+Citus,citus_hot70,citus_native,333,select,3000,26991,True,0.7,True,,14.883041381835938,1
2026-05-11T15:23:11+0000,1778512991.9219673,1778512991.9248238,PostgreSQL+Citus,citus_hot70,citus_native,368,update,3000,65087,True,0.7,False,FeatureNotSupported,2.8564929962158203,0
2026-05-11T15:23:12+0000,1778512991.92307,1778512992.0051365,PostgreSQL+Citus,citus_hot70,citus_native,374,update,3000,76907,True,0.7,False,FeatureNotSupported,82.06653594970703,0
2026-05-11T15:23:12+0000,1778512991.913436,1778512992.0060894,PostgreSQL+Citus,citus_hot70,citus_native,339,update,3000,70425,True,0.7,False,FeatureNotSupported,92.65351295471191,0
2026-05-11T15:23:12+0000,1778512991.9250758,1778512992.0064828,PostgreSQL+Citus,citus_hot70,citus_native,381,select,3000,89066,True,0.7,True,,81.40707015991211,1
2026-05-11T15:23:12+0000,1778512991.9183152,1778512992.0069807,PostgreSQL+Citus,citus_hot70,citus_native,351,update,16148,91070,False,0.7,False,FeatureNotSupported,88.66548538208008,0
2026-05-11T15:23:12+0000,1778512991.9203842,1778512992.007811,PostgreSQL+Citus,citus_hot70,citus_native,358,update,22425,78341,False,0.7,False,FeatureNotSupported,87.42690086364746,0
2026-05-11T15:23:12+0000,1778512991.922838,1778512992.0083482,PostgreSQL+Citus,citus_hot70,citus_native,373,update,3000,38120,True,0.7,False,FeatureNotSupported,85.51025390625,0
2026-05-11T15:23:12+0000,1778512991.5184622,1778512992.008703,PostgreSQL+Citus,citus_hot70,citus_native,194,select,2218,81890,False,0.7,True,,490.24081230163574,1
2026-05-11T15:23:12+0000,1778512991.9213505,1778512992.0091372,PostgreSQL+Citus,citus_hot70,citus_native,364,select,3000,99282,True,0.7,True,,87.78667449951172,1
2026-05-11T15:23:12+0000,1778512991.9205453,1778512992.009568,PostgreSQL+Citus,citus_hot70,citus_native,359,select,3000,2167,True,0.7,True,,89.02263641357422,1
2026-05-11T15:23:12+0000,1778512991.9211123,1778512992.010213,PostgreSQL+Citus,citus_hot70,citus_native,362,update,3000,63664,True,0.7,False,FeatureNotSupported,89.10059928894043,0
2026-05-11T15:23:12+0000,1778512991.8147078,1778512992.0106745,PostgreSQL+Citus,citus_hot70,citus_native,310,select,3000,30144,True,0.7,True,,195.9667205810547,1
2026-05-11T15:23:12+0000,1778512991.9188242,1778512992.010955,PostgreSQL+Citus,citus_hot70,citus_native,353,select,3000,11570,True,0.7,True,,92.13089942932129,1
2026-05-11T15:23:12+0000,1778512991.918998,1778512992.0111434,PostgreSQL+Citus,citus_hot70,citus_native,354,update,3000,20584,True,0.7,False,FeatureNotSupported,92.14544296264648,0
2026-05-11T15:23:12+0000,1778512991.9194849,1778512992.0115623,PostgreSQL+Citus,citus_hot70,citus_native,355,select,3000,17239,True,0.7,True,,92.07749366760254,1
2026-05-11T15:23:12+0000,1778512991.9140692,1778512992.0117629,PostgreSQL+Citus,citus_hot70,citus_native,341,select,3000,28596,True,0.7,True,,97.69368171691895,1
2026-05-11T15:23:12+0000,1778512991.61438,1778512992.0119412,PostgreSQL+Citus,citus_hot70,citus_native,213,insert,29486,90674,False,0.7,True,,397.56131172180176,1
2026-05-11T15:23:12+0000,1778512991.922194,1778512992.012308,PostgreSQL+Citus,citus_hot70,citus_native,369,select,3000,34946,True,0.7,True,,90.11387825012207,1
2026-05-11T15:23:12+0000,1778512992.0110328,1778512992.0125468,PostgreSQL+Citus,citus_hot70,citus_native,393,select,18404,32520,False,0.7,True,,1.5139579772949219,1
2026-05-11T15:23:12+0000,1778512991.9152658,1778512992.0129147,PostgreSQL+Citus,citus_hot70,citus_native,343,select,3000,26856,True,0.7,True,,97.64885902404785,1
2026-05-11T15:23:12+0000,1778512991.923834,1778512992.0131946,PostgreSQL+Citus,citus_hot70,citus_native,379,select,3000,89105,True,0.7,True,,89.36047554016113,1
2026-05-11T15:23:12+0000,1778512992.008759,1778512992.0133624,PostgreSQL+Citus,citus_hot70,citus_native,388,select,3000,63081,True,0.7,True,,4.603385925292969,1
2026-05-11T15:23:12+0000,1778512991.1114523,1778512992.0135586,PostgreSQL+Citus,citus_hot70,citus_native,91,insert,3000,33808,True,0.7,True,,902.1062850952148,1
2026-05-11T15:23:12+0000,1778512991.9208822,1778512992.0138452,PostgreSQL+Citus,citus_hot70,citus_native,361,select,3000,84483,True,0.7,True,,92.96298027038574,1
2026-05-11T15:23:12+0000,1778512991.5083349,1778512992.0140846,PostgreSQL+Citus,citus_hot70,citus_native,172,select,1330,41145,False,0.7,True,,505.7497024536133,1
2026-05-11T15:23:12+0000,1778512991.1122022,1778512992.0143495,PostgreSQL+Citus,citus_hot70,citus_native,93,select,3000,60834,True,0.7,True,,902.1472930908203,1
2026-05-11T15:23:12+0000,1778512992.0139215,1778512992.0147471,PostgreSQL+Citus,citus_hot70,citus_native,404,update,3000,90757,True,0.7,False,FeatureNotSupported,0.8256435394287109,0
2026-05-11T15:23:12+0000,1778512991.9232442,1778512992.0149403,PostgreSQL+Citus,citus_hot70,citus_native,375,select,3000,48794,True,0.7,True,,91.69602394104004,1
2026-05-11T15:23:12+0000,1778512991.1041114,1778512992.0151558,PostgreSQL+Citus,citus_hot70,citus_native,84,insert,3000,53289,True,0.7,True,,911.0443592071533,1
2026-05-11T15:23:12+0000,1778512991.5111353,1778512992.015484,PostgreSQL+Citus,citus_hot70,citus_native,181,select,24949,94318,False,0.7,True,,504.3487548828125,1
2026-05-11T15:23:12+0000,1778512991.9215422,1778512992.0157115,PostgreSQL+Citus,citus_hot70,citus_native,366,select,5590,49118,False,0.7,True,,94.16937828063965,1
2026-05-11T15:23:12+0000,1778512991.31185,1778512992.0159144,PostgreSQL+Citus,citus_hot70,citus_native,124,select,27944,69461,False,0.7,True,,704.0643692016602,1
2026-05-11T15:23:12+0000,1778512991.921428,1778512992.0162046,PostgreSQL+Citus,citus_hot70,citus_native,365,select,3000,65508,True,0.7,True,,94.77663040161133,1
2026-05-11T15:23:12+0000,1778512991.9245036,1778512992.0164726,PostgreSQL+Citus,citus_hot70,citus_native,380,select,3000,74482,True,0.7,True,,91.96901321411133,1
2026-05-11T15:23:12+0000,1778512992.0052483,1778512992.0166678,PostgreSQL+Citus,citus_hot70,citus_native,382,select,3000,75350,True,0.7,True,,11.419534683227539,1
2026-05-11T15:23:12+0000,1778512991.92071,1778512992.0168428,PostgreSQL+Citus,citus_hot70,citus_native,360,select,3000,86247,True,0.7,True,,96.13275527954102,1
2026-05-11T15:23:12+0000,1778512991.5140646,1778512992.0169947,PostgreSQL+Citus,citus_hot70,citus_native,187,select,4982,66143,False,0.7,True,,502.9301643371582,1
2026-05-11T15:23:12+0000,1778512991.9185236,1778512992.0172808,PostgreSQL+Citus,citus_hot70,citus_native,352,select,3000,84244,True,0.7,True,,98.75726699829102,1
2026-05-11T15:23:12+0000,1778512991.0907755,1778512992.0174654,PostgreSQL+Citus,citus_hot70,citus_native,50,select,3000,26435,True,0.7,True,,926.689863204956,1
2026-05-11T15:23:12+0000,1778512992.0121274,1778512992.0176916,PostgreSQL+Citus,citus_hot70,citus_native,397,select,3000,21359,True,0.7,True,,5.564212799072266,1
2026-05-11T15:23:12+0000,1778512991.9086988,1778512992.0180998,PostgreSQL+Citus,citus_hot70,citus_native,331,select,3000,96727,True,0.7,True,,109.40098762512207,1
2026-05-11T15:23:12+0000,1778512991.9157693,1778512992.0184286,PostgreSQL+Citus,citus_hot70,citus_native,344,select,3000,80400,True,0.7,True,,102.65922546386719,1
2026-05-11T15:23:12+0000,1778512991.0941207,1778512992.018751,PostgreSQL+Citus,citus_hot70,citus_native,57,select,3000,69253,True,0.7,True,,924.6301651000977,1
2026-05-11T15:23:12+0000,1778512992.0084512,1778512992.0190158,PostgreSQL+Citus,citus_hot70,citus_native,387,select,3000,23789,True,0.7,True,,10.564565658569336,1
2026-05-11T15:23:12+0000,1778512992.0104244,1778512992.0193222,PostgreSQL+Citus,citus_hot70,citus_native,391,select,26595,14168,False,0.7,True,,8.897781372070312,1
2026-05-11T15:23:12+0000,1778512991.088876,1778512992.0197623,PostgreSQL+Citus,citus_hot70,citus_native,45,insert,3000,71635,True,0.7,True,,930.8862686157227,1
2026-05-11T15:23:12+0000,1778512992.0157874,1778512992.0204253,PostgreSQL+Citus,citus_hot70,citus_native,411,update,3000,45692,True,0.7,False,FeatureNotSupported,4.637956619262695,0
2026-05-11T15:23:12+0000,1778512992.0108056,1778512992.0208154,PostgreSQL+Citus,citus_hot70,citus_native,392,select,3000,99645,True,0.7,True,,10.009765625,1
2026-05-11T15:23:12+0000,1778512991.0999165,1778512992.021028,PostgreSQL+Citus,citus_hot70,citus_native,71,select,19093,24125,False,0.7,True,,921.1115837097168,1
2026-05-11T15:23:12+0000,1778512992.0163188,1778512992.0212598,PostgreSQL+Citus,citus_hot70,citus_native,413,select,14881,45326,False,0.7,True,,4.940986633300781,1
2026-05-11T15:23:12+0000,1778512991.9163,1778512992.0214796,PostgreSQL+Citus,citus_hot70,citus_native,345,select,3000,57558,True,0.7,True,,105.1795482635498,1
2026-05-11T15:23:12+0000,1778512992.0167308,1778512992.0216384,PostgreSQL+Citus,citus_hot70,citus_native,415,select,3000,90903,True,0.7,True,,4.9076080322265625,1
2026-05-11T15:23:12+0000,1778512992.0201778,1778512992.0217996,PostgreSQL+Citus,citus_hot70,citus_native,426,select,7321,37334,False,0.7,True,,1.6217231750488281,1
2026-05-11T15:23:12+0000,1778512992.019143,1778512992.0219471,PostgreSQL+Citus,citus_hot70,citus_native,424,update,1197,97955,False,0.7,False,FeatureNotSupported,2.8040409088134766,0
2026-05-11T15:23:12+0000,1778512991.9235687,1778512992.0221496,PostgreSQL+Citus,citus_hot70,citus_native,378,select,3000,72008,True,0.7,True,,98.58083724975586,1
2026-05-11T15:23:12+0000,1778512992.0111878,1778512992.0223842,PostgreSQL+Citus,citus_hot70,citus_native,394,select,8765,54175,False,0.7,True,,11.196374893188477,1
2026-05-11T15:23:12+0000,1778512992.0062382,1778512992.0225172,PostgreSQL+Citus,citus_hot70,citus_native,383,select,3000,6640,True,0.7,True,,16.278982162475586,1
2026-05-11T15:23:12+0000,1778512991.1038623,1778512992.0227118,PostgreSQL+Citus,citus_hot70,citus_native,83,select,3000,22949,True,0.7,True,,918.8494682312012,1
2026-05-11T15:23:12+0000,1778512991.9176073,1778512992.0229867,PostgreSQL+Citus,citus_hot70,citus_native,348,insert,3000,99504,True,0.7,True,,105.37934303283691,1
2026-05-11T15:23:12+0000,1778512992.0152748,1778512992.0232341,PostgreSQL+Citus,citus_hot70,citus_native,409,update,3000,88106,True,0.7,False,FeatureNotSupported,7.9593658447265625,0
2026-05-11T15:23:12+0000,1778512992.0132582,1778512992.0234187,PostgreSQL+Citus,citus_hot70,citus_native,401,select,3000,7666,True,0.7,True,,10.160446166992188,1
2026-05-11T15:23:12+0000,1778512991.5101788,1778512992.0235817,PostgreSQL+Citus,citus_hot70,citus_native,180,select,25836,40341,False,0.7,True,,513.4029388427734,1
2026-05-11T15:23:12+0000,1778512991.0912578,1778512992.0237844,PostgreSQL+Citus,citus_hot70,citus_native,51,select,15594,87975,False,0.7,True,,932.5265884399414,1
2026-05-11T15:23:12+0000,1778512991.0972874,1778512992.0242448,PostgreSQL+Citus,citus_hot70,citus_native,65,select,3000,6203,True,0.7,True,,926.957368850708,1
2026-05-11T15:23:12+0000,1778512991.9112895,1778512992.024462,PostgreSQL+Citus,citus_hot70,citus_native,336,select,3000,19712,True,0.7,True,,113.17253112792969,1
2026-05-11T15:23:12+0000,1778512991.10027,1778512992.0246823,PostgreSQL+Citus,citus_hot70,citus_native,72,select,28634,12171,False,0.7,True,,924.4122505187988,1
2026-05-11T15:23:12+0000,1778512991.9226909,1778512992.0248578,PostgreSQL+Citus,citus_hot70,citus_native,372,select,3000,19011,True,0.7,True,,102.16689109802246,1
2026-05-11T15:23:12+0000,1778512992.0217137,1778512992.025085,PostgreSQL+Citus,citus_hot70,citus_native,432,update,3000,91827,True,0.7,False,FeatureNotSupported,3.3712387084960938,0
2026-05-11T15:23:12+0000,1778512992.012677,1778512992.0255384,PostgreSQL+Citus,citus_hot70,citus_native,399,update,3000,40342,True,0.7,False,FeatureNotSupported,12.861490249633789,0
2026-05-11T15:23:12+0000,1778512992.0091991,1778512992.0260386,PostgreSQL+Citus,citus_hot70,citus_native,389,select,3000,29401,True,0.7,True,,16.83950424194336,1
2026-05-11T15:23:12+0000,1778512991.9180434,1778512992.0262172,PostgreSQL+Citus,citus_hot70,citus_native,350,select,3000,92810,True,0.7,True,,108.17384719848633,1
2026-05-11T15:23:12+0000,1778512992.0209224,1778512992.0263379,PostgreSQL+Citus,citus_hot70,citus_native,428,select,3000,54037,True,0.7,True,,5.415439605712891,1
2026-05-11T15:23:12+0000,1778512991.921236,1778512992.026444,PostgreSQL+Citus,citus_hot70,citus_native,363,select,29020,54893,False,0.7,True,,105.20792007446289,1
2026-05-11T15:23:12+0000,1778512992.0148373,1778512992.026585,PostgreSQL+Citus,citus_hot70,citus_native,407,select,3000,96255,True,0.7,True,,11.74783706665039,1
2026-05-11T15:23:12+0000,1778512992.0079496,1778512992.0267355,PostgreSQL+Citus,citus_hot70,citus_native,386,select,3000,59372,True,0.7,True,,18.785953521728516,1
2026-05-11T15:23:12+0000,1778512992.0262783,1778512992.0268946,PostgreSQL+Citus,citus_hot70,citus_native,451,update,3000,41780,True,0.7,False,FeatureNotSupported,0.6163120269775391,0
2026-05-11T15:23:12+0000,1778512991.514807,1778512992.027103,PostgreSQL+Citus,citus_hot70,citus_native,192,select,28101,53728,False,0.7,True,,512.2959613800049,1
2026-05-11T15:23:12+0000,1778512992.023643,1778512992.0273118,PostgreSQL+Citus,citus_hot70,citus_native,442,select,3000,19672,True,0.7,True,,3.6687850952148438,1
2026-05-11T15:23:12+0000,1778512992.023096,1778512992.0275464,PostgreSQL+Citus,citus_hot70,citus_native,439,update,3000,32967,True,0.7,False,FeatureNotSupported,4.450321197509766,0
2026-05-11T15:23:12+0000,1778512991.0895836,1778512992.0278628,PostgreSQL+Citus,citus_hot70,citus_native,47,select,3000,32276,True,0.7,True,,938.2791519165039,1
2026-05-11T15:23:12+0000,1778512992.0220132,1778512992.0281842,PostgreSQL+Citus,citus_hot70,citus_native,434,select,3000,12691,True,0.7,True,,6.170988082885742,1
2026-05-11T15:23:12+0000,1778512991.9168162,1778512992.028568,PostgreSQL+Citus,citus_hot70,citus_native,347,select,3000,90327,True,0.7,True,,111.75179481506348,1
2026-05-11T15:23:12+0000,1778512992.0272007,1778512992.028964,PostgreSQL+Citus,citus_hot70,citus_native,457,select,3000,12306,True,0.7,True,,1.7633438110351562,1
2026-05-11T15:23:12+0000,1778512992.0273602,1778512992.0291357,PostgreSQL+Citus,citus_hot70,citus_native,458,select,3000,93234,True,0.7,True,,1.775503158569336,1
2026-05-11T15:23:12+0000,1778512992.0290189,1778512992.0296345,PostgreSQL+Citus,citus_hot70,citus_native,463,update,18695,1618,False,0.7,False,FeatureNotSupported,0.6155967712402344,0
2026-05-11T15:23:12+0000,1778512992.0213625,1778512992.1051745,PostgreSQL+Citus,citus_hot70,citus_native,430,select,3952,5705,False,0.7,True,,83.81199836730957,1
2026-05-11T15:23:12+0000,1778512991.6098824,1778512992.1055887,PostgreSQL+Citus,citus_hot70,citus_native,202,select,3000,67957,True,0.7,True,,495.70631980895996,1
2026-05-11T15:23:12+0000,1778512992.0144484,1778512992.1060042,PostgreSQL+Citus,citus_hot70,citus_native,406,select,3000,86208,True,0.7,True,,91.55583381652832,1
2026-05-11T15:23:12+0000,1778512992.021857,1778512992.1064095,PostgreSQL+Citus,citus_hot70,citus_native,433,select,3000,93387,True,0.7,True,,84.55252647399902,1
2026-05-11T15:23:12+0000,1778512992.017045,1778512992.1067152,PostgreSQL+Citus,citus_hot70,citus_native,417,select,3000,44958,True,0.7,True,,89.67018127441406,1
2026-05-11T15:23:12+0000,1778512992.0243301,1778512992.1073453,PostgreSQL+Citus,citus_hot70,citus_native,444,select,3000,14218,True,0.7,True,,83.01520347595215,1
2026-05-11T15:23:12+0000,1778512992.0116525,1778512992.1077375,PostgreSQL+Citus,citus_hot70,citus_native,395,update,3000,4868,True,0.7,False,FeatureNotSupported,96.0850715637207,0
2026-05-11T15:23:12+0000,1778512991.922341,1778512992.1088114,PostgreSQL+Citus,citus_hot70,citus_native,370,insert,3000,40393,True,0.7,True,,186.47027015686035,1
2026-05-11T15:23:12+0000,1778512992.0224407,1778512992.1091998,PostgreSQL+Citus,citus_hot70,citus_native,436,select,3000,36623,True,0.7,True,,86.75909042358398,1
2026-05-11T15:23:12+0000,1778512992.0251453,1778512992.1099806,PostgreSQL+Citus,citus_hot70,citus_native,448,select,28527,38452,False,0.7,True,,84.83529090881348,1
2026-05-11T15:23:12+0000,1778512992.0193954,1778512992.1109345,PostgreSQL+Citus,citus_hot70,citus_native,425,select,3000,20774,True,0.7,True,,91.53914451599121,1
2026-05-11T15:23:12+0000,1778512992.0073884,1778512992.1112862,PostgreSQL+Citus,citus_hot70,citus_native,385,insert,27769,41199,False,0.7,True,,103.8978099822998,1
2026-05-11T15:23:12+0000,1778512992.027608,1778512992.1116548,PostgreSQL+Citus,citus_hot70,citus_native,459,select,3000,47589,True,0.7,True,,84.04684066772461,1
2026-05-11T15:23:12+0000,1778512992.0185988,1778512992.1119761,PostgreSQL+Citus,citus_hot70,citus_native,422,insert,3000,21004,True,0.7,True,,93.37735176086426,1
2026-05-11T15:23:12+0000,1778512992.0123878,1778512992.112538,PostgreSQL+Citus,citus_hot70,citus_native,398,select,3000,10342,True,0.7,True,,100.15034675598145,1
2026-05-11T15:23:12+0000,1778512992.0205839,1778512992.1129222,PostgreSQL+Citus,citus_hot70,citus_native,427,select,13770,12395,False,0.7,True,,92.33832359313965,1
2026-05-11T15:23:12+0000,1778512992.106764,1778512992.1131406,PostgreSQL+Citus,citus_hot70,citus_native,470,select,3000,83113,True,0.7,True,,6.376504898071289,1
2026-05-11T15:23:12+0000,1778512992.026089,1778512992.1151345,PostgreSQL+Citus,citus_hot70,citus_native,450,select,3000,9042,True,0.7,True,,89.04552459716797,1
2026-05-11T15:23:12+0000,1778512991.6159225,1778512992.1153545,PostgreSQL+Citus,citus_hot70,citus_native,221,select,8450,91733,False,0.7,True,,499.4320869445801,1
2026-05-11T15:23:12+0000,1778512992.0141916,1778512992.1155622,PostgreSQL+Citus,citus_hot70,citus_native,405,update,3000,9115,True,0.7,False,FeatureNotSupported,101.37057304382324,0
2026-05-11T15:23:12+0000,1778512992.0269618,1778512992.1159468,PostgreSQL+Citus,citus_hot70,citus_native,456,update,3000,28281,True,0.7,False,FeatureNotSupported,88.98496627807617,0
2026-05-11T15:23:12+0000,1778512992.0291946,1778512992.116135,PostgreSQL+Citus,citus_hot70,citus_native,464,select,3000,62462,True,0.7,True,,86.94028854370117,1
2026-05-11T15:23:12+0000,1778512992.0233088,1778512992.1163292,PostgreSQL+Citus,citus_hot70,citus_native,440,select,22565,7579,False,0.7,True,,93.02043914794922,1
2026-05-11T15:23:12+0000,1778512992.1057248,1778512992.1166306,PostgreSQL+Citus,citus_hot70,citus_native,467,select,3000,50500,True,0.7,True,,10.905742645263672,1
2026-05-11T15:23:12+0000,1778512992.0228138,1778512992.1170082,PostgreSQL+Citus,citus_hot70,citus_native,438,update,13436,66780,False,0.7,False,FeatureNotSupported,94.19441223144531,0
2026-05-11T15:23:12+0000,1778512992.0263882,1778512992.1173549,PostgreSQL+Citus,citus_hot70,citus_native,452,select,3000,93663,True,0.7,True,,90.96670150756836,1
2026-05-11T15:23:12+0000,1778512992.0215392,1778512992.1176088,PostgreSQL+Citus,citus_hot70,citus_native,431,select,3000,7431,True,0.7,True,,96.0695743560791,1
2026-05-11T15:23:12+0000,1778512992.1167607,1778512992.1178262,PostgreSQL+Citus,citus_hot70,citus_native,489,select,3000,96872,True,0.7,True,,1.0654926300048828,1
2026-05-11T15:23:12+0000,1778512991.0847337,1778512992.1180496,PostgreSQL+Citus,citus_hot70,citus_native,34,insert,3000,63801,True,0.7,True,,1033.315896987915,1
2026-05-11T15:23:12+0000,1778512991.714519,1778512992.1183882,PostgreSQL+Citus,citus_hot70,citus_native,257,select,11909,53754,False,0.7,True,,403.8691520690918,1
2026-05-11T15:23:12+0000,1778512991.923352,1778512992.1187844,PostgreSQL+Citus,citus_hot70,citus_native,376,select,4866,9731,False,0.7,True,,195.4324245452881,1
2026-05-11T15:23:12+0000,1778512991.110695,1778512992.1190293,PostgreSQL+Citus,citus_hot70,citus_native,90,select,23670,12669,False,0.7,True,,1008.3343982696533,1
2026-05-11T15:23:12+0000,1778512992.0136738,1778512992.1192095,PostgreSQL+Citus,citus_hot70,citus_native,403,insert,3000,79696,True,0.7,True,,105.53574562072754,1
2026-05-11T15:23:12+0000,1778512992.0264754,1778512992.1194017,PostgreSQL+Citus,citus_hot70,citus_native,453,select,26886,12216,False,0.7,True,,92.9262638092041,1
2026-05-11T15:23:12+0000,1778512991.9225361,1778512992.119531,PostgreSQL+Citus,citus_hot70,citus_native,371,select,17297,57130,False,0.7,True,,196.99478149414062,1
2026-05-11T15:23:12+0000,1778512992.0175273,1778512992.1197357,PostgreSQL+Citus,citus_hot70,citus_native,419,select,3000,82723,True,0.7,True,,102.20837593078613,1
2026-05-11T15:23:12+0000,1778512992.0282617,1778512992.1198726,PostgreSQL+Citus,citus_hot70,citus_native,461,select,3000,89646,True,0.7,True,,91.61090850830078,1
2026-05-11T15:23:12+0000,1778512992.1154535,1778512992.1200078,PostgreSQL+Citus,citus_hot70,citus_native,484,select,3000,77030,True,0.7,True,,4.554271697998047,1
2026-05-11T15:23:12+0000,1778512992.1061642,1778512992.1201842,PostgreSQL+Citus,citus_hot70,citus_native,468,update,3000,30246,True,0.7,False,FeatureNotSupported,14.019966125488281,0
2026-05-11T15:23:12+0000,1778512991.7111611,1778512992.1202857,PostgreSQL+Citus,citus_hot70,citus_native,247,select,1382,28435,False,0.7,True,,409.12461280822754,1
2026-05-11T15:23:12+0000,1778512992.0188162,1778512992.120399,PostgreSQL+Citus,citus_hot70,citus_native,423,select,3000,6200,True,0.7,True,,101.58276557922363,1
2026-05-11T15:23:12+0000,1778512991.7200992,1778512992.1205282,PostgreSQL+Citus,citus_hot70,citus_native,281,insert,19116,51845,False,0.7,True,,400.42901039123535,1
2026-05-11T15:23:12+0000,1778512992.1126971,1778512992.1209118,PostgreSQL+Citus,citus_hot70,citus_native,480,update,3000,41486,True,0.7,False,FeatureNotSupported,8.214712142944336,0
2026-05-11T15:23:12+0000,1778512991.108862,1778512992.1212351,PostgreSQL+Citus,citus_hot70,citus_native,87,select,3000,33018,True,0.7,True,,1012.3732089996338,1
2026-05-11T15:23:12+0000,1778512991.0878413,1778512992.1214194,PostgreSQL+Citus,citus_hot70,citus_native,42,select,3000,51364,True,0.7,True,,1033.5781574249268,1
2026-05-11T15:23:12+0000,1778512992.0279622,1778512992.121565,PostgreSQL+Citus,citus_hot70,citus_native,460,select,3000,66473,True,0.7,True,,93.60289573669434,1
2026-05-11T15:23:12+0000,1778512992.0222464,1778512992.1217225,PostgreSQL+Citus,citus_hot70,citus_native,435,update,705,10767,False,0.7,False,FeatureNotSupported,99.47609901428223,0
2026-05-11T15:23:12+0000,1778512992.0155723,1778512992.12185,PostgreSQL+Citus,citus_hot70,citus_native,410,insert,3000,25555,True,0.7,True,,106.2777042388916,1
2026-05-11T15:23:12+0000,1778512991.7204163,1778512992.1219766,PostgreSQL+Citus,citus_hot70,citus_native,283,select,17939,25077,False,0.7,True,,401.56030654907227,1
2026-05-11T15:23:12+0000,1778512992.0134163,1778512992.1220891,PostgreSQL+Citus,citus_hot70,citus_native,402,select,24244,99022,False,0.7,True,,108.6728572845459,1
2026-05-11T15:23:12+0000,1778512992.0234928,1778512992.1223366,PostgreSQL+Citus,citus_hot70,citus_native,441,update,3000,98777,True,0.7,False,FeatureNotSupported,98.84381294250488,0
2026-05-11T15:23:12+0000,1778512992.0288255,1778512992.1228275,PostgreSQL+Citus,citus_hot70,citus_native,462,select,3000,42135,True,0.7,True,,94.00200843811035,1
2026-05-11T15:23:12+0000,1778512992.1201036,1778512992.123088,PostgreSQL+Citus,citus_hot70,citus_native,503,update,3000,8717,True,0.7,False,FeatureNotSupported,2.984285354614258,0
2026-05-11T15:23:12+0000,1778512992.1079798,1778512992.1232288,PostgreSQL+Citus,citus_hot70,citus_native,472,select,3000,90872,True,0.7,True,,15.249013900756836,1
2026-05-11T15:23:12+0000,1778512992.0150073,1778512992.1234038,PostgreSQL+Citus,citus_hot70,citus_native,408,select,3000,20930,True,0.7,True,,108.39653015136719,1
2026-05-11T15:23:12+0000,1778512992.0165622,1778512992.1236024,PostgreSQL+Citus,citus_hot70,citus_native,414,select,23497,48436,False,0.7,True,,107.0401668548584,1
2026-05-11T15:23:12+0000,1778512992.1114216,1778512992.1237621,PostgreSQL+Citus,citus_hot70,citus_native,477,select,3000,89032,True,0.7,True,,12.340545654296875,1
2026-05-11T15:23:12+0000,1778512991.819141,1778512992.1239214,PostgreSQL+Citus,citus_hot70,citus_native,322,select,3000,37888,True,0.7,True,,304.7804832458496,1
2026-05-11T15:23:12+0000,1778512991.7153776,1778512992.1241388,PostgreSQL+Citus,citus_hot70,citus_native,262,select,9154,25698,False,0.7,True,,408.76126289367676,1
2026-05-11T15:23:12+0000,1778512992.122016,1778512992.1245058,PostgreSQL+Citus,citus_hot70,citus_native,514,select,3000,39849,True,0.7,True,,2.489805221557617,1
2026-05-11T15:23:12+0000,1778512992.110605,1778512992.1247008,PostgreSQL+Citus,citus_hot70,citus_native,475,select,3000,63153,True,0.7,True,,14.095783233642578,1
2026-05-11T15:23:12+0000,1778512991.6173587,1778512992.1249015,PostgreSQL+Citus,citus_hot70,citus_native,227,insert,24655,68305,False,0.7,True,,507.54284858703613,1
2026-05-11T15:23:12+0000,1778512992.0065262,1778512992.1251066,PostgreSQL+Citus,citus_hot70,citus_native,384,select,17826,60999,False,0.7,True,,118.58034133911133,1
2026-05-11T15:23:12+0000,1778512991.8171139,1778512992.125244,PostgreSQL+Citus,citus_hot70,citus_native,312,select,28163,46842,False,0.7,True,,308.13002586364746,1
2026-05-11T15:23:12+0000,1778512992.0130572,1778512992.1253936,PostgreSQL+Citus,citus_hot70,citus_native,400,select,3000,90497,True,0.7,True,,112.33639717102051,1
2026-05-11T15:23:12+0000,1778512992.1053383,1778512992.1255405,PostgreSQL+Citus,citus_hot70,citus_native,466,select,3000,97361,True,0.7,True,,20.202159881591797,1
2026-05-11T15:23:12+0000,1778512992.1236484,1778512992.1258068,PostgreSQL+Citus,citus_hot70,citus_native,521,update,3000,17913,True,0.7,False,FeatureNotSupported,2.1584033966064453,0
2026-05-11T15:23:12+0000,1778512992.1092494,1778512992.1262794,PostgreSQL+Citus,citus_hot70,citus_native,474,select,3000,1689,True,0.7,True,,17.030000686645508,1
2026-05-11T15:23:12+0000,1778512992.0296817,1778512992.1264422,PostgreSQL+Citus,citus_hot70,citus_native,465,select,14844,71995,False,0.7,True,,96.76051139831543,1
2026-05-11T15:23:12+0000,1778512992.116186,1778512992.1266387,PostgreSQL+Citus,citus_hot70,citus_native,487,select,3000,76075,True,0.7,True,,10.452747344970703,1
2026-05-11T15:23:12+0000,1778512991.1128204,1778512992.1268137,PostgreSQL+Citus,citus_hot70,citus_native,95,select,22064,69007,False,0.7,True,,1013.9932632446289,1
2026-05-11T15:23:12+0000,1778512992.0160103,1778512992.1271517,PostgreSQL+Citus,citus_hot70,citus_native,412,select,3000,44189,True,0.7,True,,111.14144325256348,1
2026-05-11T15:23:12+0000,1778512992.109032,1778512992.1273313,PostgreSQL+Citus,citus_hot70,citus_native,473,select,3000,68852,True,0.7,True,,18.299341201782227,1
2026-05-11T15:23:12+0000,1778512992.0169072,1778512992.1274736,PostgreSQL+Citus,citus_hot70,citus_native,416,select,3000,72440,True,0.7,True,,110.56637763977051,1
2026-05-11T15:23:12+0000,1778512992.122544,1778512992.127617,PostgreSQL+Citus,citus_hot70,citus_native,516,select,3000,15317,True,0.7,True,,5.072832107543945,1
2026-05-11T15:23:12+0000,1778512992.0173883,1778512992.1278234,PostgreSQL+Citus,citus_hot70,citus_native,418,select,3000,58521,True,0.7,True,,110.43500900268555,1
2026-05-11T15:23:12+0000,1778512992.026806,1778512992.1281698,PostgreSQL+Citus,citus_hot70,citus_native,455,select,3000,13534,True,0.7,True,,101.3636589050293,1
2026-05-11T15:23:12+0000,1778512992.1253018,1778512992.1283882,PostgreSQL+Citus,citus_hot70,citus_native,529,select,18495,57322,False,0.7,True,,3.0863285064697266,1
2026-05-11T15:23:12+0000,1778512991.818033,1778512992.1284995,PostgreSQL+Citus,citus_hot70,citus_native,316,select,27615,5928,False,0.7,True,,310.4665279388428,1
2026-05-11T15:23:12+0000,1778512992.1285589,1778512992.129848,PostgreSQL+Citus,citus_hot70,citus_native,544,select,15183,74539,False,0.7,True,,1.2891292572021484,1
2026-05-11T15:23:12+0000,1778512992.1176927,1778512992.2054098,PostgreSQL+Citus,citus_hot70,citus_native,492,insert,3000,44414,True,0.7,True,,87.71705627441406,1
2026-05-11T15:23:12+0000,1778512992.1213238,1778512992.2061465,PostgreSQL+Citus,citus_hot70,citus_native,509,update,21970,48165,False,0.7,False,FeatureNotSupported,84.8226547241211,0
2026-05-11T15:23:12+0000,1778512992.1152189,1778512992.207565,PostgreSQL+Citus,citus_hot70,citus_native,483,select,3000,69891,True,0.7,True,,92.34619140625,1
2026-05-11T15:23:12+0000,1778512991.9200191,1778512992.2081974,PostgreSQL+Citus,citus_hot70,citus_native,357,select,15346,35391,False,0.7,True,,288.1782054901123,1
2026-05-11T15:23:12+0000,1778512991.8069086,1778512992.208497,PostgreSQL+Citus,citus_hot70,citus_native,289,select,2154,805,False,0.7,True,,401.58843994140625,1
2026-05-11T15:23:12+0000,1778512992.1117682,1778512992.2087553,PostgreSQL+Citus,citus_hot70,citus_native,478,insert,3000,73869,True,0.7,True,,96.98700904846191,1
2026-05-11T15:23:12+0000,1778512992.1132464,1778512992.2091765,PostgreSQL+Citus,citus_hot70,citus_native,482,select,3000,87384,True,0.7,True,,95.93009948730469,1
2026-05-11T15:23:12+0000,1778512992.1235065,1778512992.2096045,PostgreSQL+Citus,citus_hot70,citus_native,520,select,5249,86963,False,0.7,True,,86.09795570373535,1
2026-05-11T15:23:12+0000,1778512992.123272,1778512992.209976,PostgreSQL+Citus,citus_hot70,citus_native,519,select,3000,73953,True,0.7,True,,86.70401573181152,1
2026-05-11T15:23:12+0000,1778512992.1254606,1778512992.2101629,PostgreSQL+Citus,citus_hot70,citus_native,530,select,3000,35803,True,0.7,True,,84.7022533416748,1
2026-05-11T15:23:12+0000,1778512991.6151645,1778512992.2103946,PostgreSQL+Citus,citus_hot70,citus_native,217,insert,3000,78303,True,0.7,True,,595.2301025390625,1
2026-05-11T15:23:12+0000,1778512992.1171737,1778512992.210728,PostgreSQL+Citus,citus_hot70,citus_native,490,update,21536,18602,False,0.7,False,FeatureNotSupported,93.55425834655762,0
2026-05-11T15:23:12+0000,1778512992.1210654,1778512992.2110255,PostgreSQL+Citus,citus_hot70,citus_native,508,select,3000,85230,True,0.7,True,,89.96009826660156,1
2026-05-11T15:23:12+0000,1778512992.2102222,1778512992.2113118,PostgreSQL+Citus,citus_hot70,citus_native,555,select,17017,72339,False,0.7,True,,1.0895729064941406,1
2026-05-11T15:23:12+0000,1778512992.1214793,1778512992.211514,PostgreSQL+Citus,citus_hot70,citus_native,510,select,3000,80082,True,0.7,True,,90.03472328186035,1
2026-05-11T15:23:12+0000,1778512992.1221411,1778512992.2118397,PostgreSQL+Citus,citus_hot70,citus_native,515,update,3000,24263,True,0.7,False,FeatureNotSupported,89.69855308532715,0
2026-05-11T15:23:12+0000,1778512992.118618,1778512992.2120519,PostgreSQL+Citus,citus_hot70,citus_native,495,update,3000,17572,True,0.7,False,FeatureNotSupported,93.43385696411133,0
2026-05-11T15:23:12+0000,1778512992.127668,1778512992.2124197,PostgreSQL+Citus,citus_hot70,citus_native,540,update,6230,77816,False,0.7,False,FeatureNotSupported,84.75184440612793,0
2026-05-11T15:23:12+0000,1778512992.1245668,1778512992.212591,PostgreSQL+Citus,citus_hot70,citus_native,525,select,18520,78297,False,0.7,True,,88.02413940429688,1
2026-05-11T15:23:12+0000,1778512991.807455,1778512992.2129467,PostgreSQL+Citus,citus_hot70,citus_native,291,select,5054,49255,False,0.7,True,,405.49159049987793,1
2026-05-11T15:23:12+0000,1778512992.1299024,1778512992.213282,PostgreSQL+Citus,citus_hot70,citus_native,545,update,16062,60190,False,0.7,False,FeatureNotSupported,83.37974548339844,0
2026-05-11T15:23:12+0000,1778512992.1265368,1778512992.2136443,PostgreSQL+Citus,citus_hot70,citus_native,534,select,16641,37499,False,0.7,True,,87.10741996765137,1
2026-05-11T15:23:12+0000,1778512992.2056231,1778512992.2140155,PostgreSQL+Citus,citus_hot70,citus_native,546,select,3000,24836,True,0.7,True,,8.392333984375,1
2026-05-11T15:23:12+0000,1778512991.0994637,1778512992.2142866,PostgreSQL+Citus,citus_hot70,citus_native,69,insert,3000,4053,True,0.7,True,,1114.8228645324707,1
2026-05-11T15:23:12+0000,1778512992.126894,1778512992.2144291,PostgreSQL+Citus,citus_hot70,citus_native,536,update,17234,67662,False,0.7,False,FeatureNotSupported,87.53514289855957,0
2026-05-11T15:23:12+0000,1778512992.2083557,1778512992.214587,PostgreSQL+Citus,citus_hot70,citus_native,549,select,3000,72093,True,0.7,True,,6.2313079833984375,1
2026-05-11T15:23:12+0000,1778512992.1191137,1778512992.2147703,PostgreSQL+Citus,citus_hot70,citus_native,497,update,3000,62172,True,0.7,False,FeatureNotSupported,95.6566333770752,0
2026-05-11T15:23:12+0000,1778512992.2093222,1778512992.2151458,PostgreSQL+Citus,citus_hot70,citus_native,552,select,3000,53070,True,0.7,True,,5.823612213134766,1
2026-05-11T15:23:12+0000,1778512992.126342,1778512992.215781,PostgreSQL+Citus,citus_hot70,citus_native,533,select,3000,62920,True,0.7,True,,89.43891525268555,1
2026-05-11T15:23:12+0000,1778512992.1282678,1778512992.216146,PostgreSQL+Citus,citus_hot70,citus_native,542,select,3000,24940,True,0.7,True,,87.87822723388672,1
2026-05-11T15:23:12+0000,1778512992.210058,1778512992.216353,PostgreSQL+Citus,citus_hot70,citus_native,554,select,3000,56231,True,0.7,True,,6.294965744018555,1
2026-05-11T15:23:12+0000,1778512992.210804,1778512992.216487,PostgreSQL+Citus,citus_hot70,citus_native,557,select,3000,60860,True,0.7,True,,5.682945251464844,1
2026-05-11T15:23:12+0000,1778512991.7064822,1778512992.2169654,PostgreSQL+Citus,citus_hot70,citus_native,236,select,10567,61689,False,0.7,True,,510.4832649230957,1
2026-05-11T15:23:12+0000,1778512992.2116175,1778512992.2177162,PostgreSQL+Citus,citus_hot70,citus_native,560,update,3000,79628,True,0.7,False,FeatureNotSupported,6.098747253417969,0
2026-05-11T15:23:12+0000,1778512992.1179135,1778512992.2179625,PostgreSQL+Citus,citus_hot70,citus_native,493,select,15022,26757,False,0.7,True,,100.04901885986328,1
2026-05-11T15:23:12+0000,1778512992.1284387,1778512992.218373,PostgreSQL+Citus,citus_hot70,citus_native,543,update,3000,70126,True,0.7,False,FeatureNotSupported,89.9343490600586,0
2026-05-11T15:23:12+0000,1778512992.1195812,1778512992.2185853,PostgreSQL+Citus,citus_hot70,citus_native,500,select,24750,92132,False,0.7,True,,99.00403022766113,1
2026-05-11T15:23:12+0000,1778512991.8135142,1778512992.2188852,PostgreSQL+Citus,citus_hot70,citus_native,309,select,8436,33407,False,0.7,True,,405.37095069885254,1
2026-05-11T15:23:12+0000,1778512992.2131267,1778512992.2193007,PostgreSQL+Citus,citus_hot70,citus_native,565,select,3000,85461,True,0.7,True,,6.1740875244140625,1
2026-05-11T15:23:12+0000,1778512992.1188798,1778512992.2195475,PostgreSQL+Citus,citus_hot70,citus_native,496,select,3000,4357,True,0.7,True,,100.66771507263184,1
2026-05-11T15:23:12+0000,1778512992.120447,1778512992.219747,PostgreSQL+Citus,citus_hot70,citus_native,506,select,3000,32758,True,0.7,True,,99.30014610290527,1
2026-05-11T15:23:12+0000,1778512991.8110237,1778512992.2199428,PostgreSQL+Citus,citus_hot70,citus_native,300,select,16846,15226,False,0.7,True,,408.919095993042,1
2026-05-11T15:23:12+0000,1778512992.2148557,1778512992.2201746,PostgreSQL+Citus,citus_hot70,citus_native,572,update,3000,48413,True,0.7,False,FeatureNotSupported,5.318880081176758,0
2026-05-11T15:23:12+0000,1778512992.1156356,1778512992.220304,PostgreSQL+Citus,citus_hot70,citus_native,485,select,3000,30811,True,0.7,True,,104.66837882995605,1
2026-05-11T15:23:12+0000,1778512992.1240106,1778512992.2205122,PostgreSQL+Citus,citus_hot70,citus_native,523,select,3000,35843,True,0.7,True,,96.50158882141113,1
2026-05-11T15:23:12+0000,1778512992.1203268,1778512992.2206984,PostgreSQL+Citus,citus_hot70,citus_native,505,select,3000,98420,True,0.7,True,,100.3715991973877,1
2026-05-11T15:23:12+0000,1778512992.1202242,1778512992.2208862,PostgreSQL+Citus,citus_hot70,citus_native,504,update,16850,98699,False,0.7,False,FeatureNotSupported,100.6619930267334,0
2026-05-11T15:23:12+0000,1778512991.7210996,1778512992.2211275,PostgreSQL+Citus,citus_hot70,citus_native,286,select,350,71657,False,0.7,True,,500.0278949737549,1
2026-05-11T15:23:12+0000,1778512992.2113664,1778512992.2213132,PostgreSQL+Citus,citus_hot70,citus_native,559,select,3000,67060,True,0.7,True,,9.946823120117188,1
2026-05-11T15:23:12+0000,1778512992.2122638,1778512992.2214408,PostgreSQL+Citus,citus_hot70,citus_native,562,update,15901,50983,False,0.7,False,FeatureNotSupported,9.176969528198242,0
2026-05-11T15:23:12+0000,1778512992.1217828,1778512992.2215614,PostgreSQL+Citus,citus_hot70,citus_native,512,select,3000,91812,True,0.7,True,,99.77865219116211,1
2026-05-11T15:23:12+0000,1778512992.2085767,1778512992.2217503,PostgreSQL+Citus,citus_hot70,citus_native,550,select,3000,1231,True,0.7,True,,13.173580169677734,1
2026-05-11T15:23:12+0000,1778512992.208912,1778512992.2220557,PostgreSQL+Citus,citus_hot70,citus_native,551,select,3000,84073,True,0.7,True,,13.143777847290039,1
2026-05-11T15:23:12+0000,1778512992.1266997,1778512992.2221932,PostgreSQL+Citus,citus_hot70,citus_native,535,update,17162,1827,False,0.7,False,FeatureNotSupported,95.49355506896973,0
2026-05-11T15:23:12+0000,1778512992.2194307,1778512992.2223105,PostgreSQL+Citus,citus_hot70,citus_native,584,update,3000,78460,True,0.7,False,FeatureNotSupported,2.8798580169677734,0
2026-05-11T15:23:12+0000,1778512992.1164534,1778512992.222444,PostgreSQL+Citus,citus_hot70,citus_native,488,select,3000,21563,True,0.7,True,,105.99064826965332,1
2026-05-11T15:23:12+0000,1778512992.1275284,1778512992.2225692,PostgreSQL+Citus,citus_hot70,citus_native,539,insert,3000,20046,True,0.7,True,,95.04079818725586,1
2026-05-11T15:23:12+0000,1778512991.9091873,1778512992.2230868,PostgreSQL+Citus,citus_hot70,citus_native,332,insert,8553,26992,False,0.7,True,,313.8995170593262,1
2026-05-11T15:23:12+0000,1778512992.222244,1778512992.2233713,PostgreSQL+Citus,citus_hot70,citus_native,599,select,721,44798,False,0.7,True,,1.1272430419921875,1
2026-05-11T15:23:12+0000,1778512991.6095984,1778512992.2235413,PostgreSQL+Citus,citus_hot70,citus_native,201,select,3000,91167,True,0.7,True,,613.9428615570068,1
2026-05-11T15:23:12+0000,1778512992.2066147,1778512992.223955,PostgreSQL+Citus,citus_hot70,citus_native,547,update,3000,77817,True,0.7,False,FeatureNotSupported,17.34018325805664,0
2026-05-11T15:23:12+0000,1778512992.2232554,1778512992.224504,PostgreSQL+Citus,citus_hot70,citus_native,603,select,3000,70481,True,0.7,True,,1.2485980987548828,1
2026-05-11T15:23:12+0000,1778512991.6081707,1778512992.2247264,PostgreSQL+Citus,citus_hot70,citus_native,196,select,3000,67834,True,0.7,True,,616.5556907653809,1
2026-05-11T15:23:12+0000,1778512992.1194448,1778512992.2249453,PostgreSQL+Citus,citus_hot70,citus_native,499,select,3000,40638,True,0.7,True,,105.50045967102051,1
2026-05-11T15:23:12+0000,1778512992.2146497,1778512992.2250903,PostgreSQL+Citus,citus_hot70,citus_native,571,update,3000,87423,True,0.7,False,FeatureNotSupported,10.440587997436523,0
2026-05-11T15:23:12+0000,1778512992.2214878,1778512992.2252867,PostgreSQL+Citus,citus_hot70,citus_native,595,select,3000,53430,True,0.7,True,,3.798961639404297,1
2026-05-11T15:23:12+0000,1778512992.1272163,1778512992.2253926,PostgreSQL+Citus,citus_hot70,citus_native,537,insert,3000,72313,True,0.7,True,,98.17624092102051,1
2026-05-11T15:23:12+0000,1778512992.1181304,1778512992.226054,PostgreSQL+Citus,citus_hot70,citus_native,494,select,16877,5416,False,0.7,True,,107.92350769042969,1
2026-05-11T15:23:12+0000,1778512991.92346,1778512992.22625,PostgreSQL+Citus,citus_hot70,citus_native,377,select,8946,44976,False,0.7,True,,302.78992652893066,1
2026-05-11T15:23:12+0000,1778512992.12797,1778512992.2265155,PostgreSQL+Citus,citus_hot70,citus_native,541,select,19017,48697,False,0.7,True,,98.54555130004883,1
2026-05-11T15:23:12+0000,1778512991.8199446,1778512992.2267694,PostgreSQL+Citus,citus_hot70,citus_native,324,select,7983,8549,False,0.7,True,,406.82482719421387,1
2026-05-11T15:23:12+0000,1778512992.1174586,1778512992.2269948,PostgreSQL+Citus,citus_hot70,citus_native,491,select,3000,25615,True,0.7,True,,109.53617095947266,1
2026-05-11T15:23:12+0000,1778512992.1199172,1778512992.2272031,PostgreSQL+Citus,citus_hot70,citus_native,502,select,3000,7679,True,0.7,True,,107.28597640991211,1
2026-05-11T15:23:12+0000,1778512991.8121662,1778512992.2273958,PostgreSQL+Citus,citus_hot70,citus_native,305,select,15123,85377,False,0.7,True,,415.22955894470215,1
2026-05-11T15:23:12+0000,1778512992.124976,1778512992.2275224,PostgreSQL+Citus,citus_hot70,citus_native,527,update,3000,99538,True,0.7,False,FeatureNotSupported,102.54645347595215,0
2026-05-11T15:23:12+0000,1778512992.2158961,1778512992.227649,PostgreSQL+Citus,citus_hot70,citus_native,574,update,3000,70841,True,0.7,False,FeatureNotSupported,11.752843856811523,0
2026-05-11T15:23:12+0000,1778512992.2249851,1778512992.2277768,PostgreSQL+Citus,citus_hot70,citus_native,609,select,3000,22094,True,0.7,True,,2.7916431427001953,1
2026-05-11T15:23:12+0000,1778512992.2105122,1778512992.2279856,PostgreSQL+Citus,citus_hot70,citus_native,556,select,3000,21987,True,0.7,True,,17.473459243774414,1
2026-05-11T15:23:12+0000,1778512992.1256034,1778512992.2283163,PostgreSQL+Citus,citus_hot70,citus_native,531,insert,3000,31136,True,0.7,True,,102.71286964416504,1
2026-05-11T15:23:12+0000,1778512992.1229677,1778512992.2285678,PostgreSQL+Citus,citus_hot70,citus_native,517,select,3000,94726,True,0.7,True,,105.60011863708496,1
2026-05-11T15:23:12+0000,1778512992.2098122,1778512992.2287776,PostgreSQL+Citus,citus_hot70,citus_native,553,select,3000,63938,True,0.7,True,,18.965482711791992,1
2026-05-11T15:23:12+0000,1778512991.913051,1778512992.229011,PostgreSQL+Citus,citus_hot70,citus_native,338,select,12425,87907,False,0.7,True,,315.960168838501,1
2026-05-11T15:23:12+0000,1778512992.219086,1778512992.2292862,PostgreSQL+Citus,citus_hot70,citus_native,583,select,3000,32209,True,0.7,True,,10.200262069702148,1
2026-05-11T15:23:12+0000,1778512992.220022,1778512992.2295089,PostgreSQL+Citus,citus_hot70,citus_native,587,select,3000,68672,True,0.7,True,,9.486913681030273,1
2026-05-11T15:23:12+0000,1778512992.124191,1778512992.2296793,PostgreSQL+Citus,citus_hot70,citus_native,524,select,3000,73911,True,0.7,True,,105.48830032348633,1
2026-05-11T15:23:12+0000,1778512992.1218855,1778512992.2298403,PostgreSQL+Citus,citus_hot70,citus_native,513,select,18325,81677,False,0.7,True,,107.95474052429199,1
2026-05-11T15:23:12+0000,1778512992.2268314,1778512992.230001,PostgreSQL+Citus,citus_hot70,citus_native,616,update,3000,14703,True,0.7,False,FeatureNotSupported,3.169536590576172,0
2026-05-11T15:23:12+0000,1778512992.223421,1778512992.2301645,PostgreSQL+Citus,citus_hot70,citus_native,604,select,3000,88387,True,0.7,True,,6.743431091308594,1
2026-05-11T15:23:12+0000,1778512992.2213721,1778512992.230303,PostgreSQL+Citus,citus_hot70,citus_native,594,select,3000,20054,True,0.7,True,,8.93092155456543,1
2026-05-11T15:23:12+0000,1778512991.9165986,1778512992.2304513,PostgreSQL+Citus,citus_hot70,citus_native,346,select,28257,13315,False,0.7,True,,313.85278701782227,1
2026-05-11T15:23:12+0000,1778512992.2278285,1778512992.23055,PostgreSQL+Citus,citus_hot70,citus_native,622,update,11151,87431,False,0.7,False,FeatureNotSupported,2.721548080444336,0
2026-05-11T15:23:12+0000,1778512992.1251638,1778512992.2307403,PostgreSQL+Citus,citus_hot70,citus_native,528,select,3000,13223,True,0.7,True,,105.5765151977539,1
2026-05-11T15:23:12+0000,1778512992.2111738,1778512992.2310436,PostgreSQL+Citus,citus_hot70,citus_native,558,select,3000,42357,True,0.7,True,,19.86980438232422,1
2026-05-11T15:23:12+0000,1778512992.2124934,1778512992.2312927,PostgreSQL+Citus,citus_hot70,citus_native,563,update,3000,85879,True,0.7,False,FeatureNotSupported,18.799304962158203,0
2026-05-11T15:23:12+0000,1778512992.2297306,1778512992.2314284,PostgreSQL+Citus,citus_hot70,citus_native,630,select,3000,79425,True,0.7,True,,1.6977787017822266,1
2026-05-11T15:23:12+0000,1778512992.2284524,1778512992.2315414,PostgreSQL+Citus,citus_hot70,citus_native,624,update,11316,36069,False,0.7,False,FeatureNotSupported,3.0889511108398438,0
2026-05-11T15:23:12+0000,1778512992.1231365,1778512992.2319787,PostgreSQL+Citus,citus_hot70,citus_native,518,select,3000,85110,True,0.7,True,,108.84213447570801,1
2026-05-11T15:23:12+0000,1778512992.230045,1778512992.2326438,PostgreSQL+Citus,citus_hot70,citus_native,632,select,3000,17082,True,0.7,True,,2.5987625122070312,1
2026-05-11T15:23:12+0000,1778512992.226159,1778512992.232912,PostgreSQL+Citus,citus_hot70,citus_native,613,select,3000,63564,True,0.7,True,,6.752967834472656,1
2026-05-11T15:23:12+0000,1778512992.2314725,1778512992.2331343,PostgreSQL+Citus,citus_hot70,citus_native,640,select,3000,92485,True,0.7,True,,1.6617774963378906,1
2026-05-11T15:23:12+0000,1778512992.2331824,1778512992.2338216,PostgreSQL+Citus,citus_hot70,citus_native,645,select,3000,64538,True,0.7,True,,0.6392002105712891,1
2026-05-11T15:23:12+0000,1778512992.2143455,1778512992.305177,PostgreSQL+Citus,citus_hot70,citus_native,569,select,25445,22209,False,0.7,True,,90.83151817321777,1
2026-05-11T15:23:12+0000,1778512992.2223618,1778512992.305799,PostgreSQL+Citus,citus_hot70,citus_native,600,select,3000,44578,True,0.7,True,,83.43720436096191,1
2026-05-11T15:23:12+0000,1778512992.2288795,1778512992.3061802,PostgreSQL+Citus,citus_hot70,citus_native,626,select,10603,85330,False,0.7,True,,77.3007869720459,1
2026-05-11T15:23:12+0000,1778512992.2277026,1778512992.3066018,PostgreSQL+Citus,citus_hot70,citus_native,621,update,20656,16230,False,0.7,False,FeatureNotSupported,78.89914512634277,0
2026-05-11T15:23:12+0000,1778512992.2272887,1778512992.3068862,PostgreSQL+Citus,citus_hot70,citus_native,618,update,29637,47116,False,0.7,False,FeatureNotSupported,79.59747314453125,0
2026-05-11T15:23:12+0000,1778512992.230367,1778512992.3071656,PostgreSQL+Citus,citus_hot70,citus_native,634,update,3000,42340,True,0.7,False,FeatureNotSupported,76.79867744445801,0
2026-05-11T15:23:12+0000,1778512992.2209892,1778512992.3074026,PostgreSQL+Citus,citus_hot70,citus_native,592,insert,3000,95791,True,0.7,True,,86.41338348388672,1
2026-05-11T15:23:12+0000,1778512992.2286403,1778512992.3077826,PostgreSQL+Citus,citus_hot70,citus_native,625,update,3000,4913,True,0.7,False,FeatureNotSupported,79.14233207702637,0
2026-05-11T15:23:12+0000,1778512991.8133292,1778512992.3082106,PostgreSQL+Citus,citus_hot70,citus_native,308,select,1014,75439,False,0.7,True,,494.88139152526855,1
2026-05-11T15:23:12+0000,1778512992.2212074,1778512992.308393,PostgreSQL+Citus,citus_hot70,citus_native,593,update,3000,16935,True,0.7,False,FeatureNotSupported,87.18562126159668,0
2026-05-11T15:23:12+0000,1778512992.2290752,1778512992.3086271,PostgreSQL+Citus,citus_hot70,citus_native,627,select,3000,65298,True,0.7,True,,79.55193519592285,1
2026-05-11T15:23:12+0000,1778512992.226309,1778512992.3087904,PostgreSQL+Citus,citus_hot70,citus_native,614,select,3000,31715,True,0.7,True,,82.48138427734375,1
2026-05-11T15:23:12+0000,1778512992.2270787,1778512992.3090796,PostgreSQL+Citus,citus_hot70,citus_native,617,select,3000,62255,True,0.7,True,,82.0009708404541,1
2026-05-11T15:23:12+0000,1778512992.218137,1778512992.3093889,PostgreSQL+Citus,citus_hot70,citus_native,580,select,3000,60040,True,0.7,True,,91.25185012817383,1
2026-05-11T15:23:12+0000,1778512992.2281396,1778512992.3096108,PostgreSQL+Citus,citus_hot70,citus_native,623,update,27134,42534,False,0.7,False,FeatureNotSupported,81.47120475769043,0
2026-05-11T15:23:12+0000,1778512992.2154493,1778512992.309887,PostgreSQL+Citus,citus_hot70,citus_native,573,update,19277,37435,False,0.7,False,FeatureNotSupported,94.4375991821289,0
2026-05-11T15:23:12+0000,1778512992.219805,1778512992.310141,PostgreSQL+Citus,citus_hot70,citus_native,586,select,3000,54882,True,0.7,True,,90.33608436584473,1
2026-05-11T15:23:12+0000,1778512992.2330444,1778512992.310445,PostgreSQL+Citus,citus_hot70,citus_native,644,select,3000,84945,True,0.7,True,,77.40068435668945,1
2026-05-11T15:23:12+0000,1778512992.306265,1778512992.3106608,PostgreSQL+Citus,citus_hot70,citus_native,649,select,3000,66705,True,0.7,True,,4.395723342895508,1
2026-05-11T15:23:12+0000,1778512992.2133734,1778512992.3108413,PostgreSQL+Citus,citus_hot70,citus_native,566,select,17073,3303,False,0.7,True,,97.46789932250977,1
2026-05-11T15:23:12+0000,1778512992.307038,1778512992.3110285,PostgreSQL+Citus,citus_hot70,citus_native,651,select,3000,71631,True,0.7,True,,3.9904117584228516,1
2026-05-11T15:23:12+0000,1778512992.2186642,1778512992.311161,PostgreSQL+Citus,citus_hot70,citus_native,582,select,23841,53123,False,0.7,True,,92.49687194824219,1
2026-05-11T15:23:12+0000,1778512992.2302172,1778512992.311352,PostgreSQL+Citus,citus_hot70,citus_native,633,select,25338,25948,False,0.7,True,,81.13479614257812,1
2026-05-11T15:23:12+0000,1778512992.2221117,1778512992.3115156,PostgreSQL+Citus,citus_hot70,citus_native,598,select,5720,72294,False,0.7,True,,89.40386772155762,1
2026-05-11T15:23:12+0000,1778512992.2236497,1778512992.311714,PostgreSQL+Citus,citus_hot70,citus_native,605,select,17027,17339,False,0.7,True,,88.06419372558594,1
2026-05-11T15:23:12+0000,1778512992.0177946,1778512992.312095,PostgreSQL+Citus,citus_hot70,citus_native,420,select,12273,21549,False,0.7,True,,294.3003177642822,1
2026-05-11T15:23:12+0000,1778512992.2315886,1778512992.3123884,PostgreSQL+Citus,citus_hot70,citus_native,641,select,3000,73151,True,0.7,True,,80.79981803894043,1
2026-05-11T15:23:12+0000,1778512992.3072484,1778512992.3125513,PostgreSQL+Citus,citus_hot70,citus_native,652,select,22840,97937,False,0.7,True,,5.302906036376953,1
2026-05-11T15:23:12+0000,1778512992.2311704,1778512992.3127186,PostgreSQL+Citus,citus_hot70,citus_native,638,update,3000,31781,True,0.7,False,FeatureNotSupported,81.54821395874023,0
2026-05-11T15:23:12+0000,1778512992.230494,1778512992.3129544,PostgreSQL+Citus,citus_hot70,citus_native,635,select,3000,37816,True,0.7,True,,82.46040344238281,1
2026-05-11T15:23:12+0000,1778512992.2165248,1778512992.3133883,PostgreSQL+Citus,citus_hot70,citus_native,577,select,3000,88442,True,0.7,True,,96.8635082244873,1
2026-05-11T15:23:12+0000,1778512992.2253418,1778512992.313907,PostgreSQL+Citus,citus_hot70,citus_native,611,select,3000,55288,True,0.7,True,,88.56511116027832,1
2026-05-11T15:23:12+0000,1778512992.221872,1778512992.3143113,PostgreSQL+Citus,citus_hot70,citus_native,597,select,3000,9189,True,0.7,True,,92.43917465209961,1
2026-05-11T15:23:12+0000,1778512991.9146206,1778512992.3146167,PostgreSQL+Citus,citus_hot70,citus_native,342,select,17772,20164,False,0.7,True,,399.9960422515869,1
2026-05-11T15:23:12+0000,1778512992.3105214,1778512992.3150103,PostgreSQL+Citus,citus_hot70,citus_native,664,update,3000,17315,True,0.7,False,FeatureNotSupported,4.488945007324219,0
2026-05-11T15:23:12+0000,1778512992.2226105,1778512992.315257,PostgreSQL+Citus,citus_hot70,citus_native,602,select,3000,93519,True,0.7,True,,92.64659881591797,1
2026-05-11T15:23:12+0000,1778512992.3097153,1778512992.3154407,PostgreSQL+Citus,citus_hot70,citus_native,661,select,3000,31497,True,0.7,True,,5.725383758544922,1
2026-05-11T15:23:12+0000,1778512992.3099823,1778512992.3156781,PostgreSQL+Citus,citus_hot70,citus_native,662,select,3000,68798,True,0.7,True,,5.695819854736328,1
2026-05-11T15:23:12+0000,1778512992.2305877,1778512992.3158615,PostgreSQL+Citus,citus_hot70,citus_native,636,select,3000,82900,True,0.7,True,,85.27374267578125,1
2026-05-11T15:23:12+0000,1778512992.3102345,1778512992.3160372,PostgreSQL+Citus,citus_hot70,citus_native,663,select,3000,11041,True,0.7,True,,5.802631378173828,1
2026-05-11T15:23:12+0000,1778512992.2162538,1778512992.3162527,PostgreSQL+Citus,citus_hot70,citus_native,575,select,3000,44830,True,0.7,True,,99.99895095825195,1
2026-05-11T15:23:12+0000,1778512992.0266542,1778512992.3164368,PostgreSQL+Citus,citus_hot70,citus_native,454,select,2887,17493,False,0.7,True,,289.7825241088867,1
2026-05-11T15:23:12+0000,1778512992.3114161,1778512992.3167348,PostgreSQL+Citus,citus_hot70,citus_native,669,select,3000,1599,True,0.7,True,,5.318641662597656,1
2026-05-11T15:23:12+0000,1778512992.2184536,1778512992.3170335,PostgreSQL+Citus,citus_hot70,citus_native,581,select,3000,37219,True,0.7,True,,98.57988357543945,1
2026-05-11T15:23:12+0000,1778512992.3126194,1778512992.317236,PostgreSQL+Citus,citus_hot70,citus_native,674,select,3000,79636,True,0.7,True,,4.616498947143555,1
2026-05-11T15:23:12+0000,1778512992.2216055,1778512992.3174984,PostgreSQL+Citus,citus_hot70,citus_native,596,update,10907,86141,False,0.7,False,FeatureNotSupported,95.89290618896484,0
2026-05-11T15:23:12+0000,1778512992.3058844,1778512992.3176935,PostgreSQL+Citus,citus_hot70,citus_native,648,select,3000,70362,True,0.7,True,,11.809110641479492,1
2026-05-11T15:23:12+0000,1778512992.3075438,1778512992.3180583,PostgreSQL+Citus,citus_hot70,citus_native,653,update,3000,9345,True,0.7,False,FeatureNotSupported,10.514497756958008,0
2026-05-11T15:23:12+0000,1778512992.3092139,1778512992.3186762,PostgreSQL+Citus,citus_hot70,citus_native,659,select,3000,17908,True,0.7,True,,9.462356567382812,1
2026-05-11T15:23:12+0000,1778512992.21188,1778512992.3188722,PostgreSQL+Citus,citus_hot70,citus_native,561,select,3000,53423,True,0.7,True,,106.99224472045898,1
2026-05-11T15:23:12+0000,1778512992.024572,1778512992.3191574,PostgreSQL+Citus,citus_hot70,citus_native,445,select,6688,84310,False,0.7,True,,294.5854663848877,1
2026-05-11T15:23:12+0000,1778512992.2251947,1778512992.319481,PostgreSQL+Citus,citus_hot70,citus_native,610,select,3000,30069,True,0.7,True,,94.28620338439941,1
2026-05-11T15:23:12+0000,1778512992.2141602,1778512992.3197386,PostgreSQL+Citus,citus_hot70,citus_native,568,select,3000,16017,True,0.7,True,,105.57842254638672,1
2026-05-11T15:23:12+0000,1778512992.0249074,1778512992.3199596,PostgreSQL+Citus,citus_hot70,citus_native,447,select,14783,19179,False,0.7,True,,295.05228996276855,1
2026-05-11T15:23:12+0000,1778512992.2274473,1778512992.3202448,PostgreSQL+Citus,citus_hot70,citus_native,619,select,3000,47573,True,0.7,True,,92.79751777648926,1
2026-05-11T15:23:12+0000,1778512992.3115716,1778512992.320465,PostgreSQL+Citus,citus_hot70,citus_native,670,select,3000,44617,True,0.7,True,,8.893489837646484,1
2026-05-11T15:23:12+0000,1778512992.3159273,1778512992.3206418,PostgreSQL+Citus,citus_hot70,citus_native,685,update,3000,83668,True,0.7,False,FeatureNotSupported,4.714488983154297,0
2026-05-11T15:23:12+0000,1778512992.3088412,1778512992.3208418,PostgreSQL+Citus,citus_hot70,citus_native,658,select,3000,14131,True,0.7,True,,12.000560760498047,1
2026-05-11T15:23:12+0000,1778512992.3112307,1778512992.3209698,PostgreSQL+Citus,citus_hot70,citus_native,668,select,26137,81688,False,0.7,True,,9.739160537719727,1
2026-05-11T15:23:12+0000,1778512992.0098627,1778512992.3211462,PostgreSQL+Citus,citus_hot70,citus_native,390,select,4388,24117,False,0.7,True,,311.2835884094238,1
2026-05-11T15:23:12+0000,1778512992.3118281,1778512992.321303,PostgreSQL+Citus,citus_hot70,citus_native,671,insert,3000,55907,True,0.7,True,,9.474754333496094,1
2026-05-11T15:23:12+0000,1778512992.3053625,1778512992.321525,PostgreSQL+Citus,citus_hot70,citus_native,647,update,9557,86806,False,0.7,False,FeatureNotSupported,16.162633895874023,0
2026-05-11T15:23:12+0000,1778512992.227582,1778512992.3217363,PostgreSQL+Citus,citus_hot70,citus_native,620,update,3000,99778,True,0.7,False,FeatureNotSupported,94.15435791015625,0
2026-05-11T15:23:12+0000,1778512992.2224977,1778512992.321898,PostgreSQL+Citus,citus_hot70,citus_native,601,insert,3000,68453,True,0.7,True,,99.40028190612793,1
2026-05-11T15:23:12+0000,1778512992.2196276,1778512992.3220193,PostgreSQL+Citus,citus_hot70,citus_native,585,select,1360,46761,False,0.7,True,,102.39171981811523,1
2026-05-11T15:23:12+0000,1778512992.3094387,1778512992.3221378,PostgreSQL+Citus,citus_hot70,citus_native,660,select,14179,15322,False,0.7,True,,12.699127197265625,1
2026-05-11T15:23:12+0000,1778512992.2338994,1778512992.3222883,PostgreSQL+Citus,citus_hot70,citus_native,646,update,3000,7174,True,0.7,False,FeatureNotSupported,88.38891983032227,0
2026-05-11T15:23:12+0000,1778512992.3110764,1778512992.3224394,PostgreSQL+Citus,citus_hot70,citus_native,667,update,3000,26800,True,0.7,False,FeatureNotSupported,11.363029479980469,0
2026-05-11T15:23:12+0000,1778512992.3107243,1778512992.3227258,PostgreSQL+Citus,citus_hot70,citus_native,665,select,3000,70870,True,0.7,True,,12.001514434814453,1
2026-05-11T15:23:12+0000,1778512992.3109126,1778512992.322865,PostgreSQL+Citus,citus_hot70,citus_native,666,update,3000,14818,True,0.7,False,FeatureNotSupported,11.952400207519531,0
2026-05-11T15:23:12+0000,1778512992.2299113,1778512992.3229825,PostgreSQL+Citus,citus_hot70,citus_native,631,select,12078,12281,False,0.7,True,,93.07122230529785,1
2026-05-11T15:23:12+0000,1778512992.0117967,1778512992.3231466,PostgreSQL+Citus,citus_hot70,citus_native,396,insert,28639,33155,False,0.7,True,,311.34986877441406,1
2026-05-11T15:23:12+0000,1778512992.3227973,1778512992.3234775,PostgreSQL+Citus,citus_hot70,citus_native,715,update,25941,52486,False,0.7,False,FeatureNotSupported,0.6802082061767578,0
2026-05-11T15:23:12+0000,1778512992.2242956,1778512992.3239112,PostgreSQL+Citus,citus_hot70,citus_native,606,select,3000,23765,True,0.7,True,,99.61557388305664,1
2026-05-11T15:23:12+0000,1778512991.7168055,1778512992.3243513,PostgreSQL+Citus,citus_hot70,citus_native,269,insert,3000,92715,True,0.7,True,,607.5458526611328,1
2026-05-11T15:23:12+0000,1778512992.23237,1778512992.3245873,PostgreSQL+Citus,citus_hot70,citus_native,642,update,27028,95774,False,0.7,False,FeatureNotSupported,92.21744537353516,0
2026-05-11T15:23:12+0000,1778512992.3203554,1778512992.3247964,PostgreSQL+Citus,citus_hot70,citus_native,701,select,12297,30743,False,0.7,True,,4.441022872924805,1
2026-05-11T15:23:12+0000,1778512992.025898,1778512992.3249657,PostgreSQL+Citus,citus_hot70,citus_native,449,select,2540,17678,False,0.7,True,,299.06773567199707,1
2026-05-11T15:23:12+0000,1778512992.2266579,1778512992.3251286,PostgreSQL+Citus,citus_hot70,citus_native,615,select,3000,87058,True,0.7,True,,98.47068786621094,1
2026-05-11T15:23:12+0000,1778512992.2327042,1778512992.325253,PostgreSQL+Citus,citus_hot70,citus_native,643,select,3000,79469,True,0.7,True,,92.54884719848633,1
2026-05-11T15:23:12+0000,1778512991.8182378,1778512992.3253846,PostgreSQL+Citus,citus_hot70,citus_native,317,select,29330,74033,False,0.7,True,,507.14683532714844,1
2026-05-11T15:23:12+0000,1778512992.308284,1778512992.3255434,PostgreSQL+Citus,citus_hot70,citus_native,655,select,3000,34497,True,0.7,True,,17.25935935974121,1
2026-05-11T15:23:12+0000,1778512992.2173946,1778512992.3256729,PostgreSQL+Citus,citus_hot70,citus_native,578,select,3000,1094,True,0.7,True,,108.27827453613281,1
2026-05-11T15:23:12+0000,1778512992.3122392,1778512992.3257828,PostgreSQL+Citus,citus_hot70,citus_native,672,select,3000,91267,True,0.7,True,,13.54360580444336,1
2026-05-11T15:23:12+0000,1778512992.3236117,1778512992.3259263,PostgreSQL+Citus,citus_hot70,citus_native,719,update,3000,87899,True,0.7,False,FeatureNotSupported,2.3145675659179688,0
2026-05-11T15:23:12+0000,1778512992.320743,1778512992.3260903,PostgreSQL+Citus,citus_hot70,citus_native,703,update,3000,68884,True,0.7,False,FeatureNotSupported,5.347251892089844,0
2026-05-11T15:23:12+0000,1778512992.3175623,1778512992.3262331,PostgreSQL+Citus,citus_hot70,citus_native,692,update,3000,3621,True,0.7,False,FeatureNotSupported,8.670806884765625,0
2026-05-11T15:23:12+0000,1778512992.2203717,1778512992.32638,PostgreSQL+Citus,citus_hot70,citus_native,589,select,3000,35974,True,0.7,True,,106.00829124450684,1
2026-05-11T15:23:12+0000,1778512992.3177707,1778512992.3266122,PostgreSQL+Citus,citus_hot70,citus_native,693,select,3000,68285,True,0.7,True,,8.841514587402344,1
2026-05-11T15:23:12+0000,1778512992.3086975,1778512992.3268552,PostgreSQL+Citus,citus_hot70,citus_native,657,update,20494,24010,False,0.7,False,FeatureNotSupported,18.1577205657959,0
2026-05-11T15:23:12+0000,1778512992.3212128,1778512992.3272235,PostgreSQL+Citus,citus_hot70,citus_native,706,select,3000,51149,True,0.7,True,,6.010770797729492,1
2026-05-11T15:23:12+0000,1778512992.307929,1778512992.327698,PostgreSQL+Citus,citus_hot70,citus_native,654,select,999,107,False,0.7,True,,19.768953323364258,1
2026-05-11T15:23:12+0000,1778512992.3161361,1778512992.3278363,PostgreSQL+Citus,citus_hot70,citus_native,686,update,3000,74403,True,0.7,False,FeatureNotSupported,11.700153350830078,0
2026-05-11T15:23:12+0000,1778512992.2177854,1778512992.3279212,PostgreSQL+Citus,citus_hot70,citus_native,579,insert,24737,88525,False,0.7,True,,110.13579368591309,1
2026-05-11T15:23:12+0000,1778512992.314016,1778512992.3280902,PostgreSQL+Citus,citus_hot70,citus_native,678,select,3000,18580,True,0.7,True,,14.074087142944336,1
2026-05-11T15:23:12+0000,1778512992.313047,1778512992.328236,PostgreSQL+Citus,citus_hot70,citus_native,676,select,1970,60568,False,0.7,True,,15.189170837402344,1
2026-05-11T15:23:12+0000,1778512992.2245605,1778512992.3283906,PostgreSQL+Citus,citus_hot70,citus_native,607,select,3000,96527,True,0.7,True,,103.83009910583496,1
2026-05-11T15:23:12+0000,1778512992.3248641,1778512992.3285253,PostgreSQL+Citus,citus_hot70,citus_native,723,select,3000,58853,True,0.7,True,,3.6611557006835938,1
2026-05-11T15:23:12+0000,1778512992.314372,1778512992.3286934,PostgreSQL+Citus,citus_hot70,citus_native,679,select,3000,92253,True,0.7,True,,14.321327209472656,1
2026-05-11T15:23:12+0000,1778512992.314808,1778512992.3293707,PostgreSQL+Citus,citus_hot70,citus_native,680,select,3000,23487,True,0.7,True,,14.562845230102539,1
2026-05-11T15:23:12+0000,1778512992.2137935,1778512992.3295472,PostgreSQL+Citus,citus_hot70,citus_native,567,insert,3000,53797,True,0.7,True,,115.7536506652832,1
2026-05-11T15:23:12+0000,1778512992.2202306,1778512992.3297458,PostgreSQL+Citus,citus_hot70,citus_native,588,update,8182,10751,False,0.7,False,FeatureNotSupported,109.51519012451172,0
2026-05-11T15:23:12+0000,1778512992.0182326,1778512992.329862,PostgreSQL+Citus,citus_hot70,citus_native,421,select,4095,56557,False,0.7,True,,311.6295337677002,1
2026-05-11T15:23:12+0000,1778512992.3260028,1778512992.330065,PostgreSQL+Citus,citus_hot70,citus_native,731,update,10932,1471,False,0.7,False,FeatureNotSupported,4.062175750732422,0
2026-05-11T15:23:12+0000,1778512992.2308512,1778512992.330216,PostgreSQL+Citus,citus_hot70,citus_native,637,select,3000,29274,True,0.7,True,,99.3647575378418,1
2026-05-11T15:23:12+0000,1778512992.0210953,1778512992.3303614,PostgreSQL+Citus,citus_hot70,citus_native,429,select,11529,64291,False,0.7,True,,309.2660903930664,1
2026-05-11T15:23:12+0000,1778512991.8115468,1778512992.3304927,PostgreSQL+Citus,citus_hot70,citus_native,302,select,4027,83664,False,0.7,True,,518.9459323883057,1
2026-05-11T15:23:12+0000,1778512992.2206001,1778512992.3306477,PostgreSQL+Citus,citus_hot70,citus_native,590,select,3000,46474,True,0.7,True,,110.04757881164551,1
2026-05-11T15:23:12+0000,1778512992.330135,1778512992.3307931,PostgreSQL+Citus,citus_hot70,citus_native,750,update,3000,69681,True,0.7,False,FeatureNotSupported,0.6580352783203125,0
2026-05-11T15:23:12+0000,1778512992.3299062,1778512992.3309197,PostgreSQL+Citus,citus_hot70,citus_native,749,select,3000,44741,True,0.7,True,,1.0135173797607422,1
2026-05-11T15:23:12+0000,1778512992.3309767,1778512992.3314984,PostgreSQL+Citus,citus_hot70,citus_native,756,select,3000,69489,True,0.7,True,,0.5216598510742188,1
2026-05-11T15:23:12+0000,1778512992.3315465,1778512992.3321333,PostgreSQL+Citus,citus_hot70,citus_native,757,update,20868,36471,False,0.7,False,FeatureNotSupported,0.5867481231689453,0
2026-05-11T15:23:12+0000,1778512992.33085,1778512992.405167,PostgreSQL+Citus,citus_hot70,citus_native,755,select,8011,52201,False,0.7,True,,74.31721687316895,1
2026-05-11T15:23:12+0000,1778512992.2207503,1778512992.4063356,PostgreSQL+Citus,citus_hot70,citus_native,591,insert,3000,27998,True,0.7,True,,185.58526039123535,1
2026-05-11T15:23:12+0000,1778512992.3282902,1778512992.4066663,PostgreSQL+Citus,citus_hot70,citus_native,742,select,3000,97900,True,0.7,True,,78.37605476379395,1
2026-05-11T15:23:12+0000,1778512992.3223586,1778512992.4070013,PostgreSQL+Citus,citus_hot70,citus_native,713,select,3000,81291,True,0.7,True,,84.64264869689941,1
2026-05-11T15:23:12+0000,1778512992.3219502,1778512992.407782,PostgreSQL+Citus,citus_hot70,citus_native,710,update,3000,36050,True,0.7,False,FeatureNotSupported,85.83188056945801,0
2026-05-11T15:23:12+0000,1778512992.0238729,1778512992.4087477,PostgreSQL+Citus,citus_hot70,citus_native,443,select,21341,9664,False,0.7,True,,384.8748207092285,1
2026-05-11T15:23:12+0000,1778512992.3210278,1778512992.409084,PostgreSQL+Citus,citus_hot70,citus_native,705,update,3000,17100,True,0.7,False,FeatureNotSupported,88.05632591247559,0
2026-05-11T15:23:12+0000,1778512992.3256083,1778512992.4093413,PostgreSQL+Citus,citus_hot70,citus_native,728,select,3000,53569,True,0.7,True,,83.73308181762695,1
2026-05-11T15:23:12+0000,1778512992.3225613,1778512992.409632,PostgreSQL+Citus,citus_hot70,citus_native,714,select,11937,14494,False,0.7,True,,87.07070350646973,1
2026-05-11T15:23:12+0000,1778512992.022572,1778512992.4100068,PostgreSQL+Citus,citus_hot70,citus_native,437,select,870,38410,False,0.7,True,,387.434720993042,1
2026-05-11T15:23:12+0000,1778512992.3305528,1778512992.4102995,PostgreSQL+Citus,citus_hot70,citus_native,753,update,15510,71550,False,0.7,False,FeatureNotSupported,79.74672317504883,0
2026-05-11T15:23:12+0000,1778512992.3163283,1778512992.4105878,PostgreSQL+Citus,citus_hot70,citus_native,687,select,3000,23904,True,0.7,True,,94.25950050354004,1
2026-05-11T15:23:12+0000,1778512992.329649,1778512992.4112642,PostgreSQL+Citus,citus_hot70,citus_native,747,select,9381,44246,False,0.7,True,,81.61520957946777,1
2026-05-11T15:23:12+0000,1778512992.325436,1778512992.4115689,PostgreSQL+Citus,citus_hot70,citus_native,727,insert,3000,99111,True,0.7,True,,86.13276481628418,1
2026-05-11T15:23:12+0000,1778512992.3127813,1778512992.4117963,PostgreSQL+Citus,citus_hot70,citus_native,675,insert,3000,53634,True,0.7,True,,99.0149974822998,1
2026-05-11T15:23:12+0000,1778512992.4109485,1778512992.4121947,PostgreSQL+Citus,citus_hot70,citus_native,770,select,3000,29692,True,0.7,True,,1.2462139129638672,1
2026-05-11T15:23:12+0000,1778512992.3307102,1778512992.4123542,PostgreSQL+Citus,citus_hot70,citus_native,754,select,9413,1506,False,0.7,True,,81.64405822753906,1
2026-05-11T15:23:12+0000,1778512992.3084624,1778512992.412578,PostgreSQL+Citus,citus_hot70,citus_native,656,insert,906,38040,False,0.7,True,,104.11572456359863,1
2026-05-11T15:23:12+0000,1778512992.3220577,1778512992.4132786,PostgreSQL+Citus,citus_hot70,citus_native,711,select,24343,56100,False,0.7,True,,91.22085571289062,1
2026-05-11T15:23:12+0000,1778512992.3124454,1778512992.4139354,PostgreSQL+Citus,citus_hot70,citus_native,673,insert,3000,95251,True,0.7,True,,101.49002075195312,1
2026-05-11T15:23:12+0000,1778512992.120602,1778512992.4145017,PostgreSQL+Citus,citus_hot70,citus_native,507,select,3000,24425,True,0.7,True,,293.8997745513916,1
2026-05-11T15:23:12+0000,1778512992.3264592,1778512992.4150174,PostgreSQL+Citus,citus_hot70,citus_native,734,update,3000,47682,True,0.7,False,FeatureNotSupported,88.55819702148438,0
2026-05-11T15:23:12+0000,1778512992.1216173,1778512992.4154696,PostgreSQL+Citus,citus_hot70,citus_native,511,select,19561,26342,False,0.7,True,,293.8523292541504,1
2026-05-11T15:23:12+0000,1778512992.3184338,1778512992.4159298,PostgreSQL+Citus,citus_hot70,citus_native,694,select,3000,76134,True,0.7,True,,97.49603271484375,1
2026-05-11T15:23:12+0000,1778512992.1121964,1778512992.416458,PostgreSQL+Citus,citus_hot70,citus_native,479,select,574,86985,False,0.7,True,,304.2614459991455,1
2026-05-11T15:23:12+0000,1778512991.91792,1778512992.4166613,PostgreSQL+Citus,citus_hot70,citus_native,349,select,647,28040,False,0.7,True,,498.74114990234375,1
2026-05-11T15:23:12+0000,1778512992.3269727,1778512992.417203,PostgreSQL+Citus,citus_hot70,citus_native,736,select,3000,41461,True,0.7,True,,90.23022651672363,1
2026-05-11T15:23:12+0000,1778512992.4114237,1778512992.417779,PostgreSQL+Citus,citus_hot70,citus_native,771,select,3000,28016,True,0.7,True,,6.35528564453125,1
2026-05-11T15:23:12+0000,1778512992.4067757,1778512992.4179826,PostgreSQL+Citus,citus_hot70,citus_native,761,select,3000,80563,True,0.7,True,,11.206865310668945,1
2026-05-11T15:23:12+0000,1778512992.411953,1778512992.418252,PostgreSQL+Citus,citus_hot70,citus_native,773,select,3000,65874,True,0.7,True,,6.299018859863281,1
2026-05-11T15:23:12+0000,1778512992.3196034,1778512992.4184186,PostgreSQL+Citus,citus_hot70,citus_native,698,select,3000,11697,True,0.7,True,,98.8152027130127,1
2026-05-11T15:23:12+0000,1778512992.4082804,1778512992.418658,PostgreSQL+Citus,citus_hot70,citus_native,763,update,3000,93970,True,0.7,False,FeatureNotSupported,10.377645492553711,0
2026-05-11T15:23:12+0000,1778512992.1065593,1778512992.4191854,PostgreSQL+Citus,citus_hot70,citus_native,469,select,5288,44552,False,0.7,True,,312.6261234283447,1
2026-05-11T15:23:12+0000,1778512992.3287592,1778512992.4193985,PostgreSQL+Citus,citus_hot70,citus_native,745,select,3268,38045,False,0.7,True,,90.63935279846191,1
2026-05-11T15:23:12+0000,1778512992.3284395,1778512992.4195771,PostgreSQL+Citus,citus_hot70,citus_native,743,select,3000,28638,True,0.7,True,,91.13764762878418,1
2026-05-11T15:23:12+0000,1778512992.315758,1778512992.4198227,PostgreSQL+Citus,citus_hot70,citus_native,684,select,3000,54613,True,0.7,True,,104.0647029876709,1
2026-05-11T15:23:12+0000,1778512992.4152784,1778512992.4200242,PostgreSQL+Citus,citus_hot70,citus_native,780,update,3000,61362,True,0.7,False,FeatureNotSupported,4.745721817016602,0
2026-05-11T15:23:12+0000,1778512992.3187401,1778512992.420236,PostgreSQL+Citus,citus_hot70,citus_native,695,insert,4147,85635,False,0.7,True,,101.49598121643066,1
2026-05-11T15:23:12+0000,1778512992.3217802,1778512992.4204013,PostgreSQL+Citus,citus_hot70,citus_native,709,insert,3000,69440,True,0.7,True,,98.62112998962402,1
2026-05-11T15:23:12+0000,1778512992.327511,1778512992.4205532,PostgreSQL+Citus,citus_hot70,citus_native,737,select,3000,43977,True,0.7,True,,93.04213523864746,1
2026-05-11T15:23:12+0000,1778512992.3173687,1778512992.4207695,PostgreSQL+Citus,citus_hot70,citus_native,691,update,3000,46925,True,0.7,False,FeatureNotSupported,103.40070724487305,0
2026-05-11T15:23:12+0000,1778512992.3261442,1778512992.4211078,PostgreSQL+Citus,citus_hot70,citus_native,732,update,27821,11565,False,0.7,False,FeatureNotSupported,94.96355056762695,0
2026-05-11T15:23:12+0000,1778512992.3277624,1778512992.4213197,PostgreSQL+Citus,citus_hot70,citus_native,738,update,12107,3370,False,0.7,False,FeatureNotSupported,93.55735778808594,0
2026-05-11T15:23:12+0000,1778512992.4101648,1778512992.4215019,PostgreSQL+Citus,citus_hot70,citus_native,768,select,3000,90765,True,0.7,True,,11.337041854858398,1
2026-05-11T15:23:12+0000,1778512992.324435,1778512992.4217987,PostgreSQL+Citus,citus_hot70,citus_native,721,select,24501,59612,False,0.7,True,,97.36371040344238,1
2026-05-11T15:23:12+0000,1778512992.4053764,1778512992.4220624,PostgreSQL+Citus,citus_hot70,citus_native,759,select,3000,80833,True,0.7,True,,16.685962677001953,1
2026-05-11T15:23:12+0000,1778512992.3279808,1778512992.4221764,PostgreSQL+Citus,citus_hot70,citus_native,740,select,3000,27915,True,0.7,True,,94.19560432434082,1
2026-05-11T15:23:12+0000,1778512992.3232617,1778512992.4223845,PostgreSQL+Citus,citus_hot70,citus_native,718,select,3000,75064,True,0.7,True,,99.12276268005371,1
2026-05-11T15:23:12+0000,1778512992.3294275,1778512992.4225092,PostgreSQL+Citus,citus_hot70,citus_native,746,insert,3000,93122,True,0.7,True,,93.08171272277832,1
2026-05-11T15:23:12+0000,1778512992.3304074,1778512992.4226527,PostgreSQL+Citus,citus_hot70,citus_native,752,select,15481,80798,False,0.7,True,,92.24534034729004,1
2026-05-11T15:23:12+0000,1778512992.3198318,1778512992.4228194,PostgreSQL+Citus,citus_hot70,citus_native,699,select,3000,71337,True,0.7,True,,102.98752784729004,1
2026-05-11T15:23:12+0000,1778512992.4097357,1778512992.423,PostgreSQL+Citus,citus_hot70,citus_native,767,select,3000,71027,True,0.7,True,,13.26441764831543,1
2026-05-11T15:23:12+0000,1778512992.317078,1778512992.4231422,PostgreSQL+Citus,citus_hot70,citus_native,690,select,3000,41265,True,0.7,True,,106.0640811920166,1
2026-05-11T15:23:12+0000,1778512992.3155403,1778512992.423364,PostgreSQL+Citus,citus_hot70,citus_native,683,select,3000,22774,True,0.7,True,,107.82361030578613,1
2026-05-11T15:23:12+0000,1778512992.2077088,1778512992.4236357,PostgreSQL+Citus,citus_hot70,citus_native,548,select,26201,68429,False,0.7,True,,215.9268856048584,1
2026-05-11T15:23:12+0000,1778512992.4205992,1778512992.423811,PostgreSQL+Citus,citus_hot70,citus_native,798,update,384,38183,False,0.7,False,FeatureNotSupported,3.2117366790771484,0
2026-05-11T15:23:12+0000,1778512992.2254274,1778512992.4240217,PostgreSQL+Citus,citus_hot70,citus_native,612,select,5976,18515,False,0.7,True,,198.594331741333,1
2026-05-11T15:23:12+0000,1778512992.3253078,1778512992.424236,PostgreSQL+Citus,citus_hot70,citus_native,726,select,3000,82892,True,0.7,True,,98.92821311950684,1
2026-05-11T15:23:12+0000,1778512992.421583,1778512992.424408,PostgreSQL+Citus,citus_hot70,citus_native,802,update,3000,95618,True,0.7,False,FeatureNotSupported,2.825021743774414,0
2026-05-11T15:23:12+0000,1778512992.3153164,1778512992.4246988,PostgreSQL+Citus,citus_hot70,citus_native,682,update,3000,29951,True,0.7,False,FeatureNotSupported,109.38239097595215,0
2026-05-11T15:23:12+0000,1778512992.4236948,1778512992.4249265,PostgreSQL+Citus,citus_hot70,citus_native,813,select,3000,93409,True,0.7,True,,1.2316703796386719,1
2026-05-11T15:23:12+0000,1778512992.3213706,1778512992.4252217,PostgreSQL+Citus,citus_hot70,citus_native,707,select,3000,48164,True,0.7,True,,103.8510799407959,1
2026-05-11T15:23:12+0000,1778512992.3241897,1778512992.425702,PostgreSQL+Citus,citus_hot70,citus_native,720,select,14059,84488,False,0.7,True,,101.51243209838867,1
2026-05-11T15:23:12+0000,1778512992.4245198,1778512992.4260542,PostgreSQL+Citus,citus_hot70,citus_native,817,select,3000,33919,True,0.7,True,,1.5344619750976562,1
2026-05-11T15:23:12+0000,1778512992.4187746,1778512992.426368,PostgreSQL+Citus,citus_hot70,citus_native,790,select,3000,54179,True,0.7,True,,7.593393325805664,1
2026-05-11T15:23:12+0000,1778512992.4225686,1778512992.4265704,PostgreSQL+Citus,citus_hot70,citus_native,807,update,577,14595,False,0.7,False,FeatureNotSupported,4.001855850219727,0
2026-05-11T15:23:12+0000,1778512992.3221939,1778512992.4267197,PostgreSQL+Citus,citus_hot70,citus_native,712,update,3000,80496,True,0.7,False,FeatureNotSupported,104.52580451965332,0
2026-05-11T15:23:12+0000,1778512992.3302782,1778512992.4269133,PostgreSQL+Citus,citus_hot70,citus_native,751,select,2423,98344,False,0.7,True,,96.63510322570801,1
2026-05-11T15:23:12+0000,1778512992.4064264,1778512992.4271188,PostgreSQL+Citus,citus_hot70,citus_native,760,select,3000,76585,True,0.7,True,,20.69234848022461,1
2026-05-11T15:23:12+0000,1778512992.4122527,1778512992.427269,PostgreSQL+Citus,citus_hot70,citus_native,774,select,3000,11836,True,0.7,True,,15.016317367553711,1
2026-05-11T15:23:12+0000,1778512992.422896,1778512992.4275558,PostgreSQL+Citus,citus_hot70,citus_native,809,select,3000,20708,True,0.7,True,,4.659891128540039,1
2026-05-11T15:23:12+0000,1778512992.326686,1778512992.4277864,PostgreSQL+Citus,citus_hot70,citus_native,735,insert,3000,28882,True,0.7,True,,101.10044479370117,1
2026-05-11T15:23:12+0000,1778512992.4239063,1778512992.427955,PostgreSQL+Citus,citus_hot70,citus_native,814,select,3000,59816,True,0.7,True,,4.048585891723633,1
2026-05-11T15:23:12+0000,1778512992.3281476,1778512992.428211,PostgreSQL+Citus,citus_hot70,citus_native,741,select,24143,87757,False,0.7,True,,100.06332397460938,1
2026-05-11T15:23:12+0000,1778512992.1260133,1778512992.4283707,PostgreSQL+Citus,citus_hot70,citus_native,532,insert,10817,60549,False,0.7,True,,302.35743522644043,1
2026-05-11T15:23:12+0000,1778512992.4165194,1778512992.428532,PostgreSQL+Citus,citus_hot70,citus_native,783,insert,3000,31865,True,0.7,True,,12.012481689453125,1
2026-05-11T15:23:12+0000,1778512992.4253268,1778512992.4286954,PostgreSQL+Citus,citus_hot70,citus_native,820,select,3000,56002,True,0.7,True,,3.3686161041259766,1
2026-05-11T15:23:12+0000,1778512992.3250456,1778512992.4288168,PostgreSQL+Citus,citus_hot70,citus_native,724,select,3000,9509,True,0.7,True,,103.77120971679688,1
2026-05-11T15:23:12+0000,1778512992.4167452,1778512992.4289742,PostgreSQL+Citus,citus_hot70,citus_native,784,select,3000,80424,True,0.7,True,,12.228965759277344,1
2026-05-11T15:23:12+0000,1778512992.326291,1778512992.4293573,PostgreSQL+Citus,citus_hot70,citus_native,733,select,3000,37197,True,0.7,True,,103.06620597839355,1
2026-05-11T15:23:12+0000,1778512992.3168898,1778512992.4304492,PostgreSQL+Citus,citus_hot70,citus_native,689,select,3000,51592,True,0.7,True,,113.55948448181152,1
2026-05-11T15:23:12+0000,1778512992.1198025,1778512992.4317448,PostgreSQL+Citus,citus_hot70,citus_native,501,insert,8498,22672,False,0.7,True,,311.94233894348145,1
2026-05-11T15:23:12+0000,1778512992.4146798,1778512992.4321759,PostgreSQL+Citus,citus_hot70,citus_native,779,select,3000,32450,True,0.7,True,,17.496109008789062,1
2026-05-11T15:23:12+0000,1778512992.3165276,1778512992.4323986,PostgreSQL+Citus,citus_hot70,citus_native,688,select,3000,66248,True,0.7,True,,115.87095260620117,1
2026-05-11T15:23:12+0000,1778512992.3228955,1778512992.432575,PostgreSQL+Citus,citus_hot70,citus_native,716,update,3000,12585,True,0.7,False,FeatureNotSupported,109.6794605255127,0
2026-05-11T15:23:12+0000,1778512992.407163,1778512992.4329119,PostgreSQL+Citus,citus_hot70,citus_native,762,select,3000,37820,True,0.7,True,,25.74896812438965,1
2026-05-11T15:23:12+0000,1778512992.418309,1778512992.43306,PostgreSQL+Citus,citus_hot70,citus_native,788,update,3000,13610,True,0.7,False,FeatureNotSupported,14.750957489013672,0
2026-05-11T15:23:12+0000,1778512992.2313483,1778512992.4334602,PostgreSQL+Citus,citus_hot70,citus_native,639,insert,3000,83112,True,0.7,True,,202.11195945739746,1
2026-05-11T15:23:12+0000,1778512992.3192823,1778512992.4339893,PostgreSQL+Citus,citus_hot70,citus_native,697,insert,3168,36612,False,0.7,True,,114.70699310302734,1
2026-05-11T15:23:12+0000,1778512992.1110575,1778512992.4342976,PostgreSQL+Citus,citus_hot70,citus_native,476,select,1020,906,False,0.7,True,,323.2400417327881,1
2026-05-11T15:23:12+0000,1778512992.4258113,1778512992.4346397,PostgreSQL+Citus,citus_hot70,citus_native,821,select,3000,99492,True,0.7,True,,8.828401565551758,1
2026-05-11T15:23:12+0000,1778512992.4204655,1778512992.435033,PostgreSQL+Citus,citus_hot70,citus_native,797,insert,3000,98226,True,0.7,True,,14.56761360168457,1
2026-05-11T15:23:12+0000,1778512992.420934,1778512992.4352884,PostgreSQL+Citus,citus_hot70,citus_native,799,select,3000,68996,True,0.7,True,,14.354467391967773,1
2026-05-11T15:23:12+0000,1778512992.320888,1778512992.4356265,PostgreSQL+Citus,citus_hot70,citus_native,704,select,3000,42117,True,0.7,True,,114.73846435546875,1
2026-05-11T15:23:12+0000,1778512992.320034,1778512992.4359083,PostgreSQL+Citus,citus_hot70,citus_native,700,insert,3000,72514,True,0.7,True,,115.8742904663086,1
2026-05-11T15:23:12+0000,1778512992.325836,1778512992.4362385,PostgreSQL+Citus,citus_hot70,citus_native,730,insert,3000,7473,True,0.7,True,,110.40258407592773,1
2026-05-11T15:23:12+0000,1778512992.4337897,1778512992.436594,PostgreSQL+Citus,citus_hot70,citus_native,846,select,3000,13417,True,0.7,True,,2.804279327392578,1
2026-05-11T15:23:12+0000,1778512992.4290054,1778512992.43675,PostgreSQL+Citus,citus_hot70,citus_native,837,select,3000,78145,True,0.7,True,,7.744550704956055,1
2026-05-11T15:23:12+0000,1778512992.318983,1778512992.4369404,PostgreSQL+Citus,citus_hot70,citus_native,696,select,5678,21400,False,0.7,True,,117.95735359191895,1
2026-05-11T15:23:12+0000,1778512992.4203024,1778512992.4371738,PostgreSQL+Citus,citus_hot70,citus_native,796,select,3000,28035,True,0.7,True,,16.87145233154297,1
2026-05-11T15:23:12+0000,1778512992.4360538,1778512992.437344,PostgreSQL+Citus,citus_hot70,citus_native,853,update,4606,44233,False,0.7,False,FeatureNotSupported,1.2903213500976562,0
2026-05-11T15:23:12+0000,1778512992.4194517,1778512992.4375627,PostgreSQL+Citus,citus_hot70,citus_native,792,select,3000,55830,True,0.7,True,,18.110990524291992,1
2026-05-11T15:23:12+0000,1778512992.3216288,1778512992.4379003,PostgreSQL+Citus,citus_hot70,citus_native,708,insert,3000,84432,True,0.7,True,,116.2714958190918,1
2026-05-11T15:23:12+0000,1778512992.4372406,1778512992.4381328,PostgreSQL+Citus,citus_hot70,citus_native,858,update,3000,8779,True,0.7,False,FeatureNotSupported,0.8921623229980469,0
2026-05-11T15:23:12+0000,1778512992.4264598,1778512992.5053039,PostgreSQL+Citus,citus_hot70,citus_native,823,select,3000,1222,True,0.7,True,,78.84407043457031,1
2026-05-11T15:23:12+0000,1778512992.3321934,1778512992.5056746,PostgreSQL+Citus,citus_hot70,citus_native,758,insert,16955,55536,False,0.7,True,,173.48122596740723,1
2026-05-11T15:23:12+0000,1778512992.431158,1778512992.5059974,PostgreSQL+Citus,citus_hot70,citus_native,839,select,3000,94335,True,0.7,True,,74.83935356140137,1
2026-05-11T15:23:12+0000,1778512992.4368067,1778512992.5064232,PostgreSQL+Citus,citus_hot70,citus_native,856,select,3000,81017,True,0.7,True,,69.61655616760254,1
2026-05-11T15:23:12+0000,1778512992.4199014,1778512992.5069313,PostgreSQL+Citus,citus_hot70,citus_native,794,update,29071,77296,False,0.7,False,FeatureNotSupported,87.02993392944336,0
2026-05-11T15:23:12+0000,1778512992.4212089,1778512992.5073102,PostgreSQL+Citus,citus_hot70,citus_native,800,select,3000,29032,True,0.7,True,,86.10129356384277,1
2026-05-11T15:23:12+0000,1778512992.4382346,1778512992.507578,PostgreSQL+Citus,citus_hot70,citus_native,862,select,3000,67953,True,0.7,True,,69.34332847595215,1
2026-05-11T15:23:12+0000,1778512992.4231894,1778512992.507932,PostgreSQL+Citus,citus_hot70,citus_native,811,select,3000,18391,True,0.7,True,,84.74254608154297,1
2026-05-11T15:23:12+0000,1778512992.4282837,1778512992.508277,PostgreSQL+Citus,citus_hot70,citus_native,832,select,3000,21811,True,0.7,True,,79.99324798583984,1
2026-05-11T15:23:12+0000,1778512992.4363115,1778512992.5086455,PostgreSQL+Citus,citus_hot70,citus_native,854,select,3000,70390,True,0.7,True,,72.33405113220215,1
2026-05-11T15:23:12+0000,1778512992.4366632,1778512992.508968,PostgreSQL+Citus,citus_hot70,citus_native,855,select,3000,30189,True,0.7,True,,72.30496406555176,1
2026-05-11T15:23:12+0000,1778512992.4224374,1778512992.5092654,PostgreSQL+Citus,citus_hot70,citus_native,806,select,3000,98353,True,0.7,True,,86.82799339294434,1
2026-05-11T15:23:12+0000,1778512992.4376807,1778512992.509682,PostgreSQL+Citus,citus_hot70,citus_native,860,update,3000,62157,True,0.7,False,FeatureNotSupported,72.00121879577637,0
2026-05-11T15:23:12+0000,1778512992.4234984,1778512992.5099864,PostgreSQL+Citus,citus_hot70,citus_native,812,select,3000,65501,True,0.7,True,,86.48800849914551,1
2026-05-11T15:23:12+0000,1778512992.4280367,1778512992.5104158,PostgreSQL+Citus,citus_hot70,citus_native,831,select,3000,99960,True,0.7,True,,82.37910270690918,1
2026-05-11T15:23:12+0000,1778512992.428753,1778512992.5107825,PostgreSQL+Citus,citus_hot70,citus_native,835,select,3000,67736,True,0.7,True,,82.02958106994629,1
2026-05-11T15:23:12+0000,1778512992.4284346,1778512992.5111024,PostgreSQL+Citus,citus_hot70,citus_native,833,insert,3000,75196,True,0.7,True,,82.66782760620117,1
2026-05-11T15:23:12+0000,1778512992.4353771,1778512992.5115495,PostgreSQL+Citus,citus_hot70,citus_native,851,update,3000,43940,True,0.7,False,FeatureNotSupported,76.1723518371582,0
2026-05-11T15:23:12+0000,1778512992.4278448,1778512992.5121937,PostgreSQL+Citus,citus_hot70,citus_native,830,select,11671,68042,False,0.7,True,,84.34891700744629,1
2026-05-11T15:23:12+0000,1778512992.4213862,1778512992.512669,PostgreSQL+Citus,citus_hot70,citus_native,801,select,3000,62479,True,0.7,True,,91.28284454345703,1
2026-05-11T15:23:12+0000,1778512992.5055106,1778512992.5129158,PostgreSQL+Citus,citus_hot70,citus_native,863,select,3000,25189,True,0.7,True,,7.405281066894531,1
2026-05-11T15:23:12+0000,1778512992.4266245,1778512992.5131323,PostgreSQL+Citus,citus_hot70,citus_native,824,select,3000,26384,True,0.7,True,,86.50779724121094,1
2026-05-11T15:23:12+0000,1778512992.5065565,1778512992.5134,PostgreSQL+Citus,citus_hot70,citus_native,866,select,3000,4747,True,0.7,True,,6.84356689453125,1
2026-05-11T15:23:12+0000,1778512992.417587,1778512992.5137112,PostgreSQL+Citus,citus_hot70,citus_native,785,select,27020,27485,False,0.7,True,,96.12417221069336,1
2026-05-11T15:23:12+0000,1778512992.4329848,1778512992.5139544,PostgreSQL+Citus,citus_hot70,citus_native,844,select,10941,46015,False,0.7,True,,80.96957206726074,1
2026-05-11T15:23:12+0000,1778512992.5076845,1778512992.5142236,PostgreSQL+Citus,citus_hot70,citus_native,869,select,3000,84302,True,0.7,True,,6.539106369018555,1
2026-05-11T15:23:12+0000,1778512992.214468,1778512992.5144758,PostgreSQL+Citus,citus_hot70,citus_native,570,select,25071,95336,False,0.7,True,,300.00782012939453,1
2026-05-11T15:23:12+0000,1778512992.123816,1778512992.5146604,PostgreSQL+Citus,citus_hot70,citus_native,522,select,24636,79709,False,0.7,True,,390.84434509277344,1
2026-05-11T15:23:12+0000,1778512992.4127107,1778512992.5148747,PostgreSQL+Citus,citus_hot70,citus_native,776,select,3000,89308,True,0.7,True,,102.16403007507324,1
2026-05-11T15:23:12+0000,1778512992.508339,1778512992.515049,PostgreSQL+Citus,citus_hot70,citus_native,871,select,3000,71519,True,0.7,True,,6.710052490234375,1
2026-05-11T15:23:12+0000,1778512992.4326916,1778512992.5152025,PostgreSQL+Citus,citus_hot70,citus_native,843,select,3000,83695,True,0.7,True,,82.51094818115234,1
2026-05-11T15:23:12+0000,1778512992.422104,1778512992.5153742,PostgreSQL+Citus,citus_hot70,citus_native,804,select,3000,36236,True,0.7,True,,93.27030181884766,1
2026-05-11T15:23:12+0000,1778512992.4324348,1778512992.5155137,PostgreSQL+Citus,citus_hot70,citus_native,842,update,3000,86833,True,0.7,False,FeatureNotSupported,83.07886123657227,0
2026-05-11T15:23:12+0000,1778512992.320512,1778512992.5156765,PostgreSQL+Citus,citus_hot70,citus_native,702,select,27084,96542,False,0.7,True,,195.16444206237793,1
2026-05-11T15:23:12+0000,1778512992.4185085,1778512992.5158179,PostgreSQL+Citus,citus_hot70,citus_native,789,select,8986,70218,False,0.7,True,,97.30935096740723,1
2026-05-11T15:23:12+0000,1778512992.43225,1778512992.515974,PostgreSQL+Citus,citus_hot70,citus_native,841,select,3000,1129,True,0.7,True,,83.7240219116211,1
2026-05-11T15:23:12+0000,1778512992.433105,1778512992.516137,PostgreSQL+Citus,citus_hot70,citus_native,845,select,6160,41953,False,0.7,True,,83.03189277648926,1
2026-05-11T15:23:12+0000,1778512992.4201374,1778512992.5168185,PostgreSQL+Citus,citus_hot70,citus_native,795,select,3000,38915,True,0.7,True,,96.68111801147461,1
2026-05-11T15:23:12+0000,1778512992.5112853,1778512992.5174882,PostgreSQL+Citus,citus_hot70,citus_native,879,select,3000,25570,True,0.7,True,,6.202936172485352,1
2026-05-11T15:23:12+0000,1778512992.4286058,1778512992.517588,PostgreSQL+Citus,citus_hot70,citus_native,834,select,3000,48129,True,0.7,True,,88.98210525512695,1
2026-05-11T15:23:12+0000,1778512992.1192923,1778512992.517735,PostgreSQL+Citus,citus_hot70,citus_native,498,select,511,89354,False,0.7,True,,398.44274520874023,1
2026-05-11T15:23:12+0000,1778512992.4181185,1778512992.5179021,PostgreSQL+Citus,citus_hot70,citus_native,787,select,3000,40983,True,0.7,True,,99.78365898132324,1
2026-05-11T15:23:12+0000,1778512992.5080388,1778512992.5181248,PostgreSQL+Citus,citus_hot70,citus_native,870,update,3000,10593,True,0.7,False,FeatureNotSupported,10.0860595703125,0
2026-05-11T15:23:12+0000,1778512992.5132127,1778512992.5182645,PostgreSQL+Citus,citus_hot70,citus_native,884,select,3000,79001,True,0.7,True,,5.051851272583008,1
2026-05-11T15:23:12+0000,1778512992.4243014,1778512992.5184577,PostgreSQL+Citus,citus_hot70,citus_native,816,select,3000,95423,True,0.7,True,,94.15626525878906,1
2026-05-11T15:23:12+0000,1778512992.435737,1778512992.5186484,PostgreSQL+Citus,citus_hot70,citus_native,852,select,3000,80267,True,0.7,True,,82.91149139404297,1
2026-05-11T15:23:12+0000,1778512992.4094734,1778512992.5188148,PostgreSQL+Citus,citus_hot70,citus_native,766,select,3000,84923,True,0.7,True,,109.34138298034668,1
2026-05-11T15:23:12+0000,1778512992.509405,1778512992.518959,PostgreSQL+Citus,citus_hot70,citus_native,874,update,3000,55043,True,0.7,False,FeatureNotSupported,9.554147720336914,0
2026-05-11T15:23:12+0000,1778512992.1160154,1778512992.5191002,PostgreSQL+Citus,citus_hot70,citus_native,486,select,28912,86128,False,0.7,True,,403.08475494384766,1
2026-05-11T15:23:12+0000,1778512992.2126615,1778512992.5192041,PostgreSQL+Citus,citus_hot70,citus_native,564,select,6519,69134,False,0.7,True,,306.54263496398926,1
2026-05-11T15:23:12+0000,1778512992.5145414,1778512992.519295,PostgreSQL+Citus,citus_hot70,citus_native,889,update,3000,56777,True,0.7,False,FeatureNotSupported,4.753589630126953,0
2026-05-11T15:23:12+0000,1778512992.4227076,1778512992.5193992,PostgreSQL+Citus,citus_hot70,citus_native,808,select,9294,17365,False,0.7,True,,96.69160842895508,1
2026-05-11T15:23:12+0000,1778512992.4219377,1778512992.5195563,PostgreSQL+Citus,citus_hot70,citus_native,803,insert,3000,92194,True,0.7,True,,97.61857986450195,1
2026-05-11T15:23:12+0000,1778512992.4297066,1778512992.5197392,PostgreSQL+Citus,citus_hot70,citus_native,838,select,3000,6927,True,0.7,True,,90.03257751464844,1
2026-05-11T15:23:12+0000,1778512992.4374106,1778512992.519978,PostgreSQL+Citus,citus_hot70,citus_native,859,insert,3000,79413,True,0.7,True,,82.56745338439941,1
2026-05-11T15:23:12+0000,1778512992.5149465,1778512992.520254,PostgreSQL+Citus,citus_hot70,citus_native,891,update,3000,30902,True,0.7,False,FeatureNotSupported,5.307435989379883,0
2026-05-11T15:23:12+0000,1778512992.51087,1778512992.5204167,PostgreSQL+Citus,citus_hot70,citus_native,878,select,3000,56032,True,0.7,True,,9.546756744384766,1
2026-05-11T15:23:12+0000,1778512992.1273808,1778512992.5205333,PostgreSQL+Citus,citus_hot70,citus_native,538,select,28920,97255,False,0.7,True,,393.15247535705566,1
2026-05-11T15:23:12+0000,1778512992.4140885,1778512992.5206642,PostgreSQL+Citus,citus_hot70,citus_native,778,insert,3000,38138,True,0.7,True,,106.57572746276855,1
2026-05-11T15:23:12+0000,1778512992.5087764,1778512992.5207665,PostgreSQL+Citus,citus_hot70,citus_native,872,insert,3000,31707,True,0.7,True,,11.990070343017578,1
2026-05-11T15:23:12+0000,1778512992.4370534,1778512992.5208743,PostgreSQL+Citus,citus_hot70,citus_native,857,update,3000,60380,True,0.7,False,FeatureNotSupported,83.82081985473633,0
2026-05-11T15:23:12+0000,1778512992.4273179,1778512992.5209792,PostgreSQL+Citus,citus_hot70,citus_native,828,select,3000,84478,True,0.7,True,,93.66130828857422,1
2026-05-11T15:23:12+0000,1778512992.507397,1778512992.5210886,PostgreSQL+Citus,citus_hot70,citus_native,868,select,7952,57504,False,0.7,True,,13.69166374206543,1
2026-05-11T15:23:12+0000,1778512992.4288619,1778512992.5212226,PostgreSQL+Citus,citus_hot70,citus_native,836,insert,5649,68228,False,0.7,True,,92.3607349395752,1
2026-05-11T15:23:12+0000,1778512992.4222505,1778512992.521523,PostgreSQL+Citus,citus_hot70,citus_native,805,select,3000,25076,True,0.7,True,,99.27248954772949,1
2026-05-11T15:23:12+0000,1778512992.2164044,1778512992.5217116,PostgreSQL+Citus,citus_hot70,citus_native,576,select,24319,7568,False,0.7,True,,305.30714988708496,1
2026-05-11T15:23:12+0000,1778512992.4379656,1778512992.52185,PostgreSQL+Citus,citus_hot70,citus_native,861,select,3000,77373,True,0.7,True,,83.88447761535645,1
2026-05-11T15:23:12+0000,1778512992.5090587,1778512992.5219786,PostgreSQL+Citus,citus_hot70,citus_native,873,select,3000,99484,True,0.7,True,,12.919902801513672,1
2026-05-11T15:23:12+0000,1778512992.5106027,1778512992.5220752,PostgreSQL+Citus,citus_hot70,citus_native,877,update,3000,48288,True,0.7,False,FeatureNotSupported,11.472463607788086,0
2026-05-11T15:23:12+0000,1778512992.024781,1778512992.5222049,PostgreSQL+Citus,citus_hot70,citus_native,446,select,3000,33408,True,0.7,True,,497.4238872528076,1
2026-05-11T15:23:12+0000,1778512992.5151024,1778512992.5223308,PostgreSQL+Citus,citus_hot70,citus_native,892,select,3000,73203,True,0.7,True,,7.228374481201172,1
2026-05-11T15:23:12+0000,1778512992.1074402,1778512992.5224113,PostgreSQL+Citus,citus_hot70,citus_native,471,select,25117,79562,False,0.7,True,,414.97111320495605,1
2026-05-11T15:23:12+0000,1778512992.229586,1778512992.5224912,PostgreSQL+Citus,citus_hot70,citus_native,629,select,20584,29572,False,0.7,True,,292.905330657959,1
2026-05-11T15:23:12+0000,1778512992.5117052,1778512992.5225506,PostgreSQL+Citus,citus_hot70,citus_native,880,select,9448,97102,False,0.7,True,,10.845422744750977,1
2026-05-11T15:23:12+0000,1778512992.419296,1778512992.5226643,PostgreSQL+Citus,citus_hot70,citus_native,791,select,24598,18709,False,0.7,True,,103.36828231811523,1
2026-05-11T15:23:12+0000,1778512992.4269993,1778512992.5228074,PostgreSQL+Citus,citus_hot70,citus_native,826,select,3000,21433,True,0.7,True,,95.80802917480469,1
2026-05-11T15:23:12+0000,1778512992.4241195,1778512992.522905,PostgreSQL+Citus,citus_hot70,citus_native,815,select,3000,23600,True,0.7,True,,98.7856388092041,1
2026-05-11T15:23:12+0000,1778512992.4262235,1778512992.5230365,PostgreSQL+Citus,citus_hot70,citus_native,822,select,3000,70572,True,0.7,True,,96.81296348571777,1
2026-05-11T15:23:12+0000,1778512992.507098,1778512992.5231435,PostgreSQL+Citus,citus_hot70,citus_native,867,select,13928,457,False,0.7,True,,16.045570373535156,1
2026-05-11T15:23:12+0000,1778512992.4124177,1778512992.5232713,PostgreSQL+Citus,citus_hot70,citus_native,775,update,17425,96032,False,0.7,False,FeatureNotSupported,110.85367202758789,0
2026-05-11T15:23:12+0000,1778512992.4343638,1778512992.5233722,PostgreSQL+Citus,citus_hot70,citus_native,848,select,10092,61187,False,0.7,True,,89.00833129882812,1
2026-05-11T15:23:12+0000,1778512992.417845,1778512992.5235374,PostgreSQL+Citus,citus_hot70,citus_native,786,update,3000,58222,True,0.7,False,FeatureNotSupported,105.69238662719727,0
2026-05-11T15:23:12+0000,1778512992.506165,1778512992.523705,PostgreSQL+Citus,citus_hot70,citus_native,865,select,3000,63835,True,0.7,True,,17.53997802734375,1
2026-05-11T15:23:12+0000,1778512992.514311,1778512992.523813,PostgreSQL+Citus,citus_hot70,citus_native,888,select,3000,7488,True,0.7,True,,9.501934051513672,1
2026-05-11T15:23:12+0000,1778512992.3246834,1778512992.5238676,PostgreSQL+Citus,citus_hot70,citus_native,722,select,26824,62995,False,0.7,True,,199.18417930603027,1
2026-05-11T15:23:12+0000,1778512992.5135412,1778512992.52397,PostgreSQL+Citus,citus_hot70,citus_native,885,update,3000,71822,True,0.7,False,FeatureNotSupported,10.428667068481445,0
2026-05-11T15:23:12+0000,1778512992.4351559,1778512992.5241044,PostgreSQL+Citus,citus_hot70,citus_native,850,select,3000,66980,True,0.7,True,,88.94848823547363,1
2026-05-11T15:23:12+0000,1778512992.4136076,1778512992.524248,PostgreSQL+Citus,citus_hot70,citus_native,777,select,3000,89558,True,0.7,True,,110.64028739929199,1
2026-05-11T15:23:12+0000,1778512992.1247993,1778512992.5243468,PostgreSQL+Citus,citus_hot70,citus_native,526,select,19984,22449,False,0.7,True,,399.5475769042969,1
2026-05-11T15:23:12+0000,1778512992.3257089,1778512992.5244853,PostgreSQL+Citus,citus_hot70,citus_native,729,select,28097,53398,False,0.7,True,,198.7764835357666,1
2026-05-11T15:23:12+0000,1778512992.419654,1778512992.5245912,PostgreSQL+Citus,citus_hot70,citus_native,793,update,23904,70315,False,0.7,False,FeatureNotSupported,104.93731498718262,0
2026-05-11T15:23:12+0000,1778512992.4250307,1778512992.52478,PostgreSQL+Citus,citus_hot70,citus_native,819,insert,3000,83369,True,0.7,True,,99.74932670593262,1
2026-05-11T15:23:12+0000,1778512992.426791,1778512992.5256538,PostgreSQL+Citus,citus_hot70,citus_native,825,select,19904,68769,False,0.7,True,,98.86288642883301,1
2026-05-11T15:23:12+0000,1778512992.4271975,1778512992.5258293,PostgreSQL+Citus,citus_hot70,citus_native,827,select,14702,6825,False,0.7,True,,98.6318588256836,1
2026-05-11T15:23:12+0000,1778512992.5127506,1778512992.5259223,PostgreSQL+Citus,citus_hot70,citus_native,882,insert,3000,21088,True,0.7,True,,13.171672821044922,1
2026-05-11T15:23:12+0000,1778512992.51248,1778512992.526064,PostgreSQL+Citus,citus_hot70,citus_native,881,update,9588,84569,False,0.7,False,FeatureNotSupported,13.583898544311523,0
2026-05-11T15:23:12+0000,1778512992.434108,1778512992.5262177,PostgreSQL+Citus,citus_hot70,citus_native,847,insert,3000,32469,True,0.7,True,,92.10968017578125,1
2026-05-11T15:23:12+0000,1778512992.1130042,1778512992.5263207,PostgreSQL+Citus,citus_hot70,citus_native,481,select,6410,94042,False,0.7,True,,413.3164882659912,1
2026-05-11T15:23:12+0000,1778512992.5157177,1778512992.5264323,PostgreSQL+Citus,citus_hot70,citus_native,896,select,3000,20765,True,0.7,True,,10.714530944824219,1
2026-05-11T15:23:12+0000,1778512992.4103584,1778512992.52668,PostgreSQL+Citus,citus_hot70,citus_native,769,update,21750,55969,False,0.7,False,FeatureNotSupported,116.32156372070312,0
2026-05-11T15:23:12+0000,1778512992.5154257,1778512992.6051323,PostgreSQL+Citus,citus_hot70,citus_native,894,select,3000,6578,True,0.7,True,,89.7066593170166,1
2026-05-11T15:23:12+0000,1778512992.5130005,1778512992.6053464,PostgreSQL+Citus,citus_hot70,citus_native,883,select,3000,49595,True,0.7,True,,92.3459529876709,1
2026-05-11T15:23:12+0000,1778512992.5158958,1778512992.605616,PostgreSQL+Citus,citus_hot70,citus_native,897,select,4920,49805,False,0.7,True,,89.72024917602539,1
2026-05-11T15:23:12+0000,1778512992.510083,1778512992.6058314,PostgreSQL+Citus,citus_hot70,citus_native,876,select,3000,57857,True,0.7,True,,95.7484245300293,1
2026-05-11T15:23:12+0000,1778512992.5140328,1778512992.6059425,PostgreSQL+Citus,citus_hot70,citus_native,887,insert,3000,19512,True,0.7,True,,91.90964698791504,1
2026-05-11T15:23:12+0000,1778512992.5137966,1778512992.606165,PostgreSQL+Citus,citus_hot70,citus_native,886,update,28186,79044,False,0.7,False,FeatureNotSupported,92.36836433410645,0
2026-05-11T15:23:12+0000,1778512992.5147443,1778512992.6062593,PostgreSQL+Citus,citus_hot70,citus_native,890,select,3000,54448,True,0.7,True,,91.51506423950195,1
2026-05-11T15:23:12+0000,1778512992.5155852,1778512992.6069057,PostgreSQL+Citus,citus_hot70,citus_native,895,select,5783,27354,False,0.7,True,,91.32051467895508,1
2026-05-11T15:23:12+0000,1778512992.5152678,1778512992.6086988,PostgreSQL+Citus,citus_hot70,citus_native,893,insert,3000,83773,True,0.7,True,,93.43099594116211,1
2026-05-11T15:23:12+0000,1778512992.5160177,1778512992.6088314,PostgreSQL+Citus,citus_hot70,citus_native,898,insert,8224,55408,False,0.7,True,,92.81373023986816,1
2026-05-11T15:23:12+0000,1778512992.2293816,1778512992.6095674,PostgreSQL+Citus,citus_hot70,citus_native,628,select,4348,67464,False,0.7,True,,380.1858425140381,1
2026-05-11T15:23:12+0000,1778512992.224847,1778512992.6098626,PostgreSQL+Citus,citus_hot70,citus_native,608,select,27091,59769,False,0.7,True,,385.01548767089844,1
2026-05-11T15:23:12+0000,1778512992.3278716,1778512992.6099813,PostgreSQL+Citus,citus_hot70,citus_native,739,select,24787,97288,False,0.7,True,,282.10973739624023,1
2026-05-11T15:23:12+0000,1778512992.3297892,1778512992.6101851,PostgreSQL+Citus,citus_hot70,citus_native,748,select,3000,91604,True,0.7,True,,280.3959846496582,1
2026-05-11T15:23:12+0000,1778512992.3136783,1778512992.6103716,PostgreSQL+Citus,citus_hot70,citus_native,677,select,22576,29577,False,0.7,True,,296.6933250427246,1
2026-05-11T15:23:12+0000,1778512992.3285866,1778512992.6106405,PostgreSQL+Citus,citus_hot70,citus_native,744,select,9268,86645,False,0.7,True,,282.05394744873047,1
2026-05-11T15:23:12+0000,1778512992.323029,1778512992.6107357,PostgreSQL+Citus,citus_hot70,citus_native,717,select,29170,55015,False,0.7,True,,287.7066135406494,1
2026-05-11T15:23:12+0000,1778512992.3066623,1778512992.6108902,PostgreSQL+Citus,citus_hot70,citus_native,650,select,9208,62097,False,0.7,True,,304.2278289794922,1
2026-05-11T15:23:12+0000,1778512992.3151374,1778512992.6112812,PostgreSQL+Citus,citus_hot70,citus_native,681,select,29104,1189,False,0.7,True,,296.1437702178955,1
2026-05-11T15:23:12+0000,1778512992.3251667,1778512992.6137543,PostgreSQL+Citus,citus_hot70,citus_native,725,select,15764,92232,False,0.7,True,,288.5875701904297,1
2026-05-11T15:23:12+0000,1778512992.4089189,1778512992.6140227,PostgreSQL+Citus,citus_hot70,citus_native,764,select,3000,1353,True,0.7,True,,205.10387420654297,1
2026-05-11T15:23:12+0000,1778512992.4091651,1778512992.614137,PostgreSQL+Citus,citus_hot70,citus_native,765,select,22725,58163,False,0.7,True,,204.9717903137207,1
2026-05-11T15:23:12+0000,1778512992.427697,1778512992.6188638,PostgreSQL+Citus,citus_hot70,citus_native,829,select,23835,19381,False,0.7,True,,191.16687774658203,1
2026-05-11T15:23:12+0000,1778512992.4155877,1778512992.6197278,PostgreSQL+Citus,citus_hot70,citus_native,781,select,20648,33034,False,0.7,True,,204.14018630981445,1
2026-05-11T15:23:12+0000,1778512992.4116223,1778512992.6200016,PostgreSQL+Citus,citus_hot70,citus_native,772,select,4252,30061,False,0.7,True,,208.37926864624023,1
2026-05-11T15:23:12+0000,1778512992.4162028,1778512992.6211412,PostgreSQL+Citus,citus_hot70,citus_native,782,select,2231,92094,False,0.7,True,,204.93841171264648,1
2026-05-11T15:23:12+0000,1778512992.5098083,1778512992.621491,PostgreSQL+Citus,citus_hot70,citus_native,875,select,4770,89533,False,0.7,True,,111.68265342712402,1
2026-05-11T15:23:12+0000,1778512992.5057306,1778512992.6217268,PostgreSQL+Citus,citus_hot70,citus_native,864,select,23347,40702,False,0.7,True,,115.99612236022949,1
2026-05-11T15:23:12+0000,1778512992.423058,1778512992.6227295,PostgreSQL+Citus,citus_hot70,citus_native,810,select,10359,7031,False,0.7,True,,199.67150688171387,1
2026-05-11T15:23:12+0000,1778512992.4319572,1778512992.6235597,PostgreSQL+Citus,citus_hot70,citus_native,840,select,23709,68175,False,0.7,True,,191.6024684906006,1
2026-05-11T15:23:12+0000,1778512992.4348414,1778512992.6238008,PostgreSQL+Citus,citus_hot70,citus_native,849,insert,20059,13890,False,0.7,True,,188.95936012268066,1
2026-05-11T15:23:12+0000,1778512992.4247851,1778512992.6242821,PostgreSQL+Citus,citus_hot70,citus_native,818,select,6503,9157,False,0.7,True,,199.49698448181152,1
2026-05-11T15:23:12+0000,1778512992.5161858,1778512992.6262949,PostgreSQL+Citus,citus_hot70,citus_native,899,select,17348,47962,False,0.7,True,,110.10909080505371,1
2026-05-11T15:23:15+0000,1778512995.13317,1778512995.134433,PostgreSQL+Citus,citus_hot90,citus_native,107,update,3000,58558,True,0.9,False,FeatureNotSupported,1.2631416320800781,0
2026-05-11T15:23:15+0000,1778512995.1025577,1778512995.1087193,PostgreSQL+Citus,citus_hot90,citus_native,31,update,3000,44463,True,0.9,False,FeatureNotSupported,6.161689758300781,0
2026-05-11T15:23:15+0000,1778512995.1117625,1778512995.1195102,PostgreSQL+Citus,citus_hot90,citus_native,38,update,3000,46658,True,0.9,False,FeatureNotSupported,7.747650146484375,0
2026-05-11T15:23:15+0000,1778512995.089699,1778512995.0940607,PostgreSQL+Citus,citus_hot90,citus_native,4,update,3000,13478,True,0.9,False,FeatureNotSupported,4.361629486083984,0
2026-05-11T15:23:15+0000,1778512995.0997825,1778512995.1083736,PostgreSQL+Citus,citus_hot90,citus_native,24,update,3000,51221,True,0.9,False,FeatureNotSupported,8.591175079345703,0
2026-05-11T15:23:15+0000,1778512995.0948887,1778512995.1272702,PostgreSQL+Citus,citus_hot90,citus_native,16,select,12698,56172,False,0.9,True,,32.381534576416016,1
2026-05-11T15:23:15+0000,1778512995.0947907,1778512995.101162,PostgreSQL+Citus,citus_hot90,citus_native,15,update,3000,29399,True,0.9,False,FeatureNotSupported,6.371259689331055,0
2026-05-11T15:23:15+0000,1778512995.0932074,1778512995.1001937,PostgreSQL+Citus,citus_hot90,citus_native,12,update,3000,95963,True,0.9,False,FeatureNotSupported,6.986379623413086,0
2026-05-11T15:23:15+0000,1778512995.0913026,1778512995.1208875,PostgreSQL+Citus,citus_hot90,citus_native,8,select,3000,15694,True,0.9,True,,29.584884643554688,1
2026-05-11T15:23:15+0000,1778512995.093711,1778512995.1005025,PostgreSQL+Citus,citus_hot90,citus_native,13,update,3000,4953,True,0.9,False,FeatureNotSupported,6.791591644287109,0
2026-05-11T15:23:15+0000,1778512995.1035008,1778512995.1098018,PostgreSQL+Citus,citus_hot90,citus_native,33,update,3000,63275,True,0.9,False,FeatureNotSupported,6.300926208496094,0
2026-05-11T15:23:15+0000,1778512995.1351905,1778512995.1417818,PostgreSQL+Citus,citus_hot90,citus_native,115,update,3000,96276,True,0.9,False,FeatureNotSupported,6.591320037841797,0
2026-05-11T15:23:15+0000,1778512995.0850306,1778512995.1163497,PostgreSQL+Citus,citus_hot90,citus_native,0,select,3000,54839,True,0.9,True,,31.319141387939453,1
2026-05-11T15:23:15+0000,1778512995.1030502,1778512995.1103415,PostgreSQL+Citus,citus_hot90,citus_native,32,update,3000,4350,True,0.9,False,FeatureNotSupported,7.291316986083984,0
2026-05-11T15:23:15+0000,1778512995.0899625,1778512995.0942435,PostgreSQL+Citus,citus_hot90,citus_native,5,update,3000,46397,True,0.9,False,FeatureNotSupported,4.281044006347656,0
2026-05-11T15:23:15+0000,1778512995.1118715,1778512995.1187713,PostgreSQL+Citus,citus_hot90,citus_native,39,update,3000,64165,True,0.9,False,FeatureNotSupported,6.899833679199219,0
2026-05-11T15:23:15+0000,1778512995.108152,1778512995.117338,PostgreSQL+Citus,citus_hot90,citus_native,34,update,3000,32238,True,0.9,False,FeatureNotSupported,9.186029434204102,0
2026-05-11T15:23:15+0000,1778512995.1123385,1778512995.1171694,PostgreSQL+Citus,citus_hot90,citus_native,40,update,3000,89661,True,0.9,False,FeatureNotSupported,4.830837249755859,0
2026-05-11T15:23:15+0000,1778512995.0902376,1778512995.121996,PostgreSQL+Citus,citus_hot90,citus_native,6,select,3000,25034,True,0.9,True,,31.75830841064453,1
2026-05-11T15:23:15+0000,1778512995.1010318,1778512995.1112082,PostgreSQL+Citus,citus_hot90,citus_native,26,update,3000,12938,True,0.9,False,FeatureNotSupported,10.176420211791992,0
2026-05-11T15:23:15+0000,1778512995.098455,1778512995.1032028,PostgreSQL+Citus,citus_hot90,citus_native,22,update,3000,80221,True,0.9,False,FeatureNotSupported,4.747867584228516,0
2026-05-11T15:23:15+0000,1778512995.089409,1778512995.1215634,PostgreSQL+Citus,citus_hot90,citus_native,3,select,3000,486,True,0.9,True,,32.15432167053223,1
2026-05-11T15:23:15+0000,1778512995.0928502,1778512995.2059124,PostgreSQL+Citus,citus_hot90,citus_native,11,select,3000,38038,True,0.9,True,,113.06214332580566,1
2026-05-11T15:23:15+0000,1778512995.134897,1778512995.2062614,PostgreSQL+Citus,citus_hot90,citus_native,113,select,3000,11712,True,0.9,True,,71.3644027709961,1
2026-05-11T15:23:15+0000,1778512995.0885022,1778512995.207082,PostgreSQL+Citus,citus_hot90,citus_native,1,select,3000,2534,True,0.9,True,,118.57986450195312,1
2026-05-11T15:23:15+0000,1778512995.13157,1778512995.2073617,PostgreSQL+Citus,citus_hot90,citus_native,99,update,3000,52437,True,0.9,False,FeatureNotSupported,75.79159736633301,0
2026-05-11T15:23:15+0000,1778512995.092378,1778512995.2078946,PostgreSQL+Citus,citus_hot90,citus_native,10,select,3000,62993,True,0.9,True,,115.51666259765625,1
2026-05-11T15:23:15+0000,1778512995.1329863,1778512995.2080212,PostgreSQL+Citus,citus_hot90,citus_native,106,update,3000,51407,True,0.9,False,FeatureNotSupported,75.03485679626465,0
2026-05-11T15:23:15+0000,1778512995.135368,1778512995.2085185,PostgreSQL+Citus,citus_hot90,citus_native,116,select,3000,95332,True,0.9,True,,73.1503963470459,1
2026-05-11T15:23:15+0000,1778512995.2060344,1778512995.2088983,PostgreSQL+Citus,citus_hot90,citus_native,118,update,3000,87841,True,0.9,False,FeatureNotSupported,2.8638839721679688,0
2026-05-11T15:23:15+0000,1778512995.134534,1778512995.2092607,PostgreSQL+Citus,citus_hot90,citus_native,112,insert,3000,87305,True,0.9,True,,74.72681999206543,1
2026-05-11T15:23:15+0000,1778512995.2063122,1778512995.2096696,PostgreSQL+Citus,citus_hot90,citus_native,119,select,3000,25368,True,0.9,True,,3.357410430908203,1
2026-05-11T15:23:15+0000,1778512995.1193109,1778512995.2099109,PostgreSQL+Citus,citus_hot90,citus_native,52,update,3000,43071,True,0.9,False,FeatureNotSupported,90.60001373291016,0
2026-05-11T15:23:15+0000,1778512995.2079318,1778512995.2101305,PostgreSQL+Citus,citus_hot90,citus_native,122,select,3000,19739,True,0.9,True,,2.1986961364746094,1
2026-05-11T15:23:15+0000,1778512995.1349602,1778512995.2103214,PostgreSQL+Citus,citus_hot90,citus_native,114,update,3000,49103,True,0.9,False,FeatureNotSupported,75.36125183105469,0
2026-05-11T15:23:15+0000,1778512995.0888968,1778512995.210478,PostgreSQL+Citus,citus_hot90,citus_native,2,select,3000,81458,True,0.9,True,,121.5813159942627,1
2026-05-11T15:23:15+0000,1778512995.209423,1778512995.210733,PostgreSQL+Citus,citus_hot90,citus_native,126,select,3000,41853,True,0.9,True,,1.3098716735839844,1
2026-05-11T15:23:15+0000,1778512995.209984,1778512995.211178,PostgreSQL+Citus,citus_hot90,citus_native,128,update,3000,92352,True,0.9,False,FeatureNotSupported,1.194000244140625,0
2026-05-11T15:23:15+0000,1778512995.2101808,1778512995.2114017,PostgreSQL+Citus,citus_hot90,citus_native,129,update,3000,52810,True,0.9,False,FeatureNotSupported,1.2209415435791016,0
2026-05-11T15:23:15+0000,1778512995.2097995,1778512995.211578,PostgreSQL+Citus,citus_hot90,citus_native,127,select,3000,35876,True,0.9,True,,1.7783641815185547,1
2026-05-11T15:23:15+0000,1778512995.2105343,1778512995.2117386,PostgreSQL+Citus,citus_hot90,citus_native,131,select,3000,56201,True,0.9,True,,1.2042522430419922,1
2026-05-11T15:23:15+0000,1778512995.211004,1778512995.21185,PostgreSQL+Citus,citus_hot90,citus_native,132,select,3000,70253,True,0.9,True,,0.8459091186523438,1
2026-05-11T15:23:15+0000,1778512995.211452,1778512995.212442,PostgreSQL+Citus,citus_hot90,citus_native,134,select,3000,874,True,0.9,True,,0.9899139404296875,1
2026-05-11T15:23:15+0000,1778512995.211624,1778512995.2125425,PostgreSQL+Citus,citus_hot90,citus_native,135,update,3000,10455,True,0.9,False,FeatureNotSupported,0.9186267852783203,0
2026-05-11T15:23:15+0000,1778512995.0977893,1778512995.2128081,PostgreSQL+Citus,citus_hot90,citus_native,21,select,3000,28068,True,0.9,True,,115.01884460449219,1
2026-05-11T15:23:15+0000,1778512995.2125814,1778512995.2130146,PostgreSQL+Citus,citus_hot90,citus_native,139,update,3000,36756,True,0.9,False,FeatureNotSupported,0.43320655822753906,0
2026-05-11T15:23:15+0000,1778512995.2128816,1778512995.2135055,PostgreSQL+Citus,citus_hot90,citus_native,140,update,3000,51138,True,0.9,False,FeatureNotSupported,0.6239414215087891,0
2026-05-11T15:23:15+0000,1778512995.2135549,1778512995.2141755,PostgreSQL+Citus,citus_hot90,citus_native,142,select,3000,35416,True,0.9,True,,0.6206035614013672,1
2026-05-11T15:23:15+0000,1778512995.0917513,1778512995.2185502,PostgreSQL+Citus,citus_hot90,citus_native,9,insert,3000,24628,True,0.9,True,,126.79886817932129,1
2026-05-11T15:23:15+0000,1778512995.095424,1778512995.3052044,PostgreSQL+Citus,citus_hot90,citus_native,18,select,3000,81730,True,0.9,True,,209.78045463562012,1
2026-05-11T15:23:15+0000,1778512995.2117748,1778512995.3057303,PostgreSQL+Citus,citus_hot90,citus_native,136,select,3000,38687,True,0.9,True,,93.95551681518555,1
2026-05-11T15:23:15+0000,1778512995.0908444,1778512995.3063557,PostgreSQL+Citus,citus_hot90,citus_native,7,select,3000,68046,True,0.9,True,,215.51132202148438,1
2026-05-11T15:23:15+0000,1778512995.214211,1778512995.306786,PostgreSQL+Citus,citus_hot90,citus_native,143,select,3000,94928,True,0.9,True,,92.5750732421875,1
2026-05-11T15:23:15+0000,1778512995.2103896,1778512995.307076,PostgreSQL+Citus,citus_hot90,citus_native,130,select,3000,81257,True,0.9,True,,96.68636322021484,1
2026-05-11T15:23:15+0000,1778512995.211881,1778512995.3072808,PostgreSQL+Citus,citus_hot90,citus_native,137,select,3000,58402,True,0.9,True,,95.39985656738281,1
2026-05-11T15:23:15+0000,1778512995.2087529,1778512995.30737,PostgreSQL+Citus,citus_hot90,citus_native,124,select,3000,80923,True,0.9,True,,98.6170768737793,1
2026-05-11T15:23:15+0000,1778512995.305853,1778512995.3082607,PostgreSQL+Citus,citus_hot90,citus_native,146,select,3000,33628,True,0.9,True,,2.4077892303466797,1
2026-05-11T15:23:15+0000,1778512995.2089627,1778512995.30855,PostgreSQL+Citus,citus_hot90,citus_native,125,insert,3000,54240,True,0.9,True,,99.58720207214355,1
2026-05-11T15:23:15+0000,1778512995.306547,1778512995.3088086,PostgreSQL+Citus,citus_hot90,citus_native,147,update,3000,77859,True,0.9,False,FeatureNotSupported,2.261638641357422,0
2026-05-11T15:23:15+0000,1778512995.3069189,1778512995.3092315,PostgreSQL+Citus,citus_hot90,citus_native,148,update,3000,42332,True,0.9,False,FeatureNotSupported,2.3126602172851562,0
2026-05-11T15:23:15+0000,1778512995.3055553,1778512995.3095553,PostgreSQL+Citus,citus_hot90,citus_native,145,select,3000,92890,True,0.9,True,,3.999948501586914,1
2026-05-11T15:23:15+0000,1778512995.3086822,1778512995.3099146,PostgreSQL+Citus,citus_hot90,citus_native,153,select,3000,84709,True,0.9,True,,1.2323856353759766,1
2026-05-11T15:23:15+0000,1778512995.3083858,1778512995.3106039,PostgreSQL+Citus,citus_hot90,citus_native,152,select,3000,8677,True,0.9,True,,2.218008041381836,1
2026-05-11T15:23:15+0000,1778512995.3073943,1778512995.3109622,PostgreSQL+Citus,citus_hot90,citus_native,151,select,3000,53895,True,0.9,True,,3.567934036254883,1
2026-05-11T15:23:15+0000,1778512995.3073106,1778512995.3111272,PostgreSQL+Citus,citus_hot90,citus_native,150,select,3000,5250,True,0.9,True,,3.8166046142578125,1
2026-05-11T15:23:15+0000,1778512995.309605,1778512995.3117263,PostgreSQL+Citus,citus_hot90,citus_native,156,select,3000,76187,True,0.9,True,,2.121448516845703,1
2026-05-11T15:23:15+0000,1778512995.3071632,1778512995.3124151,PostgreSQL+Citus,citus_hot90,citus_native,149,select,3000,32024,True,0.9,True,,5.251884460449219,1
2026-05-11T15:23:15+0000,1778512995.308865,1778512995.3126233,PostgreSQL+Citus,citus_hot90,citus_native,154,select,3000,51980,True,0.9,True,,3.7581920623779297,1
2026-05-11T15:23:15+0000,1778512995.309371,1778512995.3127475,PostgreSQL+Citus,citus_hot90,citus_native,155,select,3000,90788,True,0.9,True,,3.376483917236328,1
2026-05-11T15:23:15+0000,1778512995.311009,1778512995.3129597,PostgreSQL+Citus,citus_hot90,citus_native,159,select,3000,1119,True,0.9,True,,1.9507408142089844,1
2026-05-11T15:23:15+0000,1778512995.0990713,1778512995.3133328,PostgreSQL+Citus,citus_hot90,citus_native,23,select,3000,63656,True,0.9,True,,214.26153182983398,1
2026-05-11T15:23:15+0000,1778512995.0941434,1778512995.31395,PostgreSQL+Citus,citus_hot90,citus_native,14,select,3000,50701,True,0.9,True,,219.80667114257812,1
2026-05-11T15:23:15+0000,1778512995.3112018,1778512995.314564,PostgreSQL+Citus,citus_hot90,citus_native,160,select,3000,43001,True,0.9,True,,3.3621788024902344,1
2026-05-11T15:23:15+0000,1778512995.3117924,1778512995.3148158,PostgreSQL+Citus,citus_hot90,citus_native,161,update,191,25518,False,0.9,False,FeatureNotSupported,3.023386001586914,0
2026-05-11T15:23:15+0000,1778512995.1262574,1778512995.3150766,PostgreSQL+Citus,citus_hot90,citus_native,76,update,3000,62427,True,0.9,False,FeatureNotSupported,188.81916999816895,0
2026-05-11T15:23:15+0000,1778512995.3100271,1778512995.3154342,PostgreSQL+Citus,citus_hot90,citus_native,157,select,3000,59805,True,0.9,True,,5.407094955444336,1
2026-05-11T15:23:15+0000,1778512995.3134205,1778512995.3157039,PostgreSQL+Citus,citus_hot90,citus_native,166,update,3000,63567,True,0.9,False,FeatureNotSupported,2.283334732055664,0
2026-05-11T15:23:15+0000,1778512995.3130898,1778512995.315938,PostgreSQL+Citus,citus_hot90,citus_native,165,select,3000,76759,True,0.9,True,,2.8481483459472656,1
2026-05-11T15:23:15+0000,1778512995.314303,1778512995.316101,PostgreSQL+Citus,citus_hot90,citus_native,167,select,3000,73400,True,0.9,True,,1.7981529235839844,1
2026-05-11T15:23:15+0000,1778512995.3146942,1778512995.3162138,PostgreSQL+Citus,citus_hot90,citus_native,168,select,3000,6865,True,0.9,True,,1.5196800231933594,1
2026-05-11T15:23:15+0000,1778512995.1280322,1778512995.3164692,PostgreSQL+Citus,citus_hot90,citus_native,83,update,3000,64319,True,0.9,False,FeatureNotSupported,188.43698501586914,0
2026-05-11T15:23:15+0000,1778512995.3162642,1778512995.3173447,PostgreSQL+Citus,citus_hot90,citus_native,175,select,3000,90736,True,0.9,True,,1.0805130004882812,1
2026-05-11T15:23:15+0000,1778512995.3174012,1778512995.4050038,PostgreSQL+Citus,citus_hot90,citus_native,177,insert,3000,67177,True,0.9,True,,87.60261535644531,1
2026-05-11T15:23:15+0000,1778512995.0970054,1778512995.4052322,PostgreSQL+Citus,citus_hot90,citus_native,20,select,3000,97660,True,0.9,True,,308.2268238067627,1
2026-05-11T15:23:15+0000,1778512995.3161535,1778512995.4055257,PostgreSQL+Citus,citus_hot90,citus_native,174,select,3000,9149,True,0.9,True,,89.37215805053711,1
2026-05-11T15:23:15+0000,1778512995.3107417,1778512995.4060948,PostgreSQL+Citus,citus_hot90,citus_native,158,update,3000,47616,True,0.9,False,FeatureNotSupported,95.3531265258789,0
2026-05-11T15:23:15+0000,1778512995.31557,1778512995.4065526,PostgreSQL+Citus,citus_hot90,citus_native,171,update,3000,12667,True,0.9,False,FeatureNotSupported,90.98243713378906,0
2026-05-11T15:23:15+0000,1778512995.3126693,1778512995.4069471,PostgreSQL+Citus,citus_hot90,citus_native,163,select,3000,34554,True,0.9,True,,94.27785873413086,1
2026-05-11T15:23:15+0000,1778512995.4052827,1778512995.4072812,PostgreSQL+Citus,citus_hot90,citus_native,179,update,3000,7509,True,0.9,False,FeatureNotSupported,1.9984245300292969,0
2026-05-11T15:23:15+0000,1778512995.3159914,1778512995.407752,PostgreSQL+Citus,citus_hot90,citus_native,173,select,2395,78919,False,0.9,True,,91.76063537597656,1
2026-05-11T15:23:15+0000,1778512995.4057145,1778512995.4080453,PostgreSQL+Citus,citus_hot90,citus_native,180,select,3000,73763,True,0.9,True,,2.330780029296875,1
2026-05-11T15:23:15+0000,1778512995.3157744,1778512995.4084103,PostgreSQL+Citus,citus_hot90,citus_native,172,select,3000,120,True,0.9,True,,92.6358699798584,1
2026-05-11T15:23:15+0000,1778512995.4051356,1778512995.4094613,PostgreSQL+Citus,citus_hot90,citus_native,178,update,3000,81458,True,0.9,False,FeatureNotSupported,4.325628280639648,0
2026-05-11T15:23:15+0000,1778512995.3124697,1778512995.4098084,PostgreSQL+Citus,citus_hot90,citus_native,162,select,3000,29406,True,0.9,True,,97.33867645263672,1
2026-05-11T15:23:15+0000,1778512995.407813,1778512995.4101021,PostgreSQL+Citus,citus_hot90,citus_native,185,update,3000,92596,True,0.9,False,FeatureNotSupported,2.2890567779541016,0
2026-05-11T15:23:15+0000,1778512995.1002738,1778512995.4105554,PostgreSQL+Citus,citus_hot90,citus_native,25,select,3000,15079,True,0.9,True,,310.28151512145996,1
2026-05-11T15:23:15+0000,1778512995.4073493,1778512995.410835,PostgreSQL+Citus,citus_hot90,citus_native,184,select,3000,93282,True,0.9,True,,3.4856796264648438,1
2026-05-11T15:23:15+0000,1778512995.4066646,1778512995.4110005,PostgreSQL+Citus,citus_hot90,citus_native,182,select,3000,94861,True,0.9,True,,4.335880279541016,1
2026-05-11T15:23:15+0000,1778512995.0956774,1778512995.411227,PostgreSQL+Citus,citus_hot90,citus_native,19,select,3000,2350,True,0.9,True,,315.5496120452881,1
2026-05-11T15:23:15+0000,1778512995.4101682,1778512995.4115524,PostgreSQL+Citus,citus_hot90,citus_native,190,update,3000,94541,True,0.9,False,FeatureNotSupported,1.3842582702636719,0
2026-05-11T15:23:15+0000,1778512995.410703,1778512995.4122617,PostgreSQL+Citus,citus_hot90,citus_native,191,select,3000,23158,True,0.9,True,,1.5587806701660156,1
2026-05-11T15:23:15+0000,1778512995.4114144,1778512995.4126596,PostgreSQL+Citus,citus_hot90,citus_native,194,select,3000,45375,True,0.9,True,,1.245260238647461,1
2026-05-11T15:23:15+0000,1778512995.4127412,1778512995.4143925,PostgreSQL+Citus,citus_hot90,citus_native,197,select,3000,85865,True,0.9,True,,1.6512870788574219,1
2026-05-11T15:23:15+0000,1778512995.1099162,1778512995.4154737,PostgreSQL+Citus,citus_hot90,citus_native,35,select,3000,45607,True,0.9,True,,305.5574893951416,1
2026-05-11T15:23:15+0000,1778512995.113025,1778512995.4192472,PostgreSQL+Citus,citus_hot90,citus_native,42,select,3000,61421,True,0.9,True,,306.22220039367676,1
2026-05-11T15:23:15+0000,1778512995.4155877,1778512995.4199102,PostgreSQL+Citus,citus_hot90,citus_native,199,insert,3000,74901,True,0.9,True,,4.322528839111328,1
2026-05-11T15:23:15+0000,1778512995.1291692,1778512995.5052953,PostgreSQL+Citus,citus_hot90,citus_native,88,select,14874,56345,False,0.9,True,,376.1260509490967,1
2026-05-11T15:23:15+0000,1778512995.0950713,1778512995.5058248,PostgreSQL+Citus,citus_hot90,citus_native,17,select,3000,99793,True,0.9,True,,410.7534885406494,1
2026-05-11T15:23:15+0000,1778512995.4062889,1778512995.5061593,PostgreSQL+Citus,citus_hot90,citus_native,181,insert,3000,56111,True,0.9,True,,99.87044334411621,1
2026-05-11T15:23:15+0000,1778512995.1161811,1778512995.5064776,PostgreSQL+Citus,citus_hot90,citus_native,45,select,3000,45786,True,0.9,True,,390.29645919799805,1
2026-05-11T15:23:15+0000,1778512995.4199862,1778512995.506822,PostgreSQL+Citus,citus_hot90,citus_native,201,select,3000,7174,True,0.9,True,,86.83586120605469,1
2026-05-11T15:23:15+0000,1778512995.4194036,1778512995.5070431,PostgreSQL+Citus,citus_hot90,citus_native,200,select,3000,11630,True,0.9,True,,87.63957023620605,1
2026-05-11T15:23:15+0000,1778512995.4095974,1778512995.5073776,PostgreSQL+Citus,citus_hot90,citus_native,188,select,3000,45850,True,0.9,True,,97.78022766113281,1
2026-05-11T15:23:15+0000,1778512995.4099424,1778512995.5075638,PostgreSQL+Citus,citus_hot90,citus_native,189,select,3000,37922,True,0.9,True,,97.62144088745117,1
2026-05-11T15:23:15+0000,1778512995.4110537,1778512995.5076926,PostgreSQL+Citus,citus_hot90,citus_native,193,select,3000,32475,True,0.9,True,,96.63891792297363,1
2026-05-11T15:23:15+0000,1778512995.4071152,1778512995.5078375,PostgreSQL+Citus,citus_hot90,citus_native,183,select,3000,30940,True,0.9,True,,100.7223129272461,1
2026-05-11T15:23:15+0000,1778512995.5066488,1778512995.508235,PostgreSQL+Citus,citus_hot90,citus_native,205,select,3000,42225,True,0.9,True,,1.5861988067626953,1
2026-05-11T15:23:15+0000,1778512995.411621,1778512995.508536,PostgreSQL+Citus,citus_hot90,citus_native,195,select,3000,49994,True,0.9,True,,96.91500663757324,1
2026-05-11T15:23:15+0000,1778512995.1271393,1778512995.5088015,PostgreSQL+Citus,citus_hot90,citus_native,79,update,3000,15000,True,0.9,False,FeatureNotSupported,381.66213035583496,0
2026-05-11T15:23:15+0000,1778512995.3127742,1778512995.5092523,PostgreSQL+Citus,citus_hot90,citus_native,164,insert,3000,36591,True,0.9,True,,196.47812843322754,1
2026-05-11T15:23:15+0000,1778512995.5086005,1778512995.5113723,PostgreSQL+Citus,citus_hot90,citus_native,213,update,3000,41574,True,0.9,False,FeatureNotSupported,2.7718544006347656,0
2026-05-11T15:23:15+0000,1778512995.2124858,1778512995.5115283,PostgreSQL+Citus,citus_hot90,citus_native,138,select,22104,8291,False,0.9,True,,299.0424633026123,1
2026-05-11T15:23:15+0000,1778512995.4144664,1778512995.5119455,PostgreSQL+Citus,citus_hot90,citus_native,198,insert,3000,47432,True,0.9,True,,97.47910499572754,1
2026-05-11T15:23:15+0000,1778512995.1328173,1778512995.5123217,PostgreSQL+Citus,citus_hot90,citus_native,105,select,3000,5810,True,0.9,True,,379.5044422149658,1
2026-05-11T15:23:15+0000,1778512995.5078833,1778512995.5126803,PostgreSQL+Citus,citus_hot90,citus_native,211,select,3000,5165,True,0.9,True,,4.7969818115234375,1
2026-05-11T15:23:15+0000,1778512995.511449,1778512995.5129142,PostgreSQL+Citus,citus_hot90,citus_native,216,select,3000,54384,True,0.9,True,,1.4650821685791016,1
2026-05-11T15:23:15+0000,1778512995.1172216,1778512995.5130484,PostgreSQL+Citus,citus_hot90,citus_native,47,select,3000,13764,True,0.9,True,,395.8268165588379,1
2026-05-11T15:23:15+0000,1778512995.1019506,1778512995.5139732,PostgreSQL+Citus,citus_hot90,citus_native,30,select,3000,8229,True,0.9,True,,412.02259063720703,1
2026-05-11T15:23:15+0000,1778512995.1143844,1778512995.5146604,PostgreSQL+Citus,citus_hot90,citus_native,43,select,3000,53155,True,0.9,True,,400.27594566345215,1
2026-05-11T15:23:15+0000,1778512995.1247995,1778512995.5150309,PostgreSQL+Citus,citus_hot90,citus_native,70,select,3000,74246,True,0.9,True,,390.2313709259033,1
2026-05-11T15:23:15+0000,1778512995.508373,1778512995.5154345,PostgreSQL+Citus,citus_hot90,citus_native,212,select,3000,99324,True,0.9,True,,7.061481475830078,1
2026-05-11T15:23:15+0000,1778512995.132209,1778512995.5156488,PostgreSQL+Citus,citus_hot90,citus_native,102,select,3000,278,True,0.9,True,,383.4397792816162,1
2026-05-11T15:23:15+0000,1778512995.110721,1778512995.5158935,PostgreSQL+Citus,citus_hot90,citus_native,36,select,3000,49313,True,0.9,True,,405.17234802246094,1
2026-05-11T15:23:15+0000,1778512995.1018248,1778512995.5162017,PostgreSQL+Citus,citus_hot90,citus_native,29,select,3000,72960,True,0.9,True,,414.37697410583496,1
2026-05-11T15:23:15+0000,1778512995.1341279,1778512995.516425,PostgreSQL+Citus,citus_hot90,citus_native,111,select,3000,58401,True,0.9,True,,382.2970390319824,1
2026-05-11T15:23:15+0000,1778512995.5148668,1778512995.5166047,PostgreSQL+Citus,citus_hot90,citus_native,224,select,3000,3048,True,0.9,True,,1.737833023071289,1
2026-05-11T15:23:15+0000,1778512995.131158,1778512995.5168917,PostgreSQL+Citus,citus_hot90,citus_native,97,select,3000,67253,True,0.9,True,,385.73360443115234,1
2026-05-11T15:23:15+0000,1778512995.1177711,1778512995.5179853,PostgreSQL+Citus,citus_hot90,citus_native,48,select,3000,92892,True,0.9,True,,400.21419525146484,1
2026-05-11T15:23:15+0000,1778512995.5132864,1778512995.605236,PostgreSQL+Citus,citus_hot90,citus_native,222,select,3000,75025,True,0.9,True,,91.9497013092041,1
2026-05-11T15:23:15+0000,1778512995.5181835,1778512995.605635,PostgreSQL+Citus,citus_hot90,citus_native,233,select,3000,69644,True,0.9,True,,87.45145797729492,1
2026-05-11T15:23:15+0000,1778512995.5115945,1778512995.6060672,PostgreSQL+Citus,citus_hot90,citus_native,217,insert,3000,45265,True,0.9,True,,94.47264671325684,1
2026-05-11T15:23:15+0000,1778512995.5157394,1778512995.6070309,PostgreSQL+Citus,citus_hot90,citus_native,227,select,3000,25458,True,0.9,True,,91.29142761230469,1
2026-05-11T15:23:15+0000,1778512995.516323,1778512995.6076548,PostgreSQL+Citus,citus_hot90,citus_native,229,update,6655,83511,False,0.9,False,FeatureNotSupported,91.33172035217285,0
2026-05-11T15:23:15+0000,1778512995.1336074,1778512995.608204,PostgreSQL+Citus,citus_hot90,citus_native,109,select,3000,18917,True,0.9,True,,474.5965003967285,1
2026-05-11T15:23:15+0000,1778512995.5074294,1778512995.6088583,PostgreSQL+Citus,citus_hot90,citus_native,208,select,3000,96911,True,0.9,True,,101.42898559570312,1
2026-05-11T15:23:15+0000,1778512995.5166836,1778512995.6092267,PostgreSQL+Citus,citus_hot90,citus_native,231,update,24057,63438,False,0.9,False,FeatureNotSupported,92.54312515258789,0
2026-05-11T15:23:15+0000,1778512995.1419125,1778512995.6095545,PostgreSQL+Citus,citus_hot90,citus_native,117,select,3000,89158,True,0.9,True,,467.64206886291504,1
2026-05-11T15:23:15+0000,1778512995.5144005,1778512995.6103864,PostgreSQL+Citus,citus_hot90,citus_native,223,select,3000,93682,True,0.9,True,,95.98588943481445,1
2026-05-11T15:23:15+0000,1778512995.120395,1778512995.6108575,PostgreSQL+Citus,citus_hot90,citus_native,54,select,3000,83619,True,0.9,True,,490.4625415802002,1
2026-05-11T15:23:15+0000,1778512995.1185842,1778512995.6111434,PostgreSQL+Citus,citus_hot90,citus_native,51,update,3000,81425,True,0.9,False,FeatureNotSupported,492.55919456481934,0
2026-05-11T15:23:15+0000,1778512995.5060244,1778512995.611604,PostgreSQL+Citus,citus_hot90,citus_native,203,select,3000,29699,True,0.9,True,,105.57961463928223,1
2026-05-11T15:23:15+0000,1778512995.1016057,1778512995.6118221,PostgreSQL+Citus,citus_hot90,citus_native,28,select,3000,13984,True,0.9,True,,510.21647453308105,1
2026-05-11T15:23:15+0000,1778512995.5155017,1778512995.6122186,PostgreSQL+Citus,citus_hot90,citus_native,226,update,3000,49727,True,0.9,False,FeatureNotSupported,96.71688079833984,0
2026-05-11T15:23:15+0000,1778512995.1324253,1778512995.612567,PostgreSQL+Citus,citus_hot90,citus_native,103,select,3000,33235,True,0.9,True,,480.14163970947266,1
2026-05-11T15:23:15+0000,1778512995.5093355,1778512995.612831,PostgreSQL+Citus,citus_hot90,citus_native,215,select,3000,46164,True,0.9,True,,103.49559783935547,1
2026-05-11T15:23:15+0000,1778512995.6083694,1778512995.6130955,PostgreSQL+Citus,citus_hot90,citus_native,239,update,3000,8935,True,0.9,False,FeatureNotSupported,4.726171493530273,0
2026-05-11T15:23:15+0000,1778512995.516489,1778512995.6133356,PostgreSQL+Citus,citus_hot90,citus_native,230,insert,3000,43488,True,0.9,True,,96.8465805053711,1
2026-05-11T15:23:15+0000,1778512995.1338236,1778512995.6135943,PostgreSQL+Citus,citus_hot90,citus_native,110,select,3000,82938,True,0.9,True,,479.7706604003906,1
2026-05-11T15:23:15+0000,1778512995.2081609,1778512995.6138613,PostgreSQL+Citus,citus_hot90,citus_native,123,insert,18721,23218,False,0.9,True,,405.7004451751709,1
2026-05-11T15:23:15+0000,1778512995.1287382,1778512995.6140225,PostgreSQL+Citus,citus_hot90,citus_native,86,select,3000,52060,True,0.9,True,,485.28432846069336,1
2026-05-11T15:23:15+0000,1778512995.20715,1778512995.6142504,PostgreSQL+Citus,citus_hot90,citus_native,120,select,1933,7836,False,0.9,True,,407.1004390716553,1
2026-05-11T15:23:15+0000,1778512995.6065462,1778512995.6145134,PostgreSQL+Citus,citus_hot90,citus_native,236,select,3000,20780,True,0.9,True,,7.967233657836914,1
2026-05-11T15:23:15+0000,1778512995.4108944,1778512995.61472,PostgreSQL+Citus,citus_hot90,citus_native,192,select,3000,95807,True,0.9,True,,203.8257122039795,1
2026-05-11T15:23:15+0000,1778512995.611959,1778512995.6148996,PostgreSQL+Citus,citus_hot90,citus_native,247,update,11853,86716,False,0.9,False,FeatureNotSupported,2.940654754638672,0
2026-05-11T15:23:15+0000,1778512995.2187202,1778512995.615087,PostgreSQL+Citus,citus_hot90,citus_native,144,select,2225,43581,False,0.9,True,,396.36683464050293,1
2026-05-11T15:23:15+0000,1778512995.1313615,1778512995.6152651,PostgreSQL+Citus,citus_hot90,citus_native,98,select,3000,25394,True,0.9,True,,483.9036464691162,1
2026-05-11T15:23:15+0000,1778512995.610037,1778512995.6154778,PostgreSQL+Citus,citus_hot90,citus_native,242,select,3000,96861,True,0.9,True,,5.440711975097656,1
2026-05-11T15:23:15+0000,1778512995.6078296,1778512995.6157205,PostgreSQL+Citus,citus_hot90,citus_native,238,update,3000,29440,True,0.9,False,FeatureNotSupported,7.890939712524414,0
2026-05-11T15:23:15+0000,1778512995.2077587,1778512995.6159062,PostgreSQL+Citus,citus_hot90,citus_native,121,select,3000,13465,True,0.9,True,,408.14757347106934,1
2026-05-11T15:23:15+0000,1778512995.5129647,1778512995.6163118,PostgreSQL+Citus,citus_hot90,citus_native,221,select,3000,76855,True,0.9,True,,103.3470630645752,1
2026-05-11T15:23:15+0000,1778512995.5121787,1778512995.61662,PostgreSQL+Citus,citus_hot90,citus_native,218,select,3000,86423,True,0.9,True,,104.44140434265137,1
2026-05-11T15:23:15+0000,1778512995.6104891,1778512995.616965,PostgreSQL+Citus,citus_hot90,citus_native,243,select,3000,62340,True,0.9,True,,6.475925445556641,1
2026-05-11T15:23:15+0000,1778512995.5127287,1778512995.6171844,PostgreSQL+Citus,citus_hot90,citus_native,220,update,3000,89534,True,0.9,False,FeatureNotSupported,104.45570945739746,0
2026-05-11T15:23:15+0000,1778512995.5077355,1778512995.617326,PostgreSQL+Citus,citus_hot90,citus_native,210,select,3000,38635,True,0.9,True,,109.59053039550781,1
2026-05-11T15:23:15+0000,1778512995.314894,1778512995.617475,PostgreSQL+Citus,citus_hot90,citus_native,169,select,11173,25169,False,0.9,True,,302.5810718536377,1
2026-05-11T15:23:15+0000,1778512995.1012533,1778512995.6176627,PostgreSQL+Citus,citus_hot90,citus_native,27,select,3000,56326,True,0.9,True,,516.4093971252441,1
2026-05-11T15:23:15+0000,1778512995.5160465,1778512995.6179037,PostgreSQL+Citus,citus_hot90,citus_native,228,select,3000,82689,True,0.9,True,,101.85718536376953,1
2026-05-11T15:23:15+0000,1778512995.6129587,1778512995.6180882,PostgreSQL+Citus,citus_hot90,citus_native,250,update,3000,40405,True,0.9,False,FeatureNotSupported,5.129575729370117,0
2026-05-11T15:23:15+0000,1778512995.605701,1778512995.618357,PostgreSQL+Citus,citus_hot90,citus_native,235,select,17933,93471,False,0.9,True,,12.655973434448242,1
2026-05-11T15:23:15+0000,1778512995.6113186,1778512995.6189744,PostgreSQL+Citus,citus_hot90,citus_native,245,update,3000,18116,True,0.9,False,FeatureNotSupported,7.655858993530273,0
2026-05-11T15:23:15+0000,1778512995.5068927,1778512995.6195354,PostgreSQL+Citus,citus_hot90,citus_native,206,select,3000,85223,True,0.9,True,,112.64276504516602,1
2026-05-11T15:23:15+0000,1778512995.2112985,1778512995.619765,PostgreSQL+Citus,citus_hot90,citus_native,133,select,3000,73537,True,0.9,True,,408.4665775299072,1
2026-05-11T15:23:15+0000,1778512995.1253738,1778512995.6200352,PostgreSQL+Citus,citus_hot90,citus_native,73,update,3000,50421,True,0.9,False,FeatureNotSupported,494.6613311767578,0
2026-05-11T15:23:15+0000,1778512995.6137154,1778512995.6204505,PostgreSQL+Citus,citus_hot90,citus_native,253,select,3000,58551,True,0.9,True,,6.735086441040039,1
2026-05-11T15:23:15+0000,1778512995.2130702,1778512995.620668,PostgreSQL+Citus,citus_hot90,citus_native,141,select,5954,27534,False,0.9,True,,407.59778022766113,1
2026-05-11T15:23:15+0000,1778512995.6151717,1778512995.6208608,PostgreSQL+Citus,citus_hot90,citus_native,260,select,3000,83011,True,0.9,True,,5.689144134521484,1
2026-05-11T15:23:15+0000,1778512995.6153288,1778512995.621017,PostgreSQL+Citus,citus_hot90,citus_native,261,select,3000,3308,True,0.9,True,,5.688190460205078,1
2026-05-11T15:23:15+0000,1778512995.6198883,1778512995.6213512,PostgreSQL+Citus,citus_hot90,citus_native,277,update,3000,13749,True,0.9,False,FeatureNotSupported,1.4629364013671875,0
2026-05-11T15:23:15+0000,1778512995.5151608,1778512995.622037,PostgreSQL+Citus,citus_hot90,citus_native,225,select,3000,52501,True,0.9,True,,106.87613487243652,1
2026-05-11T15:23:15+0000,1778512995.617238,1778512995.6225183,PostgreSQL+Citus,citus_hot90,citus_native,268,select,3000,60325,True,0.9,True,,5.280256271362305,1
2026-05-11T15:23:15+0000,1778512995.6116667,1778512995.622758,PostgreSQL+Citus,citus_hot90,citus_native,246,select,3000,23726,True,0.9,True,,11.091232299804688,1
2026-05-11T15:23:15+0000,1778512995.5062056,1778512995.6228955,PostgreSQL+Citus,citus_hot90,citus_native,204,insert,3000,88425,True,0.9,True,,116.68992042541504,1
2026-05-11T15:23:15+0000,1778512995.617523,1778512995.6230536,PostgreSQL+Citus,citus_hot90,citus_native,270,select,3000,70596,True,0.9,True,,5.530595779418945,1
2026-05-11T15:23:15+0000,1778512995.6231065,1778512995.6238458,PostgreSQL+Citus,citus_hot90,citus_native,288,update,9615,39361,False,0.9,False,FeatureNotSupported,0.7393360137939453,0
2026-05-11T15:23:15+0000,1778512995.6205235,1778512995.705249,PostgreSQL+Citus,citus_hot90,citus_native,279,insert,3000,2807,True,0.9,True,,84.72561836242676,1
2026-05-11T15:23:15+0000,1778512995.6167023,1778512995.705658,PostgreSQL+Citus,citus_hot90,citus_native,266,select,3000,97723,True,0.9,True,,88.95564079284668,1
2026-05-11T15:23:15+0000,1778512995.621078,1778512995.708182,PostgreSQL+Citus,citus_hot90,citus_native,282,update,3000,33173,True,0.9,False,FeatureNotSupported,87.10408210754395,0
2026-05-11T15:23:15+0000,1778512995.6173947,1778512995.7085533,PostgreSQL+Citus,citus_hot90,citus_native,269,update,3000,82457,True,0.9,False,FeatureNotSupported,91.15862846374512,0
2026-05-11T15:23:15+0000,1778512995.6159918,1778512995.7089965,PostgreSQL+Citus,citus_hot90,citus_native,264,select,3000,73245,True,0.9,True,,93.00470352172852,1
2026-05-11T15:23:15+0000,1778512995.112653,1778512995.7094085,PostgreSQL+Citus,citus_hot90,citus_native,41,select,3000,87998,True,0.9,True,,596.7555046081543,1
2026-05-11T15:23:15+0000,1778512995.6093466,1778512995.7097056,PostgreSQL+Citus,citus_hot90,citus_native,241,select,3000,63248,True,0.9,True,,100.35896301269531,1
2026-05-11T15:23:15+0000,1778512995.6181781,1778512995.709984,PostgreSQL+Citus,citus_hot90,citus_native,273,select,3000,70624,True,0.9,True,,91.80593490600586,1
2026-05-11T15:23:15+0000,1778512995.1326342,1778512995.7103434,PostgreSQL+Citus,citus_hot90,citus_native,104,select,3000,57086,True,0.9,True,,577.7091979980469,1
2026-05-11T15:23:15+0000,1778512995.6170754,1778512995.7106504,PostgreSQL+Citus,citus_hot90,citus_native,267,update,3000,7338,True,0.9,False,FeatureNotSupported,93.57500076293945,0
2026-05-11T15:23:15+0000,1778512995.6185474,1778512995.7109778,PostgreSQL+Citus,citus_hot90,citus_native,274,select,3000,70631,True,0.9,True,,92.43035316467285,1
2026-05-11T15:23:15+0000,1778512995.7101305,1778512995.7111897,PostgreSQL+Citus,citus_hot90,citus_native,297,update,3000,44282,True,0.9,False,FeatureNotSupported,1.0592937469482422,0
2026-05-11T15:23:15+0000,1778512995.6177943,1778512995.7114286,PostgreSQL+Citus,citus_hot90,citus_native,271,select,3000,37454,True,0.9,True,,93.63436698913574,1
2026-05-11T15:23:15+0000,1778512995.7095358,1778512995.711664,PostgreSQL+Citus,citus_hot90,citus_native,295,update,3000,94520,True,0.9,False,FeatureNotSupported,2.128124237060547,0
2026-05-11T15:23:15+0000,1778512995.7097914,1778512995.7119703,PostgreSQL+Citus,citus_hot90,citus_native,296,insert,1838,91120,False,0.9,True,,2.1789073944091797,1
2026-05-11T15:23:15+0000,1778512995.123838,1778512995.7121813,PostgreSQL+Citus,citus_hot90,citus_native,66,select,3000,79188,True,0.9,True,,588.3433818817139,1
2026-05-11T15:23:15+0000,1778512995.705422,1778512995.7124472,PostgreSQL+Citus,citus_hot90,citus_native,290,select,3000,26620,True,0.9,True,,7.025241851806641,1
2026-05-11T15:23:15+0000,1778512995.708717,1778512995.7127297,PostgreSQL+Citus,citus_hot90,citus_native,293,select,3000,30412,True,0.9,True,,4.012584686279297,1
2026-05-11T15:23:15+0000,1778512995.6196394,1778512995.7129474,PostgreSQL+Citus,citus_hot90,citus_native,276,insert,3000,23637,True,0.9,True,,93.3079719543457,1
2026-05-11T15:23:15+0000,1778512995.6134324,1778512995.7131882,PostgreSQL+Citus,citus_hot90,citus_native,252,select,3000,22100,True,0.9,True,,99.75576400756836,1
2026-05-11T15:23:15+0000,1778512995.1170485,1778512995.7134316,PostgreSQL+Citus,citus_hot90,citus_native,46,select,3000,442,True,0.9,True,,596.3830947875977,1
2026-05-11T15:23:15+0000,1778512995.6209302,1778512995.7135987,PostgreSQL+Citus,citus_hot90,citus_native,281,select,3000,66335,True,0.9,True,,92.66853332519531,1
2026-05-11T15:23:15+0000,1778512995.6179748,1778512995.7138796,PostgreSQL+Citus,citus_hot90,citus_native,272,select,3000,54441,True,0.9,True,,95.90482711791992,1
2026-05-11T15:23:15+0000,1778512995.6225753,1778512995.7142515,PostgreSQL+Citus,citus_hot90,citus_native,285,update,9883,46920,False,0.9,False,FeatureNotSupported,91.67623519897461,0
2026-05-11T15:23:15+0000,1778512995.6216416,1778512995.7145083,PostgreSQL+Citus,citus_hot90,citus_native,283,update,3000,88587,True,0.9,False,FeatureNotSupported,92.86665916442871,0
2026-05-11T15:23:15+0000,1778512995.6143682,1778512995.714682,PostgreSQL+Citus,citus_hot90,citus_native,256,select,3000,40187,True,0.9,True,,100.31390190124512,1
2026-05-11T15:23:15+0000,1778512995.6157868,1778512995.7148917,PostgreSQL+Citus,citus_hot90,citus_native,263,update,3000,32229,True,0.9,False,FeatureNotSupported,99.1048812866211,0
2026-05-11T15:23:15+0000,1778512995.7120352,1778512995.7150078,PostgreSQL+Citus,citus_hot90,citus_native,304,update,3000,64723,True,0.9,False,FeatureNotSupported,2.9726028442382812,0
2026-05-11T15:23:15+0000,1778512995.1297824,1778512995.7151887,PostgreSQL+Citus,citus_hot90,citus_native,91,update,3000,17778,True,0.9,False,FeatureNotSupported,585.4063034057617,0
2026-05-11T15:23:15+0000,1778512995.6090376,1778512995.7154253,PostgreSQL+Citus,citus_hot90,citus_native,240,select,3000,19325,True,0.9,True,,106.38761520385742,1
2026-05-11T15:23:15+0000,1778512995.6109915,1778512995.7155821,PostgreSQL+Citus,citus_hot90,citus_native,244,select,3000,2816,True,0.9,True,,104.59065437316895,1
2026-05-11T15:23:15+0000,1778512995.614791,1778512995.7157047,PostgreSQL+Citus,citus_hot90,citus_native,258,update,3000,57940,True,0.9,False,FeatureNotSupported,100.91376304626465,0
2026-05-11T15:23:15+0000,1778512995.6207628,1778512995.7159047,PostgreSQL+Citus,citus_hot90,citus_native,280,select,3000,43555,True,0.9,True,,95.14188766479492,1
2026-05-11T15:23:15+0000,1778512995.6146066,1778512995.7161775,PostgreSQL+Citus,citus_hot90,citus_native,257,select,3000,57527,True,0.9,True,,101.57084465026855,1
2026-05-11T15:23:15+0000,1778512995.6229491,1778512995.716376,PostgreSQL+Citus,citus_hot90,citus_native,287,update,3000,19092,True,0.9,False,FeatureNotSupported,93.42694282531738,0
2026-05-11T15:23:15+0000,1778512995.7134879,1778512995.7165434,PostgreSQL+Citus,citus_hot90,citus_native,310,update,3000,85519,True,0.9,False,FeatureNotSupported,3.055572509765625,0
2026-05-11T15:23:15+0000,1778512995.6164322,1778512995.7166643,PostgreSQL+Citus,citus_hot90,citus_native,265,update,3000,41915,True,0.9,False,FeatureNotSupported,100.23212432861328,0
2026-05-11T15:23:15+0000,1778512995.1250088,1778512995.7168841,PostgreSQL+Citus,citus_hot90,citus_native,71,select,3000,3513,True,0.9,True,,591.8753147125244,1
2026-05-11T15:23:15+0000,1778512995.1276414,1778512995.7171392,PostgreSQL+Citus,citus_hot90,citus_native,81,update,3000,80859,True,0.9,False,FeatureNotSupported,589.4978046417236,0
2026-05-11T15:23:15+0000,1778512995.6140957,1778512995.717323,PostgreSQL+Citus,citus_hot90,citus_native,255,select,3000,29119,True,0.9,True,,103.22737693786621,1
2026-05-11T15:23:15+0000,1778512995.6131954,1778512995.7174509,PostgreSQL+Citus,citus_hot90,citus_native,251,select,3000,72255,True,0.9,True,,104.25543785095215,1
2026-05-11T15:23:15+0000,1778512995.1319585,1778512995.7175837,PostgreSQL+Citus,citus_hot90,citus_native,101,select,3000,71633,True,0.9,True,,585.625171661377,1
2026-05-11T15:23:15+0000,1778512995.613922,1778512995.7177846,PostgreSQL+Citus,citus_hot90,citus_native,254,update,3000,18287,True,0.9,False,FeatureNotSupported,103.86252403259277,0
2026-05-11T15:23:15+0000,1778512995.1227527,1778512995.717961,PostgreSQL+Citus,citus_hot90,citus_native,62,select,3000,74483,True,0.9,True,,595.2084064483643,1
2026-05-11T15:23:15+0000,1778512995.6072812,1778512995.7181606,PostgreSQL+Citus,citus_hot90,citus_native,237,insert,3000,1663,True,0.9,True,,110.87942123413086,1
2026-05-11T15:23:15+0000,1778512995.714943,1778512995.7182798,PostgreSQL+Citus,citus_hot90,citus_native,316,update,3000,45621,True,0.9,False,FeatureNotSupported,3.3369064331054688,0
2026-05-11T15:23:15+0000,1778512995.6149824,1778512995.718376,PostgreSQL+Citus,citus_hot90,citus_native,259,select,3000,80465,True,0.9,True,,103.3935546875,1
2026-05-11T15:23:15+0000,1778512995.612368,1778512995.7184682,PostgreSQL+Citus,citus_hot90,citus_native,248,update,3000,22330,True,0.9,False,FeatureNotSupported,106.10008239746094,0
2026-05-11T15:23:15+0000,1778512995.6228268,1778512995.7186663,PostgreSQL+Citus,citus_hot90,citus_native,286,select,3000,88765,True,0.9,True,,95.8395004272461,1
2026-05-11T15:23:15+0000,1778512995.6155922,1778512995.7189178,PostgreSQL+Citus,citus_hot90,citus_native,262,select,3000,67143,True,0.9,True,,103.32560539245605,1
2026-05-11T15:23:15+0000,1778512995.115416,1778512995.7191005,PostgreSQL+Citus,citus_hot90,citus_native,44,select,3000,52008,True,0.9,True,,603.6844253540039,1
2026-05-11T15:23:15+0000,1778512995.7107732,1778512995.7196314,PostgreSQL+Citus,citus_hot90,citus_native,299,select,3000,32176,True,0.9,True,,8.858203887939453,1
2026-05-11T15:23:15+0000,1778512995.1267943,1778512995.7197585,PostgreSQL+Citus,citus_hot90,citus_native,78,insert,3000,75468,True,0.9,True,,592.9641723632812,1
2026-05-11T15:23:15+0000,1778512995.7140148,1778512995.7203152,PostgreSQL+Citus,citus_hot90,citus_native,312,update,3000,75822,True,0.9,False,FeatureNotSupported,6.300449371337891,0
2026-05-11T15:23:15+0000,1778512995.6126466,1778512995.721092,PostgreSQL+Citus,citus_hot90,citus_native,249,select,3000,34500,True,0.9,True,,108.44540596008301,1
2026-05-11T15:23:15+0000,1778512995.6239347,1778512995.7217197,PostgreSQL+Citus,citus_hot90,citus_native,289,select,3000,30499,True,0.9,True,,97.78499603271484,1
2026-05-11T15:23:15+0000,1778512995.714784,1778512995.7224445,PostgreSQL+Citus,citus_hot90,citus_native,315,select,3000,29347,True,0.9,True,,7.660627365112305,1
2026-05-11T15:23:15+0000,1778512995.7182145,1778512995.7226562,PostgreSQL+Citus,citus_hot90,citus_native,334,select,3000,99339,True,0.9,True,,4.441738128662109,1
2026-05-11T15:23:15+0000,1778512995.1110175,1778512995.72275,PostgreSQL+Citus,citus_hot90,citus_native,37,select,3000,24541,True,0.9,True,,611.7324829101562,1
2026-05-11T15:23:15+0000,1778512995.7187831,1778512995.7229054,PostgreSQL+Citus,citus_hot90,citus_native,338,select,3000,96296,True,0.9,True,,4.122257232666016,1
2026-05-11T15:23:15+0000,1778512995.5054615,1778512995.7230823,PostgreSQL+Citus,citus_hot90,citus_native,202,select,5580,2710,False,0.9,True,,217.620849609375,1
2026-05-11T15:23:15+0000,1778512995.6223247,1778512995.72342,PostgreSQL+Citus,citus_hot90,citus_native,284,select,29691,19232,False,0.9,True,,101.09519958496094,1
2026-05-11T15:23:15+0000,1778512995.7225337,1778512995.7239714,PostgreSQL+Citus,citus_hot90,citus_native,346,select,3000,87540,True,0.9,True,,1.4376640319824219,1
2026-05-11T15:23:15+0000,1778512995.7232006,1778512995.724271,PostgreSQL+Citus,citus_hot90,citus_native,350,select,4566,96819,False,0.9,True,,1.0704994201660156,1
2026-05-11T15:23:15+0000,1778512995.7240467,1778512995.7247818,PostgreSQL+Citus,citus_hot90,citus_native,352,select,3000,82098,True,0.9,True,,0.7350444793701172,1
2026-05-11T15:23:15+0000,1778512995.7248237,1778512995.72554,PostgreSQL+Citus,citus_hot90,citus_native,354,select,3000,21291,True,0.9,True,,0.7162094116210938,1
2026-05-11T15:23:15+0000,1778512995.7256136,1778512995.7261834,PostgreSQL+Citus,citus_hot90,citus_native,355,select,3000,27575,True,0.9,True,,0.5698204040527344,1
2026-05-11T15:23:15+0000,1778512995.1229954,1778512995.8052483,PostgreSQL+Citus,citus_hot90,citus_native,63,update,3000,75505,True,0.9,False,FeatureNotSupported,682.2528839111328,0
2026-05-11T15:23:15+0000,1778512995.7262182,1778512995.805715,PostgreSQL+Citus,citus_hot90,citus_native,356,select,3000,638,True,0.9,True,,79.49686050415039,1
2026-05-11T15:23:15+0000,1778512995.7110667,1778512995.8064196,PostgreSQL+Citus,citus_hot90,citus_native,300,select,3000,58793,True,0.9,True,,95.3528881072998,1
2026-05-11T15:23:15+0000,1778512995.7167172,1778512995.807397,PostgreSQL+Citus,citus_hot90,citus_native,326,select,3000,37138,True,0.9,True,,90.67964553833008,1
2026-05-11T15:23:15+0000,1778512995.1193793,1778512995.807825,PostgreSQL+Citus,citus_hot90,citus_native,53,select,3000,92580,True,0.9,True,,688.4458065032959,1
2026-05-11T15:23:15+0000,1778512995.7136807,1778512995.8082573,PostgreSQL+Citus,citus_hot90,citus_native,311,select,3000,17809,True,0.9,True,,94.57659721374512,1
2026-05-11T15:23:15+0000,1778512995.717021,1778512995.8085647,PostgreSQL+Citus,citus_hot90,citus_native,327,update,3000,86438,True,0.9,False,FeatureNotSupported,91.54367446899414,0
2026-05-11T15:23:15+0000,1778512995.7192006,1778512995.8089564,PostgreSQL+Citus,citus_hot90,citus_native,340,insert,3000,89250,True,0.9,True,,89.75577354431152,1
2026-05-11T15:23:15+0000,1778512995.7165954,1778512995.8093538,PostgreSQL+Citus,citus_hot90,citus_native,325,update,3000,98829,True,0.9,False,FeatureNotSupported,92.7584171295166,0
2026-05-11T15:23:15+0000,1778512995.709173,1778512995.8096178,PostgreSQL+Citus,citus_hot90,citus_native,294,insert,3000,52367,True,0.9,True,,100.44479370117188,1
2026-05-11T15:23:15+0000,1778512995.714556,1778512995.8098469,PostgreSQL+Citus,citus_hot90,citus_native,314,select,3000,39095,True,0.9,True,,95.2908992767334,1
2026-05-11T15:23:15+0000,1778512995.7164538,1778512995.8101342,PostgreSQL+Citus,citus_hot90,citus_native,324,select,3000,21500,True,0.9,True,,93.68038177490234,1
2026-05-11T15:23:15+0000,1778512995.7157693,1778512995.8104393,PostgreSQL+Citus,citus_hot90,citus_native,321,select,3000,14985,True,0.9,True,,94.67005729675293,1
2026-05-11T15:23:15+0000,1778512995.712244,1778512995.811142,PostgreSQL+Citus,citus_hot90,citus_native,305,select,3000,37934,True,0.9,True,,98.89793395996094,1
2026-05-11T15:23:15+0000,1778512995.7133112,1778512995.8118868,PostgreSQL+Citus,citus_hot90,citus_native,309,update,3000,12445,True,0.9,False,FeatureNotSupported,98.57559204101562,0
2026-05-11T15:23:15+0000,1778512995.7211723,1778512995.812122,PostgreSQL+Citus,citus_hot90,citus_native,344,select,3000,47706,True,0.9,True,,90.94977378845215,1
2026-05-11T15:23:15+0000,1778512995.7174869,1778512995.8123422,PostgreSQL+Citus,citus_hot90,citus_native,330,select,3000,30827,True,0.9,True,,94.85530853271484,1
2026-05-11T15:23:15+0000,1778512995.7083323,1778512995.8130057,PostgreSQL+Citus,citus_hot90,citus_native,292,select,3000,93802,True,0.9,True,,104.67338562011719,1
2026-05-11T15:23:15+0000,1778512995.7226992,1778512995.8131878,PostgreSQL+Citus,citus_hot90,citus_native,347,update,3000,17735,True,0.9,False,FeatureNotSupported,90.48867225646973,0
2026-05-11T15:23:15+0000,1778512995.7162635,1778512995.813401,PostgreSQL+Citus,citus_hot90,citus_native,323,select,3000,42821,True,0.9,True,,97.137451171875,1
2026-05-11T15:23:15+0000,1778512995.7178512,1778512995.8135724,PostgreSQL+Citus,citus_hot90,citus_native,332,update,3000,47126,True,0.9,False,FeatureNotSupported,95.72124481201172,0
2026-05-11T15:23:15+0000,1778512995.71851,1778512995.8138168,PostgreSQL+Citus,citus_hot90,citus_native,337,select,3000,97124,True,0.9,True,,95.3068733215332,1
2026-05-11T15:23:15+0000,1778512995.809707,1778512995.814148,PostgreSQL+Citus,citus_hot90,citus_native,366,select,3000,95738,True,0.9,True,,4.441022872924805,1
2026-05-11T15:23:15+0000,1778512995.8094752,1778512995.8144228,PostgreSQL+Citus,citus_hot90,citus_native,365,select,3000,69169,True,0.9,True,,4.947662353515625,1
2026-05-11T15:23:15+0000,1778512995.4082768,1778512995.8146296,PostgreSQL+Citus,citus_hot90,citus_native,186,select,28149,41545,False,0.9,True,,406.3527584075928,1
2026-05-11T15:23:15+0000,1778512995.715476,1778512995.8148332,PostgreSQL+Citus,citus_hot90,citus_native,319,select,3000,14390,True,0.9,True,,99.35712814331055,1
2026-05-11T15:23:15+0000,1778512995.1295679,1778512995.8150222,PostgreSQL+Citus,citus_hot90,citus_native,90,select,3000,35024,True,0.9,True,,685.4543685913086,1
2026-05-11T15:23:15+0000,1778512995.8069985,1778512995.8152425,PostgreSQL+Citus,citus_hot90,citus_native,359,update,3000,13709,True,0.9,False,FeatureNotSupported,8.244037628173828,0
2026-05-11T15:23:15+0000,1778512995.1216152,1778512995.815403,PostgreSQL+Citus,citus_hot90,citus_native,57,select,3000,60766,True,0.9,True,,693.7878131866455,1
2026-05-11T15:23:15+0000,1778512995.7227993,1778512995.8155444,PostgreSQL+Citus,citus_hot90,citus_native,348,select,3000,49155,True,0.9,True,,92.74506568908691,1
2026-05-11T15:23:15+0000,1778512995.7229652,1778512995.8156571,PostgreSQL+Citus,citus_hot90,citus_native,349,select,3000,73601,True,0.9,True,,92.69189834594727,1
2026-05-11T15:23:15+0000,1778512995.7183135,1778512995.8158147,PostgreSQL+Citus,citus_hot90,citus_native,335,select,3000,31607,True,0.9,True,,97.50127792358398,1
2026-05-11T15:23:15+0000,1778512995.711727,1778512995.8159406,PostgreSQL+Citus,citus_hot90,citus_native,303,select,3000,11670,True,0.9,True,,104.21371459960938,1
2026-05-11T15:23:15+0000,1778512995.7184126,1778512995.816177,PostgreSQL+Citus,citus_hot90,citus_native,336,select,3000,76589,True,0.9,True,,97.76425361633301,1
2026-05-11T15:23:15+0000,1778512995.8134694,1778512995.8164012,PostgreSQL+Citus,citus_hot90,citus_native,376,select,3000,32450,True,0.9,True,,2.931833267211914,1
2026-05-11T15:23:15+0000,1778512995.7207105,1778512995.8165789,PostgreSQL+Citus,citus_hot90,citus_native,343,update,4115,12361,False,0.9,False,FeatureNotSupported,95.86834907531738,0
2026-05-11T15:23:15+0000,1778512995.8121696,1778512995.816981,PostgreSQL+Citus,citus_hot90,citus_native,372,select,3000,48898,True,0.9,True,,4.811525344848633,1
2026-05-11T15:23:15+0000,1778512995.805771,1778512995.8171358,PostgreSQL+Citus,citus_hot90,citus_native,358,select,3000,14402,True,0.9,True,,11.36469841003418,1
2026-05-11T15:23:15+0000,1778512995.7104602,1778512995.8173747,PostgreSQL+Citus,citus_hot90,citus_native,298,update,3000,52839,True,0.9,False,FeatureNotSupported,106.91452026367188,0
2026-05-11T15:23:15+0000,1778512995.8154576,1778512995.8177524,PostgreSQL+Citus,citus_hot90,citus_native,385,update,3000,88238,True,0.9,False,FeatureNotSupported,2.294778823852539,0
2026-05-11T15:23:15+0000,1778512995.7173805,1778512995.8181145,PostgreSQL+Citus,citus_hot90,citus_native,329,select,3000,39529,True,0.9,True,,100.73399543762207,1
2026-05-11T15:23:15+0000,1778512995.4123945,1778512995.8183167,PostgreSQL+Citus,citus_hot90,citus_native,196,select,14808,79402,False,0.9,True,,405.92217445373535,1
2026-05-11T15:23:15+0000,1778512995.1205187,1778512995.8185017,PostgreSQL+Citus,citus_hot90,citus_native,55,select,3000,30718,True,0.9,True,,697.9830265045166,1
2026-05-11T15:23:15+0000,1778512995.7156336,1778512995.8187027,PostgreSQL+Citus,citus_hot90,citus_native,320,select,3000,67538,True,0.9,True,,103.06906700134277,1
2026-05-11T15:23:15+0000,1778512995.7196982,1778512995.819029,PostgreSQL+Citus,citus_hot90,citus_native,341,select,3000,34993,True,0.9,True,,99.33090209960938,1
2026-05-11T15:23:15+0000,1778512995.1241214,1778512995.8193023,PostgreSQL+Citus,citus_hot90,citus_native,67,select,3000,3008,True,0.9,True,,695.1808929443359,1
2026-05-11T15:23:15+0000,1778512995.8074877,1778512995.8194618,PostgreSQL+Citus,citus_hot90,citus_native,360,select,3000,97978,True,0.9,True,,11.974096298217773,1
2026-05-11T15:23:15+0000,1778512995.8160074,1778512995.8196185,PostgreSQL+Citus,citus_hot90,citus_native,389,select,3000,43721,True,0.9,True,,3.6110877990722656,1
2026-05-11T15:23:15+0000,1778512995.12439,1778512995.8197534,PostgreSQL+Citus,citus_hot90,citus_native,68,select,3000,91524,True,0.9,True,,695.3635215759277,1
2026-05-11T15:23:15+0000,1778512995.8102663,1778512995.819916,PostgreSQL+Citus,citus_hot90,citus_native,368,update,3000,2100,True,0.9,False,FeatureNotSupported,9.64975357055664,0
2026-05-11T15:23:15+0000,1778512995.7222176,1778512995.8201308,PostgreSQL+Citus,citus_hot90,citus_native,345,select,3000,30276,True,0.9,True,,97.91326522827148,1
2026-05-11T15:23:15+0000,1778512995.807892,1778512995.8202512,PostgreSQL+Citus,citus_hot90,citus_native,361,select,3000,52750,True,0.9,True,,12.359142303466797,1
2026-05-11T15:23:15+0000,1778512995.711284,1778512995.8204021,PostgreSQL+Citus,citus_hot90,citus_native,301,select,3000,12989,True,0.9,True,,109.11822319030762,1
2026-05-11T15:23:15+0000,1778512995.8091488,1778512995.8206248,PostgreSQL+Citus,citus_hot90,citus_native,364,select,3000,35034,True,0.9,True,,11.47603988647461,1
2026-05-11T15:23:15+0000,1778512995.8195167,1778512995.8207705,PostgreSQL+Citus,citus_hot90,citus_native,403,update,3000,17066,True,0.9,False,FeatureNotSupported,1.2538433074951172,0
2026-05-11T15:23:15+0000,1778512995.7176871,1778512995.8208933,PostgreSQL+Citus,citus_hot90,citus_native,331,select,3000,84394,True,0.9,True,,103.20615768432617,1
2026-05-11T15:23:15+0000,1778512995.1317859,1778512995.821098,PostgreSQL+Citus,citus_hot90,citus_native,100,select,3000,12315,True,0.9,True,,689.312219619751,1
2026-05-11T15:23:15+0000,1778512995.8147194,1778512995.8213966,PostgreSQL+Citus,citus_hot90,citus_native,381,select,3000,99504,True,0.9,True,,6.677150726318359,1
2026-05-11T15:23:15+0000,1778512995.8205051,1778512995.821548,PostgreSQL+Citus,citus_hot90,citus_native,409,update,3000,80822,True,0.9,False,FeatureNotSupported,1.0428428649902344,0
2026-05-11T15:23:15+0000,1778512995.711507,1778512995.8216872,PostgreSQL+Citus,citus_hot90,citus_native,302,select,3000,62667,True,0.9,True,,110.18013954162598,1
2026-05-11T15:23:15+0000,1778512995.714387,1778512995.8218665,PostgreSQL+Citus,citus_hot90,citus_native,313,select,3000,16163,True,0.9,True,,107.47957229614258,1
2026-05-11T15:23:15+0000,1778512995.8201728,1778512995.8220446,PostgreSQL+Citus,citus_hot90,citus_native,407,update,3000,90396,True,0.9,False,FeatureNotSupported,1.8718242645263672,0
2026-05-11T15:23:15+0000,1778512995.7199724,1778512995.8223448,PostgreSQL+Citus,citus_hot90,citus_native,342,select,3000,5367,True,0.9,True,,102.37240791320801,1
2026-05-11T15:23:15+0000,1778512995.1304839,1778512995.8225737,PostgreSQL+Citus,citus_hot90,citus_native,94,insert,9628,46190,False,0.9,True,,692.0897960662842,1
2026-05-11T15:23:15+0000,1778512995.8148928,1778512995.8226717,PostgreSQL+Citus,citus_hot90,citus_native,382,select,3000,6869,True,0.9,True,,7.77888298034668,1
2026-05-11T15:23:15+0000,1778512995.8086848,1778512995.8228097,PostgreSQL+Citus,citus_hot90,citus_native,363,update,3000,78055,True,0.9,False,FeatureNotSupported,14.124870300292969,0
2026-05-11T15:23:15+0000,1778512995.7159898,1778512995.8229733,PostgreSQL+Citus,citus_hot90,citus_native,322,select,3000,73914,True,0.9,True,,106.98342323303223,1
2026-05-11T15:23:15+0000,1778512995.821599,1778512995.8231432,PostgreSQL+Citus,citus_hot90,citus_native,415,select,3000,93742,True,0.9,True,,1.5442371368408203,1
2026-05-11T15:23:15+0000,1778512995.8183868,1778512995.8234608,PostgreSQL+Citus,citus_hot90,citus_native,398,update,3000,82487,True,0.9,False,FeatureNotSupported,5.074024200439453,0
2026-05-11T15:23:15+0000,1778512995.712803,1778512995.8235831,PostgreSQL+Citus,citus_hot90,citus_native,307,select,3000,9652,True,0.9,True,,110.78023910522461,1
2026-05-11T15:23:15+0000,1778512995.7189944,1778512995.8236783,PostgreSQL+Citus,citus_hot90,citus_native,339,select,3000,2026,True,0.9,True,,104.68387603759766,1
2026-05-11T15:23:15+0000,1778512995.7130253,1778512995.823817,PostgreSQL+Citus,citus_hot90,citus_native,308,select,3000,71639,True,0.9,True,,110.79168319702148,1
2026-05-11T15:23:15+0000,1778512995.8198407,1778512995.823904,PostgreSQL+Citus,citus_hot90,citus_native,405,update,3000,55859,True,0.9,False,FeatureNotSupported,4.06336784362793,0
2026-05-11T15:23:15+0000,1778512995.8158486,1778512995.8240106,PostgreSQL+Citus,citus_hot90,citus_native,388,select,3000,35439,True,0.9,True,,8.16202163696289,1
2026-05-11T15:23:15+0000,1778512995.8221169,1778512995.8243747,PostgreSQL+Citus,citus_hot90,citus_native,418,insert,3000,20711,True,0.9,True,,2.257823944091797,1
2026-05-11T15:23:15+0000,1778512995.8151445,1778512995.9051154,PostgreSQL+Citus,citus_hot90,citus_native,383,select,3000,22433,True,0.9,True,,89.97082710266113,1
2026-05-11T15:23:15+0000,1778512995.7125926,1778512995.9059844,PostgreSQL+Citus,citus_hot90,citus_native,306,select,3000,8910,True,0.9,True,,193.3917999267578,1
2026-05-11T15:23:15+0000,1778512995.8166342,1778512995.9061887,PostgreSQL+Citus,citus_hot90,citus_native,392,insert,3000,39717,True,0.9,True,,89.5545482635498,1
2026-05-11T15:23:15+0000,1778512995.8182201,1778512995.9063997,PostgreSQL+Citus,citus_hot90,citus_native,397,select,3000,9206,True,0.9,True,,88.1795883178711,1
2026-05-11T15:23:15+0000,1778512995.8178825,1778512995.9067059,PostgreSQL+Citus,citus_hot90,citus_native,396,select,3000,65022,True,0.9,True,,88.82331848144531,1
2026-05-11T15:23:15+0000,1778512995.1309175,1778512995.9070418,PostgreSQL+Citus,citus_hot90,citus_native,96,select,3000,83239,True,0.9,True,,776.1242389678955,1
2026-05-11T15:23:15+0000,1778512995.818602,1778512995.907344,PostgreSQL+Citus,citus_hot90,citus_native,399,update,3000,41676,True,0.9,False,FeatureNotSupported,88.74201774597168,0
2026-05-11T15:23:15+0000,1778512995.821265,1778512995.9074771,PostgreSQL+Citus,citus_hot90,citus_native,413,select,3000,68145,True,0.9,True,,86.212158203125,1
2026-05-11T15:23:15+0000,1778512995.8132386,1778512995.9076219,PostgreSQL+Citus,citus_hot90,citus_native,375,update,3000,47570,True,0.9,False,FeatureNotSupported,94.38323974609375,0
2026-05-11T15:23:15+0000,1778512995.8175328,1778512995.907785,PostgreSQL+Citus,citus_hot90,citus_native,395,select,3000,80072,True,0.9,True,,90.25216102600098,1
2026-05-11T15:23:15+0000,1778512995.8119688,1778512995.9079778,PostgreSQL+Citus,citus_hot90,citus_native,371,update,3000,55013,True,0.9,False,FeatureNotSupported,96.0090160369873,0
2026-05-11T15:23:15+0000,1778512995.8199596,1778512995.9082174,PostgreSQL+Citus,citus_hot90,citus_native,406,select,3000,97343,True,0.9,True,,88.2577896118164,1
2026-05-11T15:23:15+0000,1778512995.815292,1778512995.9083111,PostgreSQL+Citus,citus_hot90,citus_native,384,select,3000,50921,True,0.9,True,,93.01924705505371,1
2026-05-11T15:23:15+0000,1778512995.8226192,1778512995.908488,PostgreSQL+Citus,citus_hot90,citus_native,420,select,3000,78,True,0.9,True,,85.86883544921875,1
2026-05-11T15:23:15+0000,1778512995.814272,1778512995.9088151,PostgreSQL+Citus,citus_hot90,citus_native,379,select,3000,33182,True,0.9,True,,94.5432186126709,1
2026-05-11T15:23:15+0000,1778512995.8144994,1778512995.9092607,PostgreSQL+Citus,citus_hot90,citus_native,380,select,3000,14325,True,0.9,True,,94.76137161254883,1
2026-05-11T15:23:15+0000,1778512995.8219478,1778512995.9096365,PostgreSQL+Citus,citus_hot90,citus_native,417,select,3000,88846,True,0.9,True,,87.68868446350098,1
2026-05-11T15:23:15+0000,1778512995.908548,1778512995.910177,PostgreSQL+Citus,citus_hot90,citus_native,445,select,3000,22483,True,0.9,True,,1.628875732421875,1
2026-05-11T15:23:15+0000,1778512995.5170627,1778512995.9105966,PostgreSQL+Citus,citus_hot90,citus_native,232,select,20849,72314,False,0.9,True,,393.53394508361816,1
2026-05-11T15:23:15+0000,1778512995.812434,1778512995.9108036,PostgreSQL+Citus,citus_hot90,citus_native,373,select,3000,11149,True,0.9,True,,98.36959838867188,1
2026-05-11T15:23:15+0000,1778512995.8227232,1778512995.910952,PostgreSQL+Citus,citus_hot90,citus_native,421,insert,3000,43778,True,0.9,True,,88.22894096374512,1
2026-05-11T15:23:15+0000,1778512995.8241057,1778512995.911237,PostgreSQL+Citus,citus_hot90,citus_native,430,select,3000,91662,True,0.9,True,,87.13126182556152,1
2026-05-11T15:23:15+0000,1778512995.823513,1778512995.9114935,PostgreSQL+Citus,citus_hot90,citus_native,425,insert,3000,16855,True,0.9,True,,87.98050880432129,1
2026-05-11T15:23:15+0000,1778512995.1180701,1778512995.911794,PostgreSQL+Citus,citus_hot90,citus_native,50,select,3000,49675,True,0.9,True,,793.7238216400146,1
2026-05-11T15:23:15+0000,1778512995.128926,1778512995.9120376,PostgreSQL+Citus,citus_hot90,citus_native,87,select,9454,18878,False,0.9,True,,783.111572265625,1
2026-05-11T15:23:15+0000,1778512995.907177,1778512995.9122071,PostgreSQL+Citus,citus_hot90,citus_native,437,select,3000,51638,True,0.9,True,,5.030155181884766,1
2026-05-11T15:23:15+0000,1778512995.8116322,1778512995.912376,PostgreSQL+Citus,citus_hot90,citus_native,370,select,3000,28187,True,0.9,True,,100.74377059936523,1
2026-05-11T15:23:15+0000,1778512995.8236136,1778512995.9125924,PostgreSQL+Citus,citus_hot90,citus_native,426,select,3000,76306,True,0.9,True,,88.97876739501953,1
2026-05-11T15:23:15+0000,1778512995.8188374,1778512995.9128838,PostgreSQL+Citus,citus_hot90,citus_native,400,select,3000,51200,True,0.9,True,,94.04635429382324,1
2026-05-11T15:23:15+0000,1778512995.9082599,1778512995.9130638,PostgreSQL+Citus,citus_hot90,citus_native,443,select,3000,93308,True,0.9,True,,4.803895950317383,1
2026-05-11T15:23:15+0000,1778512995.819375,1778512995.9132698,PostgreSQL+Citus,citus_hot90,citus_native,402,select,3000,63531,True,0.9,True,,93.89472007751465,1
2026-05-11T15:23:15+0000,1778512995.1219187,1778512995.9135501,PostgreSQL+Citus,citus_hot90,citus_native,58,select,3000,8843,True,0.9,True,,791.6314601898193,1
2026-05-11T15:23:15+0000,1778512995.9127245,1778512995.9138243,PostgreSQL+Citus,citus_hot90,citus_native,459,select,3000,15557,True,0.9,True,,1.0998249053955078,1
2026-05-11T15:23:15+0000,1778512995.1334207,1778512995.9141033,PostgreSQL+Citus,citus_hot90,citus_native,108,select,3000,75828,True,0.9,True,,780.6825637817383,1
2026-05-11T15:23:15+0000,1778512995.8214636,1778512995.9142866,PostgreSQL+Citus,citus_hot90,citus_native,414,select,19864,35360,False,0.9,True,,92.82302856445312,1
2026-05-11T15:23:15+0000,1778512995.8230457,1778512995.9145186,PostgreSQL+Citus,citus_hot90,citus_native,423,select,3000,58680,True,0.9,True,,91.47286415100098,1
2026-05-11T15:23:15+0000,1778512995.8196652,1778512995.9147646,PostgreSQL+Citus,citus_hot90,citus_native,404,update,3000,38159,True,0.9,False,FeatureNotSupported,95.09944915771484,0
2026-05-11T15:23:15+0000,1778512995.8206909,1778512995.9150388,PostgreSQL+Citus,citus_hot90,citus_native,410,select,3000,29241,True,0.9,True,,94.34795379638672,1
2026-05-11T15:23:15+0000,1778512995.9103675,1778512995.9153485,PostgreSQL+Citus,citus_hot90,citus_native,449,select,3000,30895,True,0.9,True,,4.981040954589844,1
2026-05-11T15:23:15+0000,1778512995.8099318,1778512995.915538,PostgreSQL+Citus,citus_hot90,citus_native,367,update,3000,97780,True,0.9,False,FeatureNotSupported,105.6063175201416,0
2026-05-11T15:23:15+0000,1778512995.9080157,1778512995.9156985,PostgreSQL+Citus,citus_hot90,citus_native,442,select,3000,6209,True,0.9,True,,7.68280029296875,1
2026-05-11T15:23:15+0000,1778512995.815593,1778512995.9158437,PostgreSQL+Citus,citus_hot90,citus_native,386,select,3000,44161,True,0.9,True,,100.2507209777832,1
2026-05-11T15:23:15+0000,1778512995.911936,1778512995.9160151,PostgreSQL+Citus,citus_hot90,citus_native,455,select,3000,86664,True,0.9,True,,4.079103469848633,1
2026-05-11T15:23:15+0000,1778512995.8083897,1778512995.9162638,PostgreSQL+Citus,citus_hot90,citus_native,362,select,3000,17079,True,0.9,True,,107.87415504455566,1
2026-05-11T15:23:15+0000,1778512995.912263,1778512995.9164464,PostgreSQL+Citus,citus_hot90,citus_native,457,update,3000,75248,True,0.9,False,FeatureNotSupported,4.183530807495117,0
2026-05-11T15:23:15+0000,1778512995.5124323,1778512995.9166815,PostgreSQL+Citus,citus_hot90,citus_native,219,select,9869,7219,False,0.9,True,,404.2491912841797,1
2026-05-11T15:23:15+0000,1778512995.9158921,1778512995.917042,PostgreSQL+Citus,citus_hot90,citus_native,473,select,3000,19762,True,0.9,True,,1.149892807006836,1
2026-05-11T15:23:15+0000,1778512995.1231961,1778512995.9173515,PostgreSQL+Citus,citus_hot90,citus_native,64,select,1287,36388,False,0.9,True,,794.1553592681885,1
2026-05-11T15:23:15+0000,1778512995.81718,1778512995.9175303,PostgreSQL+Citus,citus_hot90,citus_native,394,insert,3000,62623,True,0.9,True,,100.35037994384766,1
2026-05-11T15:23:15+0000,1778512995.9139497,1778512995.9176402,PostgreSQL+Citus,citus_hot90,citus_native,464,update,26754,58107,False,0.9,False,FeatureNotSupported,3.690481185913086,0
2026-05-11T15:23:15+0000,1778512995.8136342,1778512995.9178174,PostgreSQL+Citus,citus_hot90,citus_native,377,select,3000,5946,True,0.9,True,,104.18319702148438,1
2026-05-11T15:23:15+0000,1778512995.9097922,1778512995.918049,PostgreSQL+Citus,citus_hot90,citus_native,448,select,3000,52921,True,0.9,True,,8.256912231445312,1
2026-05-11T15:23:15+0000,1778512995.815701,1778512995.9182465,PostgreSQL+Citus,citus_hot90,citus_native,387,update,3000,36906,True,0.9,False,FeatureNotSupported,102.54549980163574,0
2026-05-11T15:23:15+0000,1778512995.127838,1778512995.9185815,PostgreSQL+Citus,citus_hot90,citus_native,82,select,1496,24332,False,0.9,True,,790.7435894012451,1
2026-05-11T15:23:15+0000,1778512995.823853,1778512995.9189453,PostgreSQL+Citus,citus_hot90,citus_native,428,select,3000,18658,True,0.9,True,,95.0922966003418,1
2026-05-11T15:23:15+0000,1778512995.8138776,1778512995.9191043,PostgreSQL+Citus,citus_hot90,citus_native,378,select,3000,73086,True,0.9,True,,105.22675514221191,1
2026-05-11T15:23:15+0000,1778512995.9073842,1778512995.919203,PostgreSQL+Citus,citus_hot90,citus_native,438,select,3000,74474,True,0.9,True,,11.818885803222656,1
2026-05-11T15:23:15+0000,1778512995.9089415,1778512995.9193337,PostgreSQL+Citus,citus_hot90,citus_native,446,select,3000,24303,True,0.9,True,,10.392189025878906,1
2026-05-11T15:23:15+0000,1778512995.8239455,1778512995.9194503,PostgreSQL+Citus,citus_hot90,citus_native,429,select,3000,35378,True,0.9,True,,95.5047607421875,1
2026-05-11T15:23:15+0000,1778512995.9067526,1778512995.9195697,PostgreSQL+Citus,citus_hot90,citus_native,436,select,3000,79824,True,0.9,True,,12.817144393920898,1
2026-05-11T15:23:15+0000,1778512995.8162816,1778512995.9197912,PostgreSQL+Citus,citus_hot90,citus_native,390,select,3000,78533,True,0.9,True,,103.50966453552246,1
2026-05-11T15:23:15+0000,1778512995.9065135,1778512995.9203162,PostgreSQL+Citus,citus_hot90,citus_native,435,update,2546,88757,False,0.9,False,FeatureNotSupported,13.802766799926758,0
2026-05-11T15:23:15+0000,1778512995.913652,1778512995.9206831,PostgreSQL+Citus,citus_hot90,citus_native,463,select,3000,76818,True,0.9,True,,7.03120231628418,1
2026-05-11T15:23:15+0000,1778512995.8191624,1778512995.9212732,PostgreSQL+Citus,citus_hot90,citus_native,401,insert,3000,56994,True,0.9,True,,102.1108627319336,1
2026-05-11T15:23:15+0000,1778512995.8105366,1778512995.921603,PostgreSQL+Citus,citus_hot90,citus_native,369,select,3000,78007,True,0.9,True,,111.06634140014648,1
2026-05-11T15:23:15+0000,1778512995.7243357,1778512995.9217663,PostgreSQL+Citus,citus_hot90,citus_native,353,select,3000,59416,True,0.9,True,,197.43061065673828,1
2026-05-11T15:23:15+0000,1778512995.6192214,1778512995.921965,PostgreSQL+Citus,citus_hot90,citus_native,275,select,3000,80783,True,0.9,True,,302.74343490600586,1
2026-05-11T15:23:15+0000,1778512995.1179426,1778512995.922198,PostgreSQL+Citus,citus_hot90,citus_native,49,select,3000,53915,True,0.9,True,,804.255485534668,1
2026-05-11T15:23:15+0000,1778512995.8244562,1778512995.9224348,PostgreSQL+Citus,citus_hot90,citus_native,431,select,3000,67403,True,0.9,True,,97.97859191894531,1
2026-05-11T15:23:15+0000,1778512995.8231957,1778512995.9226038,PostgreSQL+Citus,citus_hot90,citus_native,424,insert,3000,8927,True,0.9,True,,99.40814971923828,1
2026-05-11T15:23:15+0000,1778512995.9106677,1778512995.9227748,PostgreSQL+Citus,citus_hot90,citus_native,450,select,3000,23298,True,0.9,True,,12.107133865356445,1
2026-05-11T15:23:15+0000,1778512995.9052815,1778512995.9229927,PostgreSQL+Citus,citus_hot90,citus_native,432,select,3000,90185,True,0.9,True,,17.711162567138672,1
2026-05-11T15:23:15+0000,1778512995.9076664,1778512995.9231114,PostgreSQL+Citus,citus_hot90,citus_native,440,select,3000,2799,True,0.9,True,,15.44499397277832,1
2026-05-11T15:23:15+0000,1778512995.1302092,1778512995.923286,PostgreSQL+Citus,citus_hot90,citus_native,93,select,3000,38684,True,0.9,True,,793.076753616333,1
2026-05-11T15:23:15+0000,1778512995.9220483,1778512995.9234948,PostgreSQL+Citus,citus_hot90,citus_native,498,update,3000,2891,True,0.9,False,FeatureNotSupported,1.4464855194091797,0
2026-05-11T15:23:15+0000,1778512995.907833,1778512995.9236162,PostgreSQL+Citus,citus_hot90,citus_native,441,insert,3000,19140,True,0.9,True,,15.783071517944336,1
2026-05-11T15:23:15+0000,1778512995.9193823,1778512995.9237766,PostgreSQL+Citus,citus_hot90,citus_native,489,select,3000,91024,True,0.9,True,,4.394292831420898,1
2026-05-11T15:23:15+0000,1778512995.9194965,1778512995.923907,PostgreSQL+Citus,citus_hot90,citus_native,490,select,3000,64941,True,0.9,True,,4.410505294799805,1
2026-05-11T15:23:15+0000,1778512995.9146295,1778512995.9240322,PostgreSQL+Citus,citus_hot90,citus_native,467,select,3000,92327,True,0.9,True,,9.402751922607422,1
2026-05-11T15:23:15+0000,1778512995.9062288,1778512995.9242866,PostgreSQL+Citus,citus_hot90,citus_native,434,select,3000,79238,True,0.9,True,,18.057823181152344,1
2026-05-11T15:23:15+0000,1778512995.6053715,1778512995.9247515,PostgreSQL+Citus,citus_hot90,citus_native,234,insert,5041,71655,False,0.9,True,,319.3800449371338,1
2026-05-11T15:23:15+0000,1778512995.4084716,1778512995.924999,PostgreSQL+Citus,citus_hot90,citus_native,187,select,27570,17436,False,0.9,True,,516.5274143218994,1
2026-05-11T15:23:15+0000,1778512995.916756,1778512995.925595,PostgreSQL+Citus,citus_hot90,citus_native,477,update,3000,40376,True,0.9,False,FeatureNotSupported,8.839130401611328,0
2026-05-11T15:23:15+0000,1778512995.9133742,1778512995.9257321,PostgreSQL+Citus,citus_hot90,citus_native,462,select,3000,53750,True,0.9,True,,12.357950210571289,1
2026-05-11T15:23:15+0000,1778512995.1220329,1778512995.9258652,PostgreSQL+Citus,citus_hot90,citus_native,59,select,3000,68845,True,0.9,True,,803.8322925567627,1
2026-05-11T15:23:15+0000,1778512995.8164618,1778512995.926009,PostgreSQL+Citus,citus_hot90,citus_native,391,insert,3000,61518,True,0.9,True,,109.54713821411133,1
2026-05-11T15:23:15+0000,1778512995.91653,1778512995.9261346,PostgreSQL+Citus,citus_hot90,citus_native,476,select,3000,35714,True,0.9,True,,9.604692459106445,1
2026-05-11T15:23:15+0000,1778512995.8237357,1778512995.9262362,PostgreSQL+Citus,citus_hot90,citus_native,427,select,3000,87436,True,0.9,True,,102.50043869018555,1
2026-05-11T15:23:15+0000,1778512995.9143343,1778512995.9263904,PostgreSQL+Citus,citus_hot90,citus_native,466,select,3000,61208,True,0.9,True,,12.056112289428711,1
2026-05-11T15:23:15+0000,1778512995.8217518,1778512995.9265044,PostgreSQL+Citus,citus_hot90,citus_native,416,select,3000,85102,True,0.9,True,,104.7525405883789,1
2026-05-11T15:23:15+0000,1778512995.1307147,1778512995.9266381,PostgreSQL+Citus,citus_hot90,citus_native,95,select,3000,10212,True,0.9,True,,795.9234714508057,1
2026-05-11T15:23:15+0000,1778512995.8170664,1778512995.926843,PostgreSQL+Citus,citus_hot90,citus_native,393,select,3000,56077,True,0.9,True,,109.77649688720703,1
2026-05-11T15:23:15+0000,1778512995.921853,1778512995.9271817,PostgreSQL+Citus,citus_hot90,citus_native,497,select,3000,93443,True,0.9,True,,5.328655242919922,1
2026-05-11T15:23:15+0000,1778512995.9259272,1778512995.9274063,PostgreSQL+Citus,citus_hot90,citus_native,516,select,3000,5500,True,0.9,True,,1.4791488647460938,1
2026-05-11T15:23:15+0000,1778512995.3152242,1778512995.927619,PostgreSQL+Citus,citus_hot90,citus_native,170,select,3000,81033,True,0.9,True,,612.3948097229004,1
2026-05-11T15:23:15+0000,1778512995.9226549,1778512995.9278774,PostgreSQL+Citus,citus_hot90,citus_native,501,select,3000,11850,True,0.9,True,,5.222558975219727,1
2026-05-11T15:23:15+0000,1778512995.9260693,1778512995.9279933,PostgreSQL+Citus,citus_hot90,citus_native,517,update,19233,57671,False,0.9,False,FeatureNotSupported,1.9240379333496094,0
2026-05-11T15:23:15+0000,1778512995.917189,1778512995.9281578,PostgreSQL+Citus,citus_hot90,citus_native,478,select,3000,58311,True,0.9,True,,10.968923568725586,1
2026-05-11T15:23:15+0000,1778512995.8202822,1778512995.9283879,PostgreSQL+Citus,citus_hot90,citus_native,408,select,3000,91397,True,0.9,True,,108.10565948486328,1
2026-05-11T15:23:16+0000,1778512995.907529,1778512996.0052168,PostgreSQL+Citus,citus_hot90,citus_native,439,insert,3000,8555,True,0.9,True,,97.6877212524414,1
2026-05-11T15:23:16+0000,1778512995.909388,1778512996.0056434,PostgreSQL+Citus,citus_hot90,citus_native,447,insert,3000,51169,True,0.9,True,,96.25530242919922,1
2026-05-11T15:23:16+0000,1778512995.9265475,1778512996.0059822,PostgreSQL+Citus,citus_hot90,citus_native,521,select,3000,12654,True,0.9,True,,79.43463325500488,1
2026-05-11T15:23:16+0000,1778512995.9191492,1778512996.006498,PostgreSQL+Citus,citus_hot90,citus_native,487,update,3000,72562,True,0.9,False,FeatureNotSupported,87.34893798828125,0
2026-05-11T15:23:16+0000,1778512995.9272566,1778512996.0067873,PostgreSQL+Citus,citus_hot90,citus_native,524,select,3000,97324,True,0.9,True,,79.53071594238281,1
2026-05-11T15:23:16+0000,1778512995.9190137,1778512996.0071797,PostgreSQL+Citus,citus_hot90,citus_native,486,select,3000,2855,True,0.9,True,,88.1659984588623,1
2026-05-11T15:23:16+0000,1778512995.9235458,1778512996.007415,PostgreSQL+Citus,citus_hot90,citus_native,506,select,3000,95903,True,0.9,True,,83.86921882629395,1
2026-05-11T15:23:16+0000,1778512995.8209422,1778512996.0076752,PostgreSQL+Citus,citus_hot90,citus_native,412,insert,3000,25725,True,0.9,True,,186.73300743103027,1
2026-05-11T15:23:16+0000,1778512995.911547,1778512996.0082972,PostgreSQL+Citus,citus_hot90,citus_native,454,select,3000,60543,True,0.9,True,,96.75025939941406,1
2026-05-11T15:23:16+0000,1778512995.9250772,1778512996.0086036,PostgreSQL+Citus,citus_hot90,citus_native,513,select,3000,14933,True,0.9,True,,83.5263729095459,1
2026-05-11T15:23:16+0000,1778512995.915759,1778512996.0088677,PostgreSQL+Citus,citus_hot90,citus_native,472,update,3000,248,True,0.9,False,FeatureNotSupported,93.1086540222168,0
2026-05-11T15:23:16+0000,1778512995.5076017,1778512996.0092335,PostgreSQL+Citus,citus_hot90,citus_native,209,select,16082,84309,False,0.9,True,,501.6317367553711,1
2026-05-11T15:23:16+0000,1778512995.9238372,1778512996.009483,PostgreSQL+Citus,citus_hot90,citus_native,508,select,3000,34976,True,0.9,True,,85.64591407775879,1
2026-05-11T15:23:16+0000,1778512995.5091228,1778512996.009884,PostgreSQL+Citus,citus_hot90,citus_native,214,select,3000,10759,True,0.9,True,,500.7612705230713,1
2026-05-11T15:23:16+0000,1778512995.1235876,1778512996.0105593,PostgreSQL+Citus,citus_hot90,citus_native,65,select,3000,63248,True,0.9,True,,886.9717121124268,1
2026-05-11T15:23:16+0000,1778512995.9223084,1778512996.010946,PostgreSQL+Citus,citus_hot90,citus_native,499,select,3000,40474,True,0.9,True,,88.6375904083252,1
2026-05-11T15:23:16+0000,1778512995.9129515,1778512996.0112312,PostgreSQL+Citus,citus_hot90,citus_native,460,select,3000,37797,True,0.9,True,,98.27971458435059,1
2026-05-11T15:23:16+0000,1778512995.9280388,1778512996.011592,PostgreSQL+Citus,citus_hot90,citus_native,528,select,29635,46553,False,0.9,True,,83.55307579040527,1
2026-05-11T15:23:16+0000,1778512995.9256601,1778512996.0120144,PostgreSQL+Citus,citus_hot90,citus_native,514,select,3000,8230,True,0.9,True,,86.35425567626953,1
2026-05-11T15:23:16+0000,1778512995.9110012,1778512996.0123103,PostgreSQL+Citus,citus_hot90,citus_native,452,select,3000,96273,True,0.9,True,,101.30906105041504,1
2026-05-11T15:23:16+0000,1778512995.9224951,1778512996.012581,PostgreSQL+Citus,citus_hot90,citus_native,500,select,3000,36109,True,0.9,True,,90.08598327636719,1
2026-05-11T15:23:16+0000,1778512995.1299984,1778512996.012814,PostgreSQL+Citus,citus_hot90,citus_native,92,select,3000,3220,True,0.9,True,,882.8155994415283,1
2026-05-11T15:23:16+0000,1778512995.9248328,1778512996.0130293,PostgreSQL+Citus,citus_hot90,citus_native,512,select,3000,89676,True,0.9,True,,88.1965160369873,1
2026-05-11T15:23:16+0000,1778512995.9228654,1778512996.0132158,PostgreSQL+Citus,citus_hot90,citus_native,502,select,3000,50352,True,0.9,True,,90.35038948059082,1
2026-05-11T15:23:16+0000,1778512995.9155989,1778512996.0134,PostgreSQL+Citus,citus_hot90,citus_native,471,select,3000,45659,True,0.9,True,,97.80120849609375,1
2026-05-11T15:23:16+0000,1778512996.0084448,1778512996.013654,PostgreSQL+Citus,citus_hot90,citus_native,539,select,3000,28027,True,0.9,True,,5.209207534790039,1
2026-05-11T15:23:16+0000,1778512995.1265695,1778512996.0143535,PostgreSQL+Citus,citus_hot90,citus_native,77,select,3000,43033,True,0.9,True,,887.7840042114258,1
2026-05-11T15:23:16+0000,1778512996.0093317,1778512996.0151217,PostgreSQL+Citus,citus_hot90,citus_native,542,select,3000,3442,True,0.9,True,,5.789995193481445,1
2026-05-11T15:23:16+0000,1778512995.920028,1778512996.015359,PostgreSQL+Citus,citus_hot90,citus_native,492,select,3000,75177,True,0.9,True,,95.33095359802246,1
2026-05-11T15:23:16+0000,1778512995.9279242,1778512996.0155733,PostgreSQL+Citus,citus_hot90,citus_native,527,select,3000,68739,True,0.9,True,,87.64910697937012,1
2026-05-11T15:23:16+0000,1778512995.6201916,1778512996.0157988,PostgreSQL+Citus,citus_hot90,citus_native,278,insert,3000,95265,True,0.9,True,,395.60723304748535,1
2026-05-11T15:23:16+0000,1778512996.0108016,1778512996.0162292,PostgreSQL+Citus,citus_hot90,citus_native,545,update,3000,33422,True,0.9,False,FeatureNotSupported,5.42759895324707,0
2026-05-11T15:23:16+0000,1778512995.913121,1778512996.0165658,PostgreSQL+Citus,citus_hot90,citus_native,461,select,3000,25195,True,0.9,True,,103.44481468200684,1
2026-05-11T15:23:16+0000,1778512995.9231665,1778512996.0167782,PostgreSQL+Citus,citus_hot90,citus_native,504,select,3000,98299,True,0.9,True,,93.6117172241211,1
2026-05-11T15:23:16+0000,1778512995.9241276,1778512996.017043,PostgreSQL+Citus,citus_hot90,citus_native,510,select,3000,95644,True,0.9,True,,92.91553497314453,1
2026-05-11T15:23:16+0000,1778512995.9141974,1778512996.0172884,PostgreSQL+Citus,citus_hot90,citus_native,465,update,3000,79866,True,0.9,False,FeatureNotSupported,103.09100151062012,0
2026-05-11T15:23:16+0000,1778512995.1214643,1778512996.0175745,PostgreSQL+Citus,citus_hot90,citus_native,56,select,3000,4812,True,0.9,True,,896.1102962493896,1
2026-05-11T15:23:16+0000,1778512996.007291,1778512996.0178635,PostgreSQL+Citus,citus_hot90,citus_native,536,select,3000,49645,True,0.9,True,,10.572433471679688,1
2026-05-11T15:23:16+0000,1778512996.0075152,1778512996.0181184,PostgreSQL+Citus,citus_hot90,citus_native,537,select,3000,88919,True,0.9,True,,10.603189468383789,1
2026-05-11T15:23:16+0000,1778512995.9174669,1778512996.0183306,PostgreSQL+Citus,citus_hot90,citus_native,479,update,3000,40018,True,0.9,False,FeatureNotSupported,100.86369514465332,0
2026-05-11T15:23:16+0000,1778512995.915191,1778512996.0186884,PostgreSQL+Citus,citus_hot90,citus_native,469,update,3000,94091,True,0.9,False,FeatureNotSupported,103.49750518798828,0
2026-05-11T15:23:16+0000,1778512996.0126708,1778512996.0190308,PostgreSQL+Citus,citus_hot90,citus_native,551,select,2960,43442,False,0.9,True,,6.360054016113281,1
2026-05-11T15:23:16+0000,1778512995.9257693,1778512996.0192885,PostgreSQL+Citus,citus_hot90,citus_native,515,select,3000,99788,True,0.9,True,,93.51921081542969,1
2026-05-11T15:23:16+0000,1778512995.7235665,1778512996.0194616,PostgreSQL+Citus,citus_hot90,citus_native,351,insert,10217,61146,False,0.9,True,,295.8950996398926,1
2026-05-11T15:23:16+0000,1778512995.9163277,1778512996.0196464,PostgreSQL+Citus,citus_hot90,citus_native,475,update,3000,69857,True,0.9,False,FeatureNotSupported,103.31869125366211,0
2026-05-11T15:23:16+0000,1778512996.0132952,1778512996.019842,PostgreSQL+Citus,citus_hot90,citus_native,554,update,3000,23432,True,0.9,False,FeatureNotSupported,6.546735763549805,0
2026-05-11T15:23:16+0000,1778512995.1259835,1778512996.020029,PostgreSQL+Citus,citus_hot90,citus_native,75,select,7050,18584,False,0.9,True,,894.0455913543701,1
2026-05-11T15:23:16+0000,1778512995.715331,1778512996.0202634,PostgreSQL+Citus,citus_hot90,citus_native,318,select,3000,66926,True,0.9,True,,304.9323558807373,1
2026-05-11T15:23:16+0000,1778512995.1283238,1778512996.020395,PostgreSQL+Citus,citus_hot90,citus_native,84,insert,3000,65553,True,0.9,True,,892.0712471008301,1
2026-05-11T15:23:16+0000,1778512995.805431,1778512996.0205503,PostgreSQL+Citus,citus_hot90,citus_native,357,select,3000,11098,True,0.9,True,,215.1193618774414,1
2026-05-11T15:23:16+0000,1778512995.923393,1778512996.020743,PostgreSQL+Citus,citus_hot90,citus_native,505,select,3000,70963,True,0.9,True,,97.34988212585449,1
2026-05-11T15:23:16+0000,1778512996.011027,1778512996.0209742,PostgreSQL+Citus,citus_hot90,citus_native,546,update,3000,37615,True,0.9,False,FeatureNotSupported,9.947061538696289,0
2026-05-11T15:23:16+0000,1778512996.0053735,1778512996.0211606,PostgreSQL+Citus,citus_hot90,citus_native,531,select,3000,75275,True,0.9,True,,15.787124633789062,1
2026-05-11T15:23:16+0000,1778512995.9284556,1778512996.0213468,PostgreSQL+Citus,citus_hot90,citus_native,530,update,3000,3026,True,0.9,False,FeatureNotSupported,92.89121627807617,0
2026-05-11T15:23:16+0000,1778512995.9161568,1778512996.021558,PostgreSQL+Citus,citus_hot90,citus_native,474,update,3000,98363,True,0.9,False,FeatureNotSupported,105.40127754211426,0
2026-05-11T15:23:16+0000,1778512995.9183588,1778512996.021899,PostgreSQL+Citus,citus_hot90,citus_native,484,select,3000,26543,True,0.9,True,,103.54018211364746,1
2026-05-11T15:23:16+0000,1778512995.9209313,1778512996.0221283,PostgreSQL+Citus,citus_hot90,citus_native,494,update,3000,70452,True,0.9,False,FeatureNotSupported,101.1970043182373,0
2026-05-11T15:23:16+0000,1778512996.0216544,1778512996.0222812,PostgreSQL+Citus,citus_hot90,citus_native,585,update,3000,23936,True,0.9,False,FeatureNotSupported,0.6268024444580078,0
2026-05-11T15:23:16+0000,1778512996.0164235,1778512996.0224335,PostgreSQL+Citus,citus_hot90,citus_native,562,select,3000,13279,True,0.9,True,,6.0100555419921875,1
2026-05-11T15:23:16+0000,1778512995.1223338,1778512996.022589,PostgreSQL+Citus,citus_hot90,citus_native,60,select,3000,80485,True,0.9,True,,900.2552032470703,1
2026-05-11T15:23:16+0000,1778512996.0171294,1778512996.022711,PostgreSQL+Citus,citus_hot90,citus_native,565,update,3000,3981,True,0.9,False,FeatureNotSupported,5.58161735534668,0
2026-05-11T15:23:16+0000,1778512995.928231,1778512996.022822,PostgreSQL+Citus,citus_hot90,citus_native,529,update,3000,9376,True,0.9,False,FeatureNotSupported,94.59090232849121,0
2026-05-11T15:23:16+0000,1778512996.0121365,1778512996.0229132,PostgreSQL+Citus,citus_hot90,citus_native,549,update,3000,10126,True,0.9,False,FeatureNotSupported,10.776758193969727,0
2026-05-11T15:23:16+0000,1778512995.917922,1778512996.0231712,PostgreSQL+Citus,citus_hot90,citus_native,482,insert,3000,24214,True,0.9,True,,105.24916648864746,1
2026-05-11T15:23:16+0000,1778512995.9230366,1778512996.0235107,PostgreSQL+Citus,citus_hot90,citus_native,503,select,3000,82153,True,0.9,True,,100.47411918640137,1
2026-05-11T15:23:16+0000,1778512995.1257079,1778512996.0239005,PostgreSQL+Citus,citus_hot90,citus_native,74,select,3000,53409,True,0.9,True,,898.1926441192627,1
2026-05-11T15:23:16+0000,1778512996.009022,1778512996.024846,PostgreSQL+Citus,citus_hot90,citus_native,541,select,3000,25150,True,0.9,True,,15.824079513549805,1
2026-05-11T15:23:16+0000,1778512996.0102518,1778512996.0254545,PostgreSQL+Citus,citus_hot90,citus_native,544,select,3000,11362,True,0.9,True,,15.202760696411133,1
2026-05-11T15:23:16+0000,1778512995.3167453,1778512996.0259008,PostgreSQL+Citus,citus_hot90,citus_native,176,select,3000,98324,True,0.9,True,,709.1555595397949,1
2026-05-11T15:23:16+0000,1778512996.014742,1778512996.0265005,PostgreSQL+Citus,citus_hot90,citus_native,557,insert,3000,69397,True,0.9,True,,11.758565902709961,1
2026-05-11T15:23:16+0000,1778512995.9124086,1778512996.0266826,PostgreSQL+Citus,citus_hot90,citus_native,458,select,3000,18884,True,0.9,True,,114.2740249633789,1
2026-05-11T15:23:16+0000,1778512995.9060776,1778512996.027028,PostgreSQL+Citus,citus_hot90,citus_native,433,insert,3000,14278,True,0.9,True,,120.95046043395996,1
2026-05-11T15:23:16+0000,1778512995.926291,1778512996.028094,PostgreSQL+Citus,citus_hot90,citus_native,519,select,3000,10301,True,0.9,True,,101.80306434631348,1
2026-05-11T15:23:16+0000,1778512995.927007,1778512996.0283754,PostgreSQL+Citus,citus_hot90,citus_native,523,select,3000,27616,True,0.9,True,,101.36842727661133,1
2026-05-11T15:23:16+0000,1778512995.9214551,1778512996.0285952,PostgreSQL+Citus,citus_hot90,citus_native,495,select,3000,72165,True,0.9,True,,107.14006423950195,1
2026-05-11T15:23:16+0000,1778512996.0181968,1778512996.0287733,PostgreSQL+Citus,citus_hot90,citus_native,569,select,3000,11839,True,0.9,True,,10.576486587524414,1
2026-05-11T15:23:16+0000,1778512996.008688,1778512996.0289485,PostgreSQL+Citus,citus_hot90,citus_native,540,select,3000,72046,True,0.9,True,,20.26057243347168,1
2026-05-11T15:23:16+0000,1778512995.927452,1778512996.0291834,PostgreSQL+Citus,citus_hot90,citus_native,525,update,3000,80285,True,0.9,False,FeatureNotSupported,101.7313003540039,0
2026-05-11T15:23:16+0000,1778512995.8130848,1778512996.029459,PostgreSQL+Citus,citus_hot90,citus_native,374,insert,3000,55805,True,0.9,True,,216.37415885925293,1
2026-05-11T15:23:16+0000,1778512996.0191064,1778512996.029647,PostgreSQL+Citus,citus_hot90,citus_native,572,select,22975,16908,False,0.9,True,,10.54072380065918,1
2026-05-11T15:23:16+0000,1778512995.9245205,1778512996.0298228,PostgreSQL+Citus,citus_hot90,citus_native,511,update,3000,19016,True,0.9,False,FeatureNotSupported,105.30233383178711,0
2026-05-11T15:23:16+0000,1778512995.9188142,1778512996.0299938,PostgreSQL+Citus,citus_hot90,citus_native,485,select,3000,49284,True,0.9,True,,111.17959022521973,1
2026-05-11T15:23:16+0000,1778512995.8224797,1778512996.030179,PostgreSQL+Citus,citus_hot90,citus_native,419,select,22099,44818,False,0.9,True,,207.69929885864258,1
2026-05-11T15:23:16+0000,1778512995.9113793,1778512996.0308278,PostgreSQL+Citus,citus_hot90,citus_native,453,select,3000,66676,True,0.9,True,,119.44842338562012,1
2026-05-11T15:23:16+0000,1778512995.8208258,1778512996.0310006,PostgreSQL+Citus,citus_hot90,citus_native,411,insert,10302,33420,False,0.9,True,,210.1747989654541,1
2026-05-11T15:23:16+0000,1778512995.9176853,1778512996.0311887,PostgreSQL+Citus,citus_hot90,citus_native,481,select,3000,30150,True,0.9,True,,113.50345611572266,1
2026-05-11T15:23:16+0000,1778512995.9278176,1778512996.031359,PostgreSQL+Citus,citus_hot90,citus_native,526,select,3000,42345,True,0.9,True,,103.54137420654297,1
2026-05-11T15:23:16+0000,1778512995.9216714,1778512996.0314631,PostgreSQL+Citus,citus_hot90,citus_native,496,select,3000,80827,True,0.9,True,,109.79175567626953,1
2026-05-11T15:23:16+0000,1778512996.022648,1778512996.031565,PostgreSQL+Citus,citus_hot90,citus_native,590,update,3000,77345,True,0.9,False,FeatureNotSupported,8.916854858398438,0
2026-05-11T15:23:16+0000,1778512995.9196117,1778512996.031723,PostgreSQL+Citus,citus_hot90,citus_native,491,select,3000,4709,True,0.9,True,,112.11133003234863,1
2026-05-11T15:23:16+0000,1778512995.9148402,1778512996.0320222,PostgreSQL+Citus,citus_hot90,citus_native,468,select,3000,75271,True,0.9,True,,117.18201637268066,1
2026-05-11T15:23:16+0000,1778512996.0095716,1778512996.0324416,PostgreSQL+Citus,citus_hot90,citus_native,543,select,3000,13512,True,0.9,True,,22.87006378173828,1
2026-05-11T15:23:16+0000,1778512996.006566,1778512996.0329432,PostgreSQL+Citus,citus_hot90,citus_native,534,insert,3000,49173,True,0.9,True,,26.377201080322266,1
2026-05-11T15:23:16+0000,1778512995.923688,1778512996.0331779,PostgreSQL+Citus,citus_hot90,citus_native,507,update,24700,80283,False,0.9,False,FeatureNotSupported,109.48991775512695,0
2026-05-11T15:23:16+0000,1778512995.919248,1778512996.033438,PostgreSQL+Citus,citus_hot90,citus_native,488,select,3000,1587,True,0.9,True,,114.18986320495605,1
2026-05-11T15:23:16+0000,1778512995.1293805,1778512996.0336485,PostgreSQL+Citus,citus_hot90,citus_native,89,select,3000,64608,True,0.9,True,,904.2680263519287,1
2026-05-11T15:23:16+0000,1778512996.0154178,1778512996.0338504,PostgreSQL+Citus,citus_hot90,citus_native,559,select,24059,25152,False,0.9,True,,18.4326171875,1
2026-05-11T15:23:16+0000,1778512995.7172227,1778512996.0339673,PostgreSQL+Citus,citus_hot90,citus_native,328,select,3000,86010,True,0.9,True,,316.7445659637451,1
2026-05-11T15:23:16+0000,1778512995.1224806,1778512996.034063,PostgreSQL+Citus,citus_hot90,citus_native,61,insert,3000,38596,True,0.9,True,,911.5824699401855,1
2026-05-11T15:23:16+0000,1778512996.0061238,1778512996.0343382,PostgreSQL+Citus,citus_hot90,citus_native,533,select,3000,29364,True,0.9,True,,28.214454650878906,1
2026-05-11T15:23:16+0000,1778512995.926698,1778512996.034575,PostgreSQL+Citus,citus_hot90,citus_native,522,select,3000,90487,True,0.9,True,,107.87701606750488,1
2026-05-11T15:23:16+0000,1778512996.0221987,1778512996.034822,PostgreSQL+Citus,citus_hot90,citus_native,587,update,3000,476,True,0.9,False,FeatureNotSupported,12.623310089111328,0
2026-05-11T15:23:16+0000,1778512996.0116777,1778512996.0349705,PostgreSQL+Citus,citus_hot90,citus_native,548,update,3000,3788,True,0.9,False,FeatureNotSupported,23.29277992248535,0
2026-05-11T15:23:16+0000,1778512995.1275315,1778512996.0351796,PostgreSQL+Citus,citus_hot90,citus_native,80,select,3000,91937,True,0.9,True,,907.6480865478516,1
2026-05-11T15:23:16+0000,1778512995.9154246,1778512996.035383,PostgreSQL+Citus,citus_hot90,citus_native,470,insert,3000,52431,True,0.9,True,,119.95840072631836,1
2026-05-11T15:23:16+0000,1778512995.9108744,1778512996.0358243,PostgreSQL+Citus,citus_hot90,citus_native,451,select,3000,82223,True,0.9,True,,124.94993209838867,1
2026-05-11T15:23:16+0000,1778512996.0166283,1778512996.0363512,PostgreSQL+Citus,citus_hot90,citus_native,563,select,3000,4280,True,0.9,True,,19.722938537597656,1
2026-05-11T15:23:16+0000,1778512995.9264405,1778512996.0365458,PostgreSQL+Citus,citus_hot90,citus_native,520,select,3000,572,True,0.9,True,,110.10527610778809,1
2026-05-11T15:23:16+0000,1778512996.0168872,1778512996.03678,PostgreSQL+Citus,citus_hot90,citus_native,564,select,3000,29812,True,0.9,True,,19.89293098449707,1
2026-05-11T15:23:16+0000,1778512995.926174,1778512996.0369446,PostgreSQL+Citus,citus_hot90,citus_native,518,select,3000,8803,True,0.9,True,,110.77070236206055,1
2026-05-11T15:23:16+0000,1778512996.0134482,1778512996.0372014,PostgreSQL+Citus,citus_hot90,citus_native,555,select,3000,12953,True,0.9,True,,23.75316619873047,1
2026-05-11T15:23:16+0000,1778512995.5070953,1778512996.0373917,PostgreSQL+Citus,citus_hot90,citus_native,207,select,1946,23904,False,0.9,True,,530.2963256835938,1
2026-05-11T15:23:16+0000,1778512996.0057669,1778512996.037549,PostgreSQL+Citus,citus_hot90,citus_native,532,select,3000,14742,True,0.9,True,,31.782150268554688,1
2026-05-11T15:23:16+0000,1778512995.7180402,1778512996.0378692,PostgreSQL+Citus,citus_hot90,citus_native,333,insert,8207,70063,False,0.9,True,,319.82898712158203,1
2026-05-11T15:23:16+0000,1778512996.021218,1778512996.0382502,PostgreSQL+Citus,citus_hot90,citus_native,583,update,3000,91571,True,0.9,False,FeatureNotSupported,17.032146453857422,0
2026-05-11T15:23:16+0000,1778512996.0250428,1778512996.0384872,PostgreSQL+Citus,citus_hot90,citus_native,597,select,3000,1877,True,0.9,True,,13.44442367553711,1
2026-05-11T15:23:16+0000,1778512995.7057073,1778512996.03866,PostgreSQL+Citus,citus_hot90,citus_native,291,insert,22553,93703,False,0.9,True,,332.95273780822754,1
2026-05-11T15:23:16+0000,1778512996.0069273,1778512996.0388823,PostgreSQL+Citus,citus_hot90,citus_native,535,update,3000,87205,True,0.9,False,FeatureNotSupported,31.95500373840332,0
2026-05-11T15:23:16+0000,1778512996.0214326,1778512996.0390759,PostgreSQL+Citus,citus_hot90,citus_native,584,select,3000,82563,True,0.9,True,,17.643213272094727,1
2026-05-11T15:23:16+0000,1778512996.017381,1778512996.039269,PostgreSQL+Citus,citus_hot90,citus_native,566,select,3000,81133,True,0.9,True,,21.888017654418945,1
2026-05-11T15:23:16+0000,1778512996.0177114,1778512996.0394914,PostgreSQL+Citus,citus_hot90,citus_native,567,select,3000,2113,True,0.9,True,,21.780014038085938,1
2026-05-11T15:23:16+0000,1778512996.0128858,1778512996.0397239,PostgreSQL+Citus,citus_hot90,citus_native,552,select,3000,67850,True,0.9,True,,26.838064193725586,1
2026-05-11T15:23:16+0000,1778512995.7150433,1778512996.0399656,PostgreSQL+Citus,citus_hot90,citus_native,317,select,21359,91622,False,0.9,True,,324.9223232269287,1
2026-05-11T15:23:16+0000,1778512996.0298817,1778512996.0404441,PostgreSQL+Citus,citus_hot90,citus_native,611,select,3000,13435,True,0.9,True,,10.562419891357422,1
2026-05-11T15:23:16+0000,1778512996.0078185,1778512996.0413609,PostgreSQL+Citus,citus_hot90,citus_native,538,select,3000,35532,True,0.9,True,,33.54239463806152,1
2026-05-11T15:23:16+0000,1778512995.125205,1778512996.0416372,PostgreSQL+Citus,citus_hot90,citus_native,72,select,26890,28400,False,0.9,True,,916.4321422576904,1
2026-05-11T15:23:16+0000,1778512996.0374432,1778512996.0418282,PostgreSQL+Citus,citus_hot90,citus_native,642,select,3000,32744,True,0.9,True,,4.3849945068359375,1
2026-05-11T15:23:16+0000,1778512995.9203923,1778512996.0420406,PostgreSQL+Citus,citus_hot90,citus_native,493,select,3000,98065,True,0.9,True,,121.64831161499023,1
2026-05-11T15:23:16+0000,1778512996.0297241,1778512996.0422323,PostgreSQL+Citus,citus_hot90,citus_native,610,update,3000,10082,True,0.9,False,FeatureNotSupported,12.508153915405273,0
2026-05-11T15:23:16+0000,1778512996.0113957,1778512996.042602,PostgreSQL+Citus,citus_hot90,citus_native,547,select,3000,35544,True,0.9,True,,31.206369400024414,1
2026-05-11T15:23:16+0000,1778512995.9239452,1778512996.0427632,PostgreSQL+Citus,citus_hot90,citus_native,509,select,3000,79655,True,0.9,True,,118.81804466247559,1
2026-05-11T15:23:16+0000,1778512995.9175682,1778512996.0429869,PostgreSQL+Citus,citus_hot90,citus_native,480,select,3000,72443,True,0.9,True,,125.41866302490234,1
2026-05-11T15:23:16+0000,1778512996.038048,1778512996.0431721,PostgreSQL+Citus,citus_hot90,citus_native,644,select,3000,18792,True,0.9,True,,5.124092102050781,1
2026-05-11T15:23:16+0000,1778512995.1245897,1778512996.0434353,PostgreSQL+Citus,citus_hot90,citus_native,69,select,3000,6523,True,0.9,True,,918.8456535339355,1
2026-05-11T15:23:16+0000,1778512996.0432453,1778512996.0440462,PostgreSQL+Citus,citus_hot90,citus_native,663,select,3000,42992,True,0.9,True,,0.8008480072021484,1
2026-05-11T15:23:16+0000,1778512996.042832,1778512996.044286,PostgreSQL+Citus,citus_hot90,citus_native,661,select,3000,52054,True,0.9,True,,1.4541149139404297,1
2026-05-11T15:23:16+0000,1778512996.044344,1778512996.0459976,PostgreSQL+Citus,citus_hot90,citus_native,666,update,3000,87656,True,0.9,False,FeatureNotSupported,1.6536712646484375,0
2026-05-11T15:23:16+0000,1778512996.0223236,1778512996.1052268,PostgreSQL+Citus,citus_hot90,citus_native,588,insert,3000,2444,True,0.9,True,,82.90314674377441,1
2026-05-11T15:23:16+0000,1778512996.012422,1778512996.1056702,PostgreSQL+Citus,citus_hot90,citus_native,550,insert,3000,55122,True,0.9,True,,93.24812889099121,1
2026-05-11T15:23:16+0000,1778512996.0204628,1778512996.105992,PostgreSQL+Citus,citus_hot90,citus_native,579,select,3000,83173,True,0.9,True,,85.52932739257812,1
2026-05-11T15:23:16+0000,1778512996.0243979,1778512996.106559,PostgreSQL+Citus,citus_hot90,citus_native,596,select,3000,89781,True,0.9,True,,82.16118812561035,1
2026-05-11T15:23:16+0000,1778512996.0315075,1778512996.1067758,PostgreSQL+Citus,citus_hot90,citus_native,618,update,3000,21383,True,0.9,False,FeatureNotSupported,75.26826858520508,0
2026-05-11T15:23:16+0000,1778512996.0220234,1778512996.107042,PostgreSQL+Citus,citus_hot90,citus_native,586,select,3000,44246,True,0.9,True,,85.01863479614258,1
2026-05-11T15:23:16+0000,1778512996.0441866,1778512996.1073031,PostgreSQL+Citus,citus_hot90,citus_native,665,select,3000,75569,True,0.9,True,,63.11655044555664,1
2026-05-11T15:23:16+0000,1778512996.03597,1778512996.107661,PostgreSQL+Citus,citus_hot90,citus_native,636,select,3000,29025,True,0.9,True,,71.69103622436523,1
2026-05-11T15:23:16+0000,1778512996.0286627,1778512996.1079915,PostgreSQL+Citus,citus_hot90,citus_native,605,select,3000,68800,True,0.9,True,,79.32877540588379,1
2026-05-11T15:23:16+0000,1778512996.0312698,1778512996.1084723,PostgreSQL+Citus,citus_hot90,citus_native,616,update,3000,46145,True,0.9,False,FeatureNotSupported,77.20255851745605,0
2026-05-11T15:23:16+0000,1778512996.0208426,1778512996.1090157,PostgreSQL+Citus,citus_hot90,citus_native,581,insert,3000,63195,True,0.9,True,,88.17315101623535,1
2026-05-11T15:23:16+0000,1778512996.0203207,1778512996.109469,PostgreSQL+Citus,citus_hot90,citus_native,578,select,3000,50,True,0.9,True,,89.14828300476074,1
2026-05-11T15:23:16+0000,1778512996.0383613,1778512996.1096482,PostgreSQL+Citus,citus_hot90,citus_native,645,insert,3000,11091,True,0.9,True,,71.28691673278809,1
2026-05-11T15:23:16+0000,1778512996.041916,1778512996.1098416,PostgreSQL+Citus,citus_hot90,citus_native,657,select,3000,73031,True,0.9,True,,67.92569160461426,1
2026-05-11T15:23:16+0000,1778512996.1086817,1778512996.110041,PostgreSQL+Citus,citus_hot90,citus_native,677,select,3000,94779,True,0.9,True,,1.3592243194580078,1
2026-05-11T15:23:16+0000,1778512996.0201669,1778512996.1102965,PostgreSQL+Citus,citus_hot90,citus_native,577,update,3000,1691,True,0.9,False,FeatureNotSupported,90.12961387634277,0
2026-05-11T15:23:16+0000,1778512996.0410273,1778512996.1106176,PostgreSQL+Citus,citus_hot90,citus_native,654,update,3000,81881,True,0.9,False,FeatureNotSupported,69.59033012390137,0
2026-05-11T15:23:16+0000,1778512996.110367,1778512996.1110818,PostgreSQL+Citus,citus_hot90,citus_native,683,update,3000,65041,True,0.9,False,FeatureNotSupported,0.7147789001464844,0
2026-05-11T15:23:16+0000,1778512996.0344453,1778512996.1113074,PostgreSQL+Citus,citus_hot90,citus_native,630,select,3000,48609,True,0.9,True,,76.86209678649902,1
2026-05-11T15:23:16+0000,1778512996.0332859,1778512996.111602,PostgreSQL+Citus,citus_hot90,citus_native,624,select,3000,83739,True,0.9,True,,78.31621170043945,1
2026-05-11T15:23:16+0000,1778512996.037633,1778512996.1121287,PostgreSQL+Citus,citus_hot90,citus_native,643,select,3000,48564,True,0.9,True,,74.49579238891602,1
2026-05-11T15:23:16+0000,1778512996.0395598,1778512996.1124022,PostgreSQL+Citus,citus_hot90,citus_native,651,select,3000,21847,True,0.9,True,,72.84235954284668,1
2026-05-11T15:23:16+0000,1778512996.0159957,1778512996.1126206,PostgreSQL+Citus,citus_hot90,citus_native,561,select,3000,81041,True,0.9,True,,96.62485122680664,1
2026-05-11T15:23:16+0000,1778512996.1066382,1778512996.112781,PostgreSQL+Citus,citus_hot90,citus_native,671,select,3000,95571,True,0.9,True,,6.142854690551758,1
2026-05-11T15:23:16+0000,1778512996.0193624,1778512996.1129577,PostgreSQL+Citus,citus_hot90,citus_native,573,update,3000,91380,True,0.9,False,FeatureNotSupported,93.59526634216309,0
2026-05-11T15:23:16+0000,1778512996.1078286,1778512996.1131346,PostgreSQL+Citus,citus_hot90,citus_native,675,select,3000,33027,True,0.9,True,,5.306005477905273,1
2026-05-11T15:23:16+0000,1778512996.0389676,1778512996.1133168,PostgreSQL+Citus,citus_hot90,citus_native,648,update,3000,60704,True,0.9,False,FeatureNotSupported,74.34916496276855,0
2026-05-11T15:23:16+0000,1778512996.035037,1778512996.1134713,PostgreSQL+Citus,citus_hot90,citus_native,633,select,3000,1565,True,0.9,True,,78.43422889709473,1
2026-05-11T15:23:16+0000,1778512996.0310493,1778512996.1136525,PostgreSQL+Citus,citus_hot90,citus_native,615,insert,3000,76341,True,0.9,True,,82.60321617126465,1
2026-05-11T15:23:16+0000,1778512996.1074452,1778512996.1138518,PostgreSQL+Citus,citus_hot90,citus_native,674,select,3000,22801,True,0.9,True,,6.406545639038086,1
2026-05-11T15:23:16+0000,1778512996.0199003,1778512996.1139953,PostgreSQL+Citus,citus_hot90,citus_native,576,update,3000,54475,True,0.9,False,FeatureNotSupported,94.09499168395996,0
2026-05-11T15:23:16+0000,1778512996.0282228,1778512996.1141787,PostgreSQL+Citus,citus_hot90,citus_native,603,select,3000,84930,True,0.9,True,,85.95585823059082,1
2026-05-11T15:23:16+0000,1778512996.1137447,1778512996.1144009,PostgreSQL+Citus,citus_hot90,citus_native,696,update,3000,24344,True,0.9,False,FeatureNotSupported,0.6561279296875,0
2026-05-11T15:23:16+0000,1778512996.0233395,1778512996.1145382,PostgreSQL+Citus,citus_hot90,citus_native,594,update,3000,335,True,0.9,False,FeatureNotSupported,91.19868278503418,0
2026-05-11T15:23:16+0000,1778512996.0257337,1778512996.1147668,PostgreSQL+Citus,citus_hot90,citus_native,598,select,3000,44551,True,0.9,True,,89.03312683105469,1
2026-05-11T15:23:16+0000,1778512996.0179849,1778512996.115099,PostgreSQL+Citus,citus_hot90,citus_native,568,select,3000,99559,True,0.9,True,,97.11408615112305,1
2026-05-11T15:23:16+0000,1778512996.0206044,1778512996.115277,PostgreSQL+Citus,citus_hot90,citus_native,580,insert,3000,39459,True,0.9,True,,94.67267990112305,1
2026-05-11T15:23:16+0000,1778512996.032698,1778512996.115458,PostgreSQL+Citus,citus_hot90,citus_native,622,select,3000,43914,True,0.9,True,,82.76009559631348,1
2026-05-11T15:23:16+0000,1778512996.0348763,1778512996.1157296,PostgreSQL+Citus,citus_hot90,citus_native,632,select,3000,13435,True,0.9,True,,80.85322380065918,1
2026-05-11T15:23:16+0000,1778512996.0302246,1778512996.1167407,PostgreSQL+Citus,citus_hot90,citus_native,613,select,3000,21146,True,0.9,True,,86.51614189147949,1
2026-05-11T15:23:16+0000,1778512996.1071074,1778512996.1176171,PostgreSQL+Citus,citus_hot90,citus_native,673,insert,3000,57307,True,0.9,True,,10.509729385375977,1
2026-05-11T15:23:16+0000,1778512996.027668,1778512996.1178482,PostgreSQL+Citus,citus_hot90,citus_native,602,select,3000,87525,True,0.9,True,,90.1801586151123,1
2026-05-11T15:23:16+0000,1778512996.0229542,1778512996.118062,PostgreSQL+Citus,citus_hot90,citus_native,593,select,3000,82585,True,0.9,True,,95.1077938079834,1
2026-05-11T15:23:16+0000,1778512996.1176832,1778512996.1182523,PostgreSQL+Citus,citus_hot90,citus_native,708,update,3000,57742,True,0.9,False,FeatureNotSupported,0.5691051483154297,0
2026-05-11T15:23:16+0000,1778512996.0263188,1778512996.1184254,PostgreSQL+Citus,citus_hot90,citus_native,599,insert,3000,1693,True,0.9,True,,92.10658073425293,1
2026-05-11T15:23:16+0000,1778512996.0314007,1778512996.118586,PostgreSQL+Citus,citus_hot90,citus_native,617,update,3000,99546,True,0.9,False,FeatureNotSupported,87.18538284301758,0
2026-05-11T15:23:16+0000,1778512996.0227594,1778512996.1187837,PostgreSQL+Citus,citus_hot90,citus_native,591,insert,3000,21220,True,0.9,True,,96.0242748260498,1
2026-05-11T15:23:16+0000,1778512996.0309234,1778512996.1189332,PostgreSQL+Citus,citus_hot90,citus_native,614,select,3000,78598,True,0.9,True,,88.00983428955078,1
2026-05-11T15:23:16+0000,1778512996.113377,1778512996.119126,PostgreSQL+Citus,citus_hot90,citus_native,694,select,3000,19648,True,0.9,True,,5.748987197875977,1
2026-05-11T15:23:16+0000,1778512996.0139687,1778512996.1193452,PostgreSQL+Citus,citus_hot90,citus_native,556,select,3000,47020,True,0.9,True,,105.3764820098877,1
2026-05-11T15:23:16+0000,1778512996.1139016,1778512996.1195784,PostgreSQL+Citus,citus_hot90,citus_native,697,select,3000,5635,True,0.9,True,,5.676746368408203,1
2026-05-11T15:23:16+0000,1778512996.026573,1778512996.1198142,PostgreSQL+Citus,citus_hot90,citus_native,600,select,14530,88800,False,0.9,True,,93.24121475219727,1
2026-05-11T15:23:16+0000,1778512996.1135168,1778512996.1203408,PostgreSQL+Citus,citus_hot90,citus_native,695,select,19030,1288,False,0.9,True,,6.824016571044922,1
2026-05-11T15:23:16+0000,1778512996.1142263,1778512996.1204681,PostgreSQL+Citus,citus_hot90,citus_native,699,update,3000,80690,True,0.9,False,FeatureNotSupported,6.241798400878906,0
2026-05-11T15:23:16+0000,1778512996.0421197,1778512996.1206138,PostgreSQL+Citus,citus_hot90,citus_native,658,select,3000,60222,True,0.9,True,,78.49407196044922,1
2026-05-11T15:23:16+0000,1778512996.1153371,1778512996.1207724,PostgreSQL+Citus,citus_hot90,citus_native,704,select,3000,39954,True,0.9,True,,5.43522834777832,1
2026-05-11T15:23:16+0000,1778512996.1155276,1778512996.1208878,PostgreSQL+Citus,citus_hot90,citus_native,705,select,3000,13607,True,0.9,True,,5.360126495361328,1
2026-05-11T15:23:16+0000,1778512996.0318253,1778512996.1210442,PostgreSQL+Citus,citus_hot90,citus_native,620,select,3000,75481,True,0.9,True,,89.2188549041748,1
2026-05-11T15:23:16+0000,1778512996.0460658,1778512996.1212788,PostgreSQL+Citus,citus_hot90,citus_native,667,update,3000,90312,True,0.9,False,FeatureNotSupported,75.21295547485352,0
2026-05-11T15:23:16+0000,1778512996.0210443,1778512996.1214464,PostgreSQL+Citus,citus_hot90,citus_native,582,insert,3000,64993,True,0.9,True,,100.4021167755127,1
2026-05-11T15:23:16+0000,1778512996.1062174,1778512996.121619,PostgreSQL+Citus,citus_hot90,citus_native,670,select,3000,89660,True,0.9,True,,15.401601791381836,1
2026-05-11T15:23:16+0000,1778512996.0373013,1778512996.121778,PostgreSQL+Citus,citus_hot90,citus_native,641,update,3000,48006,True,0.9,False,FeatureNotSupported,84.47670936584473,0
2026-05-11T15:23:16+0000,1778512996.0152287,1778512996.122011,PostgreSQL+Citus,citus_hot90,citus_native,558,insert,3000,74370,True,0.9,True,,106.78219795227051,1
2026-05-11T15:23:16+0000,1778512996.1082008,1778512996.122331,PostgreSQL+Citus,citus_hot90,citus_native,676,update,3000,89193,True,0.9,False,FeatureNotSupported,14.130115509033203,0
2026-05-11T15:23:16+0000,1778512996.1125004,1778512996.1228182,PostgreSQL+Citus,citus_hot90,citus_native,689,select,3000,28408,True,0.9,True,,10.317802429199219,1
2026-05-11T15:23:16+0000,1778512996.0423024,1778512996.1229968,PostgreSQL+Citus,citus_hot90,citus_native,659,insert,3000,96542,True,0.9,True,,80.69443702697754,1
2026-05-11T15:23:16+0000,1778512996.1131985,1778512996.1232846,PostgreSQL+Citus,citus_hot90,citus_native,693,update,3000,52750,True,0.9,False,FeatureNotSupported,10.0860595703125,0
2026-05-11T15:23:16+0000,1778512996.1095486,1778512996.1235256,PostgreSQL+Citus,citus_hot90,citus_native,679,update,3000,55448,True,0.9,False,FeatureNotSupported,13.97705078125,0
2026-05-11T15:23:16+0000,1778512996.11815,1778512996.1238308,PostgreSQL+Citus,citus_hot90,citus_native,710,select,3000,37492,True,0.9,True,,5.68079948425293,1
2026-05-11T15:23:16+0000,1778512996.0300784,1778512996.1240025,PostgreSQL+Citus,citus_hot90,citus_native,612,select,3000,85937,True,0.9,True,,93.92404556274414,1
2026-05-11T15:23:16+0000,1778512996.1140754,1778512996.1242266,PostgreSQL+Citus,citus_hot90,citus_native,698,update,3000,36690,True,0.9,False,FeatureNotSupported,10.151147842407227,0
2026-05-11T15:23:16+0000,1778512996.038749,1778512996.124362,PostgreSQL+Citus,citus_hot90,citus_native,647,select,3000,43953,True,0.9,True,,85.61301231384277,1
2026-05-11T15:23:16+0000,1778512996.1146083,1778512996.1245155,PostgreSQL+Citus,citus_hot90,citus_native,701,insert,3000,62013,True,0.9,True,,9.907245635986328,1
2026-05-11T15:23:16+0000,1778512996.0426722,1778512996.1247623,PostgreSQL+Citus,citus_hot90,citus_native,660,select,3000,66013,True,0.9,True,,82.09013938903809,1
2026-05-11T15:23:16+0000,1778512996.0337439,1778512996.1250014,PostgreSQL+Citus,citus_hot90,citus_native,626,select,3000,95455,True,0.9,True,,91.25757217407227,1
2026-05-11T15:23:16+0000,1778512996.115184,1778512996.12513,PostgreSQL+Citus,citus_hot90,citus_native,703,update,3000,22017,True,0.9,False,FeatureNotSupported,9.945869445800781,0
2026-05-11T15:23:16+0000,1778512996.1196413,1778512996.125262,PostgreSQL+Citus,citus_hot90,citus_native,718,select,3000,55490,True,0.9,True,,5.620718002319336,1
2026-05-11T15:23:16+0000,1778512996.1114256,1778512996.1253812,PostgreSQL+Citus,citus_hot90,citus_native,686,insert,3000,10517,True,0.9,True,,13.95559310913086,1
2026-05-11T15:23:16+0000,1778512996.03353,1778512996.1254914,PostgreSQL+Citus,citus_hot90,citus_native,625,select,3000,75686,True,0.9,True,,91.96138381958008,1
2026-05-11T15:23:16+0000,1778512996.1204042,1778512996.125611,PostgreSQL+Citus,citus_hot90,citus_native,720,select,3000,66634,True,0.9,True,,5.206823348999023,1
2026-05-11T15:23:16+0000,1778512996.0195265,1778512996.1257384,PostgreSQL+Citus,citus_hot90,citus_native,574,select,3000,62321,True,0.9,True,,106.21190071105957,1
2026-05-11T15:23:16+0000,1778512996.1251822,1778512996.1259627,PostgreSQL+Citus,citus_hot90,citus_native,743,select,3000,43420,True,0.9,True,,0.7805824279785156,1
2026-05-11T15:23:16+0000,1778512996.1183062,1778512996.1262918,PostgreSQL+Citus,citus_hot90,citus_native,711,insert,3000,92225,True,0.9,True,,7.985591888427734,1
2026-05-11T15:23:16+0000,1778512996.1130266,1778512996.1264148,PostgreSQL+Citus,citus_hot90,citus_native,692,update,28063,65881,False,0.9,False,FeatureNotSupported,13.38815689086914,0
2026-05-11T15:23:16+0000,1778512996.0364223,1778512996.126548,PostgreSQL+Citus,citus_hot90,citus_native,637,update,3000,6904,True,0.9,False,FeatureNotSupported,90.12579917907715,0
2026-05-11T15:23:16+0000,1778512996.1224425,1778512996.126706,PostgreSQL+Citus,citus_hot90,citus_native,731,select,3000,47829,True,0.9,True,,4.263401031494141,1
2026-05-11T15:23:16+0000,1778512996.117943,1778512996.126816,PostgreSQL+Citus,citus_hot90,citus_native,709,select,3000,48687,True,0.9,True,,8.87298583984375,1
2026-05-11T15:23:16+0000,1778512996.1097298,1778512996.1269343,PostgreSQL+Citus,citus_hot90,citus_native,680,select,3000,88205,True,0.9,True,,17.20452308654785,1
2026-05-11T15:23:16+0000,1778512996.0417109,1778512996.127118,PostgreSQL+Citus,citus_hot90,citus_native,656,select,12649,34690,False,0.9,True,,85.40725708007812,1
2026-05-11T15:23:16+0000,1778512996.0315926,1778512996.1272902,PostgreSQL+Citus,citus_hot90,citus_native,619,select,3000,63619,True,0.9,True,,95.69764137268066,1
2026-05-11T15:23:16+0000,1778512996.1233573,1778512996.1274476,PostgreSQL+Citus,citus_hot90,citus_native,734,select,3000,86104,True,0.9,True,,4.090309143066406,1
2026-05-11T15:23:16+0000,1778512996.1192012,1778512996.1275842,PostgreSQL+Citus,citus_hot90,citus_native,716,select,3000,28080,True,0.9,True,,8.383035659790039,1
2026-05-11T15:23:16+0000,1778512996.1201427,1778512996.127747,PostgreSQL+Citus,citus_hot90,citus_native,719,insert,3000,44442,True,0.9,True,,7.604360580444336,1
2026-05-11T15:23:16+0000,1778512996.0156295,1778512996.1279352,PostgreSQL+Citus,citus_hot90,citus_native,560,select,3000,57607,True,0.9,True,,112.3056411743164,1
2026-05-11T15:23:16+0000,1778512996.0295258,1778512996.1285026,PostgreSQL+Citus,citus_hot90,citus_native,609,insert,3000,55192,True,0.9,True,,98.97685050964355,1
2026-05-11T15:23:16+0000,1778512996.0188413,1778512996.1289945,PostgreSQL+Citus,citus_hot90,citus_native,571,update,3000,72292,True,0.9,False,FeatureNotSupported,110.1531982421875,0
2026-05-11T15:23:16+0000,1778512995.9083583,1778512996.129219,PostgreSQL+Citus,citus_hot90,citus_native,444,select,25595,88111,False,0.9,True,,220.86071968078613,1
2026-05-11T15:23:16+0000,1778512996.1158552,1778512996.129931,PostgreSQL+Citus,citus_hot90,citus_native,706,select,3000,82573,True,0.9,True,,14.075756072998047,1
2026-05-11T15:23:16+0000,1778512996.125053,1778512996.1308122,PostgreSQL+Citus,citus_hot90,citus_native,742,update,3000,35029,True,0.9,False,FeatureNotSupported,5.759239196777344,0
2026-05-11T15:23:16+0000,1778512996.1205053,1778512996.1310487,PostgreSQL+Citus,citus_hot90,citus_native,721,select,3000,79520,True,0.9,True,,10.543346405029297,1
2026-05-11T15:23:16+0000,1778512996.1211483,1778512996.1312385,PostgreSQL+Citus,citus_hot90,citus_native,725,select,3000,73434,True,0.9,True,,10.090112686157227,1
2026-05-11T15:23:16+0000,1778512996.1221654,1778512996.131387,PostgreSQL+Citus,citus_hot90,citus_native,730,update,3000,45328,True,0.9,False,FeatureNotSupported,9.221553802490234,0
2026-05-11T15:23:16+0000,1778512996.1260736,1778512996.131569,PostgreSQL+Citus,citus_hot90,citus_native,749,select,3000,58254,True,0.9,True,,5.495309829711914,1
2026-05-11T15:23:16+0000,1778512996.0391393,1778512996.1317022,PostgreSQL+Citus,citus_hot90,citus_native,649,select,3000,91223,True,0.9,True,,92.56291389465332,1
2026-05-11T15:23:16+0000,1778512996.018457,1778512996.1318543,PostgreSQL+Citus,citus_hot90,citus_native,570,select,3000,77557,True,0.9,True,,113.39735984802246,1
2026-05-11T15:23:16+0000,1778512995.1285427,1778512996.1319797,PostgreSQL+Citus,citus_hot90,citus_native,85,select,3000,32448,True,0.9,True,,1003.4370422363281,1
2026-05-11T15:23:16+0000,1778512996.1101544,1778512996.1322231,PostgreSQL+Citus,citus_hot90,citus_native,682,select,3000,17475,True,0.9,True,,22.06873893737793,1
2026-05-11T15:23:16+0000,1778512996.1218183,1778512996.1324306,PostgreSQL+Citus,citus_hot90,citus_native,729,insert,3000,87800,True,0.9,True,,10.612249374389648,1
2026-05-11T15:23:16+0000,1778512996.0224984,1778512996.132649,PostgreSQL+Citus,citus_hot90,citus_native,589,update,3000,33018,True,0.9,False,FeatureNotSupported,110.15057563781738,0
2026-05-11T15:23:16+0000,1778512996.0197334,1778512996.1327991,PostgreSQL+Citus,citus_hot90,citus_native,575,select,3000,45981,True,0.9,True,,113.06571960449219,1
2026-05-11T15:23:16+0000,1778512996.0352495,1778512996.1335092,PostgreSQL+Citus,citus_hot90,citus_native,634,update,3000,33959,True,0.9,False,FeatureNotSupported,98.25968742370605,0
2026-05-11T15:23:16+0000,1778512996.128167,1778512996.1336584,PostgreSQL+Citus,citus_hot90,citus_native,761,select,3000,27790,True,0.9,True,,5.491495132446289,1
2026-05-11T15:23:16+0000,1778512996.1291134,1778512996.1337883,PostgreSQL+Citus,citus_hot90,citus_native,763,select,24365,36778,False,0.9,True,,4.6749114990234375,1
2026-05-11T15:23:16+0000,1778512996.1206765,1778512996.1339042,PostgreSQL+Citus,citus_hot90,citus_native,722,select,3000,11914,True,0.9,True,,13.227701187133789,1
2026-05-11T15:23:16+0000,1778512996.1209219,1778512996.1340168,PostgreSQL+Citus,citus_hot90,citus_native,724,select,3000,94136,True,0.9,True,,13.094902038574219,1
2026-05-11T15:23:16+0000,1778512996.0288444,1778512996.1341774,PostgreSQL+Citus,citus_hot90,citus_native,606,insert,3000,15832,True,0.9,True,,105.33308982849121,1
2026-05-11T15:23:16+0000,1778512996.1122265,1778512996.1344368,PostgreSQL+Citus,citus_hot90,citus_native,688,select,3000,33560,True,0.9,True,,22.210359573364258,1
2026-05-11T15:23:16+0000,1778512996.1215055,1778512996.1345735,PostgreSQL+Citus,citus_hot90,citus_native,727,update,23983,60958,False,0.9,False,FeatureNotSupported,13.067960739135742,0
2026-05-11T15:23:16+0000,1778512995.8228612,1778512996.1346567,PostgreSQL+Citus,citus_hot90,citus_native,422,select,122,60130,False,0.9,True,,311.7954730987549,1
2026-05-11T15:23:16+0000,1778512996.1253033,1778512996.1347904,PostgreSQL+Citus,citus_hot90,citus_native,744,select,3000,89528,True,0.9,True,,9.487152099609375,1
2026-05-11T15:23:16+0000,1778512996.1126966,1778512996.1349425,PostgreSQL+Citus,citus_hot90,citus_native,690,select,3000,37423,True,0.9,True,,22.24588394165039,1
2026-05-11T15:23:16+0000,1778512996.1128469,1778512996.1350613,PostgreSQL+Citus,citus_hot90,citus_native,691,select,3000,82605,True,0.9,True,,22.214412689208984,1
2026-05-11T15:23:16+0000,1778512996.0284672,1778512996.1352017,PostgreSQL+Citus,citus_hot90,citus_native,604,select,3000,56743,True,0.9,True,,106.7345142364502,1
2026-05-11T15:23:16+0000,1778512996.12287,1778512996.1353223,PostgreSQL+Citus,citus_hot90,citus_native,732,update,3000,28869,True,0.9,False,FeatureNotSupported,12.452363967895508,0
2026-05-11T15:23:16+0000,1778512996.1098907,1778512996.1354256,PostgreSQL+Citus,citus_hot90,citus_native,681,update,3000,6986,True,0.9,False,FeatureNotSupported,25.534868240356445,0
2026-05-11T15:23:16+0000,1778512996.0293007,1778512996.1360316,PostgreSQL+Citus,citus_hot90,citus_native,608,select,3000,93483,True,0.9,True,,106.73093795776367,1
2026-05-11T15:23:16+0000,1778512996.1264663,1778512996.1368139,PostgreSQL+Citus,citus_hot90,citus_native,751,update,3000,55194,True,0.9,False,FeatureNotSupported,10.347604751586914,0
2026-05-11T15:23:16+0000,1778512996.03469,1778512996.1369145,PostgreSQL+Citus,citus_hot90,citus_native,631,select,26223,47704,False,0.9,True,,102.22458839416504,1
2026-05-11T15:23:16+0000,1778512996.1273646,1778512996.1370575,PostgreSQL+Citus,citus_hot90,citus_native,757,update,3000,70947,True,0.9,False,FeatureNotSupported,9.692907333374023,0
2026-05-11T15:23:16+0000,1778512996.1276453,1778512996.137206,PostgreSQL+Citus,citus_hot90,citus_native,759,update,3000,66624,True,0.9,False,FeatureNotSupported,9.560823440551758,0
2026-05-11T15:23:16+0000,1778512996.02358,1778512996.137329,PostgreSQL+Citus,citus_hot90,citus_native,595,insert,3000,99099,True,0.9,True,,113.74902725219727,1
2026-05-11T15:23:16+0000,1778512996.0322156,1778512996.1374433,PostgreSQL+Citus,citus_hot90,citus_native,621,select,3000,7713,True,0.9,True,,105.22770881652832,1
2026-05-11T15:23:16+0000,1778512996.124584,1778512996.1376395,PostgreSQL+Citus,citus_hot90,citus_native,740,select,3000,47912,True,0.9,True,,13.055562973022461,1
2026-05-11T15:23:16+0000,1778512996.1057446,1778512996.138043,PostgreSQL+Citus,citus_hot90,citus_native,669,select,3000,47716,True,0.9,True,,32.29832649230957,1
2026-05-11T15:23:16+0000,1778512996.1174028,1778512996.1383078,PostgreSQL+Citus,citus_hot90,citus_native,707,update,3000,76826,True,0.9,False,FeatureNotSupported,20.905017852783203,0
2026-05-11T15:23:16+0000,1778512996.125533,1778512996.1387272,PostgreSQL+Citus,citus_hot90,citus_native,746,insert,3000,74671,True,0.9,True,,13.194084167480469,1
2026-05-11T15:23:16+0000,1778512996.121684,1778512996.1393192,PostgreSQL+Citus,citus_hot90,citus_native,728,select,3000,25936,True,0.9,True,,17.635107040405273,1
2026-05-11T15:23:16+0000,1778512996.1092308,1778512996.1395214,PostgreSQL+Citus,citus_hot90,citus_native,678,update,3000,31264,True,0.9,False,FeatureNotSupported,30.290603637695312,0
2026-05-11T15:23:16+0000,1778512996.1266105,1778512996.13971,PostgreSQL+Citus,citus_hot90,citus_native,752,update,3000,12516,True,0.9,False,FeatureNotSupported,13.099431991577148,0
2026-05-11T15:23:16+0000,1778512995.9180994,1778512996.139876,PostgreSQL+Citus,citus_hot90,citus_native,483,select,19533,72358,False,0.9,True,,221.77648544311523,1
2026-05-11T15:23:16+0000,1778512996.114443,1778512996.1401272,PostgreSQL+Citus,citus_hot90,citus_native,700,update,3000,744,True,0.9,False,FeatureNotSupported,25.684118270874023,0
2026-05-11T15:23:16+0000,1778512996.0339148,1778512996.1404033,PostgreSQL+Citus,citus_hot90,citus_native,627,select,3000,89211,True,0.9,True,,106.48846626281738,1
2026-05-11T15:23:16+0000,1778512996.0340047,1778512996.1407871,PostgreSQL+Citus,citus_hot90,citus_native,628,select,3000,53,True,0.9,True,,106.78243637084961,1
2026-05-11T15:23:16+0000,1778512996.119442,1778512996.1410546,PostgreSQL+Citus,citus_hot90,citus_native,717,select,3000,88719,True,0.9,True,,21.61264419555664,1
2026-05-11T15:23:16+0000,1778512995.912133,1778512996.14117,PostgreSQL+Citus,citus_hot90,citus_native,456,select,6575,33937,False,0.9,True,,229.03704643249512,1
2026-05-11T15:23:16+0000,1778512996.1346939,1778512996.1412792,PostgreSQL+Citus,citus_hot90,citus_native,786,select,3000,61196,True,0.9,True,,6.585359573364258,1
2026-05-11T15:23:16+0000,1778512996.0398467,1778512996.1415706,PostgreSQL+Citus,citus_hot90,citus_native,652,select,3000,67938,True,0.9,True,,101.72390937805176,1
2026-05-11T15:23:16+0000,1778512996.1337078,1778512996.1424155,PostgreSQL+Citus,citus_hot90,citus_native,779,select,3000,11493,True,0.9,True,,8.707761764526367,1
2026-05-11T15:23:16+0000,1778512996.0290427,1778512996.1426835,PostgreSQL+Citus,citus_hot90,citus_native,607,select,3000,26599,True,0.9,True,,113.64078521728516,1
2026-05-11T15:23:16+0000,1778512996.0393963,1778512996.142838,PostgreSQL+Citus,citus_hot90,citus_native,650,select,3000,76232,True,0.9,True,,103.44171524047852,1
2026-05-11T15:23:16+0000,1778512996.1270258,1778512996.1429834,PostgreSQL+Citus,citus_hot90,citus_native,755,select,3000,62483,True,0.9,True,,15.95759391784668,1
2026-05-11T15:23:16+0000,1778512996.0385525,1778512996.1431637,PostgreSQL+Citus,citus_hot90,citus_native,646,select,3000,54736,True,0.9,True,,104.61115837097168,1
2026-05-11T15:23:16+0000,1778512996.1208248,1778512996.1436791,PostgreSQL+Citus,citus_hot90,citus_native,723,select,3000,46011,True,0.9,True,,22.854328155517578,1
2026-05-11T15:23:16+0000,1778512996.1263444,1778512996.1439612,PostgreSQL+Citus,citus_hot90,citus_native,750,update,1376,99451,False,0.9,False,FeatureNotSupported,17.616748809814453,0
2026-05-11T15:23:16+0000,1778512996.1108742,1778512996.1441007,PostgreSQL+Citus,citus_hot90,citus_native,684,insert,3000,4594,True,0.9,True,,33.22649002075195,1
2026-05-11T15:23:16+0000,1778512996.114864,1778512996.1442065,PostgreSQL+Citus,citus_hot90,citus_native,702,insert,3000,82967,True,0.9,True,,29.3424129486084,1
2026-05-11T15:23:16+0000,1778512996.1188357,1778512996.1443455,PostgreSQL+Citus,citus_hot90,citus_native,714,select,3000,98400,True,0.9,True,,25.50983428955078,1
2026-05-11T15:23:16+0000,1778512996.118987,1778512996.144858,PostgreSQL+Citus,citus_hot90,citus_native,715,select,3000,82802,True,0.9,True,,25.870800018310547,1
2026-05-11T15:23:16+0000,1778512996.0341306,1778512996.1450326,PostgreSQL+Citus,citus_hot90,citus_native,629,select,3000,49707,True,0.9,True,,110.90207099914551,1
2026-05-11T15:23:16+0000,1778512996.036828,1778512996.145168,PostgreSQL+Citus,citus_hot90,citus_native,639,select,3000,86180,True,0.9,True,,108.34002494812012,1
2026-05-11T15:23:16+0000,1778512996.121349,1778512996.1452959,PostgreSQL+Citus,citus_hot90,citus_native,726,select,3000,87757,True,0.9,True,,23.946762084960938,1
2026-05-11T15:23:16+0000,1778512996.1325302,1778512996.145445,PostgreSQL+Citus,citus_hot90,citus_native,775,update,3000,42973,True,0.9,False,FeatureNotSupported,12.914896011352539,0
2026-05-11T15:23:16+0000,1778512996.0355074,1778512996.1455975,PostgreSQL+Citus,citus_hot90,citus_native,635,insert,16058,88607,False,0.9,True,,110.09001731872559,1
2026-05-11T15:23:16+0000,1778512996.04001,1778512996.145888,PostgreSQL+Citus,citus_hot90,citus_native,653,select,3000,36348,True,0.9,True,,105.87811470031738,1
2026-05-11T15:23:16+0000,1778512996.1244261,1778512996.1462064,PostgreSQL+Citus,citus_hot90,citus_native,739,select,3000,74341,True,0.9,True,,21.78025245666504,1
2026-05-11T15:23:16+0000,1778512996.1335745,1778512996.1463485,PostgreSQL+Citus,citus_hot90,citus_native,778,select,3000,67251,True,0.9,True,,12.773990631103516,1
2026-05-11T15:23:16+0000,1778512996.0228636,1778512996.1465502,PostgreSQL+Citus,citus_hot90,citus_native,592,select,3000,32577,True,0.9,True,,123.68655204772949,1
2026-05-11T15:23:16+0000,1778512996.1184738,1778512996.1467004,PostgreSQL+Citus,citus_hot90,citus_native,712,select,3000,56973,True,0.9,True,,28.226613998413086,1
2026-05-11T15:23:16+0000,1778512996.1452165,1778512996.146831,PostgreSQL+Citus,citus_hot90,citus_native,827,select,3000,59536,True,0.9,True,,1.6145706176757812,1
2026-05-11T15:23:16+0000,1778512996.0130875,1778512996.1469967,PostgreSQL+Citus,citus_hot90,citus_native,553,insert,21967,28845,False,0.9,True,,133.9092254638672,1
2026-05-11T15:23:16+0000,1778512996.1419497,1778512996.1474576,PostgreSQL+Citus,citus_hot90,citus_native,814,insert,3000,60555,True,0.9,True,,5.507946014404297,1
2026-05-11T15:23:16+0000,1778512996.131144,1778512996.2051601,PostgreSQL+Citus,citus_hot90,citus_native,767,select,29419,23905,False,0.9,True,,74.01609420776367,1
2026-05-11T15:23:16+0000,1778512996.1440108,1778512996.2054832,PostgreSQL+Citus,citus_hot90,citus_native,821,update,3000,71777,True,0.9,False,FeatureNotSupported,61.472415924072266,0
2026-05-11T15:23:16+0000,1778512996.1371317,1778512996.2059307,PostgreSQL+Citus,citus_hot90,citus_native,796,select,3000,50079,True,0.9,True,,68.79901885986328,1
2026-05-11T15:23:16+0000,1778512996.142745,1778512996.2062023,PostgreSQL+Citus,citus_hot90,citus_native,816,select,3000,58241,True,0.9,True,,63.45725059509277,1
2026-05-11T15:23:16+0000,1778512996.1453514,1778512996.2064714,PostgreSQL+Citus,citus_hot90,citus_native,828,update,3000,94683,True,0.9,False,FeatureNotSupported,61.120033264160156,0
2026-05-11T15:23:16+0000,1778512996.1248763,1778512996.206622,PostgreSQL+Citus,citus_hot90,citus_native,741,update,3000,50961,True,0.9,False,FeatureNotSupported,81.74562454223633,0
2026-05-11T15:23:16+0000,1778512996.1239045,1778512996.206902,PostgreSQL+Citus,citus_hot90,citus_native,736,select,3000,84158,True,0.9,True,,82.99756050109863,1
2026-05-11T15:23:16+0000,1778512996.1390715,1778512996.207367,PostgreSQL+Citus,citus_hot90,citus_native,803,select,3000,3666,True,0.9,True,,68.29547882080078,1
2026-05-11T15:23:16+0000,1778512996.137474,1778512996.2077258,PostgreSQL+Citus,citus_hot90,citus_native,799,select,3000,84619,True,0.9,True,,70.2517032623291,1
2026-05-11T15:23:16+0000,1778512996.14687,1778512996.2079456,PostgreSQL+Citus,citus_hot90,citus_native,836,insert,3000,88206,True,0.9,True,,61.075687408447266,1
2026-05-11T15:23:16+0000,1778512996.1268535,1778512996.2083533,PostgreSQL+Citus,citus_hot90,citus_native,754,select,3000,2274,True,0.9,True,,81.49981498718262,1
2026-05-11T15:23:16+0000,1778512996.1464162,1778512996.208715,PostgreSQL+Citus,citus_hot90,citus_native,833,select,3000,4649,True,0.9,True,,62.29877471923828,1
2026-05-11T15:23:16+0000,1778512996.125797,1778512996.2089825,PostgreSQL+Citus,citus_hot90,citus_native,748,update,3000,25810,True,0.9,False,FeatureNotSupported,83.18543434143066,0
2026-05-11T15:23:16+0000,1778512996.2080417,1778512996.2091835,PostgreSQL+Citus,citus_hot90,citus_native,848,select,3000,41,True,0.9,True,,1.1417865753173828,1
2026-05-11T15:23:16+0000,1778512996.1405323,1778512996.209405,PostgreSQL+Citus,citus_hot90,citus_native,809,update,3000,93894,True,0.9,False,FeatureNotSupported,68.87269020080566,0
2026-05-11T15:23:16+0000,1778512996.1460485,1778512996.209673,PostgreSQL+Citus,citus_hot90,citus_native,831,select,3000,93838,True,0.9,True,,63.62438201904297,1
2026-05-11T15:23:16+0000,1778512996.1343112,1778512996.2099216,PostgreSQL+Citus,citus_hot90,citus_native,783,update,3000,21832,True,0.9,False,FeatureNotSupported,75.61039924621582,0
2026-05-11T15:23:16+0000,1778512996.138368,1778512996.2101436,PostgreSQL+Citus,citus_hot90,citus_native,802,select,3000,41861,True,0.9,True,,71.77567481994629,1
2026-05-11T15:23:16+0000,1778512996.14415,1778512996.2103157,PostgreSQL+Citus,citus_hot90,citus_native,822,select,3000,27998,True,0.9,True,,66.16568565368652,1
2026-05-11T15:23:16+0000,1778512996.1432335,1778512996.2104678,PostgreSQL+Citus,citus_hot90,citus_native,819,select,3000,15436,True,0.9,True,,67.23427772521973,1
2026-05-11T15:23:16+0000,1778512996.2092621,1778512996.210619,PostgreSQL+Citus,citus_hot90,citus_native,852,select,19396,90384,False,0.9,True,,1.3568401336669922,1
2026-05-11T15:23:16+0000,1778512996.136947,1778512996.2107954,PostgreSQL+Citus,citus_hot90,citus_native,795,select,18828,7786,False,0.9,True,,73.84848594665527,1
2026-05-11T15:23:16+0000,1778512996.1451042,1778512996.2109115,PostgreSQL+Citus,citus_hot90,citus_native,826,select,3000,51285,True,0.9,True,,65.80734252929688,1
2026-05-11T15:23:16+0000,1778512996.205305,1778512996.21101,PostgreSQL+Citus,citus_hot90,citus_native,839,select,3000,64538,True,0.9,True,,5.7048797607421875,1
2026-05-11T15:23:16+0000,1778512996.1340485,1778512996.2112472,PostgreSQL+Citus,citus_hot90,citus_native,782,select,3000,50920,True,0.9,True,,77.19874382019043,1
2026-05-11T15:23:16+0000,1778512996.1338322,1778512996.2115285,PostgreSQL+Citus,citus_hot90,citus_native,780,select,3000,14614,True,0.9,True,,77.69632339477539,1
2026-05-11T15:23:16+0000,1778512996.1236722,1778512996.2118235,PostgreSQL+Citus,citus_hot90,citus_native,735,select,3000,9621,True,0.9,True,,88.15121650695801,1
2026-05-11T15:23:16+0000,1778512996.1348655,1778512996.2121735,PostgreSQL+Citus,citus_hot90,citus_native,787,select,3000,85102,True,0.9,True,,77.30793952941895,1
2026-05-11T15:23:16+0000,1778512996.207091,1778512996.2123554,PostgreSQL+Citus,citus_hot90,citus_native,845,select,3000,5831,True,0.9,True,,5.2642822265625,1
2026-05-11T15:23:16+0000,1778512996.144934,1778512996.2125034,PostgreSQL+Citus,citus_hot90,citus_native,825,insert,3000,77024,True,0.9,True,,67.56949424743652,1
2026-05-11T15:23:16+0000,1778512996.1267605,1778512996.2126777,PostgreSQL+Citus,citus_hot90,citus_native,753,select,3000,18744,True,0.9,True,,85.91723442077637,1
2026-05-11T15:23:16+0000,1778512996.1326997,1778512996.2129073,PostgreSQL+Citus,citus_hot90,citus_native,776,update,15524,61492,False,0.9,False,FeatureNotSupported,80.20758628845215,0
2026-05-11T15:23:16+0000,1778512996.1287706,1778512996.2131844,PostgreSQL+Citus,citus_hot90,citus_native,762,insert,3000,49435,True,0.9,True,,84.41376686096191,1
2026-05-11T15:23:16+0000,1778512996.2090414,1778512996.2134407,PostgreSQL+Citus,citus_hot90,citus_native,851,update,3000,28660,True,0.9,False,FeatureNotSupported,4.399299621582031,0
2026-05-11T15:23:16+0000,1778512996.2125683,1778512996.2137523,PostgreSQL+Citus,citus_hot90,citus_native,868,select,3000,31930,True,0.9,True,,1.1839866638183594,1
2026-05-11T15:23:16+0000,1778512996.1368566,1778512996.2141058,PostgreSQL+Citus,citus_hot90,citus_native,794,select,3000,51470,True,0.9,True,,77.24928855895996,1
2026-05-11T15:23:16+0000,1778512996.1411011,1778512996.214299,PostgreSQL+Citus,citus_hot90,citus_native,811,insert,3000,62541,True,0.9,True,,73.19784164428711,1
2026-05-11T15:23:16+0000,1778512996.1308997,1778512996.214527,PostgreSQL+Citus,citus_hot90,citus_native,766,select,3000,12253,True,0.9,True,,83.62722396850586,1
2026-05-11T15:23:16+0000,1778512996.210023,1778512996.2146723,PostgreSQL+Citus,citus_hot90,citus_native,855,update,3000,80148,True,0.9,False,FeatureNotSupported,4.64940071105957,0
2026-05-11T15:23:16+0000,1778512996.209771,1778512996.2148948,PostgreSQL+Citus,citus_hot90,citus_native,854,select,3000,99102,True,0.9,True,,5.12385368347168,1
2026-05-11T15:23:16+0000,1778512996.2103906,1778512996.2153158,PostgreSQL+Citus,citus_hot90,citus_native,857,update,3000,45655,True,0.9,False,FeatureNotSupported,4.925251007080078,0
2026-05-11T15:23:16+0000,1778512996.1396017,1778512996.215888,PostgreSQL+Citus,citus_hot90,citus_native,805,select,3000,85076,True,0.9,True,,76.28631591796875,1
2026-05-11T15:23:16+0000,1778512996.1339564,1778512996.216137,PostgreSQL+Citus,citus_hot90,citus_native,781,select,3000,61769,True,0.9,True,,82.18050003051758,1
2026-05-11T15:23:16+0000,1778512996.146277,1778512996.2164104,PostgreSQL+Citus,citus_hot90,citus_native,832,select,3000,41214,True,0.9,True,,70.13344764709473,1
2026-05-11T15:23:16+0000,1778512996.2105076,1778512996.2167044,PostgreSQL+Citus,citus_hot90,citus_native,858,select,3000,45311,True,0.9,True,,6.196737289428711,1
2026-05-11T15:23:16+0000,1778512996.2110448,1778512996.2169085,PostgreSQL+Citus,citus_hot90,citus_native,862,select,3000,31253,True,0.9,True,,5.863666534423828,1
2026-05-11T15:23:16+0000,1778512996.0366347,1778512996.2171183,PostgreSQL+Citus,citus_hot90,citus_native,638,insert,20059,63530,False,0.9,True,,180.48357963562012,1
2026-05-11T15:23:16+0000,1778512996.216224,1778512996.217371,PostgreSQL+Citus,citus_hot90,citus_native,881,select,3000,59781,True,0.9,True,,1.1470317840576172,1
2026-05-11T15:23:16+0000,1778512996.2116008,1778512996.2175364,PostgreSQL+Citus,citus_hot90,citus_native,864,update,3000,19101,True,0.9,False,FeatureNotSupported,5.9356689453125,0
2026-05-11T15:23:16+0000,1778512996.1430473,1778512996.2177882,PostgreSQL+Citus,citus_hot90,citus_native,818,insert,3000,63362,True,0.9,True,,74.74088668823242,1
2026-05-11T15:23:16+0000,1778512996.1292822,1778512996.218136,PostgreSQL+Citus,citus_hot90,citus_native,764,insert,3000,79781,True,0.9,True,,88.85383605957031,1
2026-05-11T15:23:16+0000,1778512996.2174478,1778512996.2182927,PostgreSQL+Citus,citus_hot90,citus_native,886,select,3000,90592,True,0.9,True,,0.8449554443359375,1
2026-05-11T15:23:16+0000,1778512996.1399405,1778512996.2184424,PostgreSQL+Citus,citus_hot90,citus_native,807,select,3000,47633,True,0.9,True,,78.50193977355957,1
2026-05-11T15:23:16+0000,1778512996.2095149,1778512996.2186038,PostgreSQL+Citus,citus_hot90,citus_native,853,update,3000,54814,True,0.9,False,FeatureNotSupported,9.088993072509766,0
2026-05-11T15:23:16+0000,1778512996.1467488,1778512996.2187884,PostgreSQL+Citus,citus_hot90,citus_native,835,update,3000,31490,True,0.9,False,FeatureNotSupported,72.03960418701172,0
2026-05-11T15:23:16+0000,1778512996.2183275,1778512996.2189977,PostgreSQL+Citus,citus_hot90,citus_native,890,select,3000,11804,True,0.9,True,,0.6701946258544922,1
2026-05-11T15:23:16+0000,1778512996.1274943,1778512996.2192018,PostgreSQL+Citus,citus_hot90,citus_native,758,select,3000,14411,True,0.9,True,,91.70746803283691,1
2026-05-11T15:23:16+0000,1778512996.213931,1778512996.2193913,PostgreSQL+Citus,citus_hot90,citus_native,873,select,3000,71430,True,0.9,True,,5.460262298583984,1
2026-05-11T15:23:16+0000,1778512996.1352525,1778512996.219551,PostgreSQL+Citus,citus_hot90,citus_native,790,select,3000,10727,True,0.9,True,,84.29861068725586,1
2026-05-11T15:23:16+0000,1778512996.214368,1778512996.2197812,PostgreSQL+Citus,citus_hot90,citus_native,875,select,3000,12431,True,0.9,True,,5.413055419921875,1
2026-05-11T15:23:16+0000,1778512996.1316144,1778512996.220166,PostgreSQL+Citus,citus_hot90,citus_native,770,select,3000,7521,True,0.9,True,,88.55152130126953,1
2026-05-11T15:23:16+0000,1778512996.105415,1778512996.2204201,PostgreSQL+Citus,citus_hot90,citus_native,668,select,3750,31608,False,0.9,True,,115.0050163269043,1
2026-05-11T15:23:16+0000,1778512996.2102165,1778512996.2205632,PostgreSQL+Citus,citus_hot90,citus_native,856,select,3000,61083,True,0.9,True,,10.346651077270508,1
2026-05-11T15:23:16+0000,1778512996.1428878,1778512996.2207634,PostgreSQL+Citus,citus_hot90,citus_native,817,select,3000,74609,True,0.9,True,,77.87561416625977,1
2026-05-11T15:23:16+0000,1778512996.210946,1778512996.2209046,PostgreSQL+Citus,citus_hot90,citus_native,861,update,3000,23681,True,0.9,False,FeatureNotSupported,9.958505630493164,0
2026-05-11T15:23:16+0000,1778512996.2147412,1778512996.22111,PostgreSQL+Citus,citus_hot90,citus_native,877,select,3000,77433,True,0.9,True,,6.368875503540039,1
2026-05-11T15:23:16+0000,1778512996.0435991,1778512996.2213385,PostgreSQL+Citus,citus_hot90,citus_native,664,select,8299,78821,False,0.9,True,,177.73938179016113,1
2026-05-11T15:23:16+0000,1778512996.215988,1778512996.2214596,PostgreSQL+Citus,citus_hot90,citus_native,880,select,3000,40929,True,0.9,True,,5.471706390380859,1
2026-05-11T15:23:16+0000,1778512996.1346095,1778512996.2215493,PostgreSQL+Citus,citus_hot90,citus_native,785,insert,27966,62260,False,0.9,True,,86.93981170654297,1
2026-05-11T15:23:16+0000,1778512996.2066522,1778512996.2216387,PostgreSQL+Citus,citus_hot90,citus_native,844,insert,3000,5607,True,0.9,True,,14.986515045166016,1
2026-05-11T15:23:16+0000,1778512996.125651,1778512996.221764,PostgreSQL+Citus,citus_hot90,citus_native,747,select,3000,78866,True,0.9,True,,96.11320495605469,1
2026-05-11T15:23:16+0000,1778512996.1354582,1778512996.2218895,PostgreSQL+Citus,citus_hot90,citus_native,792,insert,3000,40356,True,0.9,True,,86.43126487731934,1
2026-05-11T15:23:16+0000,1778512996.2165496,1778512996.222008,PostgreSQL+Citus,citus_hot90,citus_native,882,select,3000,10194,True,0.9,True,,5.458354949951172,1
2026-05-11T15:23:16+0000,1778512996.2169876,1778512996.2221274,PostgreSQL+Citus,citus_hot90,citus_native,884,select,3000,13177,True,0.9,True,,5.139827728271484,1
2026-05-11T15:23:16+0000,1778512996.2075334,1778512996.2222435,PostgreSQL+Citus,citus_hot90,citus_native,846,select,3000,39354,True,0.9,True,,14.710187911987305,1
2026-05-11T15:23:16+0000,1778512996.2084894,1778512996.2223792,PostgreSQL+Citus,citus_hot90,citus_native,849,select,3000,46038,True,0.9,True,,13.889789581298828,1
2026-05-11T15:23:16+0000,1778512996.132865,1778512996.2225049,PostgreSQL+Citus,citus_hot90,citus_native,777,select,3000,53120,True,0.9,True,,89.63990211486816,1
2026-05-11T15:23:16+0000,1778512996.1317713,1778512996.222682,PostgreSQL+Citus,citus_hot90,citus_native,771,select,3000,31157,True,0.9,True,,90.91067314147949,1
2026-05-11T15:23:16+0000,1778512996.1456554,1778512996.2228272,PostgreSQL+Citus,citus_hot90,citus_native,830,select,3000,81664,True,0.9,True,,77.17180252075195,1
2026-05-11T15:23:16+0000,1778512996.2185156,1778512996.2229712,PostgreSQL+Citus,citus_hot90,citus_native,891,select,3000,64761,True,0.9,True,,4.45556640625,1
2026-05-11T15:23:16+0000,1778512996.2188723,1778512996.2231019,PostgreSQL+Citus,citus_hot90,citus_native,893,select,3000,45827,True,0.9,True,,4.229545593261719,1
2026-05-11T15:23:16+0000,1778512996.1353707,1778512996.2232068,PostgreSQL+Citus,citus_hot90,citus_native,791,update,3000,63294,True,0.9,False,FeatureNotSupported,87.83602714538574,0
2026-05-11T15:23:16+0000,1778512996.2196116,1778512996.2233176,PostgreSQL+Citus,citus_hot90,citus_native,897,update,3000,3400,True,0.9,False,FeatureNotSupported,3.7059783935546875,0
2026-05-11T15:23:16+0000,1778512996.219442,1778512996.223409,PostgreSQL+Citus,citus_hot90,citus_native,896,select,3000,6402,True,0.9,True,,3.9670467376708984,1
2026-05-11T15:23:16+0000,1778512996.1402247,1778512996.223489,PostgreSQL+Citus,citus_hot90,citus_native,808,select,3000,95847,True,0.9,True,,83.26435089111328,1
2026-05-11T15:23:16+0000,1778512996.1117086,1778512996.2235541,PostgreSQL+Citus,citus_hot90,citus_native,687,select,8579,53431,False,0.9,True,,111.84549331665039,1
2026-05-11T15:23:16+0000,1778512996.0330296,1778512996.2236469,PostgreSQL+Citus,citus_hot90,citus_native,623,select,2503,48492,False,0.9,True,,190.61732292175293,1
2026-05-11T15:23:16+0000,1778512996.111145,1778512996.2237842,PostgreSQL+Citus,citus_hot90,citus_native,685,select,3000,8587,True,0.9,True,,112.63918876647949,1
2026-05-11T15:23:16+0000,1778512996.215545,1778512996.2244592,PostgreSQL+Citus,citus_hot90,citus_native,879,select,3000,14390,True,0.9,True,,8.91423225402832,1
2026-05-11T15:23:16+0000,1778512996.2167828,1778512996.2246864,PostgreSQL+Citus,citus_hot90,citus_native,883,update,3000,75694,True,0.9,False,FeatureNotSupported,7.903575897216797,0
2026-05-11T15:23:16+0000,1778512996.137255,1778512996.225007,PostgreSQL+Citus,citus_hot90,citus_native,797,insert,3000,46674,True,0.9,True,,87.75210380554199,1
2026-05-11T15:23:16+0000,1778512996.0430803,1778512996.225247,PostgreSQL+Citus,citus_hot90,citus_native,662,select,29118,4063,False,0.9,True,,182.16657638549805,1
2026-05-11T15:23:16+0000,1778512996.2175913,1778512996.2253616,PostgreSQL+Citus,citus_hot90,citus_native,887,update,3000,39042,True,0.9,False,FeatureNotSupported,7.770299911499023,0
2026-05-11T15:23:16+0000,1778512996.132297,1778512996.2255378,PostgreSQL+Citus,citus_hot90,citus_native,774,insert,3000,25377,True,0.9,True,,93.24073791503906,1
2026-05-11T15:23:16+0000,1778512996.026765,1778512996.225771,PostgreSQL+Citus,citus_hot90,citus_native,601,select,6201,68301,False,0.9,True,,199.0058422088623,1
2026-05-11T15:23:16+0000,1778512996.1314535,1778512996.2259285,PostgreSQL+Citus,citus_hot90,citus_native,769,update,3000,91074,True,0.9,False,FeatureNotSupported,94.47503089904785,0
2026-05-11T15:23:16+0000,1778512996.1373858,1778512996.2260876,PostgreSQL+Citus,citus_hot90,citus_native,798,update,3000,56160,True,0.9,False,FeatureNotSupported,88.70172500610352,0
2026-05-11T15:23:16+0000,1778512996.037036,1778512996.2262032,PostgreSQL+Citus,citus_hot90,citus_native,640,insert,10206,10656,False,0.9,True,,189.16726112365723,1
2026-05-11T15:23:16+0000,1778512996.1394017,1778512996.2263024,PostgreSQL+Citus,citus_hot90,citus_native,804,select,3000,39355,True,0.9,True,,86.90071105957031,1
2026-05-11T15:23:16+0000,1778512996.2130282,1778512996.2264578,PostgreSQL+Citus,citus_hot90,citus_native,870,select,4448,91393,False,0.9,True,,13.429641723632812,1
2026-05-11T15:23:16+0000,1778512996.134979,1778512996.2266157,PostgreSQL+Citus,citus_hot90,citus_native,788,select,3000,79357,True,0.9,True,,91.63665771484375,1
2026-05-11T15:23:16+0000,1778512996.215032,1778512996.226699,PostgreSQL+Citus,citus_hot90,citus_native,878,update,3000,22179,True,0.9,False,FeatureNotSupported,11.667013168334961,0
2026-05-11T15:23:16+0000,1778512996.1351273,1778512996.226791,PostgreSQL+Citus,citus_hot90,citus_native,789,select,3000,9156,True,0.9,True,,91.66359901428223,1
2026-05-11T15:23:16+0000,1778512996.1455133,1778512996.2268987,PostgreSQL+Citus,citus_hot90,citus_native,829,select,3000,77759,True,0.9,True,,81.38537406921387,1
2026-05-11T15:23:16+0000,1778512996.1242592,1778512996.227015,PostgreSQL+Citus,citus_hot90,citus_native,738,select,3000,29167,True,0.9,True,,102.75578498840332,1
2026-05-11T15:23:16+0000,1778512996.137822,1778512996.2272089,PostgreSQL+Citus,citus_hot90,citus_native,800,select,3000,21063,True,0.9,True,,89.3869400024414,1
2026-05-11T15:23:16+0000,1778512996.220286,1778512996.2273657,PostgreSQL+Citus,citus_hot90,citus_native,899,select,3000,82698,True,0.9,True,,7.079839706420898,1
2026-05-11T15:23:16+0000,1778512996.1186738,1778512996.2274384,PostgreSQL+Citus,citus_hot90,citus_native,713,select,4165,10887,False,0.9,True,,108.7646484375,1
2026-05-11T15:23:16+0000,1778512996.206523,1778512996.2275558,PostgreSQL+Citus,citus_hot90,citus_native,843,select,3000,36066,True,0.9,True,,21.03281021118164,1
2026-05-11T15:23:16+0000,1778512996.1397753,1778512996.228187,PostgreSQL+Citus,citus_hot90,citus_native,806,select,3000,8353,True,0.9,True,,88.41180801391602,1
2026-05-11T15:23:16+0000,1778512996.1254182,1778512996.228811,PostgreSQL+Citus,citus_hot90,citus_native,745,select,3000,40519,True,0.9,True,,103.3928394317627,1
2026-05-11T15:23:16+0000,1778512996.212752,1778512996.2289562,PostgreSQL+Citus,citus_hot90,citus_native,869,select,3000,37239,True,0.9,True,,16.204118728637695,1
2026-05-11T15:23:16+0000,1778512996.141312,1778512996.2290459,PostgreSQL+Citus,citus_hot90,citus_native,813,select,3000,25124,True,0.9,True,,87.73398399353027,1
2026-05-11T15:23:16+0000,1778512996.2056305,1778512996.2294712,PostgreSQL+Citus,citus_hot90,citus_native,840,select,3000,4631,True,0.9,True,,23.840665817260742,1
2026-05-11T15:23:16+0000,1778512996.211983,1778512996.2301698,PostgreSQL+Citus,citus_hot90,citus_native,865,select,3000,20625,True,0.9,True,,18.18680763244629,1
2026-05-11T15:23:16+0000,1778512996.1442482,1778512996.2304423,PostgreSQL+Citus,citus_hot90,citus_native,823,select,3000,77979,True,0.9,True,,86.19403839111328,1
2026-05-11T15:23:16+0000,1778512996.1277978,1778512996.2306294,PostgreSQL+Citus,citus_hot90,citus_native,760,select,3000,68183,True,0.9,True,,102.83160209655762,1
2026-05-11T15:23:16+0000,1778512996.1412213,1778512996.2307682,PostgreSQL+Citus,citus_hot90,citus_native,812,update,3000,92878,True,0.9,False,FeatureNotSupported,89.54691886901855,0
2026-05-11T15:23:16+0000,1778512996.2063403,1778512996.2309473,PostgreSQL+Citus,citus_hot90,citus_native,842,update,3000,80622,True,0.9,False,FeatureNotSupported,24.606943130493164,0
2026-05-11T15:23:16+0000,1778512996.1345084,1778512996.2311263,PostgreSQL+Citus,citus_hot90,citus_native,784,select,3000,39390,True,0.9,True,,96.6179370880127,1
2026-05-11T15:23:16+0000,1778512996.1425476,1778512996.2312608,PostgreSQL+Citus,citus_hot90,citus_native,815,insert,3000,81636,True,0.9,True,,88.71316909790039,1
2026-05-11T15:23:16+0000,1778512996.1231177,1778512996.2314868,PostgreSQL+Citus,citus_hot90,citus_native,733,update,3000,29265,True,0.9,False,FeatureNotSupported,108.36911201477051,0
2026-05-11T15:23:16+0000,1778512996.2088628,1778512996.2317114,PostgreSQL+Citus,citus_hot90,citus_native,850,select,3000,1314,True,0.9,True,,22.84860610961914,1
2026-05-11T15:23:16+0000,1778512996.1438587,1778512996.231863,PostgreSQL+Citus,citus_hot90,citus_native,820,select,3000,49922,True,0.9,True,,88.00435066223145,1
2026-05-11T15:23:16+0000,1778512996.106868,1778512996.2320325,PostgreSQL+Citus,citus_hot90,citus_native,672,select,16015,23496,False,0.9,True,,125.16450881958008,1
2026-05-11T15:23:16+0000,1778512996.144409,1778512996.2322042,PostgreSQL+Citus,citus_hot90,citus_native,824,select,3000,10540,True,0.9,True,,87.79525756835938,1
2026-05-11T15:23:16+0000,1778512996.1365314,1778512996.232359,PostgreSQL+Citus,citus_hot90,citus_native,793,select,3000,35036,True,0.9,True,,95.82757949829102,1
2026-05-11T15:23:16+0000,1778512996.2107003,1778512996.2326782,PostgreSQL+Citus,citus_hot90,citus_native,859,select,3000,76318,True,0.9,True,,21.977901458740234,1
2026-05-11T15:23:16+0000,1778512996.1409285,1778512996.233084,PostgreSQL+Citus,citus_hot90,citus_native,810,select,3000,20151,True,0.9,True,,92.15545654296875,1
2026-05-11T15:23:16+0000,1778512996.2181993,1778512996.233263,PostgreSQL+Citus,citus_hot90,citus_native,889,select,3000,42627,True,0.9,True,,15.063762664794922,1
2026-05-11T15:23:16+0000,1778512996.1305053,1778512996.2334182,PostgreSQL+Citus,citus_hot90,citus_native,765,select,3000,13451,True,0.9,True,,102.91290283203125,1
2026-05-11T15:23:16+0000,1778512996.2059972,1778512996.233504,PostgreSQL+Citus,citus_hot90,citus_native,841,select,3000,42256,True,0.9,True,,27.50682830810547,1
2026-05-11T15:23:16+0000,1778512996.1321273,1778512996.2335994,PostgreSQL+Citus,citus_hot90,citus_native,773,select,3000,89394,True,0.9,True,,101.47213935852051,1
2026-05-11T15:23:16+0000,1778512996.147133,1778512996.2336729,PostgreSQL+Citus,citus_hot90,citus_native,837,insert,3000,83274,True,0.9,True,,86.53974533081055,1
2026-05-11T15:23:16+0000,1778512996.212236,1778512996.2340877,PostgreSQL+Citus,citus_hot90,citus_native,866,select,3000,33384,True,0.9,True,,21.851778030395508,1
2026-05-11T15:23:16+0000,1778512996.213298,1778512996.2342408,PostgreSQL+Citus,citus_hot90,citus_native,871,select,3000,9947,True,0.9,True,,20.94268798828125,1
2026-05-11T15:23:16+0000,1778512996.2141945,1778512996.2343893,PostgreSQL+Citus,citus_hot90,citus_native,874,select,3000,46365,True,0.9,True,,20.19476890563965,1
2026-05-11T15:23:16+0000,1778512996.210841,1778512996.2345076,PostgreSQL+Citus,citus_hot90,citus_native,860,select,3000,67650,True,0.9,True,,23.6666202545166,1
2026-05-11T15:23:16+0000,1778512996.211364,1778512996.234636,PostgreSQL+Citus,citus_hot90,citus_native,863,select,3000,85153,True,0.9,True,,23.272037506103516,1
2026-05-11T15:23:16+0000,1778512996.147513,1778512996.234733,PostgreSQL+Citus,citus_hot90,citus_native,838,select,3000,60955,True,0.9,True,,87.2201919555664,1
2026-05-11T15:23:16+0000,1778512996.2135046,1778512996.2349112,PostgreSQL+Citus,citus_hot90,citus_native,872,select,3000,393,True,0.9,True,,21.40665054321289,1
2026-05-11T15:23:16+0000,1778512996.0414932,1778512996.2351007,PostgreSQL+Citus,citus_hot90,citus_native,655,select,19544,67511,False,0.9,True,,193.60756874084473,1
2026-05-11T15:23:16+0000,1778512996.1319027,1778512996.235285,PostgreSQL+Citus,citus_hot90,citus_native,772,select,3000,97303,True,0.9,True,,103.38234901428223,1
2026-05-11T15:23:16+0000,1778512996.1381602,1778512996.2354302,PostgreSQL+Citus,citus_hot90,citus_native,801,select,3000,8246,True,0.9,True,,97.27001190185547,1
2026-05-11T15:23:16+0000,1778512996.131305,1778512996.235563,PostgreSQL+Citus,citus_hot90,citus_native,768,update,9968,56557,False,0.9,False,FeatureNotSupported,104.25806045532227,0
2026-05-11T15:23:16+0000,1778512996.2124176,1778512996.235713,PostgreSQL+Citus,citus_hot90,citus_native,867,select,3000,17006,True,0.9,True,,23.29540252685547,1
2026-05-11T15:23:16+0000,1778512996.214573,1778512996.2358105,PostgreSQL+Citus,citus_hot90,citus_native,876,update,3000,89462,True,0.9,False,FeatureNotSupported,21.237611770629883,0
2026-05-11T15:23:16+0000,1778512996.146611,1778512996.3049955,PostgreSQL+Citus,citus_hot90,citus_native,834,select,215,53760,False,0.9,True,,158.3845615386963,1
2026-05-11T15:23:16+0000,1778512996.2190716,1778512996.3051636,PostgreSQL+Citus,citus_hot90,citus_native,894,update,3000,82664,True,0.9,False,FeatureNotSupported,86.09199523925781,0
2026-05-11T15:23:16+0000,1778512996.2172263,1778512996.305411,PostgreSQL+Citus,citus_hot90,citus_native,885,select,3000,47979,True,0.9,True,,88.18483352661133,1
2026-05-11T15:23:16+0000,1778512996.2199109,1778512996.3055403,PostgreSQL+Citus,citus_hot90,citus_native,898,update,3000,77900,True,0.9,False,FeatureNotSupported,85.62946319580078,0
2026-05-11T15:23:16+0000,1778512996.218668,1778512996.305658,PostgreSQL+Citus,citus_hot90,citus_native,892,select,3000,70684,True,0.9,True,,86.9901180267334,1
2026-05-11T15:23:16+0000,1778512996.2179472,1778512996.3057566,PostgreSQL+Citus,citus_hot90,citus_native,888,select,3000,65406,True,0.9,True,,87.80932426452637,1
2026-05-11T15:23:16+0000,1778512996.124078,1778512996.3108394,PostgreSQL+Citus,citus_hot90,citus_native,737,select,1947,96124,False,0.9,True,,186.76137924194336,1
2026-05-11T15:23:16+0000,1778512996.127166,1778512996.3148553,PostgreSQL+Citus,citus_hot90,citus_native,756,select,3000,8261,True,0.9,True,,187.68930435180664,1
2026-05-11T15:23:16+0000,1778512996.2078319,1778512996.3179717,PostgreSQL+Citus,citus_hot90,citus_native,847,select,8245,35640,False,0.9,True,,110.13984680175781,1
2026-05-11T15:23:16+0000,1778512996.219285,1778512996.3270264,PostgreSQL+Citus,citus_hot90,citus_native,895,insert,21917,44194,False,0.9,True,,107.7413558959961,1
