timestamp,start_ts,end_ts,system,scenario,defense,request_id,operation,item_id,user_id,is_hot,hot_fraction,success,error,latency_ms,rows
2026-05-11T10:05:18+0000,1778493918.0554147,1778493918.5227537,TiDB,tidb_uniform,tidb_native,36,select,6055,96508,False,0.0,True,,467.33903884887695,1
2026-05-11T10:05:18+0000,1778493918.0315325,1778493918.5259595,TiDB,tidb_uniform,tidb_native,6,select,14912,39156,False,0.0,True,,494.426965713501,1
2026-05-11T10:05:18+0000,1778493918.0396514,1778493918.5732994,TiDB,tidb_uniform,tidb_native,22,select,4428,42070,False,0.0,True,,533.6480140686035,1
2026-05-11T10:05:18+0000,1778493918.038977,1778493918.5738053,TiDB,tidb_uniform,tidb_native,20,select,14930,85676,False,0.0,True,,534.8284244537354,1
2026-05-11T10:05:18+0000,1778493918.0322793,1778493918.5779812,TiDB,tidb_uniform,tidb_native,8,select,24449,77292,False,0.0,True,,545.7019805908203,1
2026-05-11T10:05:18+0000,1778493918.0560718,1778493918.6124237,TiDB,tidb_uniform,tidb_native,38,select,2578,66065,False,0.0,True,,556.351900100708,1
2026-05-11T10:05:18+0000,1778493918.0623431,1778493918.6127255,TiDB,tidb_uniform,tidb_native,46,select,1143,25050,False,0.0,True,,550.3823757171631,1
2026-05-11T10:05:18+0000,1778493918.061691,1778493918.7113347,TiDB,tidb_uniform,tidb_native,45,select,25912,13706,False,0.0,True,,649.6436595916748,1
2026-05-11T10:05:18+0000,1778493918.0409482,1778493918.7117481,TiDB,tidb_uniform,tidb_native,24,select,13196,363,False,0.0,True,,670.799970626831,1
2026-05-11T10:05:18+0000,1778493918.0368805,1778493918.7121832,TiDB,tidb_uniform,tidb_native,15,select,10985,27808,False,0.0,True,,675.3027439117432,1
2026-05-11T10:05:18+0000,1778493918.028869,1778493918.7127717,TiDB,tidb_uniform,tidb_native,4,select,14821,38072,False,0.0,True,,683.9027404785156,1
2026-05-11T10:05:18+0000,1778493918.0349734,1778493918.7129893,TiDB,tidb_uniform,tidb_native,13,select,16071,67481,False,0.0,True,,678.015947341919,1
2026-05-11T10:05:18+0000,1778493918.0442195,1778493918.7133489,TiDB,tidb_uniform,tidb_native,28,select,1970,88952,False,0.0,True,,669.1293716430664,1
2026-05-11T10:05:18+0000,1778493918.0347276,1778493918.7201502,TiDB,tidb_uniform,tidb_native,12,select,3337,9210,False,0.0,True,,685.4226589202881,1
2026-05-11T10:05:18+0000,1778493918.0353894,1778493918.7326756,TiDB,tidb_uniform,tidb_native,14,select,15276,49206,False,0.0,True,,697.2861289978027,1
2026-05-11T10:05:18+0000,1778493918.031133,1778493918.7436273,TiDB,tidb_uniform,tidb_native,5,select,15295,32543,False,0.0,True,,712.4943733215332,1
2026-05-11T10:05:18+0000,1778493918.0319417,1778493918.743939,TiDB,tidb_uniform,tidb_native,7,select,3189,40200,False,0.0,True,,711.9972705841064,1
2026-05-11T10:05:18+0000,1778493918.168007,1778493918.767383,TiDB,tidb_uniform,tidb_native,81,select,24547,83242,False,0.0,True,,599.3762016296387,1
2026-05-11T10:05:18+0000,1778493917.936213,1778493918.7443297,TiDB,tidb_uniform,tidb_native,1,select,12563,92735,False,0.0,True,,808.1166744232178,1
2026-05-11T10:05:18+0000,1778493918.0588994,1778493918.7677999,TiDB,tidb_uniform,tidb_native,42,select,2140,48474,False,0.0,True,,708.9004516601562,1
2026-05-11T10:05:18+0000,1778493918.046483,1778493918.7707617,TiDB,tidb_uniform,tidb_native,32,select,23771,59046,False,0.0,True,,724.2786884307861,1
2026-05-11T10:05:18+0000,1778493918.1741347,1778493918.7712061,TiDB,tidb_uniform,tidb_native,94,select,12406,57885,False,0.0,True,,597.0714092254639,1
2026-05-11T10:05:18+0000,1778493918.0415187,1778493918.771488,TiDB,tidb_uniform,tidb_native,25,select,10062,50044,False,0.0,True,,729.9692630767822,1
2026-05-11T10:05:18+0000,1778493918.1583266,1778493918.7772973,TiDB,tidb_uniform,tidb_native,71,select,4394,52983,False,0.0,True,,618.9706325531006,1
2026-05-11T10:05:18+0000,1778493918.0446384,1778493918.7775323,TiDB,tidb_uniform,tidb_native,29,select,23487,47095,False,0.0,True,,732.8939437866211,1
2026-05-11T10:05:18+0000,1778493918.0516486,1778493918.7777777,TiDB,tidb_uniform,tidb_native,34,select,16255,87716,False,0.0,True,,726.1290550231934,1
2026-05-11T10:05:18+0000,1778493918.057614,1778493918.7788715,TiDB,tidb_uniform,tidb_native,40,select,16089,33816,False,0.0,True,,721.2574481964111,1
2026-05-11T10:05:18+0000,1778493918.1573725,1778493918.7794862,TiDB,tidb_uniform,tidb_native,67,select,20135,31988,False,0.0,True,,622.1137046813965,1
2026-05-11T10:05:18+0000,1778493918.1668167,1778493918.7797203,TiDB,tidb_uniform,tidb_native,78,select,29858,53180,False,0.0,True,,612.9035949707031,1
2026-05-11T10:05:18+0000,1778493918.1568484,1778493918.782929,TiDB,tidb_uniform,tidb_native,65,select,12192,8664,False,0.0,True,,626.0805130004883,1
2026-05-11T10:05:18+0000,1778493918.157585,1778493918.7834337,TiDB,tidb_uniform,tidb_native,68,select,10044,57290,False,0.0,True,,625.8487701416016,1
2026-05-11T10:05:18+0000,1778493918.169208,1778493918.8611155,TiDB,tidb_uniform,tidb_native,86,select,25719,3143,False,0.0,True,,691.9074058532715,1
2026-05-11T10:05:19+0000,1778493918.1694856,1778493919.016183,TiDB,tidb_uniform,tidb_native,87,select,12495,45190,False,0.0,True,,846.6973304748535,1
2026-05-11T10:05:19+0000,1778493918.1549823,1778493919.0332613,TiDB,tidb_uniform,tidb_native,58,select,15085,12760,False,0.0,True,,878.2789707183838,1
2026-05-11T10:05:19+0000,1778493918.1580305,1778493919.0478866,TiDB,tidb_uniform,tidb_native,70,select,10506,43035,False,0.0,True,,889.8561000823975,1
2026-05-11T10:05:19+0000,1778493918.1543903,1778493919.1345987,TiDB,tidb_uniform,tidb_native,56,select,15301,79455,False,0.0,True,,980.2083969116211,1
2026-05-11T10:05:19+0000,1778493918.174678,1778493919.1401453,TiDB,tidb_uniform,tidb_native,95,select,11738,45025,False,0.0,True,,965.4672145843506,1
2026-05-11T10:05:19+0000,1778493918.1697445,1778493919.1405888,TiDB,tidb_uniform,tidb_native,88,select,4558,30670,False,0.0,True,,970.8442687988281,1
2026-05-11T10:05:19+0000,1778493918.0377026,1778493919.1409597,TiDB,tidb_uniform,tidb_native,17,select,16666,77077,False,0.0,True,,1103.257179260254,1
2026-05-11T10:05:19+0000,1778493918.0374234,1778493919.141209,TiDB,tidb_uniform,tidb_native,16,select,19446,83835,False,0.0,True,,1103.785514831543,1
2026-05-11T10:05:19+0000,1778493918.038274,1778493919.1423554,TiDB,tidb_uniform,tidb_native,19,select,8838,80118,False,0.0,True,,1104.081392288208,1
2026-05-11T10:05:19+0000,1778493918.059323,1778493919.1426508,TiDB,tidb_uniform,tidb_native,43,select,9295,82265,False,0.0,True,,1083.3277702331543,1
2026-05-11T10:05:19+0000,1778493918.170545,1778493919.1429076,TiDB,tidb_uniform,tidb_native,91,select,28244,72909,False,0.0,True,,972.3625183105469,1
2026-05-11T10:05:19+0000,1778493918.1707556,1778493919.1432052,TiDB,tidb_uniform,tidb_native,92,select,21706,42007,False,0.0,True,,972.449541091919,1
2026-05-11T10:05:19+0000,1778493918.0379515,1778493919.1435094,TiDB,tidb_uniform,tidb_native,18,select,28756,93951,False,0.0,True,,1105.557918548584,1
2026-05-11T10:05:19+0000,1778493918.1189928,1778493919.1437962,TiDB,tidb_uniform,tidb_native,47,select,9522,83169,False,0.0,True,,1024.8034000396729,1
2026-05-11T10:05:19+0000,1778493918.1677463,1778493919.1440113,TiDB,tidb_uniform,tidb_native,80,select,27582,70454,False,0.0,True,,976.2649536132812,1
2026-05-11T10:05:19+0000,1778493918.170299,1778493919.1441524,TiDB,tidb_uniform,tidb_native,90,select,26883,96374,False,0.0,True,,973.853349685669,1
2026-05-11T10:05:19+0000,1778493918.0462615,1778493919.1444757,TiDB,tidb_uniform,tidb_native,31,select,29896,30741,False,0.0,True,,1098.2141494750977,1
2026-05-11T10:05:19+0000,1778493918.057965,1778493919.144607,TiDB,tidb_uniform,tidb_native,41,select,28896,37099,False,0.0,True,,1086.6420269012451,1
2026-05-11T10:05:19+0000,1778493918.152613,1778493919.1453102,TiDB,tidb_uniform,tidb_native,50,select,26756,4982,False,0.0,True,,992.6972389221191,1
2026-05-11T10:05:19+0000,1778493918.1673083,1778493919.1455936,TiDB,tidb_uniform,tidb_native,79,select,22011,55800,False,0.0,True,,978.2853126525879,1
2026-05-11T10:05:19+0000,1778493918.051222,1778493919.14581,TiDB,tidb_uniform,tidb_native,33,select,22527,49239,False,0.0,True,,1094.587802886963,1
2026-05-11T10:05:19+0000,1778493918.0341167,1778493919.1460283,TiDB,tidb_uniform,tidb_native,10,select,9584,54194,False,0.0,True,,1111.9115352630615,1
2026-05-11T10:05:19+0000,1778493918.0399103,1778493919.1463068,TiDB,tidb_uniform,tidb_native,23,select,29233,32777,False,0.0,True,,1106.3964366912842,1
2026-05-11T10:05:19+0000,1778493918.1682599,1778493919.1465962,TiDB,tidb_uniform,tidb_native,82,select,8070,33490,False,0.0,True,,978.3363342285156,1
2026-05-11T10:05:19+0000,1778493918.1592484,1778493919.1468232,TiDB,tidb_uniform,tidb_native,75,select,28520,928,False,0.0,True,,987.5748157501221,1
2026-05-11T10:05:19+0000,1778493918.0438135,1778493919.1471183,TiDB,tidb_uniform,tidb_native,27,select,7893,18656,False,0.0,True,,1103.3048629760742,1
2026-05-11T10:05:19+0000,1778493918.1685088,1778493919.1473336,TiDB,tidb_uniform,tidb_native,83,select,27616,3885,False,0.0,True,,978.8248538970947,1
2026-05-11T10:05:19+0000,1778493918.0572016,1778493919.1476057,TiDB,tidb_uniform,tidb_native,39,select,20390,29702,False,0.0,True,,1090.4040336608887,1
2026-05-11T10:05:19+0000,1778493919.0162604,1778493919.156085,TiDB,tidb_uniform,tidb_native,128,select,7629,1930,False,0.0,True,,139.82462882995605,1
2026-05-11T10:05:19+0000,1778493918.778635,1778493919.1569614,TiDB,tidb_uniform,tidb_native,121,select,9996,97961,False,0.0,True,,378.326416015625,1
2026-05-11T10:05:19+0000,1778493918.7797835,1778493919.157296,TiDB,tidb_uniform,tidb_native,124,select,17758,78271,False,0.0,True,,377.51245498657227,1
2026-05-11T10:05:19+0000,1778493918.7789454,1778493919.157876,TiDB,tidb_uniform,tidb_native,122,select,7014,21976,False,0.0,True,,378.93056869506836,1
2026-05-11T10:05:19+0000,1778493918.779553,1778493919.1581705,TiDB,tidb_uniform,tidb_native,123,select,22269,17757,False,0.0,True,,378.617525100708,1
2026-05-11T10:05:19+0000,1778493919.140633,1778493919.1584597,TiDB,tidb_uniform,tidb_native,133,select,12625,50521,False,0.0,True,,17.826557159423828,1
2026-05-11T10:05:19+0000,1778493919.146349,1778493919.158584,TiDB,tidb_uniform,tidb_native,150,select,13430,86241,False,0.0,True,,12.235164642333984,1
2026-05-11T10:05:19+0000,1778493919.1456487,1778493919.1588266,TiDB,tidb_uniform,tidb_native,147,select,29055,48943,False,0.0,True,,13.177871704101562,1
2026-05-11T10:05:19+0000,1778493919.1424322,1778493919.159241,TiDB,tidb_uniform,tidb_native,136,select,7753,99498,False,0.0,True,,16.808748245239258,1
2026-05-11T10:05:19+0000,1778493919.144071,1778493919.238607,TiDB,tidb_uniform,tidb_native,142,select,7072,17934,False,0.0,True,,94.53582763671875,1
2026-05-11T10:05:19+0000,1778493919.1446602,1778493919.2393012,TiDB,tidb_uniform,tidb_native,145,select,25111,85481,False,0.0,True,,94.64097023010254,1
2026-05-11T10:05:19+0000,1778493919.1348429,1778493919.3933184,TiDB,tidb_uniform,tidb_native,131,select,22631,84292,False,0.0,True,,258.47554206848145,1
2026-05-11T10:05:19+0000,1778493919.1453576,1778493919.3939283,TiDB,tidb_uniform,tidb_native,146,select,25585,28221,False,0.0,True,,248.57068061828613,1
2026-05-11T10:05:19+0000,1778493918.1197324,1778493919.436526,TiDB,tidb_uniform,tidb_native,49,select,14281,56643,False,0.0,True,,1316.79368019104,1
2026-05-11T10:05:19+0000,1778493918.7775977,1778493919.4403892,TiDB,tidb_uniform,tidb_native,120,select,19739,63228,False,0.0,True,,662.7914905548096,1
2026-05-11T10:05:19+0000,1778493918.861214,1778493919.4407947,TiDB,tidb_uniform,tidb_native,127,select,22276,65176,False,0.0,True,,579.5807838439941,1
2026-05-11T10:05:19+0000,1778493919.1427274,1778493919.4411006,TiDB,tidb_uniform,tidb_native,137,select,20405,26071,False,0.0,True,,298.3732223510742,1
2026-05-11T10:05:19+0000,1778493918.7834756,1778493919.4414492,TiDB,tidb_uniform,tidb_native,126,select,15815,96036,False,0.0,True,,657.9735279083252,1
2026-05-11T10:05:19+0000,1778493919.0479736,1778493919.4418502,TiDB,tidb_uniform,tidb_native,130,select,13883,86396,False,0.0,True,,393.8765525817871,1
2026-05-11T10:05:19+0000,1778493918.1561134,1778493919.4448276,TiDB,tidb_uniform,tidb_native,62,select,24586,60261,False,0.0,True,,1288.7141704559326,1
2026-05-11T10:05:19+0000,1778493918.573441,1778493919.4459982,TiDB,tidb_uniform,tidb_native,98,select,10380,97149,False,0.0,True,,872.5571632385254,1
2026-05-11T10:05:19+0000,1778493919.1442099,1778493919.4473698,TiDB,tidb_uniform,tidb_native,143,select,26070,89345,False,0.0,True,,303.1599521636963,1
2026-05-11T10:05:19+0000,1778493918.7829742,1778493919.4493072,TiDB,tidb_uniform,tidb_native,125,select,29580,53673,False,0.0,True,,666.3329601287842,1
2026-05-11T10:05:19+0000,1778493918.5253944,1778493919.4495654,TiDB,tidb_uniform,tidb_native,96,select,24002,68829,False,0.0,True,,924.170970916748,1
2026-05-11T10:05:19+0000,1778493919.14199,1778493919.4535706,TiDB,tidb_uniform,tidb_native,135,select,5994,64987,False,0.0,True,,311.5806579589844,1
2026-05-11T10:05:19+0000,1778493919.1584995,1778493919.4670193,TiDB,tidb_uniform,tidb_native,161,select,3316,7398,False,0.0,True,,308.5198402404785,1
2026-05-11T10:05:19+0000,1778493919.4405158,1778493919.4673615,TiDB,tidb_uniform,tidb_native,170,select,20973,7423,False,0.0,True,,26.845693588256836,1
2026-05-11T10:05:19+0000,1778493919.436602,1778493919.4676442,TiDB,tidb_uniform,tidb_native,169,select,15560,17378,False,0.0,True,,31.042098999023438,1
2026-05-11T10:05:19+0000,1778493919.4419029,1778493919.469034,TiDB,tidb_uniform,tidb_native,174,select,8998,27555,False,0.0,True,,27.131080627441406,1
2026-05-11T10:05:19+0000,1778493919.1466432,1778493919.4836445,TiDB,tidb_uniform,tidb_native,151,select,25802,34782,False,0.0,True,,337.0013236999512,1
2026-05-11T10:05:19+0000,1778493918.7440362,1778493919.484294,TiDB,tidb_uniform,tidb_native,112,select,24227,21470,False,0.0,True,,740.257740020752,1
2026-05-11T10:05:19+0000,1778493918.5738993,1778493919.4845796,TiDB,tidb_uniform,tidb_native,99,select,17415,67787,False,0.0,True,,910.6802940368652,1
2026-05-11T10:05:19+0000,1778493919.1476486,1778493919.4849973,TiDB,tidb_uniform,tidb_native,155,select,8495,33698,False,0.0,True,,337.34869956970215,1
2026-05-11T10:05:19+0000,1778493919.147371,1778493919.4854598,TiDB,tidb_uniform,tidb_native,154,select,3899,26834,False,0.0,True,,338.0887508392334,1
2026-05-11T10:05:19+0000,1778493919.4474285,1778493919.4856756,TiDB,tidb_uniform,tidb_native,177,select,20548,82581,False,0.0,True,,38.247108459472656,1
2026-05-11T10:05:19+0000,1778493919.1588683,1778493919.4859738,TiDB,tidb_uniform,tidb_native,163,select,21133,96097,False,0.0,True,,327.1055221557617,1
2026-05-11T10:05:19+0000,1778493918.5261493,1778493919.4980311,TiDB,tidb_uniform,tidb_native,97,select,1030,21804,False,0.0,True,,971.8818664550781,1
2026-05-11T10:05:19+0000,1778493918.7715366,1778493919.4985166,TiDB,tidb_uniform,tidb_native,118,select,10582,33056,False,0.0,True,,726.9799709320068,1
2026-05-11T10:05:19+0000,1778493919.1432629,1778493919.498794,TiDB,tidb_uniform,tidb_native,139,select,25954,55885,False,0.0,True,,355.5312156677246,1
2026-05-11T10:05:19+0000,1778493918.612806,1778493919.499102,TiDB,tidb_uniform,tidb_native,102,select,1370,28777,False,0.0,True,,886.2960338592529,1
2026-05-11T10:05:19+0000,1778493918.770842,1778493919.4993582,TiDB,tidb_uniform,tidb_native,116,select,15274,84556,False,0.0,True,,728.5161018371582,1
2026-05-11T10:05:19+0000,1778493918.7675827,1778493919.504559,TiDB,tidb_uniform,tidb_native,114,select,22003,87044,False,0.0,True,,736.9763851165771,1
2026-05-11T10:05:19+0000,1778493919.156179,1778493919.5048347,TiDB,tidb_uniform,tidb_native,156,select,16368,92137,False,0.0,True,,348.65570068359375,1
2026-05-11T10:05:19+0000,1778493918.7713032,1778493919.505162,TiDB,tidb_uniform,tidb_native,117,select,4130,43123,False,0.0,True,,733.8588237762451,1
2026-05-11T10:05:19+0000,1778493919.4536376,1778493919.506226,TiDB,tidb_uniform,tidb_native,180,select,2702,98254,False,0.0,True,,52.588462829589844,1
2026-05-11T10:05:19+0000,1778493918.7678602,1778493919.5131352,TiDB,tidb_uniform,tidb_native,115,update,3752,61922,False,0.0,True,,745.2750205993652,1
2026-05-11T10:05:19+0000,1778493918.1538317,1778493919.5135288,TiDB,tidb_uniform,tidb_native,54,update,11466,82686,False,0.0,True,,1359.6971035003662,1
2026-05-11T10:05:19+0000,1778493919.4411566,1778493919.5139837,TiDB,tidb_uniform,tidb_native,172,select,23223,84726,False,0.0,True,,72.82710075378418,1
2026-05-11T10:05:19+0000,1778493919.4415424,1778493919.5141585,TiDB,tidb_uniform,tidb_native,173,select,11215,26329,False,0.0,True,,72.6161003112793,1
2026-05-11T10:05:19+0000,1778493919.157987,1778493919.5144637,TiDB,tidb_uniform,tidb_native,159,select,20243,12442,False,0.0,True,,356.4765453338623,1
2026-05-11T10:05:19+0000,1778493919.2387538,1778493919.5147045,TiDB,tidb_uniform,tidb_native,165,select,19722,36453,False,0.0,True,,275.95067024230957,1
2026-05-11T10:05:19+0000,1778493917.9341836,1778493919.5150375,TiDB,tidb_uniform,tidb_native,0,update,22430,89142,False,0.0,True,,1580.8539390563965,1
2026-05-11T10:05:19+0000,1778493919.4690928,1778493919.5153563,TiDB,tidb_uniform,tidb_native,184,select,17165,90410,False,0.0,True,,46.26345634460449,1
2026-05-11T10:05:19+0000,1778493918.034455,1778493919.515642,TiDB,tidb_uniform,tidb_native,11,update,14105,3561,False,0.0,True,,1481.186866760254,1
2026-05-11T10:05:19+0000,1778493919.467065,1778493919.517104,TiDB,tidb_uniform,tidb_native,181,select,6830,60399,False,0.0,True,,50.038814544677734,1
2026-05-11T10:05:19+0000,1778493918.1566103,1778493919.517314,TiDB,tidb_uniform,tidb_native,64,update,3335,52590,False,0.0,True,,1360.703706741333,1
2026-05-11T10:05:19+0000,1778493918.6124938,1778493919.517593,TiDB,tidb_uniform,tidb_native,101,select,11622,8668,False,0.0,True,,905.0991535186768,1
2026-05-11T10:05:19+0000,1778493919.1570237,1778493919.5178275,TiDB,tidb_uniform,tidb_native,157,select,943,80505,False,0.0,True,,360.80384254455566,1
2026-05-11T10:05:19+0000,1778493919.4855182,1778493919.5180583,TiDB,tidb_uniform,tidb_native,189,select,26671,1833,False,0.0,True,,32.540082931518555,1
2026-05-11T10:05:19+0000,1778493918.1546774,1778493919.5190637,TiDB,tidb_uniform,tidb_native,57,update,4019,53158,False,0.0,True,,1364.3863201141357,1
2026-05-11T10:05:19+0000,1778493919.0333683,1778493919.5192926,TiDB,tidb_uniform,tidb_native,129,update,23868,50135,False,0.0,True,,485.92424392700195,1
2026-05-11T10:05:19+0000,1778493919.4985774,1778493919.5194936,TiDB,tidb_uniform,tidb_native,193,select,18885,42596,False,0.0,True,,20.916223526000977,1
2026-05-11T10:05:19+0000,1778493918.153051,1778493919.5196733,TiDB,tidb_uniform,tidb_native,51,update,4437,70364,False,0.0,True,,1366.6224479675293,1
2026-05-11T10:05:19+0000,1778493918.1594627,1778493919.519922,TiDB,tidb_uniform,tidb_native,76,update,2784,88210,False,0.0,True,,1360.459327697754,1
2026-05-11T10:05:19+0000,1778493919.49941,1778493919.642721,TiDB,tidb_uniform,tidb_native,196,select,19835,98029,False,0.0,True,,143.3110237121582,1
2026-05-11T10:05:19+0000,1778493919.4674006,1778493919.643303,TiDB,tidb_uniform,tidb_native,182,select,18748,3494,False,0.0,True,,175.9023666381836,1
2026-05-11T10:05:19+0000,1778493919.2394023,1778493919.6434693,TiDB,tidb_uniform,tidb_native,166,select,29209,29960,False,0.0,True,,404.0670394897461,1
2026-05-11T10:05:19+0000,1778493918.0519798,1778493919.6438034,TiDB,tidb_uniform,tidb_native,35,update,5155,47926,False,0.0,True,,1591.8235778808594,1
2026-05-11T10:05:19+0000,1778493918.157148,1778493919.648616,TiDB,tidb_uniform,tidb_native,66,update,13662,7871,False,0.0,True,,1491.4681911468506,1
2026-05-11T10:05:19+0000,1778493918.170982,1778493919.6488826,TiDB,tidb_uniform,tidb_native,93,update,19721,70950,False,0.0,True,,1477.900743484497,1
2026-05-11T10:05:19+0000,1778493919.4860163,1778493919.649134,TiDB,tidb_uniform,tidb_native,191,select,21075,76849,False,0.0,True,,163.1176471710205,1
2026-05-11T10:05:19+0000,1778493919.484354,1778493919.649378,TiDB,tidb_uniform,tidb_native,186,select,4242,73784,False,0.0,True,,165.0240421295166,1
2026-05-11T10:05:19+0000,1778493919.394026,1778493919.649669,TiDB,tidb_uniform,tidb_native,168,select,3179,19145,False,0.0,True,,255.64289093017578,1
2026-05-11T10:05:19+0000,1778493919.4677012,1778493919.6498926,TiDB,tidb_uniform,tidb_native,183,select,12990,78928,False,0.0,True,,182.1913719177246,1
2026-05-11T10:05:19+0000,1778493919.146867,1778493919.7513375,TiDB,tidb_uniform,tidb_native,152,select,22156,74602,False,0.0,True,,604.4704914093018,1
2026-05-11T10:05:19+0000,1778493919.4449086,1778493919.7519832,TiDB,tidb_uniform,tidb_native,175,select,29903,97870,False,0.0,True,,307.07454681396484,1
2026-05-11T10:05:19+0000,1778493919.4493694,1778493919.7522507,TiDB,tidb_uniform,tidb_native,178,select,8858,73379,False,0.0,True,,302.88124084472656,1
2026-05-11T10:05:19+0000,1778493918.155525,1778493919.7524502,TiDB,tidb_uniform,tidb_native,60,update,18893,43293,False,0.0,True,,1596.9252586364746,1
2026-05-11T10:05:19+0000,1778493919.1586246,1778493919.75269,TiDB,tidb_uniform,tidb_native,162,select,8601,48451,False,0.0,True,,594.0654277801514,1
2026-05-11T10:05:19+0000,1778493919.146071,1778493919.754185,TiDB,tidb_uniform,tidb_native,149,update,18011,73023,False,0.0,True,,608.1140041351318,1
2026-05-11T10:05:19+0000,1778493919.4988518,1778493919.7670994,TiDB,tidb_uniform,tidb_native,194,select,9705,29156,False,0.0,True,,268.2476043701172,1
2026-05-11T10:05:19+0000,1778493918.7134247,1778493919.7680564,TiDB,tidb_uniform,tidb_native,108,select,23946,61796,False,0.0,True,,1054.6317100524902,1
2026-05-11T10:05:19+0000,1778493917.9843223,1778493919.768744,TiDB,tidb_uniform,tidb_native,2,update,12921,34728,False,0.0,True,,1784.421682357788,1
2026-05-11T10:05:19+0000,1778493919.5141947,1778493919.7696667,TiDB,tidb_uniform,tidb_native,204,select,15828,58223,False,0.0,True,,255.47194480895996,1
2026-05-11T10:05:19+0000,1778493919.514028,1778493919.7699118,TiDB,tidb_uniform,tidb_native,203,select,21074,35305,False,0.0,True,,255.88369369506836,1
2026-05-11T10:05:19+0000,1778493918.7130344,1778493919.7700708,TiDB,tidb_uniform,tidb_native,107,update,16329,75838,False,0.0,True,,1057.0363998413086,1
2026-05-11T10:05:19+0000,1778493919.513213,1778493919.7707691,TiDB,tidb_uniform,tidb_native,201,select,2160,81161,False,0.0,True,,257.5562000274658,1
2026-05-11T10:05:19+0000,1778493919.5145009,1778493919.771917,TiDB,tidb_uniform,tidb_native,205,select,20911,16630,False,0.0,True,,257.4162483215332,1
2026-05-11T10:05:19+0000,1778493919.4851031,1778493919.7725515,TiDB,tidb_uniform,tidb_native,188,select,18397,44143,False,0.0,True,,287.4484062194824,1
2026-05-11T10:05:19+0000,1778493919.5062683,1778493919.7727895,TiDB,tidb_uniform,tidb_native,200,select,8185,5844,False,0.0,True,,266.5212154388428,1
2026-05-11T10:05:19+0000,1778493918.1699882,1778493919.7729363,TiDB,tidb_uniform,tidb_native,89,update,20997,78011,False,0.0,True,,1602.9481887817383,1
2026-05-11T10:05:19+0000,1778493918.0337408,1778493919.8149097,TiDB,tidb_uniform,tidb_native,9,update,22645,81485,False,0.0,True,,1781.1689376831055,1
2026-05-11T10:05:19+0000,1778493919.6438668,1778493919.833117,TiDB,tidb_uniform,tidb_native,223,select,26507,12583,False,0.0,True,,189.25023078918457,1
2026-05-11T10:05:19+0000,1778493919.4496222,1778493919.8335333,TiDB,tidb_uniform,tidb_native,179,update,18025,32878,False,0.0,True,,383.9111328125,1
2026-05-11T10:05:19+0000,1778493919.7524946,1778493919.8340871,TiDB,tidb_uniform,tidb_native,233,select,23883,30056,False,0.0,True,,81.59255981445312,1
2026-05-11T10:05:19+0000,1778493918.155256,1778493919.8975513,TiDB,tidb_uniform,tidb_native,59,update,157,7465,False,0.0,True,,1742.295265197754,1
2026-05-11T10:05:19+0000,1778493919.517358,1778493919.898202,TiDB,tidb_uniform,tidb_native,211,select,11081,66612,False,0.0,True,,380.8438777923584,1
2026-05-11T10:05:20+0000,1778493918.732775,1778493920.0049448,TiDB,tidb_uniform,tidb_native,110,update,6681,28597,False,0.0,True,,1272.169828414917,1
2026-05-11T10:05:20+0000,1778493918.7118342,1778493920.0054193,TiDB,tidb_uniform,tidb_native,104,update,1362,79892,False,0.0,True,,1293.5850620269775,1
2026-05-11T10:05:20+0000,1778493919.5052228,1778493920.005836,TiDB,tidb_uniform,tidb_native,199,select,19175,37043,False,0.0,True,,500.6132125854492,1
2026-05-11T10:05:20+0000,1778493919.5148258,1778493920.0063872,TiDB,tidb_uniform,tidb_native,206,select,20006,9298,False,0.0,True,,491.5614128112793,1
2026-05-11T10:05:20+0000,1778493919.1429756,1778493920.0069976,TiDB,tidb_uniform,tidb_native,138,update,5264,7867,False,0.0,True,,864.0220165252686,1
2026-05-11T10:05:20+0000,1778493919.140213,1778493920.0073032,TiDB,tidb_uniform,tidb_native,132,update,19767,17592,False,0.0,True,,867.0902252197266,1
2026-05-11T10:05:20+0000,1778493919.1445189,1778493920.008097,TiDB,tidb_uniform,tidb_native,144,update,19263,12235,False,0.0,True,,863.5780811309814,1
2026-05-11T10:05:20+0000,1778493919.5191035,1778493920.0093842,TiDB,tidb_uniform,tidb_native,215,select,27858,81200,False,0.0,True,,490.2806282043457,1
2026-05-11T10:05:20+0000,1778493919.5153978,1778493920.009607,TiDB,tidb_uniform,tidb_native,208,select,15316,88974,False,0.0,True,,494.20928955078125,1
2026-05-11T10:05:20+0000,1778493919.517635,1778493920.0098858,TiDB,tidb_uniform,tidb_native,212,select,19937,97011,False,0.0,True,,492.2506809234619,1
2026-05-11T10:05:20+0000,1778493919.5199902,1778493920.010339,TiDB,tidb_uniform,tidb_native,219,select,6307,4676,False,0.0,True,,490.34881591796875,1
2026-05-11T10:05:20+0000,1778493919.649417,1778493920.0109727,TiDB,tidb_uniform,tidb_native,227,select,23898,6883,False,0.0,True,,361.555814743042,1
2026-05-11T10:05:20+0000,1778493919.519711,1778493920.0113785,TiDB,tidb_uniform,tidb_native,218,select,22612,7580,False,0.0,True,,491.6675090789795,1
2026-05-11T10:05:20+0000,1778493918.7773511,1778493920.0117333,TiDB,tidb_uniform,tidb_native,119,update,25683,88917,False,0.0,True,,1234.382152557373,1
2026-05-11T10:05:20+0000,1778493919.649947,1778493920.0121398,TiDB,tidb_uniform,tidb_native,229,select,25680,32459,False,0.0,True,,362.19286918640137,1
2026-05-11T10:05:20+0000,1778493919.1435483,1778493920.1496322,TiDB,tidb_uniform,tidb_native,140,update,29776,57345,False,0.0,True,,1006.0839653015137,1
2026-05-11T10:05:20+0000,1778493919.6435118,1778493920.1510682,TiDB,tidb_uniform,tidb_native,222,select,721,39889,False,0.0,True,,507.5564384460449,1
2026-05-11T10:05:20+0000,1778493919.752726,1778493920.152309,TiDB,tidb_uniform,tidb_native,234,select,22676,25402,False,0.0,True,,399.5828628540039,1
2026-05-11T10:05:20+0000,1778493919.7681627,1778493920.1543505,TiDB,tidb_uniform,tidb_native,237,select,12759,83969,False,0.0,True,,386.1877918243408,1
2026-05-11T10:05:20+0000,1778493919.7671754,1778493920.1548088,TiDB,tidb_uniform,tidb_native,236,select,5717,89606,False,0.0,True,,387.6333236694336,1
2026-05-11T10:05:20+0000,1778493919.768801,1778493920.1552694,TiDB,tidb_uniform,tidb_native,238,select,23069,11014,False,0.0,True,,386.46841049194336,1
2026-05-11T10:05:20+0000,1778493919.7699542,1778493920.155768,TiDB,tidb_uniform,tidb_native,240,select,3067,61466,False,0.0,True,,385.81371307373047,1
2026-05-11T10:05:20+0000,1778493919.752061,1778493920.156022,TiDB,tidb_uniform,tidb_native,231,select,17604,92336,False,0.0,True,,403.961181640625,1
2026-05-11T10:05:20+0000,1778493919.1592803,1778493920.160422,TiDB,tidb_uniform,tidb_native,164,update,18201,84063,False,0.0,True,,1001.1417865753174,1
2026-05-11T10:05:20+0000,1778493918.159019,1778493920.1666446,TiDB,tidb_uniform,tidb_native,74,update,25165,62949,False,0.0,True,,2007.6255798339844,1
2026-05-11T10:05:20+0000,1778493919.8977199,1778493920.1675262,TiDB,tidb_uniform,tidb_native,251,select,23237,36474,False,0.0,True,,269.8063850402832,1
2026-05-11T10:05:20+0000,1778493918.15406,1778493920.167936,TiDB,tidb_uniform,tidb_native,55,update,8742,20202,False,0.0,True,,2013.87619972229,1
2026-05-11T10:05:20+0000,1778493919.770817,1778493920.1686242,TiDB,tidb_uniform,tidb_native,242,select,28467,79370,False,0.0,True,,397.80712127685547,1
2026-05-11T10:05:20+0000,1778493919.7728324,1778493920.1690931,TiDB,tidb_uniform,tidb_native,245,select,19818,64357,False,0.0,True,,396.26073837280273,1
2026-05-11T10:05:20+0000,1778493919.6491826,1778493920.173155,TiDB,tidb_uniform,tidb_native,226,select,12327,73343,False,0.0,True,,523.9725112915039,1
2026-05-11T10:05:20+0000,1778493919.7719624,1778493920.1737158,TiDB,tidb_uniform,tidb_native,243,select,861,55643,False,0.0,True,,401.75342559814453,1
2026-05-11T10:05:20+0000,1778493919.4460645,1778493920.1740665,TiDB,tidb_uniform,tidb_native,176,update,18973,27749,False,0.0,True,,728.0020713806152,1
2026-05-11T10:05:20+0000,1778493918.168974,1778493920.1744375,TiDB,tidb_uniform,tidb_native,85,update,1830,19479,False,0.0,True,,2005.4636001586914,1
2026-05-11T10:05:20+0000,1778493918.711456,1778493920.1747131,TiDB,tidb_uniform,tidb_native,103,update,22495,46674,False,0.0,True,,1463.257074356079,1
2026-05-11T10:05:20+0000,1778493919.1471605,1778493920.1749744,TiDB,tidb_uniform,tidb_native,153,update,26960,3917,False,0.0,True,,1027.8139114379883,1
2026-05-11T10:05:20+0000,1778493919.1410325,1778493920.1753423,TiDB,tidb_uniform,tidb_native,134,update,27462,17321,False,0.0,True,,1034.3098640441895,1
2026-05-11T10:05:20+0000,1778493919.5171442,1778493920.1759646,TiDB,tidb_uniform,tidb_native,210,select,16878,96455,False,0.0,True,,658.820390701294,1
2026-05-11T10:05:20+0000,1778493919.643369,1778493920.1764302,TiDB,tidb_uniform,tidb_native,221,select,22727,71387,False,0.0,True,,533.0612659454346,1
2026-05-11T10:05:20+0000,1778493918.1687448,1778493920.1783583,TiDB,tidb_uniform,tidb_native,84,update,7493,97127,False,0.0,True,,2009.6135139465332,1
2026-05-11T10:05:20+0000,1778493919.833241,1778493920.298448,TiDB,tidb_uniform,tidb_native,248,select,15659,50642,False,0.0,True,,465.2070999145508,1
2026-05-11T10:05:20+0000,1778493920.0055206,1778493920.2991152,TiDB,tidb_uniform,tidb_native,254,select,3721,90816,False,0.0,True,,293.5945987701416,1
2026-05-11T10:05:20+0000,1778493919.7543445,1778493920.3003657,TiDB,tidb_uniform,tidb_native,235,select,3409,37015,False,0.0,True,,546.0212230682373,1
2026-05-11T10:05:20+0000,1778493920.006495,1778493920.3035417,TiDB,tidb_uniform,tidb_native,256,select,14675,15733,False,0.0,True,,297.0466613769531,1
2026-05-11T10:05:20+0000,1778493919.8336124,1778493920.308743,TiDB,tidb_uniform,tidb_native,249,select,12336,16386,False,0.0,True,,475.130558013916,1
2026-05-11T10:05:20+0000,1778493920.0094573,1778493920.3091044,TiDB,tidb_uniform,tidb_native,260,select,23707,50169,False,0.0,True,,299.64709281921387,1
2026-05-11T10:05:20+0000,1778493920.0044203,1778493920.3094814,TiDB,tidb_uniform,tidb_native,252,select,686,13083,False,0.0,True,,305.06110191345215,1
2026-05-11T10:05:20+0000,1778493920.0050786,1778493920.3113554,TiDB,tidb_uniform,tidb_native,253,select,26223,17082,False,0.0,True,,306.276798248291,1
2026-05-11T10:05:20+0000,1778493920.0104084,1778493920.498666,TiDB,tidb_uniform,tidb_native,263,select,10691,1720,False,0.0,True,,488.25764656066895,1
2026-05-11T10:05:20+0000,1778493920.0075066,1778493920.499557,TiDB,tidb_uniform,tidb_native,258,select,2886,86451,False,0.0,True,,492.0504093170166,1
2026-05-11T10:05:20+0000,1778493919.440859,1778493920.4998066,TiDB,tidb_uniform,tidb_native,171,update,11043,30977,False,0.0,True,,1058.9475631713867,1
2026-05-11T10:05:20+0000,1778493920.0118434,1778493920.5004075,TiDB,tidb_uniform,tidb_native,266,select,28573,3998,False,0.0,True,,488.56401443481445,1
2026-05-11T10:05:20+0000,1778493920.0114703,1778493920.5011754,TiDB,tidb_uniform,tidb_native,265,select,27255,23713,False,0.0,True,,489.70508575439453,1
2026-05-11T10:05:20+0000,1778493920.0100336,1778493920.5016026,TiDB,tidb_uniform,tidb_native,262,select,804,31541,False,0.0,True,,491.56904220581055,1
2026-05-11T10:05:20+0000,1778493919.6497066,1778493920.6998343,TiDB,tidb_uniform,tidb_native,228,update,27960,33958,False,0.0,True,,1050.1277446746826,1
2026-05-11T10:05:20+0000,1778493919.770171,1778493920.7017732,TiDB,tidb_uniform,tidb_native,241,update,20593,9968,False,0.0,True,,931.6022396087646,1
2026-05-11T10:05:20+0000,1778493919.5046287,1778493920.702369,TiDB,tidb_uniform,tidb_native,197,update,105,43058,False,0.0,True,,1197.7403163909912,1
2026-05-11T10:05:20+0000,1778493920.1741586,1778493920.7029302,TiDB,tidb_uniform,tidb_native,284,select,12281,92899,False,0.0,True,,528.7716388702393,1
2026-05-11T10:05:20+0000,1778493920.155397,1778493920.714847,TiDB,tidb_uniform,tidb_native,273,select,18045,80464,False,0.0,True,,559.4501495361328,1
2026-05-11T10:05:20+0000,1778493920.1667852,1778493920.715181,TiDB,tidb_uniform,tidb_native,277,select,1613,71463,False,0.0,True,,548.3958721160889,1
2026-05-11T10:05:20+0000,1778493920.0110495,1778493920.7187636,TiDB,tidb_uniform,tidb_native,264,select,28474,27718,False,0.0,True,,707.7140808105469,1
2026-05-11T10:05:20+0000,1778493919.7522998,1778493920.7199793,TiDB,tidb_uniform,tidb_native,232,update,17517,88371,False,0.0,True,,967.679500579834,1
2026-05-11T10:05:20+0000,1778493920.1558204,1778493920.7368855,TiDB,tidb_uniform,tidb_native,274,select,22226,43338,False,0.0,True,,581.0651779174805,1
2026-05-11T10:05:20+0000,1778493920.1784625,1778493920.7372577,TiDB,tidb_uniform,tidb_native,291,select,17042,62084,False,0.0,True,,558.7952136993408,1
2026-05-11T10:05:20+0000,1778493920.4998488,1778493920.7376385,TiDB,tidb_uniform,tidb_native,302,select,25674,11382,False,0.0,True,,237.78963088989258,1
2026-05-11T10:05:20+0000,1778493920.299256,1778493920.7382386,TiDB,tidb_uniform,tidb_native,293,select,27243,58957,False,0.0,True,,438.9824867248535,1
2026-05-11T10:05:20+0000,1778493919.4837103,1778493920.738711,TiDB,tidb_uniform,tidb_native,185,update,2165,68404,False,0.0,True,,1255.0008296966553,1
2026-05-11T10:05:20+0000,1778493919.4982252,1778493920.7391407,TiDB,tidb_uniform,tidb_native,192,update,10117,73412,False,0.0,True,,1240.9155368804932,1
2026-05-11T10:05:20+0000,1778493920.3095446,1778493920.739458,TiDB,tidb_uniform,tidb_native,298,select,14311,65639,False,0.0,True,,429.9135208129883,1
2026-05-11T10:05:20+0000,1778493920.2986112,1778493920.7400591,TiDB,tidb_uniform,tidb_native,292,select,25520,50753,False,0.0,True,,441.4479732513428,1
2026-05-11T10:05:20+0000,1778493920.3088152,1778493920.7404716,TiDB,tidb_uniform,tidb_native,296,select,24536,13785,False,0.0,True,,431.6563606262207,1
2026-05-11T10:05:20+0000,1778493920.1737812,1778493920.7408414,TiDB,tidb_uniform,tidb_native,283,select,21805,91930,False,0.0,True,,567.0602321624756,1
2026-05-11T10:05:20+0000,1778493920.1754124,1778493920.7412198,TiDB,tidb_uniform,tidb_native,288,select,6889,39434,False,0.0,True,,565.8073425292969,1
2026-05-11T10:05:20+0000,1778493920.1687202,1778493920.741549,TiDB,tidb_uniform,tidb_native,280,select,13679,49189,False,0.0,True,,572.8287696838379,1
2026-05-11T10:05:20+0000,1778493920.1732848,1778493920.7418926,TiDB,tidb_uniform,tidb_native,282,select,10641,36538,False,0.0,True,,568.6078071594238,1
2026-05-11T10:05:20+0000,1778493920.3114505,1778493920.74217,TiDB,tidb_uniform,tidb_native,299,select,1436,1144,False,0.0,True,,430.71961402893066,1
2026-05-11T10:05:20+0000,1778493919.7515287,1778493920.7425468,TiDB,tidb_uniform,tidb_native,230,update,24609,63781,False,0.0,True,,991.0180568695068,1
2026-05-11T10:05:20+0000,1778493920.1691496,1778493920.742887,TiDB,tidb_uniform,tidb_native,281,select,11777,58258,False,0.0,True,,573.737382888794,1
2026-05-11T10:05:20+0000,1778493920.174591,1778493920.7432191,TiDB,tidb_uniform,tidb_native,285,select,11125,92398,False,0.0,True,,568.6280727386475,1
2026-05-11T10:05:20+0000,1778493920.1748047,1778493920.7435243,TiDB,tidb_uniform,tidb_native,286,select,2940,45102,False,0.0,True,,568.7196254730225,1
2026-05-11T10:05:20+0000,1778493920.5016727,1778493920.7440836,TiDB,tidb_uniform,tidb_native,305,select,2045,46125,False,0.0,True,,242.41089820861816,1
2026-05-11T10:05:20+0000,1778493919.7729838,1778493920.7443388,TiDB,tidb_uniform,tidb_native,246,update,29653,2746,False,0.0,True,,971.3549613952637,1
2026-05-11T10:05:20+0000,1778493920.701895,1778493920.744473,TiDB,tidb_uniform,tidb_native,307,select,7712,90071,False,0.0,True,,42.57798194885254,1
2026-05-11T10:05:20+0000,1778493920.5005915,1778493920.7450387,TiDB,tidb_uniform,tidb_native,303,select,29121,94721,False,0.0,True,,244.4472312927246,1
2026-05-11T10:05:20+0000,1778493920.7369554,1778493920.7465227,TiDB,tidb_uniform,tidb_native,314,select,23819,86729,False,0.0,True,,9.5672607421875,1
2026-05-11T10:05:20+0000,1778493920.498894,1778493920.7468033,TiDB,tidb_uniform,tidb_native,300,select,26474,5706,False,0.0,True,,247.9093074798584,1
2026-05-11T10:05:20+0000,1778493920.7152503,1778493920.7471886,TiDB,tidb_uniform,tidb_native,311,select,16310,73306,False,0.0,True,,31.93831443786621,1
2026-05-11T10:05:20+0000,1778493919.519528,1778493920.748362,TiDB,tidb_uniform,tidb_native,217,update,952,84565,False,0.0,True,,1228.8341522216797,1
2026-05-11T10:05:20+0000,1778493920.7001207,1778493920.748569,TiDB,tidb_uniform,tidb_native,306,select,5839,1067,False,0.0,True,,48.44832420349121,1
2026-05-11T10:05:20+0000,1778493920.702523,1778493920.7493656,TiDB,tidb_uniform,tidb_native,308,select,11186,53563,False,0.0,True,,46.84257507324219,1
2026-05-11T10:05:20+0000,1778493919.4991663,1778493920.9973195,TiDB,tidb_uniform,tidb_native,195,update,4203,56207,False,0.0,True,,1498.1532096862793,1
2026-05-11T10:05:20+0000,1778493920.7373626,1778493920.9978375,TiDB,tidb_uniform,tidb_native,315,select,10433,10581,False,0.0,True,,260.47492027282715,1
2026-05-11T10:05:20+0000,1778493919.5048718,1778493920.9980023,TiDB,tidb_uniform,tidb_native,198,update,16547,73141,False,0.0,True,,1493.1304454803467,1
2026-05-11T10:05:20+0000,1778493920.0070753,1778493920.998563,TiDB,tidb_uniform,tidb_native,257,select,15450,14781,False,0.0,True,,991.4877414703369,1
2026-05-11T10:05:20+0000,1778493920.1549253,1778493920.9988828,TiDB,tidb_uniform,tidb_native,272,select,15646,1458,False,0.0,True,,843.9574241638184,1
2026-05-11T10:05:20+0000,1778493920.168034,1778493920.9994853,TiDB,tidb_uniform,tidb_native,279,select,22705,53489,False,0.0,True,,831.4511775970459,1
2026-05-11T10:05:20+0000,1778493920.1511872,1778493920.9997199,TiDB,tidb_uniform,tidb_native,269,select,21620,93786,False,0.0,True,,848.5326766967773,1
2026-05-11T10:05:21+0000,1778493920.720025,1778493921.0079112,TiDB,tidb_uniform,tidb_native,313,select,13417,86362,False,0.0,True,,287.8861427307129,1
2026-05-11T10:05:21+0000,1778493920.7401397,1778493921.0082242,TiDB,tidb_uniform,tidb_native,321,select,19819,26994,False,0.0,True,,268.0845260620117,1
2026-05-11T10:05:21+0000,1778493920.7188175,1778493921.0085957,TiDB,tidb_uniform,tidb_native,312,select,29054,83896,False,0.0,True,,289.7782325744629,1
2026-05-11T10:05:21+0000,1778493919.6486945,1778493921.0090516,TiDB,tidb_uniform,tidb_native,224,update,7320,17820,False,0.0,True,,1360.3570461273193,1
2026-05-11T10:05:21+0000,1778493920.7443907,1778493921.009504,TiDB,tidb_uniform,tidb_native,333,select,27454,48111,False,0.0,True,,265.11335372924805,1
2026-05-11T10:05:21+0000,1778493920.7405593,1778493921.0096142,TiDB,tidb_uniform,tidb_native,322,select,16295,90441,False,0.0,True,,269.0548896789551,1
2026-05-11T10:05:21+0000,1778493920.7149224,1778493921.0100565,TiDB,tidb_uniform,tidb_native,310,select,10904,29084,False,0.0,True,,295.1340675354004,1
2026-05-11T10:05:21+0000,1778493920.738758,1778493921.0106347,TiDB,tidb_uniform,tidb_native,318,select,11656,93574,False,0.0,True,,271.87657356262207,1
2026-05-11T10:05:21+0000,1778493920.7432814,1778493921.0109394,TiDB,tidb_uniform,tidb_native,330,select,26475,7035,False,0.0,True,,267.657995223999,1
2026-05-11T10:05:21+0000,1778493920.739579,1778493921.011216,TiDB,tidb_uniform,tidb_native,320,select,2559,93975,False,0.0,True,,271.636962890625,1
2026-05-11T10:05:21+0000,1778493920.7441301,1778493921.0116513,TiDB,tidb_uniform,tidb_native,332,select,28554,33379,False,0.0,True,,267.5211429595947,1
2026-05-11T10:05:21+0000,1778493920.742947,1778493921.0117826,TiDB,tidb_uniform,tidb_native,329,select,2564,84599,False,0.0,True,,268.83554458618164,1
2026-05-11T10:05:21+0000,1778493920.0058818,1778493921.0337262,TiDB,tidb_uniform,tidb_native,255,update,9635,73813,False,0.0,True,,1027.8444290161133,1
2026-05-11T10:05:21+0000,1778493919.145856,1778493921.1080325,TiDB,tidb_uniform,tidb_native,148,insert,22043,14128,False,0.0,True,,1962.1765613555908,1
2026-05-11T10:05:21+0000,1778493920.3004932,1778493921.1092231,TiDB,tidb_uniform,tidb_native,294,select,7634,63041,False,0.0,True,,808.729887008667,1
2026-05-11T10:05:21+0000,1778493920.154463,1778493921.1095872,TiDB,tidb_uniform,tidb_native,271,select,5833,59797,False,0.0,True,,955.1241397857666,1
2026-05-11T10:05:21+0000,1778493920.749408,1778493921.110211,TiDB,tidb_uniform,tidb_native,341,select,13533,93924,False,0.0,True,,360.80288887023926,1
2026-05-11T10:05:21+0000,1778493920.7409067,1778493921.1107092,TiDB,tidb_uniform,tidb_native,323,select,18433,67038,False,0.0,True,,369.80247497558594,1
2026-05-11T10:05:21+0000,1778493920.7451482,1778493921.1110013,TiDB,tidb_uniform,tidb_native,335,select,534,77004,False,0.0,True,,365.85307121276855,1
2026-05-11T10:05:21+0000,1778493920.7391806,1778493921.1113207,TiDB,tidb_uniform,tidb_native,319,select,6245,68301,False,0.0,True,,372.14016914367676,1
2026-05-11T10:05:21+0000,1778493920.7422216,1778493921.1115098,TiDB,tidb_uniform,tidb_native,327,select,28437,42909,False,0.0,True,,369.28820610046387,1
2026-05-11T10:05:21+0000,1778493920.7415915,1778493921.1164086,TiDB,tidb_uniform,tidb_native,325,select,23355,32616,False,0.0,True,,374.8171329498291,1
2026-05-11T10:05:21+0000,1778493920.74263,1778493921.1166599,TiDB,tidb_uniform,tidb_native,328,select,1378,97535,False,0.0,True,,374.02987480163574,1
2026-05-11T10:05:21+0000,1778493920.7382824,1778493921.1170025,TiDB,tidb_uniform,tidb_native,317,select,26023,81902,False,0.0,True,,378.7200450897217,1
2026-05-11T10:05:21+0000,1778493919.6428354,1778493921.1172636,TiDB,tidb_uniform,tidb_native,220,update,7797,17415,False,0.0,True,,1474.4281768798828,1
2026-05-11T10:05:21+0000,1778493919.5181334,1778493921.1332464,TiDB,tidb_uniform,tidb_native,214,update,9980,97616,False,0.0,True,,1615.1130199432373,1
2026-05-11T10:05:21+0000,1778493921.0102148,1778493921.1973228,TiDB,tidb_uniform,tidb_native,355,select,20233,8173,False,0.0,True,,187.10803985595703,1
2026-05-11T10:05:21+0000,1778493920.997449,1778493921.1976955,TiDB,tidb_uniform,tidb_native,342,select,24788,55465,False,0.0,True,,200.24657249450684,1
2026-05-11T10:05:21+0000,1778493920.7419364,1778493921.1980095,TiDB,tidb_uniform,tidb_native,326,select,21836,13427,False,0.0,True,,456.0730457305908,1
2026-05-11T10:05:21+0000,1778493921.0091069,1778493921.1985707,TiDB,tidb_uniform,tidb_native,352,select,29857,54441,False,0.0,True,,189.46385383605957,1
2026-05-11T10:05:21+0000,1778493920.744511,1778493921.1989913,TiDB,tidb_uniform,tidb_native,334,select,20596,31866,False,0.0,True,,454.4804096221924,1
2026-05-11T10:05:21+0000,1778493920.7483943,1778493921.199334,TiDB,tidb_uniform,tidb_native,339,select,27967,39502,False,0.0,True,,450.9396553039551,1
2026-05-11T10:05:21+0000,1778493920.9978855,1778493921.203143,TiDB,tidb_uniform,tidb_native,343,select,142,89064,False,0.0,True,,205.25741577148438,1
2026-05-11T10:05:21+0000,1778493921.0096438,1778493921.2035236,TiDB,tidb_uniform,tidb_native,354,select,22545,47588,False,0.0,True,,193.8798427581787,1
2026-05-11T10:05:21+0000,1778493920.747227,1778493921.2037861,TiDB,tidb_uniform,tidb_native,338,select,23290,37018,False,0.0,True,,456.5591812133789,1
2026-05-11T10:05:21+0000,1778493920.9980404,1778493921.204017,TiDB,tidb_uniform,tidb_native,344,select,22988,60899,False,0.0,True,,205.9764862060547,1
2026-05-11T10:05:21+0000,1778493918.0458953,1778493921.204553,TiDB,tidb_uniform,tidb_native,30,insert,7242,22061,False,0.0,True,,3158.6575508117676,1
2026-05-11T10:05:21+0000,1778493920.1750848,1778493921.2061794,TiDB,tidb_uniform,tidb_native,287,select,16138,90932,False,0.0,True,,1031.0945510864258,1
2026-05-11T10:05:21+0000,1778493921.1332948,1778493921.2132173,TiDB,tidb_uniform,tidb_native,374,select,15423,57546,False,0.0,True,,79.92243766784668,1
2026-05-11T10:05:21+0000,1778493921.110308,1778493921.2135093,TiDB,tidb_uniform,tidb_native,365,select,4732,50933,False,0.0,True,,103.20138931274414,1
2026-05-11T10:05:21+0000,1778493920.9995403,1778493921.215467,TiDB,tidb_uniform,tidb_native,347,select,18201,57633,False,0.0,True,,215.9266471862793,1
2026-05-11T10:05:21+0000,1778493921.0117016,1778493921.2157562,TiDB,tidb_uniform,tidb_native,359,select,16730,52366,False,0.0,True,,204.054594039917,1
2026-05-11T10:05:21+0000,1778493921.1093438,1778493921.2178547,TiDB,tidb_uniform,tidb_native,363,select,14320,51122,False,0.0,True,,108.51097106933594,1
2026-05-11T10:05:21+0000,1778493919.5135891,1778493921.2181196,TiDB,tidb_uniform,tidb_native,202,insert,4780,59626,False,0.0,True,,1704.5304775238037,1
2026-05-11T10:05:21+0000,1778493921.008274,1778493921.2183723,TiDB,tidb_uniform,tidb_native,350,select,2293,89618,False,0.0,True,,210.0982666015625,1
2026-05-11T10:05:21+0000,1778493921.0086339,1778493921.2186193,TiDB,tidb_uniform,tidb_native,351,select,13572,16340,False,0.0,True,,209.98549461364746,1
2026-05-11T10:05:21+0000,1778493921.011009,1778493921.2188609,TiDB,tidb_uniform,tidb_native,357,select,13961,48774,False,0.0,True,,207.85188674926758,1
2026-05-11T10:05:21+0000,1778493920.9986048,1778493921.2192578,TiDB,tidb_uniform,tidb_native,345,select,22781,21871,False,0.0,True,,220.65305709838867,1
2026-05-11T10:05:21+0000,1778493921.0118215,1778493921.2193549,TiDB,tidb_uniform,tidb_native,360,select,20301,30461,False,0.0,True,,207.5333595275879,1
2026-05-11T10:05:21+0000,1778493918.1578183,1778493921.2195075,TiDB,tidb_uniform,tidb_native,69,insert,21366,4476,False,0.0,True,,3061.6891384124756,1
2026-05-11T10:05:21+0000,1778493918.5780346,1778493921.219644,TiDB,tidb_uniform,tidb_native,100,insert,13678,74045,False,0.0,True,,2641.6094303131104,1
2026-05-11T10:05:21+0000,1778493920.008263,1778493921.2198315,TiDB,tidb_uniform,tidb_native,259,insert,18610,40911,False,0.0,True,,1211.5683555603027,1
2026-05-11T10:05:21+0000,1778493921.1170611,1778493921.2202044,TiDB,tidb_uniform,tidb_native,372,select,20441,38667,False,0.0,True,,103.14321517944336,1
2026-05-11T10:05:21+0000,1778493918.7437186,1778493921.220383,TiDB,tidb_uniform,tidb_native,111,insert,7717,11002,False,0.0,True,,2476.6643047332764,1
2026-05-11T10:05:21+0000,1778493918.0603673,1778493921.2206292,TiDB,tidb_uniform,tidb_native,44,insert,3448,76547,False,0.0,True,,3160.261869430542,1
2026-05-11T10:05:21+0000,1778493918.1194172,1778493921.2208157,TiDB,tidb_uniform,tidb_native,48,insert,22466,36149,False,0.0,True,,3101.398468017578,1
2026-05-11T10:05:21+0000,1778493921.0337908,1778493921.2209475,TiDB,tidb_uniform,tidb_native,361,select,7951,1756,False,0.0,True,,187.15667724609375,1
2026-05-11T10:05:21+0000,1778493921.1164558,1778493921.2214577,TiDB,tidb_uniform,tidb_native,370,select,16609,74775,False,0.0,True,,105.00192642211914,1
2026-05-11T10:05:21+0000,1778493918.7128289,1778493921.221768,TiDB,tidb_uniform,tidb_native,106,insert,5881,32605,False,0.0,True,,2508.939027786255,1
2026-05-11T10:05:21+0000,1778493918.1533298,1778493921.221984,TiDB,tidb_uniform,tidb_native,52,insert,11445,71899,False,0.0,True,,3068.6540603637695,1
2026-05-11T10:05:21+0000,1778493921.1110523,1778493921.2223496,TiDB,tidb_uniform,tidb_native,367,select,9723,59713,False,0.0,True,,111.2973690032959,1
2026-05-11T10:05:21+0000,1778493921.117311,1778493921.2237706,TiDB,tidb_uniform,tidb_native,373,select,9762,22291,False,0.0,True,,106.4596176147461,1
2026-05-11T10:05:21+0000,1778493921.2135448,1778493921.2239974,TiDB,tidb_uniform,tidb_native,388,select,8442,94190,False,0.0,True,,10.452508926391602,1
2026-05-11T10:05:21+0000,1778493918.0393414,1778493921.229056,TiDB,tidb_uniform,tidb_native,21,insert,7360,36022,False,0.0,True,,3189.7144317626953,1
2026-05-11T10:05:21+0000,1778493918.1585648,1778493921.2292776,TiDB,tidb_uniform,tidb_native,72,insert,4271,14415,False,0.0,True,,3070.7128047943115,1
2026-05-11T10:05:21+0000,1778493919.1582363,1778493921.229456,TiDB,tidb_uniform,tidb_native,160,insert,889,86893,False,0.0,True,,2071.2196826934814,1
2026-05-11T10:05:21+0000,1778493921.2038274,1778493921.229889,TiDB,tidb_uniform,tidb_native,383,select,21048,71277,False,0.0,True,,26.061534881591797,1
2026-05-11T10:05:21+0000,1778493919.4857287,1778493921.2303653,TiDB,tidb_uniform,tidb_native,190,insert,23903,54178,False,0.0,True,,1744.6365356445312,1
2026-05-11T10:05:21+0000,1778493918.1558576,1778493921.23094,TiDB,tidb_uniform,tidb_native,61,insert,17016,72076,False,0.0,True,,3075.082540512085,1
2026-05-11T10:05:21+0000,1778493921.2040548,1778493921.2310817,TiDB,tidb_uniform,tidb_native,384,select,9246,50968,False,0.0,True,,27.026891708374023,1
2026-05-11T10:05:21+0000,1778493921.1977396,1778493921.2312312,TiDB,tidb_uniform,tidb_native,376,select,19116,80884,False,0.0,True,,33.49161148071289,1
2026-05-11T10:05:21+0000,1778493921.1986876,1778493921.231536,TiDB,tidb_uniform,tidb_native,378,select,17956,24729,False,0.0,True,,32.848358154296875,1
2026-05-11T10:05:21+0000,1778493921.2196767,1778493921.2320259,TiDB,tidb_uniform,tidb_native,399,select,10823,49616,False,0.0,True,,12.349128723144531,1
2026-05-11T10:05:21+0000,1778493921.109633,1778493921.2322571,TiDB,tidb_uniform,tidb_native,364,select,28502,25109,False,0.0,True,,122.62415885925293,1
2026-05-11T10:05:21+0000,1778493919.8149884,1778493921.2325149,TiDB,tidb_uniform,tidb_native,247,insert,17784,8787,False,0.0,True,,1417.5264835357666,1
2026-05-11T10:05:21+0000,1778493921.2189074,1778493921.232617,TiDB,tidb_uniform,tidb_native,395,select,22117,4779,False,0.0,True,,13.709545135498047,1
2026-05-11T10:05:21+0000,1778493921.1993942,1778493921.2326965,TiDB,tidb_uniform,tidb_native,380,select,19142,97207,False,0.0,True,,33.30230712890625,1
2026-05-11T10:05:21+0000,1778493918.156357,1778493921.233693,TiDB,tidb_uniform,tidb_native,63,insert,7884,52456,False,0.0,True,,3077.335834503174,1
2026-05-11T10:05:21+0000,1778493918.7122905,1778493921.2339115,TiDB,tidb_uniform,tidb_native,105,insert,11123,29421,False,0.0,True,,2521.620988845825,1
2026-05-11T10:05:21+0000,1778493918.767484,1778493921.234142,TiDB,tidb_uniform,tidb_native,113,insert,17103,95051,False,0.0,True,,2466.658115386963,1
2026-05-11T10:05:21+0000,1778493919.393535,1778493921.2344286,TiDB,tidb_uniform,tidb_native,167,insert,28050,40497,False,0.0,True,,1840.8937454223633,1
2026-05-11T10:05:21+0000,1778493918.0433514,1778493921.2348387,TiDB,tidb_uniform,tidb_native,26,insert,403,43106,False,0.0,True,,3191.4873123168945,1
2026-05-11T10:05:21+0000,1778493921.2202551,1778493921.2355134,TiDB,tidb_uniform,tidb_native,401,select,17133,74312,False,0.0,True,,15.258312225341797,1
2026-05-11T10:05:21+0000,1778493918.1587925,1778493921.2356777,TiDB,tidb_uniform,tidb_native,73,insert,7901,57582,False,0.0,True,,3076.885223388672,1
2026-05-11T10:05:21+0000,1778493918.1535923,1778493921.2360983,TiDB,tidb_uniform,tidb_native,53,insert,14854,67759,False,0.0,True,,3082.505941390991,1
2026-05-11T10:05:21+0000,1778493921.1973875,1778493921.2364657,TiDB,tidb_uniform,tidb_native,375,select,23608,63864,False,0.0,True,,39.0782356262207,1
2026-05-11T10:05:21+0000,1778493918.0557935,1778493921.2390304,TiDB,tidb_uniform,tidb_native,37,insert,26012,68813,False,0.0,True,,3183.236837387085,1
2026-05-11T10:05:21+0000,1778493918.720401,1778493921.2391891,TiDB,tidb_uniform,tidb_native,109,insert,29130,25804,False,0.0,True,,2518.7880992889404,1
2026-05-11T10:05:21+0000,1778493918.1597106,1778493921.2394774,TiDB,tidb_uniform,tidb_native,77,insert,17719,6389,False,0.0,True,,3079.7667503356934,1
2026-05-11T10:05:21+0000,1778493918.0281928,1778493921.239774,TiDB,tidb_uniform,tidb_native,3,insert,4885,22901,False,0.0,True,,3211.581230163574,1
2026-05-11T10:05:21+0000,1778493919.157347,1778493921.2402072,TiDB,tidb_uniform,tidb_native,158,insert,22678,2036,False,0.0,True,,2082.860231399536,1
2026-05-11T10:05:21+0000,1778493919.4846509,1778493921.240491,TiDB,tidb_uniform,tidb_native,187,insert,13333,13498,False,0.0,True,,1755.8400630950928,1
2026-05-11T10:05:21+0000,1778493919.1438346,1778493921.2407384,TiDB,tidb_uniform,tidb_native,141,insert,15637,59289,False,0.0,True,,2096.9038009643555,1
2026-05-11T10:05:21+0000,1778493921.1980555,1778493921.2412114,TiDB,tidb_uniform,tidb_native,377,select,5033,94112,False,0.0,True,,43.15590858459473,1
2026-05-11T10:05:21+0000,1778493921.2206933,1778493921.2415442,TiDB,tidb_uniform,tidb_native,403,select,16234,87320,False,0.0,True,,20.85089683532715,1
2026-05-11T10:05:21+0000,1778493921.2132607,1778493921.2417789,TiDB,tidb_uniform,tidb_native,387,select,3896,23292,False,0.0,True,,28.518199920654297,1
2026-05-11T10:05:21+0000,1778493921.219555,1778493921.2421584,TiDB,tidb_uniform,tidb_native,398,select,3111,57960,False,0.0,True,,22.603511810302734,1
2026-05-11T10:05:21+0000,1778493920.1605694,1778493921.24239,TiDB,tidb_uniform,tidb_native,276,update,25217,83797,False,0.0,True,,1081.8204879760742,1
2026-05-11T10:05:21+0000,1778493920.999764,1778493921.2428455,TiDB,tidb_uniform,tidb_native,348,update,15371,35801,False,0.0,True,,243.08156967163086,1
2026-05-11T10:05:21+0000,1778493921.1167014,1778493921.2431445,TiDB,tidb_uniform,tidb_native,371,update,29790,72427,False,0.0,True,,126.44314765930176,1
2026-05-11T10:05:21+0000,1778493921.2157958,1778493921.2440457,TiDB,tidb_uniform,tidb_native,390,select,14630,94412,False,0.0,True,,28.24997901916504,1
2026-05-11T10:05:21+0000,1778493920.998924,1778493921.2443304,TiDB,tidb_uniform,tidb_native,346,insert,19137,93090,False,0.0,True,,245.4063892364502,1
2026-05-11T10:05:21+0000,1778493921.2192957,1778493921.2446756,TiDB,tidb_uniform,tidb_native,396,select,11360,49388,False,0.0,True,,25.37989616394043,1
2026-05-11T10:05:21+0000,1778493920.7465808,1778493921.2452552,TiDB,tidb_uniform,tidb_native,336,insert,25707,64997,False,0.0,True,,498.6743927001953,1
2026-05-11T10:05:21+0000,1778493921.204626,1778493921.2454884,TiDB,tidb_uniform,tidb_native,385,select,19706,6188,False,0.0,True,,40.862321853637695,1
2026-05-11T10:05:21+0000,1778493921.2309976,1778493921.2458577,TiDB,tidb_uniform,tidb_native,417,select,10843,6958,False,0.0,True,,14.860153198242188,1
2026-05-11T10:05:21+0000,1778493921.1115627,1778493921.2462661,TiDB,tidb_uniform,tidb_native,369,insert,25495,43437,False,0.0,True,,134.7033977508545,1
2026-05-11T10:05:21+0000,1778493921.2204268,1778493921.2464046,TiDB,tidb_uniform,tidb_native,402,select,15237,73408,False,0.0,True,,25.97784996032715,1
2026-05-11T10:05:21+0000,1778493919.517869,1778493921.246754,TiDB,tidb_uniform,tidb_native,213,insert,13762,76202,False,0.0,True,,1728.8849353790283,1
2026-05-11T10:05:21+0000,1778493921.2198677,1778493921.246925,TiDB,tidb_uniform,tidb_native,400,select,22596,98723,False,0.0,True,,27.057409286499023,1
2026-05-11T10:05:21+0000,1778493921.2315965,1778493921.2471073,TiDB,tidb_uniform,tidb_native,420,select,19057,27721,False,0.0,True,,15.510797500610352,1
2026-05-11T10:05:21+0000,1778493921.222039,1778493921.2472215,TiDB,tidb_uniform,tidb_native,408,select,26474,91325,False,0.0,True,,25.182485580444336,1
2026-05-11T10:05:21+0000,1778493920.1524456,1778493921.2474022,TiDB,tidb_uniform,tidb_native,270,insert,13758,24425,False,0.0,True,,1094.956636428833,1
2026-05-11T10:05:21+0000,1778493919.5157034,1778493921.2475514,TiDB,tidb_uniform,tidb_native,209,insert,12686,18626,False,0.0,True,,1731.8480014801025,1
2026-05-11T10:05:21+0000,1778493920.7030349,1778493921.2477534,TiDB,tidb_uniform,tidb_native,309,insert,21257,62468,False,0.0,True,,544.7185039520264,1
2026-05-11T10:05:21+0000,1778493919.7725923,1778493921.2478983,TiDB,tidb_uniform,tidb_native,244,insert,10884,45321,False,0.0,True,,1475.3060340881348,1
2026-05-11T10:05:21+0000,1778493920.0096502,1778493921.248073,TiDB,tidb_uniform,tidb_native,261,update,8927,6681,False,0.0,True,,1238.4228706359863,1
2026-05-11T10:05:21+0000,1778493920.1765203,1778493921.2484279,TiDB,tidb_uniform,tidb_native,290,update,6358,37151,False,0.0,True,,1071.9075202941895,1
2026-05-11T10:05:21+0000,1778493919.6489275,1778493921.2487779,TiDB,tidb_uniform,tidb_native,225,insert,26129,59676,False,0.0,True,,1599.8504161834717,1
2026-05-11T10:05:21+0000,1778493921.2405486,1778493921.249037,TiDB,tidb_uniform,tidb_native,440,select,23673,58770,False,0.0,True,,8.48841667175293,1
2026-05-11T10:05:21+0000,1778493921.0106924,1778493921.2491784,TiDB,tidb_uniform,tidb_native,356,update,15681,5821,False,0.0,True,,238.48605155944824,1
2026-05-11T10:05:21+0000,1778493921.2337394,1778493921.2494607,TiDB,tidb_uniform,tidb_native,426,select,16742,52364,False,0.0,True,,15.721321105957031,1
2026-05-11T10:05:21+0000,1778493921.2193902,1778493921.2497017,TiDB,tidb_uniform,tidb_native,397,select,18056,56207,False,0.0,True,,30.31158447265625,1
2026-05-11T10:05:21+0000,1778493920.7486103,1778493921.250031,TiDB,tidb_uniform,tidb_native,340,insert,10384,30832,False,0.0,True,,501.4207363128662,1
2026-05-11T10:05:21+0000,1778493921.229102,1778493921.2504854,TiDB,tidb_uniform,tidb_native,412,select,8228,79240,False,0.0,True,,21.38352394104004,1
2026-05-11T10:05:21+0000,1778493920.012201,1778493921.25095,TiDB,tidb_uniform,tidb_native,267,update,4682,25682,False,0.0,True,,1238.7490272521973,1
2026-05-11T10:05:21+0000,1778493921.229317,1778493921.2512336,TiDB,tidb_uniform,tidb_native,413,select,4095,98406,False,0.0,True,,21.916627883911133,1
2026-05-11T10:05:21+0000,1778493919.8341823,1778493921.2513905,TiDB,tidb_uniform,tidb_native,250,update,21970,10355,False,0.0,True,,1417.208194732666,1
2026-05-11T10:05:21+0000,1778493921.2339594,1778493921.2516868,TiDB,tidb_uniform,tidb_native,427,select,20150,98154,False,0.0,True,,17.727375030517578,1
2026-05-11T10:05:21+0000,1778493920.1498215,1778493921.2520213,TiDB,tidb_uniform,tidb_native,268,update,10647,34792,False,0.0,True,,1102.1997928619385,1
2026-05-11T10:05:21+0000,1778493921.2223914,1778493921.2522364,TiDB,tidb_uniform,tidb_native,409,select,20428,50731,False,0.0,True,,29.844999313354492,1
2026-05-11T10:05:21+0000,1778493921.2218206,1778493921.2524116,TiDB,tidb_uniform,tidb_native,407,select,26107,26891,False,0.0,True,,30.59101104736328,1
2026-05-11T10:05:21+0000,1778493921.0079637,1778493921.2526014,TiDB,tidb_uniform,tidb_native,349,update,8752,18569,False,0.0,True,,244.63772773742676,1
2026-05-11T10:05:21+0000,1778493921.2424638,1778493921.253052,TiDB,tidb_uniform,tidb_native,446,select,23373,29322,False,0.0,True,,10.58816909790039,1
2026-05-11T10:05:21+0000,1778493919.5151086,1778493921.2532346,TiDB,tidb_uniform,tidb_native,207,insert,14883,59404,False,0.0,True,,1738.1260395050049,1
2026-05-11T10:05:21+0000,1778493920.3091974,1778493921.2535095,TiDB,tidb_uniform,tidb_native,297,update,26990,33553,False,0.0,True,,944.3120956420898,1
2026-05-11T10:05:21+0000,1778493921.0095391,1778493921.253717,TiDB,tidb_uniform,tidb_native,353,update,6463,8104,False,0.0,True,,244.17781829833984,1
2026-05-11T10:05:21+0000,1778493921.22098,1778493921.254009,TiDB,tidb_uniform,tidb_native,405,select,7908,17194,False,0.0,True,,33.02907943725586,1
2026-05-11T10:05:21+0000,1778493921.0112622,1778493921.254213,TiDB,tidb_uniform,tidb_native,358,insert,10578,87943,False,0.0,True,,242.9509162902832,1
2026-05-11T10:05:21+0000,1778493921.2463179,1778493921.2546084,TiDB,tidb_uniform,tidb_native,455,select,2699,32276,False,0.0,True,,8.290529251098633,1
2026-05-11T10:05:21+0000,1778493920.7468448,1778493921.2548249,TiDB,tidb_uniform,tidb_native,337,insert,3430,9670,False,0.0,True,,507.9801082611084,1
2026-05-11T10:05:21+0000,1778493920.1676958,1778493921.2549477,TiDB,tidb_uniform,tidb_native,278,update,24041,70419,False,0.0,True,,1087.251901626587,1
2026-05-11T10:05:21+0000,1778493921.1113822,1778493921.2551577,TiDB,tidb_uniform,tidb_native,368,update,21546,4315,False,0.0,True,,143.77546310424805,1
2026-05-11T10:05:21+0000,1778493920.1560736,1778493921.25535,TiDB,tidb_uniform,tidb_native,275,update,22219,99894,False,0.0,True,,1099.2765426635742,1
2026-05-11T10:05:21+0000,1778493921.241623,1778493921.2560277,TiDB,tidb_uniform,tidb_native,443,select,16708,73930,False,0.0,True,,14.404773712158203,1
2026-05-11T10:05:21+0000,1778493921.223825,1778493921.256483,TiDB,tidb_uniform,tidb_native,410,select,15511,83156,False,0.0,True,,32.65810012817383,1
2026-05-11T10:05:21+0000,1778493921.2408464,1778493921.2570505,TiDB,tidb_uniform,tidb_native,441,select,5022,71547,False,0.0,True,,16.204118728637695,1
2026-05-11T10:05:21+0000,1778493921.2510006,1778493921.2576344,TiDB,tidb_uniform,tidb_native,474,select,22350,26243,False,0.0,True,,6.633758544921875,1
2026-05-11T10:05:21+0000,1778493921.2322934,1778493921.258327,TiDB,tidb_uniform,tidb_native,422,select,25907,44752,False,0.0,True,,26.033639907836914,1
2026-05-11T10:05:21+0000,1778493921.2418327,1778493921.2585404,TiDB,tidb_uniform,tidb_native,444,select,29310,58116,False,0.0,True,,16.707658767700195,1
2026-05-11T10:05:21+0000,1778493920.7435691,1778493921.2587326,TiDB,tidb_uniform,tidb_native,331,update,21533,68879,False,0.0,True,,515.1634216308594,1
2026-05-11T10:05:21+0000,1778493921.2395458,1778493921.259291,TiDB,tidb_uniform,tidb_native,437,select,21800,27018,False,0.0,True,,19.7451114654541,1
2026-05-11T10:05:21+0000,1778493921.2320745,1778493921.2596042,TiDB,tidb_uniform,tidb_native,421,select,22676,30035,False,0.0,True,,27.52971649169922,1
2026-05-11T10:05:21+0000,1778493921.2215583,1778493921.2598026,TiDB,tidb_uniform,tidb_native,406,select,6672,81620,False,0.0,True,,38.24424743652344,1
2026-05-11T10:05:21+0000,1778493921.2537553,1778493921.2602675,TiDB,tidb_uniform,tidb_native,485,select,14167,66409,False,0.0,True,,6.512165069580078,1
2026-05-11T10:05:21+0000,1778493920.501292,1778493921.2605133,TiDB,tidb_uniform,tidb_native,304,update,10382,64656,False,0.0,True,,759.2213153839111,1
2026-05-11T10:05:21+0000,1778493920.1760535,1778493921.2610457,TiDB,tidb_uniform,tidb_native,289,update,12618,27432,False,0.0,True,,1084.9921703338623,1
2026-05-11T10:05:21+0000,1778493921.2179017,1778493921.2615259,TiDB,tidb_uniform,tidb_native,391,select,13024,83794,False,0.0,True,,43.624162673950195,1
2026-05-11T10:05:21+0000,1778493921.244393,1778493921.2618365,TiDB,tidb_uniform,tidb_native,450,select,4771,47416,False,0.0,True,,17.443418502807617,1
2026-05-11T10:05:21+0000,1778493921.2392428,1778493921.262282,TiDB,tidb_uniform,tidb_native,436,select,26924,39761,False,0.0,True,,23.03910255432129,1
2026-05-11T10:05:21+0000,1778493919.7697108,1778493921.2626674,TiDB,tidb_uniform,tidb_native,239,insert,6880,16101,False,0.0,True,,1492.9566383361816,1
2026-05-11T10:05:21+0000,1778493921.2341838,1778493921.2634263,TiDB,tidb_uniform,tidb_native,428,select,5054,29796,False,0.0,True,,29.242515563964844,1
2026-05-11T10:05:21+0000,1778493921.2524724,1778493921.2640991,TiDB,tidb_uniform,tidb_native,480,select,6572,45864,False,0.0,True,,11.626720428466797,1
2026-05-11T10:05:21+0000,1778493921.2453024,1778493921.2643836,TiDB,tidb_uniform,tidb_native,452,select,19221,31433,False,0.0,True,,19.08111572265625,1
2026-05-11T10:05:21+0000,1778493921.1081784,1778493921.2646096,TiDB,tidb_uniform,tidb_native,362,insert,25781,38558,False,0.0,True,,156.4311981201172,1
2026-05-11T10:05:21+0000,1778493920.7376854,1778493921.264874,TiDB,tidb_uniform,tidb_native,316,update,11598,81645,False,0.0,True,,527.1885395050049,1
2026-05-11T10:05:21+0000,1778493921.252301,1778493921.2651768,TiDB,tidb_uniform,tidb_native,479,select,4905,23011,False,0.0,True,,12.875795364379883,1
2026-05-11T10:05:21+0000,1778493921.2032146,1778493921.2655098,TiDB,tidb_uniform,tidb_native,381,update,14666,44235,False,0.0,True,,62.29519844055176,1
2026-05-11T10:05:21+0000,1778493921.2357342,1778493921.265819,TiDB,tidb_uniform,tidb_native,432,select,5777,51949,False,0.0,True,,30.084848403930664,1
2026-05-11T10:05:21+0000,1778493921.2429247,1778493921.2660165,TiDB,tidb_uniform,tidb_native,447,select,16585,62457,False,0.0,True,,23.091793060302734,1
2026-05-11T10:05:21+0000,1778493921.2327337,1778493921.2663953,TiDB,tidb_uniform,tidb_native,425,select,29216,41261,False,0.0,True,,33.661603927612305,1
2026-05-11T10:05:21+0000,1778493921.2350154,1778493921.2667427,TiDB,tidb_uniform,tidb_native,430,select,24318,72422,False,0.0,True,,31.727313995361328,1
2026-05-11T10:05:21+0000,1778493920.74128,1778493921.267147,TiDB,tidb_uniform,tidb_native,324,update,13586,73050,False,0.0,True,,525.8669853210449,1
2026-05-11T10:05:21+0000,1778493921.2517304,1778493921.2673438,TiDB,tidb_uniform,tidb_native,477,select,23795,5343,False,0.0,True,,15.613317489624023,1
2026-05-11T10:05:21+0000,1778493921.2464387,1778493921.2679129,TiDB,tidb_uniform,tidb_native,456,select,27810,44547,False,0.0,True,,21.474123001098633,1
2026-05-11T10:05:21+0000,1778493921.258792,1778493921.2685664,TiDB,tidb_uniform,tidb_native,499,select,12065,1638,False,0.0,True,,9.774446487426758,1
2026-05-11T10:05:21+0000,1778493921.2344937,1778493921.2690847,TiDB,tidb_uniform,tidb_native,429,select,21564,34554,False,0.0,True,,34.590959548950195,1
2026-05-11T10:05:21+0000,1778493921.2531064,1778493921.2694185,TiDB,tidb_uniform,tidb_native,482,select,29573,19793,False,0.0,True,,16.312122344970703,1
2026-05-11T10:05:21+0000,1778493921.2361643,1778493921.26976,TiDB,tidb_uniform,tidb_native,433,select,1295,26288,False,0.0,True,,33.59556198120117,1
2026-05-11T10:05:21+0000,1778493921.2585976,1778493921.2700264,TiDB,tidb_uniform,tidb_native,498,select,22924,36591,False,0.0,True,,11.4288330078125,1
2026-05-11T10:05:21+0000,1778493921.2412653,1778493921.270193,TiDB,tidb_uniform,tidb_native,442,select,11833,17629,False,0.0,True,,28.92780303955078,1
2026-05-11T10:05:21+0000,1778493921.2540507,1778493921.2705007,TiDB,tidb_uniform,tidb_native,486,select,18494,57188,False,0.0,True,,16.449928283691406,1
2026-05-11T10:05:21+0000,1778493921.1107702,1778493921.2708752,TiDB,tidb_uniform,tidb_native,366,update,3071,6101,False,0.0,True,,160.10499000549316,1
2026-05-11T10:05:21+0000,1778493921.2304182,1778493921.271388,TiDB,tidb_uniform,tidb_native,416,select,2921,52234,False,0.0,True,,40.9698486328125,1
2026-05-11T10:05:21+0000,1778493921.242232,1778493921.2716208,TiDB,tidb_uniform,tidb_native,445,insert,12501,13517,False,0.0,True,,29.3886661529541,1
2026-05-11T10:05:21+0000,1778493920.3036175,1778493921.2718632,TiDB,tidb_uniform,tidb_native,295,update,690,16043,False,0.0,True,,968.2457447052002,1
2026-05-11T10:05:21+0000,1778493921.2355733,1778493921.272049,TiDB,tidb_uniform,tidb_native,431,select,15697,58485,False,0.0,True,,36.47565841674805,1
2026-05-11T10:05:21+0000,1778493921.2596595,1778493921.2723436,TiDB,tidb_uniform,tidb_native,501,select,10174,14257,False,0.0,True,,12.684106826782227,1
2026-05-11T10:05:21+0000,1778493921.2474513,1778493921.2725365,TiDB,tidb_uniform,tidb_native,461,select,28436,26425,False,0.0,True,,25.0852108001709,1
2026-05-11T10:05:21+0000,1778493921.2490773,1778493921.2728064,TiDB,tidb_uniform,tidb_native,468,select,29343,82392,False,0.0,True,,23.72908592224121,1
2026-05-11T10:05:21+0000,1778493921.2542536,1778493921.2734458,TiDB,tidb_uniform,tidb_native,487,select,23589,23575,False,0.0,True,,19.192218780517578,1
2026-05-11T10:05:21+0000,1778493921.2505772,1778493921.2737665,TiDB,tidb_uniform,tidb_native,473,select,25069,17838,False,0.0,True,,23.189306259155273,1
2026-05-11T10:05:21+0000,1778493921.2514458,1778493921.2739866,TiDB,tidb_uniform,tidb_native,476,select,13815,3306,False,0.0,True,,22.540807723999023,1
2026-05-11T10:05:21+0000,1778493921.248497,1778493921.2741292,TiDB,tidb_uniform,tidb_native,466,select,5110,18799,False,0.0,True,,25.632143020629883,1
2026-05-11T10:05:21+0000,1778493921.2186549,1778493921.274275,TiDB,tidb_uniform,tidb_native,394,insert,16638,49058,False,0.0,True,,55.62019348144531,1
2026-05-11T10:05:21+0000,1778493921.245915,1778493921.274425,TiDB,tidb_uniform,tidb_native,454,insert,23087,16822,False,0.0,True,,28.510093688964844,1
2026-05-11T10:05:21+0000,1778493921.2664905,1778493921.2746518,TiDB,tidb_uniform,tidb_native,519,select,21707,80720,False,0.0,True,,8.161306381225586,1
2026-05-11T10:05:21+0000,1778493921.2311144,1778493921.2748613,TiDB,tidb_uniform,tidb_native,418,update,3760,94753,False,0.0,True,,43.7469482421875,1
2026-05-11T10:05:21+0000,1778493921.2390962,1778493921.275268,TiDB,tidb_uniform,tidb_native,435,select,16967,93437,False,0.0,True,,36.171913146972656,1
2026-05-11T10:05:21+0000,1778493921.2627861,1778493921.2755437,TiDB,tidb_uniform,tidb_native,509,select,19860,39845,False,0.0,True,,12.757539749145508,1
2026-05-11T10:05:21+0000,1778493919.5193331,1778493921.2758973,TiDB,tidb_uniform,tidb_native,216,insert,24750,78231,False,0.0,True,,1756.5641403198242,1
2026-05-11T10:05:21+0000,1778493921.2501569,1778493921.2760847,TiDB,tidb_uniform,tidb_native,472,select,1799,94290,False,0.0,True,,25.92778205871582,1
2026-05-11T10:05:21+0000,1778493921.2455478,1778493921.2765822,TiDB,tidb_uniform,tidb_native,453,select,18918,17276,False,0.0,True,,31.034469604492188,1
2026-05-11T10:05:21+0000,1778493921.264444,1778493921.2768774,TiDB,tidb_uniform,tidb_native,512,select,25037,51627,False,0.0,True,,12.433290481567383,1
2026-05-11T10:05:21+0000,1778493921.2481105,1778493921.2771506,TiDB,tidb_uniform,tidb_native,465,insert,3511,43437,False,0.0,True,,29.040098190307617,1
2026-05-11T10:05:21+0000,1778493920.4996593,1778493921.2774715,TiDB,tidb_uniform,tidb_native,301,update,15618,66491,False,0.0,True,,777.8122425079346,1
2026-05-11T10:05:21+0000,1778493921.2326477,1778493921.277883,TiDB,tidb_uniform,tidb_native,424,update,16650,74719,False,0.0,True,,45.235395431518555,1
2026-05-11T10:05:21+0000,1778493921.26036,1778493921.2783551,TiDB,tidb_uniform,tidb_native,503,select,20119,7273,False,0.0,True,,17.995119094848633,1
2026-05-11T10:05:21+0000,1778493921.2477841,1778493921.278554,TiDB,tidb_uniform,tidb_native,463,insert,17584,74993,False,0.0,True,,30.769824981689453,1
2026-05-11T10:05:21+0000,1778493921.2548592,1778493921.2786772,TiDB,tidb_uniform,tidb_native,489,select,17527,92351,False,0.0,True,,23.818016052246094,1
2026-05-11T10:05:21+0000,1778493921.2181718,1778493921.279065,TiDB,tidb_uniform,tidb_native,392,update,5255,9170,False,0.0,True,,60.89305877685547,1
2026-05-11T10:05:21+0000,1778493921.2208622,1778493921.2792568,TiDB,tidb_uniform,tidb_native,404,update,28753,11829,False,0.0,True,,58.394670486450195,1
2026-05-11T10:05:21+0000,1778493921.2441378,1778493921.2794957,TiDB,tidb_uniform,tidb_native,449,insert,38,33039,False,0.0,True,,35.35795211791992,1
2026-05-11T10:05:21+0000,1778493921.2447374,1778493921.2797785,TiDB,tidb_uniform,tidb_native,451,insert,11779,40347,False,0.0,True,,35.041093826293945,1
2026-05-11T10:05:21+0000,1778493921.274174,1778493921.2800145,TiDB,tidb_uniform,tidb_native,542,select,21944,89344,False,0.0,True,,5.840539932250977,1
2026-05-11T10:05:21+0000,1778493921.2578459,1778493921.2802765,TiDB,tidb_uniform,tidb_native,496,select,28693,75133,False,0.0,True,,22.4306583404541,1
2026-05-11T10:05:21+0000,1778493921.2565546,1778493921.280508,TiDB,tidb_uniform,tidb_native,494,select,23716,1924,False,0.0,True,,23.95343780517578,1
2026-05-11T10:05:21+0000,1778493921.2605724,1778493921.280666,TiDB,tidb_uniform,tidb_native,504,select,10507,70052,False,0.0,True,,20.093679428100586,1
2026-05-11T10:05:21+0000,1778493921.2593958,1778493921.280972,TiDB,tidb_uniform,tidb_native,500,select,18923,28252,False,0.0,True,,21.5761661529541,1
2026-05-11T10:05:21+0000,1778493921.1990488,1778493921.2811244,TiDB,tidb_uniform,tidb_native,379,update,1525,99490,False,0.0,True,,82.07559585571289,1
2026-05-11T10:05:21+0000,1778493921.2571344,1778493921.298461,TiDB,tidb_uniform,tidb_native,495,update,16522,22203,False,0.0,True,,41.32652282714844,1
2026-05-11T10:05:21+0000,1778493921.2795482,1778493921.2985861,TiDB,tidb_uniform,tidb_native,561,insert,8359,14266,False,0.0,True,,19.037961959838867,1
2026-05-11T10:05:21+0000,1778493921.253559,1778493921.2987013,TiDB,tidb_uniform,tidb_native,484,insert,12332,64383,False,0.0,True,,45.142173767089844,1
2026-05-11T10:05:21+0000,1778493921.2312853,1778493921.2991664,TiDB,tidb_uniform,tidb_native,419,update,2289,99567,False,0.0,True,,67.88110733032227,1
2026-05-11T10:05:21+0000,1778493921.2468085,1778493921.2994936,TiDB,tidb_uniform,tidb_native,457,select,4024,48741,False,0.0,True,,52.68502235412598,1
2026-05-11T10:05:21+0000,1778493921.2520764,1778493921.2997603,TiDB,tidb_uniform,tidb_native,478,select,7659,54536,False,0.0,True,,47.6839542388916,1
2026-05-11T10:05:21+0000,1778493921.2492251,1778493921.2999485,TiDB,tidb_uniform,tidb_native,469,select,8271,88146,False,0.0,True,,50.72331428527832,1
2026-05-11T10:05:21+0000,1778493921.262329,1778493921.3002594,TiDB,tidb_uniform,tidb_native,508,update,12195,28014,False,0.0,True,,37.93025016784668,1
2026-05-11T10:05:21+0000,1778493921.248828,1778493921.3004413,TiDB,tidb_uniform,tidb_native,467,update,22011,79522,False,0.0,True,,51.61333084106445,1
2026-05-11T10:05:21+0000,1778493921.265885,1778493921.30059,TiDB,tidb_uniform,tidb_native,517,update,5513,15440,False,0.0,True,,34.70492362976074,1
2026-05-11T10:05:21+0000,1778493921.271901,1778493921.3007212,TiDB,tidb_uniform,tidb_native,534,insert,23996,93205,False,0.0,True,,28.820276260375977,1
2026-05-11T10:05:21+0000,1778493921.2798328,1778493921.3011112,TiDB,tidb_uniform,tidb_native,562,select,14478,61215,False,0.0,True,,21.27838134765625,1
2026-05-11T10:05:21+0000,1778493921.2299683,1778493921.301449,TiDB,tidb_uniform,tidb_native,415,update,21120,78005,False,0.0,True,,71.48075103759766,1
2026-05-11T10:05:21+0000,1778493921.2674015,1778493921.301661,TiDB,tidb_uniform,tidb_native,522,insert,25816,54211,False,0.0,True,,34.25955772399902,1
2026-05-11T10:05:21+0000,1778493921.2560763,1778493921.3021564,TiDB,tidb_uniform,tidb_native,493,select,14582,132,False,0.0,True,,46.08011245727539,1
2026-05-11T10:05:21+0000,1778493921.247592,1778493921.3027775,TiDB,tidb_uniform,tidb_native,462,update,15655,5361,False,0.0,True,,55.185556411743164,1
2026-05-11T10:05:21+0000,1778493921.2721086,1778493921.3030262,TiDB,tidb_uniform,tidb_native,535,update,6084,71141,False,0.0,True,,30.917644500732422,1
2026-05-11T10:05:21+0000,1778493921.2365072,1778493921.303663,TiDB,tidb_uniform,tidb_native,434,insert,19086,23684,False,0.0,True,,67.15583801269531,1
2026-05-11T10:05:21+0000,1778493921.206218,1778493921.304098,TiDB,tidb_uniform,tidb_native,386,update,15185,93997,False,0.0,True,,97.87988662719727,1
2026-05-11T10:05:21+0000,1778493921.2240324,1778493921.3045409,TiDB,tidb_uniform,tidb_native,411,insert,21430,77504,False,0.0,True,,80.50847053527832,1
2026-05-11T10:05:21+0000,1778493921.243221,1778493921.3048882,TiDB,tidb_uniform,tidb_native,448,update,152,44026,False,0.0,True,,61.66720390319824,1
2026-05-11T10:05:21+0000,1778493921.2686317,1778493921.305127,TiDB,tidb_uniform,tidb_native,524,select,25849,21463,False,0.0,True,,36.495208740234375,1
2026-05-11T10:05:21+0000,1778493921.3003116,1778493921.3054268,TiDB,tidb_uniform,tidb_native,575,select,14858,9356,False,0.0,True,,5.115270614624023,1
2026-05-11T10:05:21+0000,1778493921.2691407,1778493921.3056781,TiDB,tidb_uniform,tidb_native,525,insert,540,6911,False,0.0,True,,36.53740882873535,1
2026-05-11T10:05:21+0000,1778493921.2705545,1778493921.3059194,TiDB,tidb_uniform,tidb_native,530,select,22858,17605,False,0.0,True,,35.36486625671387,1
2026-05-11T10:05:21+0000,1778493921.2616112,1778493921.3061626,TiDB,tidb_uniform,tidb_native,506,select,22649,5694,False,0.0,True,,44.55137252807617,1
2026-05-11T10:05:21+0000,1778493921.2584128,1778493921.3063812,TiDB,tidb_uniform,tidb_native,497,select,20601,76792,False,0.0,True,,47.968387603759766,1
2026-05-11T10:05:21+0000,1778493921.2652123,1778493921.3065255,TiDB,tidb_uniform,tidb_native,515,select,22764,31452,False,0.0,True,,41.31317138671875,1
2026-05-11T10:05:21+0000,1778493921.2716866,1778493921.3067632,TiDB,tidb_uniform,tidb_native,533,select,18289,50476,False,0.0,True,,35.07661819458008,1
2026-05-11T10:05:21+0000,1778493921.2479272,1778493921.3069074,TiDB,tidb_uniform,tidb_native,464,insert,10383,87964,False,0.0,True,,58.98022651672363,1
2026-05-11T10:05:21+0000,1778493921.2672,1778493921.3071141,TiDB,tidb_uniform,tidb_native,521,select,16981,45476,False,0.0,True,,39.91413116455078,1
2026-05-11T10:05:21+0000,1778493921.2734873,1778493921.307273,TiDB,tidb_uniform,tidb_native,539,update,19201,44037,False,0.0,True,,33.78558158874512,1
2026-05-11T10:05:21+0000,1778493921.2728543,1778493921.3074143,TiDB,tidb_uniform,tidb_native,538,select,2251,11101,False,0.0,True,,34.55996513366699,1
2026-05-11T10:05:21+0000,1778493921.2471375,1778493921.30756,TiDB,tidb_uniform,tidb_native,459,update,10132,27661,False,0.0,True,,60.422420501708984,1
2026-05-11T10:05:21+0000,1778493921.2398825,1778493921.3077543,TiDB,tidb_uniform,tidb_native,438,update,10673,63204,False,0.0,True,,67.8718090057373,1
2026-05-11T10:05:21+0000,1778493921.2766387,1778493921.3081026,TiDB,tidb_uniform,tidb_native,551,select,17569,65193,False,0.0,True,,31.4638614654541,1
2026-05-11T10:05:21+0000,1778493921.2469585,1778493921.308609,TiDB,tidb_uniform,tidb_native,458,select,10873,68168,False,0.0,True,,61.65051460266113,1
2026-05-11T10:05:21+0000,1778493921.277953,1778493921.3090482,TiDB,tidb_uniform,tidb_native,555,update,20072,78413,False,0.0,True,,31.095266342163086,1
2026-05-11T10:05:21+0000,1778493921.2702305,1778493921.3092005,TiDB,tidb_uniform,tidb_native,529,insert,14924,96173,False,0.0,True,,38.969993591308594,1
2026-05-11T10:05:21+0000,1778493921.259867,1778493921.3093739,TiDB,tidb_uniform,tidb_native,502,update,10399,13406,False,0.0,True,,49.50690269470215,1
2026-05-11T10:05:21+0000,1778493921.264193,1778493921.3094811,TiDB,tidb_uniform,tidb_native,511,insert,18549,66220,False,0.0,True,,45.2880859375,1
2026-05-11T10:05:21+0000,1778493921.3004808,1778493921.3096583,TiDB,tidb_uniform,tidb_native,576,select,13062,46908,False,0.0,True,,9.177446365356445,1
2026-05-11T10:05:21+0000,1778493921.3054764,1778493921.3098304,TiDB,tidb_uniform,tidb_native,591,select,27026,57734,False,0.0,True,,4.354000091552734,1
2026-05-11T10:05:21+0000,1778493921.2800744,1778493921.3099551,TiDB,tidb_uniform,tidb_native,563,select,24828,68631,False,0.0,True,,29.880762100219727,1
2026-05-11T10:05:21+0000,1778493921.240277,1778493921.310151,TiDB,tidb_uniform,tidb_native,439,update,7920,98880,False,0.0,True,,69.87404823303223,1
2026-05-11T10:05:21+0000,1778493921.2747016,1778493921.3103008,TiDB,tidb_uniform,tidb_native,545,select,2507,83557,False,0.0,True,,35.5992317199707,1
2026-05-11T10:05:21+0000,1778493921.3057432,1778493921.3105817,TiDB,tidb_uniform,tidb_native,592,select,19965,56449,False,0.0,True,,4.838466644287109,1
2026-05-11T10:05:21+0000,1778493921.2512715,1778493921.3109398,TiDB,tidb_uniform,tidb_native,475,update,862,48760,False,0.0,True,,59.66830253601074,1
2026-05-11T10:05:21+0000,1778493921.2680404,1778493921.3111455,TiDB,tidb_uniform,tidb_native,523,select,2780,56409,False,0.0,True,,43.105125427246094,1
2026-05-11T10:05:21+0000,1778493921.274937,1778493921.3113306,TiDB,tidb_uniform,tidb_native,546,update,24956,48927,False,0.0,True,,36.39364242553711,1
2026-05-11T10:05:21+0000,1778493921.2526517,1778493921.3114583,TiDB,tidb_uniform,tidb_native,481,update,20043,93833,False,0.0,True,,58.806657791137695,1
2026-05-11T10:05:21+0000,1778493921.2744768,1778493921.311697,TiDB,tidb_uniform,tidb_native,544,select,20944,27366,False,0.0,True,,37.22023963928223,1
2026-05-11T10:05:21+0000,1778493921.2618928,1778493921.3123457,TiDB,tidb_uniform,tidb_native,507,select,20743,94739,False,0.0,True,,50.45294761657715,1
2026-05-11T10:05:21+0000,1778493921.2986252,1778493921.3128521,TiDB,tidb_uniform,tidb_native,569,update,1942,68056,False,0.0,True,,14.226913452148438,1
2026-05-11T10:05:21+0000,1778493921.3028624,1778493921.313138,TiDB,tidb_uniform,tidb_native,583,update,675,92531,False,0.0,True,,10.275602340698242,1
2026-05-11T10:05:21+0000,1778493921.2549906,1778493921.3133295,TiDB,tidb_uniform,tidb_native,490,update,13198,83859,False,0.0,True,,58.33888053894043,1
2026-05-11T10:05:21+0000,1778493921.2761192,1778493921.313549,TiDB,tidb_uniform,tidb_native,550,insert,5079,42650,False,0.0,True,,37.4298095703125,1
2026-05-11T10:05:21+0000,1778493921.2694764,1778493921.3140447,TiDB,tidb_uniform,tidb_native,526,select,23244,79464,False,0.0,True,,44.56830024719238,1
2026-05-11T10:05:21+0000,1778493921.273806,1778493921.3142369,TiDB,tidb_uniform,tidb_native,540,insert,15197,43665,False,0.0,True,,40.43078422546387,1
2026-05-11T10:05:21+0000,1778493921.2714486,1778493921.3143482,TiDB,tidb_uniform,tidb_native,532,select,25555,64145,False,0.0,True,,42.89960861206055,1
2026-05-11T10:05:21+0000,1778493921.2668145,1778493921.314937,TiDB,tidb_uniform,tidb_native,520,update,22705,41266,False,0.0,True,,48.12264442443848,1
2026-05-11T10:05:21+0000,1778493921.3049345,1778493921.315209,TiDB,tidb_uniform,tidb_native,589,select,24794,32806,False,0.0,True,,10.274410247802734,1
2026-05-11T10:05:21+0000,1778493921.2552183,1778493921.3155708,TiDB,tidb_uniform,tidb_native,491,select,23024,82841,False,0.0,True,,60.35256385803223,1
2026-05-11T10:05:21+0000,1778493921.2184112,1778493921.31581,TiDB,tidb_uniform,tidb_native,393,update,7221,31671,False,0.0,True,,97.39875793457031,1
2026-05-11T10:05:21+0000,1778493921.2791061,1778493921.3163025,TiDB,tidb_uniform,tidb_native,559,insert,3764,40197,False,0.0,True,,37.19639778137207,1
2026-05-11T10:05:21+0000,1778493921.300006,1778493921.3166287,TiDB,tidb_uniform,tidb_native,574,update,202,62642,False,0.0,True,,16.62278175354004,1
2026-05-11T10:05:21+0000,1778493921.2155128,1778493921.316945,TiDB,tidb_uniform,tidb_native,389,insert,24939,91427,False,0.0,True,,101.43232345581055,1
2026-05-11T10:05:21+0000,1778493921.3017137,1778493921.3172011,TiDB,tidb_uniform,tidb_native,581,insert,11671,49437,False,0.0,True,,15.487432479858398,1
2026-05-11T10:05:21+0000,1778493921.247278,1778493921.317562,TiDB,tidb_uniform,tidb_native,460,update,16678,37926,False,0.0,True,,70.28412818908691,1
2026-05-11T10:05:21+0000,1778493921.278414,1778493921.3179333,TiDB,tidb_uniform,tidb_native,556,select,4363,11495,False,0.0,True,,39.519309997558594,1
2026-05-11T10:05:21+0000,1778493921.3012064,1778493921.3181384,TiDB,tidb_uniform,tidb_native,579,select,6085,96909,False,0.0,True,,16.932010650634766,1
2026-05-11T10:05:21+0000,1778493921.2807138,1778493921.318306,TiDB,tidb_uniform,tidb_native,566,update,8315,42388,False,0.0,True,,37.592172622680664,1
2026-05-11T10:05:21+0000,1778493921.2494998,1778493921.318462,TiDB,tidb_uniform,tidb_native,470,update,14898,83812,False,0.0,True,,68.96209716796875,1
2026-05-11T10:05:21+0000,1778493921.2533214,1778493921.3187954,TiDB,tidb_uniform,tidb_native,483,update,27177,97748,False,0.0,True,,65.47403335571289,1
2026-05-11T10:05:21+0000,1778493921.2998114,1778493921.3191116,TiDB,tidb_uniform,tidb_native,573,update,19857,27249,False,0.0,True,,19.300222396850586,1
2026-05-11T10:05:21+0000,1778493921.2810097,1778493921.319456,TiDB,tidb_uniform,tidb_native,567,select,19702,64584,False,0.0,True,,38.44642639160156,1
2026-05-11T10:05:21+0000,1778493921.2987404,1778493921.3196497,TiDB,tidb_uniform,tidb_native,570,insert,25068,14439,False,0.0,True,,20.90930938720703,1
2026-05-11T10:05:21+0000,1778493921.2646446,1778493921.3205438,TiDB,tidb_uniform,tidb_native,513,update,21587,35174,False,0.0,True,,55.89914321899414,1
2026-05-11T10:05:21+0000,1778493921.300628,1778493921.3209512,TiDB,tidb_uniform,tidb_native,577,select,4538,15006,False,0.0,True,,20.32327651977539,1
2026-05-11T10:05:21+0000,1778493921.2698066,1778493921.321101,TiDB,tidb_uniform,tidb_native,527,update,23851,44818,False,0.0,True,,51.29432678222656,1
2026-05-11T10:05:21+0000,1778493921.3059673,1778493921.3212793,TiDB,tidb_uniform,tidb_native,593,select,772,68843,False,0.0,True,,15.311956405639648,1
2026-05-11T10:05:21+0000,1778493921.2759464,1778493921.3214486,TiDB,tidb_uniform,tidb_native,549,select,14228,56388,False,0.0,True,,45.5021858215332,1
2026-05-11T10:05:21+0000,1778493921.306208,1778493921.3215954,TiDB,tidb_uniform,tidb_native,594,select,10760,22541,False,0.0,True,,15.387535095214844,1
2026-05-11T10:05:21+0000,1778493921.254642,1778493921.321838,TiDB,tidb_uniform,tidb_native,488,select,22194,11136,False,0.0,True,,67.19589233398438,1
2026-05-11T10:05:21+0000,1778493921.3067968,1778493921.3222034,TiDB,tidb_uniform,tidb_native,597,select,2945,63439,False,0.0,True,,15.406608581542969,1
2026-05-11T10:05:21+0000,1778493921.3051643,1778493921.3224683,TiDB,tidb_uniform,tidb_native,590,insert,27609,83753,False,0.0,True,,17.303943634033203,1
2026-05-11T10:05:21+0000,1778493921.3109999,1778493921.3228421,TiDB,tidb_uniform,tidb_native,616,select,14914,39059,False,0.0,True,,11.84225082397461,1
2026-05-11T10:05:21+0000,1778493921.2655654,1778493921.3230512,TiDB,tidb_uniform,tidb_native,516,update,6700,60175,False,0.0,True,,57.48581886291504,1
2026-05-11T10:05:21+0000,1778493921.2785902,1778493921.3232703,TiDB,tidb_uniform,tidb_native,557,insert,8058,80906,False,0.0,True,,44.680118560791016,1
2026-05-11T10:05:21+0000,1778493921.2753327,1778493921.32362,TiDB,tidb_uniform,tidb_native,547,select,9230,97359,False,0.0,True,,48.287391662597656,1
2026-05-11T10:05:21+0000,1778493921.299553,1778493921.323824,TiDB,tidb_uniform,tidb_native,572,select,17707,36745,False,0.0,True,,24.271011352539062,1
2026-05-11T10:05:21+0000,1778493921.2775223,1778493921.3239439,TiDB,tidb_uniform,tidb_native,554,select,28489,19788,False,0.0,True,,46.42152786254883,1
2026-05-11T10:05:21+0000,1778493921.311217,1778493921.3242288,TiDB,tidb_uniform,tidb_native,617,select,1199,57330,False,0.0,True,,13.011693954467773,1
2026-05-11T10:05:21+0000,1778493921.3033319,1778493921.3245804,TiDB,tidb_uniform,tidb_native,585,select,25527,42940,False,0.0,True,,21.248579025268555,1
2026-05-11T10:05:21+0000,1778493921.2497566,1778493921.3248582,TiDB,tidb_uniform,tidb_native,471,select,1253,24607,False,0.0,True,,75.10161399841309,1
2026-05-11T10:05:21+0000,1778493921.3117309,1778493921.325051,TiDB,tidb_uniform,tidb_native,620,select,12334,35367,False,0.0,True,,13.320207595825195,1
2026-05-11T10:05:21+0000,1778493921.2787156,1778493921.3253596,TiDB,tidb_uniform,tidb_native,558,select,20502,11656,False,0.0,True,,46.643972396850586,1
2026-05-11T10:05:21+0000,1778493921.3100004,1778493921.325534,TiDB,tidb_uniform,tidb_native,612,select,16894,5527,False,0.0,True,,15.533685684204102,1
2026-05-11T10:05:21+0000,1778493921.3106952,1778493921.3259864,TiDB,tidb_uniform,tidb_native,615,select,10694,78183,False,0.0,True,,15.291213989257812,1
2026-05-11T10:05:21+0000,1778493921.2611098,1778493921.3266456,TiDB,tidb_uniform,tidb_native,505,select,7553,49721,False,0.0,True,,65.5357837677002,1
2026-05-11T10:05:21+0000,1778493921.2803183,1778493921.3270986,TiDB,tidb_uniform,tidb_native,564,update,2035,45926,False,0.0,True,,46.78034782409668,1
2026-05-11T10:05:21+0000,1778493921.2325613,1778493921.327261,TiDB,tidb_uniform,tidb_native,423,update,2750,50447,False,0.0,True,,94.69962120056152,1
2026-05-11T10:05:21+0000,1778493921.2294915,1778493921.3276262,TiDB,tidb_uniform,tidb_native,414,update,1399,64223,False,0.0,True,,98.13475608825684,1
2026-05-11T10:05:21+0000,1778493921.3086805,1778493921.3277612,TiDB,tidb_uniform,tidb_native,605,select,8505,7121,False,0.0,True,,19.080638885498047,1
2026-05-11T10:05:21+0000,1778493921.2793367,1778493921.3279812,TiDB,tidb_uniform,tidb_native,560,select,7529,4493,False,0.0,True,,48.6445426940918,1
2026-05-11T10:05:21+0000,1778493921.3069525,1778493921.3282228,TiDB,tidb_uniform,tidb_native,598,insert,25772,13466,False,0.0,True,,21.270275115966797,1
2026-05-11T10:05:21+0000,1778493921.3114939,1778493921.3285537,TiDB,tidb_uniform,tidb_native,619,select,1037,49527,False,0.0,True,,17.059803009033203,1
2026-05-11T10:05:21+0000,1778493921.3095107,1778493921.3290749,TiDB,tidb_uniform,tidb_native,609,select,24478,1725,False,0.0,True,,19.564151763916016,1
2026-05-11T10:05:21+0000,1778493921.3191712,1778493921.3294992,TiDB,tidb_uniform,tidb_native,643,select,4360,6154,False,0.0,True,,10.328054428100586,1
2026-05-11T10:05:21+0000,1778493921.2700636,1778493921.3297484,TiDB,tidb_uniform,tidb_native,528,select,3160,20368,False,0.0,True,,59.68475341796875,1
2026-05-11T10:05:21+0000,1778493921.3179686,1778493921.3299139,TiDB,tidb_uniform,tidb_native,638,select,6988,43025,False,0.0,True,,11.945247650146484,1
2026-05-11T10:05:21+0000,1778493921.309859,1778493921.3301463,TiDB,tidb_uniform,tidb_native,611,update,2628,43018,False,0.0,True,,20.287275314331055,1
2026-05-11T10:05:21+0000,1778493921.3081403,1778493921.3303776,TiDB,tidb_uniform,tidb_native,604,select,25020,86623,False,0.0,True,,22.237300872802734,1
2026-05-11T10:05:21+0000,1778493921.2725866,1778493921.3308196,TiDB,tidb_uniform,tidb_native,537,select,9199,72632,False,0.0,True,,58.233022689819336,1
2026-05-11T10:05:21+0000,1778493921.3260746,1778493921.3312294,TiDB,tidb_uniform,tidb_native,667,select,3657,86135,False,0.0,True,,5.154848098754883,1
2026-05-11T10:05:21+0000,1778493921.303716,1778493921.3316278,TiDB,tidb_uniform,tidb_native,586,select,10317,29183,False,0.0,True,,27.911901473999023,1
2026-05-11T10:05:21+0000,1778493921.2709394,1778493921.33181,TiDB,tidb_uniform,tidb_native,531,update,21798,20121,False,0.0,True,,60.87064743041992,1
2026-05-11T10:05:21+0000,1778493921.31634,1778493921.3321383,TiDB,tidb_uniform,tidb_native,633,select,17229,14641,False,0.0,True,,15.798330307006836,1
2026-05-11T10:05:21+0000,1778493921.2992063,1778493921.3325691,TiDB,tidb_uniform,tidb_native,571,select,12816,1383,False,0.0,True,,33.36286544799805,1
2026-05-11T10:05:21+0000,1778493921.3007576,1778493921.3326871,TiDB,tidb_uniform,tidb_native,578,select,4052,42820,False,0.0,True,,31.929492950439453,1
2026-05-11T10:05:21+0000,1778493921.3142688,1778493921.3330963,TiDB,tidb_uniform,tidb_native,627,select,25121,67197,False,0.0,True,,18.827438354492188,1
2026-05-11T10:05:21+0000,1778493921.2723904,1778493921.333284,TiDB,tidb_uniform,tidb_native,536,select,8321,48216,False,0.0,True,,60.89353561401367,1
2026-05-11T10:05:21+0000,1778493921.3045936,1778493921.3338027,TiDB,tidb_uniform,tidb_native,588,select,10264,81434,False,0.0,True,,29.209136962890625,1
2026-05-11T10:05:21+0000,1778493921.3123941,1778493921.3341572,TiDB,tidb_uniform,tidb_native,621,select,3145,58312,False,0.0,True,,21.763086318969727,1
2026-05-11T10:05:21+0000,1778493921.3170133,1778493921.3346715,TiDB,tidb_uniform,tidb_native,635,select,23906,22659,False,0.0,True,,17.658233642578125,1
2026-05-11T10:05:21+0000,1778493921.266065,1778493921.3349223,TiDB,tidb_uniform,tidb_native,518,select,15998,23508,False,0.0,True,,68.85743141174316,1
2026-05-11T10:05:21+0000,1778493921.276939,1778493921.3352575,TiDB,tidb_uniform,tidb_native,552,select,5165,29511,False,0.0,True,,58.3186149597168,1
2026-05-11T10:05:21+0000,1778493921.3103487,1778493921.3355725,TiDB,tidb_uniform,tidb_native,614,update,15460,33504,False,0.0,True,,25.223731994628906,1
2026-05-11T10:05:21+0000,1778493921.309108,1778493921.3361526,TiDB,tidb_uniform,tidb_native,606,select,17554,80123,False,0.0,True,,27.04453468322754,1
2026-05-11T10:05:21+0000,1778493921.3071616,1778493921.3363774,TiDB,tidb_uniform,tidb_native,599,select,21311,88738,False,0.0,True,,29.21581268310547,1
2026-05-11T10:05:21+0000,1778493921.3149874,1778493921.3365529,TiDB,tidb_uniform,tidb_native,629,insert,18624,45350,False,0.0,True,,21.56543731689453,1
2026-05-11T10:05:21+0000,1778493921.255397,1778493921.3368058,TiDB,tidb_uniform,tidb_native,492,select,1440,72973,False,0.0,True,,81.40873908996582,1
2026-05-11T10:05:21+0000,1778493921.3318477,1778493921.3372226,TiDB,tidb_uniform,tidb_native,685,select,2146,70958,False,0.0,True,,5.374908447265625,1
2026-05-11T10:05:21+0000,1778493921.314387,1778493921.3374925,TiDB,tidb_uniform,tidb_native,628,update,13151,98178,False,0.0,True,,23.105382919311523,1
2026-05-11T10:05:21+0000,1778493921.3022082,1778493921.3380213,TiDB,tidb_uniform,tidb_native,582,select,17356,60590,False,0.0,True,,35.813093185424805,1
2026-05-11T10:05:21+0000,1778493921.3239782,1778493921.33836,TiDB,tidb_uniform,tidb_native,660,select,19555,29254,False,0.0,True,,14.381885528564453,1
2026-05-11T10:05:21+0000,1778493921.3136177,1778493921.3385544,TiDB,tidb_uniform,tidb_native,625,select,3890,57138,False,0.0,True,,24.936676025390625,1
2026-05-11T10:05:21+0000,1778493921.3213253,1778493921.339095,TiDB,tidb_uniform,tidb_native,649,select,28150,25477,False,0.0,True,,17.769813537597656,1
2026-05-11T10:05:21+0000,1778493921.3184962,1778493921.3393445,TiDB,tidb_uniform,tidb_native,641,select,19213,69336,False,0.0,True,,20.84827423095703,1
2026-05-11T10:05:21+0000,1778493921.3277953,1778493921.3394873,TiDB,tidb_uniform,tidb_native,672,select,25778,87476,False,0.0,True,,11.692047119140625,1
2026-05-11T10:05:21+0000,1778493921.307318,1778493921.339736,TiDB,tidb_uniform,tidb_native,600,select,15326,62984,False,0.0,True,,32.418012619018555,1
2026-05-11T10:05:21+0000,1778493921.3362298,1778493921.340029,TiDB,tidb_uniform,tidb_native,697,select,16118,24238,False,0.0,True,,3.7992000579833984,1
2026-05-11T10:05:21+0000,1778493921.3316903,1778493921.340352,TiDB,tidb_uniform,tidb_native,684,select,10044,84575,False,0.0,True,,8.661746978759766,1
2026-05-11T10:05:21+0000,1778493921.32367,1778493921.3406818,TiDB,tidb_uniform,tidb_native,658,update,4541,21133,False,0.0,True,,17.01188087463379,1
2026-05-11T10:05:21+0000,1778493921.2740185,1778493921.3408656,TiDB,tidb_uniform,tidb_native,541,select,870,43458,False,0.0,True,,66.84708595275879,1
2026-05-11T10:05:21+0000,1778493921.306576,1778493921.3412697,TiDB,tidb_uniform,tidb_native,596,update,25936,79181,False,0.0,True,,34.69371795654297,1
2026-05-11T10:05:21+0000,1778493921.309692,1778493921.3414705,TiDB,tidb_uniform,tidb_native,610,update,789,19403,False,0.0,True,,31.778573989868164,1
2026-05-11T10:05:21+0000,1778493921.3280466,1778493921.3417916,TiDB,tidb_uniform,tidb_native,673,select,19008,3460,False,0.0,True,,13.74506950378418,1
2026-05-11T10:05:21+0000,1778493921.307803,1778493921.342255,TiDB,tidb_uniform,tidb_native,603,select,195,71243,False,0.0,True,,34.452199935913086,1
2026-05-11T10:05:21+0000,1778493921.30308,1778493921.3425956,TiDB,tidb_uniform,tidb_native,584,select,20174,11575,False,0.0,True,,39.51549530029297,1
2026-05-11T10:05:21+0000,1778493921.2649508,1778493921.3427289,TiDB,tidb_uniform,tidb_native,514,update,15042,73062,False,0.0,True,,77.77810096740723,1
2026-05-11T10:05:21+0000,1778493921.2743058,1778493921.3428905,TiDB,tidb_uniform,tidb_native,543,select,8579,8606,False,0.0,True,,68.58468055725098,1
2026-05-11T10:05:21+0000,1778493921.3246968,1778493921.3437645,TiDB,tidb_uniform,tidb_native,662,select,13249,62839,False,0.0,True,,19.067764282226562,1
2026-05-11T10:05:21+0000,1778493921.203564,1778493921.3439903,TiDB,tidb_uniform,tidb_native,382,update,6625,98046,False,0.0,True,,140.4263973236084,1
2026-05-11T10:05:21+0000,1778493921.2756283,1778493921.3445497,TiDB,tidb_uniform,tidb_native,548,select,19363,87603,False,0.0,True,,68.92132759094238,1
2026-05-11T10:05:21+0000,1778493921.3231063,1778493921.344788,TiDB,tidb_uniform,tidb_native,656,update,10777,48759,False,0.0,True,,21.681785583496094,1
2026-05-11T10:05:21+0000,1778493921.298503,1778493921.3449395,TiDB,tidb_uniform,tidb_native,568,select,5542,42897,False,0.0,True,,46.43654823303223,1
2026-05-11T10:05:21+0000,1778493921.3225408,1778493921.3450873,TiDB,tidb_uniform,tidb_native,654,update,12743,97773,False,0.0,True,,22.54652976989746,1
2026-05-11T10:05:21+0000,1778493921.3041546,1778493921.3456085,TiDB,tidb_uniform,tidb_native,587,select,609,92356,False,0.0,True,,41.45383834838867,1
2026-05-11T10:05:21+0000,1778493921.334204,1778493921.345818,TiDB,tidb_uniform,tidb_native,692,update,16725,44886,False,0.0,True,,11.614084243774414,1
2026-05-11T10:05:21+0000,1778493921.332198,1778493921.3461528,TiDB,tidb_uniform,tidb_native,686,select,7121,9753,False,0.0,True,,13.954877853393555,1
2026-05-11T10:05:21+0000,1778493921.2635286,1778493921.3464475,TiDB,tidb_uniform,tidb_native,510,select,16986,63394,False,0.0,True,,82.91888236999512,1
2026-05-11T10:05:21+0000,1778493921.3276632,1778493921.3468626,TiDB,tidb_uniform,tidb_native,671,update,1034,67035,False,0.0,True,,19.199371337890625,1
2026-05-11T10:05:21+0000,1778493921.315632,1778493921.347123,TiDB,tidb_uniform,tidb_native,631,update,27740,21940,False,0.0,True,,31.490802764892578,1
2026-05-11T10:05:21+0000,1778493921.3242624,1778493921.3473678,TiDB,tidb_uniform,tidb_native,661,select,26503,23050,False,0.0,True,,23.105382919311523,1
2026-05-11T10:05:21+0000,1778493921.3172657,1778493921.347555,TiDB,tidb_uniform,tidb_native,636,select,26299,56251,False,0.0,True,,30.289173126220703,1
2026-05-11T10:05:21+0000,1778493921.3211362,1778493921.3479655,TiDB,tidb_uniform,tidb_native,648,select,23096,74483,False,0.0,True,,26.829242706298828,1
2026-05-11T10:05:21+0000,1778493921.3404055,1778493921.3482528,TiDB,tidb_uniform,tidb_native,711,select,24342,98350,False,0.0,True,,7.847309112548828,1
2026-05-11T10:05:21+0000,1778493921.3302197,1778493921.3486063,TiDB,tidb_uniform,tidb_native,680,update,2680,32700,False,0.0,True,,18.3866024017334,1
2026-05-11T10:05:21+0000,1778493921.3152583,1778493921.348789,TiDB,tidb_uniform,tidb_native,630,select,22864,35783,False,0.0,True,,33.53071212768555,1
2026-05-11T10:05:21+0000,1778493921.3282824,1778493921.349192,TiDB,tidb_uniform,tidb_native,674,select,29097,53043,False,0.0,True,,20.909547805786133,1
2026-05-11T10:05:21+0000,1778493921.322288,1778493921.3493824,TiDB,tidb_uniform,tidb_native,653,select,14353,29407,False,0.0,True,,27.094364166259766,1
2026-05-11T10:05:21+0000,1778493921.3366106,1778493921.3495245,TiDB,tidb_uniform,tidb_native,699,insert,12130,82189,False,0.0,True,,12.913942337036133,1
2026-05-11T10:05:21+0000,1778493921.3015058,1778493921.349715,TiDB,tidb_uniform,tidb_native,580,insert,12836,87685,False,0.0,True,,48.209190368652344,1
2026-05-11T10:05:21+0000,1778493921.3101904,1778493921.3500423,TiDB,tidb_uniform,tidb_native,613,select,19130,50267,False,0.0,True,,39.85190391540527,1
2026-05-11T10:05:21+0000,1778493921.3129354,1778493921.350719,TiDB,tidb_uniform,tidb_native,622,select,8868,31667,False,0.0,True,,37.78362274169922,1
2026-05-11T10:05:21+0000,1778493921.3218873,1778493921.3510616,TiDB,tidb_uniform,tidb_native,652,select,1679,94966,False,0.0,True,,29.174327850341797,1
2026-05-11T10:05:21+0000,1778493921.3166962,1778493921.351451,TiDB,tidb_uniform,tidb_native,634,select,26927,70163,False,0.0,True,,34.75475311279297,1
2026-05-11T10:05:21+0000,1778493921.3094108,1778493921.3516755,TiDB,tidb_uniform,tidb_native,608,select,6952,95418,False,0.0,True,,42.264699935913086,1
2026-05-11T10:05:21+0000,1778493921.3209877,1778493921.351833,TiDB,tidb_uniform,tidb_native,647,update,17698,48037,False,0.0,True,,30.84540367126465,1
2026-05-11T10:05:21+0000,1778493921.3267367,1778493921.3520625,TiDB,tidb_uniform,tidb_native,668,select,23955,7745,False,0.0,True,,25.325775146484375,1
2026-05-11T10:05:21+0000,1778493921.3196828,1778493921.352259,TiDB,tidb_uniform,tidb_native,645,select,22826,64427,False,0.0,True,,32.57608413696289,1
2026-05-11T10:05:21+0000,1778493921.2772307,1778493921.3523922,TiDB,tidb_uniform,tidb_native,553,select,19862,67331,False,0.0,True,,75.16145706176758,1
2026-05-11T10:05:21+0000,1778493921.3418515,1778493921.3526819,TiDB,tidb_uniform,tidb_native,716,select,15541,65545,False,0.0,True,,10.830402374267578,1
2026-05-11T10:05:21+0000,1778493921.314128,1778493921.3529143,TiDB,tidb_uniform,tidb_native,626,update,2790,26399,False,0.0,True,,38.78641128540039,1
2026-05-11T10:05:21+0000,1778493921.3092375,1778493921.3532245,TiDB,tidb_uniform,tidb_native,607,select,9393,31208,False,0.0,True,,43.98703575134277,1
2026-05-11T10:05:21+0000,1778493921.3131979,1778493921.3533385,TiDB,tidb_uniform,tidb_native,623,select,26115,20467,False,0.0,True,,40.140628814697266,1
2026-05-11T10:05:21+0000,1778493921.3158581,1778493921.353702,TiDB,tidb_uniform,tidb_native,632,select,1804,23004,False,0.0,True,,37.843942642211914,1
2026-05-11T10:05:21+0000,1778493921.3353107,1778493921.3538477,TiDB,tidb_uniform,tidb_native,695,select,16522,3959,False,0.0,True,,18.537044525146484,1
2026-05-11T10:05:21+0000,1778493921.3333418,1778493921.3541327,TiDB,tidb_uniform,tidb_native,690,update,24264,20063,False,0.0,True,,20.790815353393555,1
2026-05-11T10:05:21+0000,1778493921.319507,1778493921.354236,TiDB,tidb_uniform,tidb_native,644,update,8363,60051,False,0.0,True,,34.72900390625,1
2026-05-11T10:05:21+0000,1778493921.3304336,1778493921.3544633,TiDB,tidb_uniform,tidb_native,681,select,2838,76033,False,0.0,True,,24.02973175048828,1
2026-05-11T10:05:21+0000,1778493921.341329,1778493921.3547113,TiDB,tidb_uniform,tidb_native,714,select,10788,10990,False,0.0,True,,13.382196426391602,1
2026-05-11T10:05:21+0000,1778493921.3518817,1778493921.355268,TiDB,tidb_uniform,tidb_native,748,select,6109,69948,False,0.0,True,,3.386259078979492,1
2026-05-11T10:05:21+0000,1778493921.3133857,1778493921.3555331,TiDB,tidb_uniform,tidb_native,624,select,6917,91793,False,0.0,True,,42.14739799499512,1
2026-05-11T10:05:21+0000,1778493921.3238635,1778493921.3558218,TiDB,tidb_uniform,tidb_native,659,select,9595,51926,False,0.0,True,,31.958341598510742,1
2026-05-11T10:05:21+0000,1778493921.337544,1778493921.3560052,TiDB,tidb_uniform,tidb_native,702,update,6683,71620,False,0.0,True,,18.461227416992188,1
2026-05-11T10:05:21+0000,1778493921.3249154,1778493921.3562999,TiDB,tidb_uniform,tidb_native,663,update,8021,42753,False,0.0,True,,31.38446807861328,1
2026-05-11T10:05:21+0000,1778493921.280546,1778493921.357134,TiDB,tidb_uniform,tidb_native,565,update,14838,46664,False,0.0,True,,76.58815383911133,1
2026-05-11T10:05:21+0000,1778493921.338592,1778493921.357322,TiDB,tidb_uniform,tidb_native,705,select,21043,96223,False,0.0,True,,18.72992515563965,1
2026-05-11T10:05:21+0000,1778493921.3356047,1778493921.3574946,TiDB,tidb_uniform,tidb_native,696,update,10589,8002,False,0.0,True,,21.889925003051758,1
2026-05-11T10:05:21+0000,1778493921.3181927,1778493921.357766,TiDB,tidb_uniform,tidb_native,639,select,6581,5379,False,0.0,True,,39.57319259643555,1
2026-05-11T10:05:21+0000,1778493921.3391452,1778493921.3582404,TiDB,tidb_uniform,tidb_native,706,select,22130,97133,False,0.0,True,,19.095182418823242,1
2026-05-11T10:05:21+0000,1778493921.3445961,1778493921.3583965,TiDB,tidb_uniform,tidb_native,723,update,1040,39105,False,0.0,True,,13.800382614135742,1
2026-05-11T10:05:21+0000,1778493921.3327272,1778493921.3587077,TiDB,tidb_uniform,tidb_native,688,select,11037,45765,False,0.0,True,,25.980472564697266,1
2026-05-11T10:05:21+0000,1778493921.3309379,1778493921.3589816,TiDB,tidb_uniform,tidb_native,682,select,19522,64996,False,0.0,True,,28.043746948242188,1
2026-05-11T10:05:21+0000,1778493921.3372881,1778493921.3591857,TiDB,tidb_uniform,tidb_native,701,select,24312,83701,False,0.0,True,,21.897554397583008,1
2026-05-11T10:05:21+0000,1778493921.329203,1778493921.3596358,TiDB,tidb_uniform,tidb_native,676,select,27846,41027,False,0.0,True,,30.432939529418945,1
2026-05-11T10:05:21+0000,1778493921.340913,1778493921.359938,TiDB,tidb_uniform,tidb_native,713,update,15407,14036,False,0.0,True,,19.02484893798828,1
2026-05-11T10:05:21+0000,1778493921.3480277,1778493921.3602035,TiDB,tidb_uniform,tidb_native,735,select,11146,53875,False,0.0,True,,12.175798416137695,1
2026-05-11T10:05:21+0000,1778493921.352955,1778493921.3607,TiDB,tidb_uniform,tidb_native,753,select,9098,84283,False,0.0,True,,7.744789123535156,1
2026-05-11T10:05:21+0000,1778493921.3533728,1778493921.3608816,TiDB,tidb_uniform,tidb_native,755,select,17392,80637,False,0.0,True,,7.508754730224609,1
2026-05-11T10:05:21+0000,1778493921.349579,1778493921.361263,TiDB,tidb_uniform,tidb_native,741,insert,16355,29541,False,0.0,True,,11.683940887451172,1
2026-05-11T10:05:21+0000,1778493921.3183694,1778493921.36146,TiDB,tidb_uniform,tidb_native,640,select,18613,71048,False,0.0,True,,43.0905818939209,1
2026-05-11T10:05:21+0000,1778493921.3176172,1778493921.3617337,TiDB,tidb_uniform,tidb_native,637,select,1175,34306,False,0.0,True,,44.11649703979492,1
2026-05-11T10:05:21+0000,1778493921.3364222,1778493921.361998,TiDB,tidb_uniform,tidb_native,698,update,10091,49719,False,0.0,True,,25.575876235961914,1
2026-05-11T10:05:21+0000,1778493921.3272948,1778493921.362279,TiDB,tidb_uniform,tidb_native,670,update,28035,48261,False,0.0,True,,34.98411178588867,1
2026-05-11T10:05:21+0000,1778493921.3312838,1778493921.3626451,TiDB,tidb_uniform,tidb_native,683,select,9258,17999,False,0.0,True,,31.36134147644043,1
2026-05-11T10:05:21+0000,1778493921.3469157,1778493921.3631198,TiDB,tidb_uniform,tidb_native,731,select,926,3748,False,0.0,True,,16.204118728637695,1
2026-05-11T10:05:21+0000,1778493921.3547606,1778493921.3635452,TiDB,tidb_uniform,tidb_native,761,select,12632,17214,False,0.0,True,,8.78453254699707,1
2026-05-11T10:05:21+0000,1778493921.3368533,1778493921.3637104,TiDB,tidb_uniform,tidb_native,700,update,21549,91628,False,0.0,True,,26.85713768005371,1
2026-05-11T10:05:21+0000,1778493921.3465502,1778493921.36424,TiDB,tidb_uniform,tidb_native,730,update,5316,49503,False,0.0,True,,17.68970489501953,1
2026-05-11T10:05:21+0000,1778493921.3508403,1778493921.3646033,TiDB,tidb_uniform,tidb_native,744,select,27331,25861,False,0.0,True,,13.762950897216797,1
2026-05-11T10:05:21+0000,1778493921.354492,1778493921.3647802,TiDB,tidb_uniform,tidb_native,760,select,13396,30002,False,0.0,True,,10.288238525390625,1
2026-05-11T10:05:21+0000,1778493921.3538773,1778493921.3652787,TiDB,tidb_uniform,tidb_native,757,update,21533,26729,False,0.0,True,,11.40141487121582,1
2026-05-11T10:05:21+0000,1778493921.344043,1778493921.3655155,TiDB,tidb_uniform,tidb_native,722,insert,25408,79259,False,0.0,True,,21.472454071044922,1
2026-05-11T10:05:21+0000,1778493921.352115,1778493921.3657348,TiDB,tidb_uniform,tidb_native,749,select,27320,29454,False,0.0,True,,13.61989974975586,1
2026-05-11T10:05:21+0000,1778493921.333863,1778493921.3660064,TiDB,tidb_uniform,tidb_native,691,select,9820,76594,False,0.0,True,,32.143354415893555,1
2026-05-11T10:05:21+0000,1778493921.3451436,1778493921.3664603,TiDB,tidb_uniform,tidb_native,726,select,29584,58584,False,0.0,True,,21.3167667388916,1
2026-05-11T10:05:21+0000,1778493921.3271558,1778493921.3666441,TiDB,tidb_uniform,tidb_native,669,insert,28912,76472,False,0.0,True,,39.48831558227539,1
2026-05-11T10:05:21+0000,1778493921.348306,1778493921.3669367,TiDB,tidb_uniform,tidb_native,736,update,15309,93205,False,0.0,True,,18.6307430267334,1
2026-05-11T10:05:21+0000,1778493921.3286018,1778493921.3671184,TiDB,tidb_uniform,tidb_native,675,select,27506,54905,False,0.0,True,,38.51652145385742,1
2026-05-11T10:05:21+0000,1778493921.3597293,1778493921.3673873,TiDB,tidb_uniform,tidb_native,776,select,16318,72970,False,0.0,True,,7.6580047607421875,1
2026-05-11T10:05:21+0000,1778493921.3254132,1778493921.367669,TiDB,tidb_uniform,tidb_native,665,update,13710,84108,False,0.0,True,,42.25587844848633,1
2026-05-11T10:05:21+0000,1778493921.3298097,1778493921.3678215,TiDB,tidb_uniform,tidb_native,678,update,9537,68332,False,0.0,True,,38.011789321899414,1
2026-05-11T10:05:21+0000,1778493921.3381279,1778493921.3684006,TiDB,tidb_uniform,tidb_native,703,select,27692,98908,False,0.0,True,,30.272722244262695,1
2026-05-11T10:05:21+0000,1778493921.3075955,1778493921.368807,TiDB,tidb_uniform,tidb_native,602,select,4182,74521,False,0.0,True,,61.211585998535156,1
2026-05-11T10:05:21+0000,1778493921.3474183,1778493921.3690162,TiDB,tidb_uniform,tidb_native,733,select,20620,19773,False,0.0,True,,21.597862243652344,1
2026-05-11T10:05:21+0000,1778493921.355322,1778493921.3692183,TiDB,tidb_uniform,tidb_native,762,update,17528,45278,False,0.0,True,,13.896465301513672,1
2026-05-11T10:05:21+0000,1778493921.3555837,1778493921.3693633,TiDB,tidb_uniform,tidb_native,763,select,27195,5732,False,0.0,True,,13.779640197753906,1
2026-05-11T10:05:21+0000,1778493921.3523118,1778493921.369492,TiDB,tidb_uniform,tidb_native,750,select,26424,3686,False,0.0,True,,17.180204391479492,1
2026-05-11T10:05:21+0000,1778493921.3407452,1778493921.369704,TiDB,tidb_uniform,tidb_native,712,select,23352,74475,False,0.0,True,,28.958797454833984,1
2026-05-11T10:05:21+0000,1778493921.3064144,1778493921.3698997,TiDB,tidb_uniform,tidb_native,595,update,4404,1927,False,0.0,True,,63.48538398742676,1
2026-05-11T10:05:21+0000,1778493921.3113778,1778493921.3700871,TiDB,tidb_uniform,tidb_native,618,select,2267,18807,False,0.0,True,,58.70938301086426,1
2026-05-11T10:05:21+0000,1778493921.3532612,1778493921.3705056,TiDB,tidb_uniform,tidb_native,754,update,1620,68090,False,0.0,True,,17.244338989257812,1
2026-05-11T10:05:21+0000,1778493921.3448386,1778493921.3706682,TiDB,tidb_uniform,tidb_native,724,update,1612,10428,False,0.0,True,,25.829553604125977,1
2026-05-11T10:05:21+0000,1778493921.3331425,1778493921.3708253,TiDB,tidb_uniform,tidb_native,689,select,22252,78423,False,0.0,True,,37.68277168273926,1
2026-05-11T10:05:21+0000,1778493921.3674362,1778493921.371095,TiDB,tidb_uniform,tidb_native,801,select,4192,21622,False,0.0,True,,3.658771514892578,1
2026-05-11T10:05:21+0000,1778493921.3584404,1778493921.3712745,TiDB,tidb_uniform,tidb_native,772,update,4386,93049,False,0.0,True,,12.83407211303711,1
2026-05-11T10:05:21+0000,1778493921.332605,1778493921.3715205,TiDB,tidb_uniform,tidb_native,687,select,20105,59249,False,0.0,True,,38.91563415527344,1
2026-05-11T10:05:21+0000,1778493921.3423204,1778493921.3719692,TiDB,tidb_uniform,tidb_native,717,select,13395,95533,False,0.0,True,,29.648780822753906,1
2026-05-11T10:05:21+0000,1778493921.3384151,1778493921.3721635,TiDB,tidb_uniform,tidb_native,704,select,2803,78511,False,0.0,True,,33.74838829040527,1
2026-05-11T10:05:21+0000,1778493921.3074472,1778493921.3724592,TiDB,tidb_uniform,tidb_native,601,insert,9867,55267,False,0.0,True,,65.01197814941406,1
2026-05-11T10:05:21+0000,1778493921.329588,1778493921.3727827,TiDB,tidb_uniform,tidb_native,677,select,2798,50931,False,0.0,True,,43.19477081298828,1
2026-05-11T10:05:21+0000,1778493921.3299472,1778493921.373043,TiDB,tidb_uniform,tidb_native,679,select,14558,84428,False,0.0,True,,43.09582710266113,1
2026-05-11T10:05:21+0000,1778493921.3255649,1778493921.3733082,TiDB,tidb_uniform,tidb_native,666,select,8756,98557,False,0.0,True,,47.74332046508789,1
2026-05-11T10:05:21+0000,1778493921.3582926,1778493921.3736393,TiDB,tidb_uniform,tidb_native,771,select,9557,54946,False,0.0,True,,15.346765518188477,1
2026-05-11T10:05:21+0000,1778493921.3229117,1778493921.3741112,TiDB,tidb_uniform,tidb_native,655,select,26483,69497,False,0.0,True,,51.19943618774414,1
2026-05-11T10:05:21+0000,1778493921.321499,1778493921.37454,TiDB,tidb_uniform,tidb_native,650,select,439,64074,False,0.0,True,,53.04098129272461,1
2026-05-11T10:05:21+0000,1778493921.365787,1778493921.37483,TiDB,tidb_uniform,tidb_native,795,select,25267,9788,False,0.0,True,,9.042978286743164,1
2026-05-11T10:05:21+0000,1778493921.3449812,1778493921.375758,TiDB,tidb_uniform,tidb_native,725,select,15615,79903,False,0.0,True,,30.7767391204834,1
2026-05-11T10:05:21+0000,1778493921.3401022,1778493921.3760161,TiDB,tidb_uniform,tidb_native,710,update,18059,88403,False,0.0,True,,35.913944244384766,1
2026-05-11T10:05:21+0000,1778493921.3349779,1778493921.3762083,TiDB,tidb_uniform,tidb_native,694,select,534,46361,False,0.0,True,,41.23044013977051,1
2026-05-11T10:05:21+0000,1778493921.3707006,1778493921.376585,TiDB,tidb_uniform,tidb_native,814,select,14084,11972,False,0.0,True,,5.884408950805664,1
2026-05-11T10:05:21+0000,1778493921.3677135,1778493921.3768976,TiDB,tidb_uniform,tidb_native,802,select,8495,65478,False,0.0,True,,9.184122085571289,1
2026-05-11T10:05:21+0000,1778493921.3216407,1778493921.3770952,TiDB,tidb_uniform,tidb_native,651,select,20306,30075,False,0.0,True,,55.45449256896973,1
2026-05-11T10:05:21+0000,1778493921.3578215,1778493921.3772552,TiDB,tidb_uniform,tidb_native,770,update,1338,53196,False,0.0,True,,19.43373680114746,1
2026-05-11T10:05:21+0000,1778493921.360759,1778493921.3774385,TiDB,tidb_uniform,tidb_native,779,select,19831,97234,False,0.0,True,,16.67952537536621,1
2026-05-11T10:05:21+0000,1778493921.3415403,1778493921.377668,TiDB,tidb_uniform,tidb_native,715,select,11071,60733,False,0.0,True,,36.127567291259766,1
2026-05-11T10:05:21+0000,1778493921.3671677,1778493921.377985,TiDB,tidb_uniform,tidb_native,800,select,27665,32228,False,0.0,True,,10.817289352416992,1
2026-05-11T10:05:21+0000,1778493921.3250911,1778493921.378123,TiDB,tidb_uniform,tidb_native,664,select,20920,5889,False,0.0,True,,53.03192138671875,1
2026-05-11T10:05:21+0000,1778493921.3571913,1778493921.3782654,TiDB,tidb_uniform,tidb_native,767,select,5533,59388,False,0.0,True,,21.07405662536621,1
2026-05-11T10:05:21+0000,1778493921.3599951,1778493921.3785508,TiDB,tidb_uniform,tidb_native,777,select,7967,56048,False,0.0,True,,18.555641174316406,1
2026-05-11T10:05:21+0000,1778493921.3511214,1778493921.3791018,TiDB,tidb_uniform,tidb_native,745,select,10080,8262,False,0.0,True,,27.980327606201172,1
2026-05-11T10:05:21+0000,1778493921.3205829,1778493921.3794875,TiDB,tidb_uniform,tidb_native,646,select,23677,44423,False,0.0,True,,58.90464782714844,1
2026-05-11T10:05:21+0000,1778493921.3623452,1778493921.3800247,TiDB,tidb_uniform,tidb_native,785,select,27674,26206,False,0.0,True,,17.679452896118164,1
2026-05-11T10:05:21+0000,1778493921.347606,1778493921.380315,TiDB,tidb_uniform,tidb_native,734,select,6537,51934,False,0.0,True,,32.70912170410156,1
2026-05-11T10:05:21+0000,1778493921.3660538,1778493921.3806162,TiDB,tidb_uniform,tidb_native,796,select,28791,76007,False,0.0,True,,14.562368392944336,1
2026-05-11T10:05:21+0000,1778493921.3488243,1778493921.3808148,TiDB,tidb_uniform,tidb_native,738,select,23932,29130,False,0.0,True,,31.990528106689453,1
2026-05-11T10:05:21+0000,1778493921.3678513,1778493921.3812819,TiDB,tidb_uniform,tidb_native,803,select,6133,20104,False,0.0,True,,13.430595397949219,1
2026-05-11T10:05:21+0000,1778493921.3517256,1778493921.3814912,TiDB,tidb_uniform,tidb_native,747,select,24962,61323,False,0.0,True,,29.765605926513672,1
2026-05-11T10:05:21+0000,1778493921.3705347,1778493921.381619,TiDB,tidb_uniform,tidb_native,813,select,24964,4765,False,0.0,True,,11.084318161010742,1
2026-05-11T10:05:21+0000,1778493921.3456774,1778493921.3819609,TiDB,tidb_uniform,tidb_native,727,select,13265,87852,False,0.0,True,,36.28349304199219,1
2026-05-11T10:05:21+0000,1778493921.3635974,1778493921.3822002,TiDB,tidb_uniform,tidb_native,788,update,20657,24288,False,0.0,True,,18.602848052978516,1
2026-05-11T10:05:21+0000,1778493921.3427825,1778493921.3823495,TiDB,tidb_uniform,tidb_native,719,select,7588,49524,False,0.0,True,,39.566993713378906,1
2026-05-11T10:05:21+0000,1778493921.3486671,1778493921.3825498,TiDB,tidb_uniform,tidb_native,737,select,27869,88324,False,0.0,True,,33.88261795043945,1
2026-05-11T10:05:21+0000,1778493921.3514893,1778493921.382872,TiDB,tidb_uniform,tidb_native,746,select,18059,27896,False,0.0,True,,31.38279914855957,1
2026-05-11T10:05:21+0000,1778493921.3695273,1778493921.383021,TiDB,tidb_uniform,tidb_native,809,update,11449,97442,False,0.0,True,,13.493776321411133,1
2026-05-11T10:05:21+0000,1778493921.339384,1778493921.3831983,TiDB,tidb_uniform,tidb_native,707,update,10459,87846,False,0.0,True,,43.81418228149414,1
2026-05-11T10:05:21+0000,1778493921.3655632,1778493921.3833258,TiDB,tidb_uniform,tidb_native,794,update,19043,99614,False,0.0,True,,17.76266098022461,1
2026-05-11T10:05:21+0000,1778493921.3741598,1778493921.3836231,TiDB,tidb_uniform,tidb_native,826,select,23354,91430,False,0.0,True,,9.463310241699219,1
2026-05-11T10:05:21+0000,1778493921.3762586,1778493921.383749,TiDB,tidb_uniform,tidb_native,831,select,14798,5880,False,0.0,True,,7.490396499633789,1
2026-05-11T10:05:21+0000,1778493921.3587952,1778493921.3843307,TiDB,tidb_uniform,tidb_native,773,insert,17074,3976,False,0.0,True,,25.53558349609375,1
2026-05-11T10:05:21+0000,1778493921.3492432,1778493921.3846872,TiDB,tidb_uniform,tidb_native,739,select,29523,1491,False,0.0,True,,35.444021224975586,1
2026-05-11T10:05:21+0000,1778493921.3613162,1778493921.3849669,TiDB,tidb_uniform,tidb_native,781,insert,15647,66842,False,0.0,True,,23.650646209716797,1
2026-05-11T10:05:21+0000,1778493921.3573527,1778493921.3852816,TiDB,tidb_uniform,tidb_native,768,update,3034,41313,False,0.0,True,,27.928829193115234,1
2026-05-11T10:05:21+0000,1778493921.3524265,1778493921.3856049,TiDB,tidb_uniform,tidb_native,751,select,20150,54407,False,0.0,True,,33.17832946777344,1
2026-05-11T10:05:21+0000,1778493921.3602357,1778493921.3857377,TiDB,tidb_uniform,tidb_native,778,insert,11273,49767,False,0.0,True,,25.50196647644043,1
2026-05-11T10:05:21+0000,1778493921.3666856,1778493921.386304,TiDB,tidb_uniform,tidb_native,798,update,13564,26846,False,0.0,True,,19.61827278137207,1
2026-05-11T10:05:21+0000,1778493921.3669877,1778493921.3865187,TiDB,tidb_uniform,tidb_native,799,select,24900,35264,False,0.0,True,,19.5310115814209,1
2026-05-11T10:05:21+0000,1778493921.3688593,1778493921.3866806,TiDB,tidb_uniform,tidb_native,805,select,9157,97840,False,0.0,True,,17.821311950683594,1
2026-05-11T10:05:21+0000,1778493921.3501165,1778493921.3871489,TiDB,tidb_uniform,tidb_native,743,select,903,63533,False,0.0,True,,37.032365798950195,1
2026-05-11T10:05:21+0000,1778493921.3558786,1778493921.3873606,TiDB,tidb_uniform,tidb_native,764,select,15868,41429,False,0.0,True,,31.48198127746582,1
2026-05-11T10:05:21+0000,1778493921.3822489,1778493921.3875568,TiDB,tidb_uniform,tidb_native,852,select,2951,57879,False,0.0,True,,5.307912826538086,1
2026-05-11T10:05:21+0000,1778493921.3771493,1778493921.3878162,TiDB,tidb_uniform,tidb_native,834,select,9276,36394,False,0.0,True,,10.666847229003906,1
2026-05-11T10:05:21+0000,1778493921.3397727,1778493921.3879642,TiDB,tidb_uniform,tidb_native,709,select,21007,95848,False,0.0,True,,48.19154739379883,1
2026-05-11T10:05:21+0000,1778493921.3777182,1778493921.3882134,TiDB,tidb_uniform,tidb_native,837,select,8710,24298,False,0.0,True,,10.495185852050781,1
2026-05-11T10:05:21+0000,1778493921.3684864,1778493921.3885953,TiDB,tidb_uniform,tidb_native,804,select,10822,20085,False,0.0,True,,20.108938217163086,1
2026-05-11T10:05:21+0000,1778493921.3694074,1778493921.3889647,TiDB,tidb_uniform,tidb_native,808,select,932,62213,False,0.0,True,,19.55723762512207,1
2026-05-11T10:05:21+0000,1778493921.3766294,1778493921.3890939,TiDB,tidb_uniform,tidb_native,832,update,15681,5907,False,0.0,True,,12.464523315429688,1
2026-05-11T10:05:21+0000,1778493921.3748832,1778493921.389291,TiDB,tidb_uniform,tidb_native,828,select,18065,11720,False,0.0,True,,14.407873153686523,1
2026-05-11T10:05:21+0000,1778493921.3646595,1778493921.3897367,TiDB,tidb_uniform,tidb_native,791,select,8714,13922,False,0.0,True,,25.077104568481445,1
2026-05-11T10:05:21+0000,1778493921.3494174,1778493921.3900254,TiDB,tidb_uniform,tidb_native,740,select,7363,32318,False,0.0,True,,40.60792922973633,1
2026-05-11T10:05:21+0000,1778493921.3815386,1778493921.3903964,TiDB,tidb_uniform,tidb_native,849,select,4671,70273,False,0.0,True,,8.85772705078125,1
2026-05-11T10:05:21+0000,1778493921.3426309,1778493921.390666,TiDB,tidb_uniform,tidb_native,718,select,29157,12071,False,0.0,True,,48.0351448059082,1
2026-05-11T10:05:21+0000,1778493921.342939,1778493921.3908787,TiDB,tidb_uniform,tidb_native,720,select,10226,98084,False,0.0,True,,47.93977737426758,1
2026-05-11T10:05:21+0000,1778493921.3792276,1778493921.3909883,TiDB,tidb_uniform,tidb_native,842,update,6157,52388,False,0.0,True,,11.760711669921875,1
2026-05-11T10:05:21+0000,1778493921.3701625,1778493921.3910933,TiDB,tidb_uniform,tidb_native,812,select,21330,58889,False,0.0,True,,20.930767059326172,1
2026-05-11T10:05:21+0000,1778493921.371575,1778493921.3912566,TiDB,tidb_uniform,tidb_native,818,select,19117,95653,False,0.0,True,,19.681453704833984,1
2026-05-11T10:05:21+0000,1778493921.3631573,1778493921.3916874,TiDB,tidb_uniform,tidb_native,787,select,13703,77046,False,0.0,True,,28.530120849609375,1
2026-05-11T10:05:21+0000,1778493921.3438485,1778493921.3921943,TiDB,tidb_uniform,tidb_native,721,select,21450,40097,False,0.0,True,,48.34580421447754,1
2026-05-11T10:05:21+0000,1778493921.3637626,1778493921.3923924,TiDB,tidb_uniform,tidb_native,789,update,18806,70254,False,0.0,True,,28.629779815673828,1
2026-05-11T10:05:21+0000,1778493921.3722239,1778493921.392586,TiDB,tidb_uniform,tidb_native,820,select,23426,11798,False,0.0,True,,20.362138748168945,1
2026-05-11T10:05:21+0000,1778493921.3803725,1778493921.392887,TiDB,tidb_uniform,tidb_native,845,select,4389,50032,False,0.0,True,,12.514591217041016,1
2026-05-11T10:05:21+0000,1778493921.3471696,1778493921.3932285,TiDB,tidb_uniform,tidb_native,732,select,10384,63704,False,0.0,True,,46.05889320373535,1
2026-05-11T10:05:21+0000,1778493921.3592443,1778493921.393506,TiDB,tidb_uniform,tidb_native,775,select,29689,97212,False,0.0,True,,34.26170349121094,1
2026-05-11T10:05:21+0000,1778493921.3690498,1778493921.3937726,TiDB,tidb_uniform,tidb_native,806,insert,1149,54595,False,0.0,True,,24.722814559936523,1
2026-05-11T10:05:21+0000,1778493921.3618033,1778493921.3939247,TiDB,tidb_uniform,tidb_native,783,select,3043,62569,False,0.0,True,,32.12141990661621,1
2026-05-11T10:05:21+0000,1778493921.3697555,1778493921.394049,TiDB,tidb_uniform,tidb_native,810,update,3332,46404,False,0.0,True,,24.29342269897461,1
2026-05-11T10:05:21+0000,1778493921.3461933,1778493921.3942802,TiDB,tidb_uniform,tidb_native,729,select,26635,64241,False,0.0,True,,48.08688163757324,1
2026-05-11T10:05:21+0000,1778493921.3233202,1778493921.394808,TiDB,tidb_uniform,tidb_native,657,select,20683,5423,False,0.0,True,,71.4879035949707,1
2026-05-11T10:05:21+0000,1778493921.3541744,1778493921.3951354,TiDB,tidb_uniform,tidb_native,758,select,10266,93230,False,0.0,True,,40.96102714538574,1
2026-05-11T10:05:21+0000,1778493921.3733454,1778493921.3952873,TiDB,tidb_uniform,tidb_native,824,update,27251,11286,False,0.0,True,,21.9419002532959,1
2026-05-11T10:05:21+0000,1778493921.3497539,1778493921.3954594,TiDB,tidb_uniform,tidb_native,742,select,12893,26145,False,0.0,True,,45.705556869506836,1
2026-05-11T10:05:21+0000,1778493921.3876023,1778493921.3957844,TiDB,tidb_uniform,tidb_native,872,select,16928,4000,False,0.0,True,,8.182048797607422,1
2026-05-11T10:05:21+0000,1778493921.362681,1778493921.396092,TiDB,tidb_uniform,tidb_native,786,select,15717,41887,False,0.0,True,,33.41102600097656,1
2026-05-11T10:05:21+0000,1778493921.3527164,1778493921.396284,TiDB,tidb_uniform,tidb_native,752,select,4207,80677,False,0.0,True,,43.567657470703125,1
2026-05-11T10:05:21+0000,1778493921.3830683,1778493921.3967276,TiDB,tidb_uniform,tidb_native,856,select,23616,69267,False,0.0,True,,13.659238815307617,1
2026-05-11T10:05:21+0000,1778493921.38324,1778493921.397023,TiDB,tidb_uniform,tidb_native,857,select,22160,81508,False,0.0,True,,13.782978057861328,1
2026-05-11T10:05:21+0000,1778493921.3728433,1778493921.39727,TiDB,tidb_uniform,tidb_native,822,insert,23477,29313,False,0.0,True,,24.426698684692383,1
2026-05-11T10:05:21+0000,1778493921.3836646,1778493921.3974588,TiDB,tidb_uniform,tidb_native,859,select,27294,11329,False,0.0,True,,13.794183731079102,1
2026-05-11T10:05:21+0000,1778493921.3940861,1778493921.3976295,TiDB,tidb_uniform,tidb_native,897,select,15356,85750,False,0.0,True,,3.543376922607422,1
2026-05-11T10:05:21+0000,1778493921.3395317,1778493921.3978386,TiDB,tidb_uniform,tidb_native,708,select,5066,73219,False,0.0,True,,58.30693244934082,1
2026-05-11T10:05:21+0000,1778493921.377484,1778493921.397969,TiDB,tidb_uniform,tidb_native,836,insert,5084,67611,False,0.0,True,,20.48492431640625,1
2026-05-11T10:05:21+0000,1778493921.3783138,1778493921.398085,TiDB,tidb_uniform,tidb_native,840,insert,28457,43165,False,0.0,True,,19.771337509155273,1
2026-05-11T10:05:21+0000,1778493921.3813355,1778493921.398456,TiDB,tidb_uniform,tidb_native,848,select,25313,99853,False,0.0,True,,17.1205997467041,1
2026-05-11T10:05:21+0000,1778493921.3758006,1778493921.3985996,TiDB,tidb_uniform,tidb_native,829,update,8713,45424,False,0.0,True,,22.799015045166016,1
2026-05-11T10:05:21+0000,1778493921.3458676,1778493921.398721,TiDB,tidb_uniform,tidb_native,728,select,19190,42736,False,0.0,True,,52.85334587097168,1
2026-05-11T10:05:21+0000,1778493921.3537333,1778493921.3988342,TiDB,tidb_uniform,tidb_native,756,update,22763,600,False,0.0,True,,45.10092735290527,1
2026-05-11T10:05:21+0000,1778493921.3781645,1778493921.3989854,TiDB,tidb_uniform,tidb_native,839,select,23477,80234,False,0.0,True,,20.82085609436035,1
2026-05-11T10:05:21+0000,1778493921.3730958,1778493921.3991473,TiDB,tidb_uniform,tidb_native,823,select,21104,35146,False,0.0,True,,26.05152130126953,1
2026-05-11T10:05:21+0000,1778493921.354269,1778493921.3992367,TiDB,tidb_uniform,tidb_native,759,update,17964,27680,False,0.0,True,,44.9676513671875,1
2026-05-11T10:05:21+0000,1778493921.3642895,1778493921.3993523,TiDB,tidb_uniform,tidb_native,790,select,3012,24932,False,0.0,True,,35.06278991699219,1
2026-05-11T10:05:21+0000,1778493921.3699586,1778493921.3994896,TiDB,tidb_uniform,tidb_native,811,update,16980,98029,False,0.0,True,,29.531002044677734,1
2026-05-11T10:05:21+0000,1778493921.382024,1778493921.3997402,TiDB,tidb_uniform,tidb_native,851,select,16744,83599,False,0.0,True,,17.716169357299805,1
2026-05-11T10:05:21+0000,1778493921.3564374,1778493921.4000854,TiDB,tidb_uniform,tidb_native,766,select,6202,65760,False,0.0,True,,43.64800453186035,1
2026-05-11T10:05:21+0000,1778493921.3872015,1778493921.4002206,TiDB,tidb_uniform,tidb_native,870,update,9781,75926,False,0.0,True,,13.019084930419922,1
2026-05-11T10:05:21+0000,1778493921.3708549,1778493921.4003427,TiDB,tidb_uniform,tidb_native,815,select,12020,7039,False,0.0,True,,29.48784828186035,1
2026-05-11T10:05:21+0000,1778493921.3816485,1778493921.40048,TiDB,tidb_uniform,tidb_native,850,select,8625,77211,False,0.0,True,,18.831491470336914,1
2026-05-11T10:05:21+0000,1778493921.3713167,1778493921.4007144,TiDB,tidb_uniform,tidb_native,817,select,22440,14019,False,0.0,True,,29.39772605895996,1
2026-05-11T10:05:21+0000,1778493921.3829207,1778493921.4008162,TiDB,tidb_uniform,tidb_native,855,update,2957,50422,False,0.0,True,,17.89546012878418,1
2026-05-11T10:05:21+0000,1778493921.3806677,1778493921.4010508,TiDB,tidb_uniform,tidb_native,846,select,24896,58175,False,0.0,True,,20.383119583129883,1
2026-05-11T10:05:21+0000,1778493921.357551,1778493921.4014976,TiDB,tidb_uniform,tidb_native,769,select,20373,60613,False,0.0,True,,43.94650459289551,1
2026-05-11T10:05:21+0000,1778493921.3929496,1778493921.4016364,TiDB,tidb_uniform,tidb_native,892,select,9929,37093,False,0.0,True,,8.68678092956543,1
2026-05-11T10:05:21+0000,1778493921.3769524,1778493921.401741,TiDB,tidb_uniform,tidb_native,833,insert,29968,14438,False,0.0,True,,24.788618087768555,1
2026-05-11T10:05:21+0000,1778493921.3853402,1778493921.4018528,TiDB,tidb_uniform,tidb_native,864,select,12660,77796,False,0.0,True,,16.512632369995117,1
2026-05-11T10:05:21+0000,1778493921.3665187,1778493921.4020483,TiDB,tidb_uniform,tidb_native,797,select,22891,22177,False,0.0,True,,35.52961349487305,1
2026-05-11T10:05:21+0000,1778493921.3648324,1778493921.4021595,TiDB,tidb_uniform,tidb_native,792,select,16299,7704,False,0.0,True,,37.32705116271973,1
2026-05-11T10:05:21+0000,1778493921.3347247,1778493921.4024496,TiDB,tidb_uniform,tidb_native,693,select,11303,53402,False,0.0,True,,67.72494316101074,1
2026-05-11T10:05:21+0000,1778493921.3865595,1778493921.4027164,TiDB,tidb_uniform,tidb_native,868,select,19335,4903,False,0.0,True,,16.156911849975586,1
2026-05-11T10:05:21+0000,1778493921.3711388,1778493921.4029913,TiDB,tidb_uniform,tidb_native,816,select,12709,51270,False,0.0,True,,31.85248374938965,1
2026-05-11T10:05:21+0000,1778493921.3843899,1778493921.403147,TiDB,tidb_uniform,tidb_native,861,update,12564,76830,False,0.0,True,,18.757104873657227,1
2026-05-11T10:05:21+0000,1778493921.3889992,1778493921.4032865,TiDB,tidb_uniform,tidb_native,877,select,4921,73839,False,0.0,True,,14.287233352661133,1
2026-05-11T10:05:21+0000,1778493921.3850307,1778493921.4034154,TiDB,tidb_uniform,tidb_native,863,update,1070,14703,False,0.0,True,,18.384695053100586,1
2026-05-11T10:05:21+0000,1778493921.3910234,1778493921.4035826,TiDB,tidb_uniform,tidb_native,885,select,16170,71373,False,0.0,True,,12.559175491333008,1
2026-05-11T10:05:21+0000,1778493921.385652,1778493921.403706,TiDB,tidb_uniform,tidb_native,865,update,25716,87918,False,0.0,True,,18.05400848388672,1
2026-05-11T10:05:21+0000,1778493921.379537,1778493921.4038942,TiDB,tidb_uniform,tidb_native,843,select,8779,43643,False,0.0,True,,24.357080459594727,1
2026-05-11T10:05:21+0000,1778493921.3615148,1778493921.4040241,TiDB,tidb_uniform,tidb_native,782,select,10146,85979,False,0.0,True,,42.50931739807129,1
2026-05-11T10:05:21+0000,1778493921.3188286,1778493921.4041197,TiDB,tidb_uniform,tidb_native,642,select,13291,58032,False,0.0,True,,85.29114723205566,1
2026-05-11T10:05:21+0000,1778493921.3692613,1778493921.4043622,TiDB,tidb_uniform,tidb_native,807,select,19059,31366,False,0.0,True,,35.10093688964844,1
2026-05-11T10:05:21+0000,1778493921.39262,1778493921.4045775,TiDB,tidb_uniform,tidb_native,891,select,16177,98139,False,0.0,True,,11.957406997680664,1
2026-05-11T10:05:21+0000,1778493921.3590338,1778493921.4049041,TiDB,tidb_uniform,tidb_native,774,select,23232,96322,False,0.0,True,,45.870304107666016,1
2026-05-11T10:05:21+0000,1778493921.3837836,1778493921.4050522,TiDB,tidb_uniform,tidb_native,860,insert,3523,51110,False,0.0,True,,21.268606185913086,1
2026-05-11T10:05:21+0000,1778493921.384746,1778493921.4051878,TiDB,tidb_uniform,tidb_native,862,select,26674,71829,False,0.0,True,,20.441770553588867,1
2026-05-11T10:05:21+0000,1778493921.3882656,1778493921.4053965,TiDB,tidb_uniform,tidb_native,875,select,5820,54557,False,0.0,True,,17.13085174560547,1
2026-05-11T10:05:21+0000,1778493921.378601,1778493921.4055655,TiDB,tidb_uniform,tidb_native,841,select,29088,30496,False,0.0,True,,26.964426040649414,1
2026-05-11T10:05:21+0000,1778493921.3736856,1778493921.4059057,TiDB,tidb_uniform,tidb_native,825,select,12,17069,False,0.0,True,,32.22012519836426,1
2026-05-11T10:05:21+0000,1778493921.3745885,1778493921.406036,TiDB,tidb_uniform,tidb_native,827,update,28584,72922,False,0.0,True,,31.447410583496094,1
2026-05-11T10:05:21+0000,1778493921.3621254,1778493921.4065673,TiDB,tidb_uniform,tidb_native,784,select,25185,8252,False,0.0,True,,44.441938400268555,1
2026-05-11T10:05:21+0000,1778493921.3863418,1778493921.4067392,TiDB,tidb_uniform,tidb_native,867,update,6438,89973,False,0.0,True,,20.397424697875977,1
2026-05-11T10:05:21+0000,1778493921.378016,1778493921.4071922,TiDB,tidb_uniform,tidb_native,838,insert,7924,56266,False,0.0,True,,29.17623519897461,1
2026-05-11T10:05:21+0000,1778493921.380069,1778493921.4073405,TiDB,tidb_uniform,tidb_native,844,select,8876,89302,False,0.0,True,,27.271509170532227,1
2026-05-11T10:05:21+0000,1778493921.389337,1778493921.4074466,TiDB,tidb_uniform,tidb_native,879,select,6133,82220,False,0.0,True,,18.109560012817383,1
2026-05-11T10:05:21+0000,1778493921.3948636,1778493921.4076416,TiDB,tidb_uniform,tidb_native,899,select,25625,3372,False,0.0,True,,12.778043746948242,1
2026-05-11T10:05:21+0000,1778493921.3808763,1778493921.4078414,TiDB,tidb_uniform,tidb_native,847,select,1888,21613,False,0.0,True,,26.96514129638672,1
2026-05-11T10:05:21+0000,1778493921.3878593,1778493921.4086585,TiDB,tidb_uniform,tidb_native,873,select,9876,21432,False,0.0,True,,20.79916000366211,1
2026-05-11T10:05:21+0000,1778493921.3898165,1778493921.408906,TiDB,tidb_uniform,tidb_native,880,select,24341,29671,False,0.0,True,,19.089460372924805,1
2026-05-11T10:05:21+0000,1778493921.376068,1778493921.4091775,TiDB,tidb_uniform,tidb_native,830,insert,26673,52446,False,0.0,True,,33.109426498413086,1
2026-05-11T10:05:21+0000,1778493921.3938103,1778493921.4093587,TiDB,tidb_uniform,tidb_native,895,insert,10123,70847,False,0.0,True,,15.548467636108398,1
2026-05-11T10:05:21+0000,1778493921.356056,1778493921.4095407,TiDB,tidb_uniform,tidb_native,765,select,12360,53397,False,0.0,True,,53.48467826843262,1
2026-05-11T10:05:21+0000,1778493921.3891253,1778493921.4097073,TiDB,tidb_uniform,tidb_native,878,select,26253,65124,False,0.0,True,,20.581960678100586,1
2026-05-11T10:05:21+0000,1778493921.3935595,1778493921.4097776,TiDB,tidb_uniform,tidb_native,894,update,23237,47384,False,0.0,True,,16.218185424804688,1
2026-05-11T10:05:21+0000,1778493921.390086,1778493921.4098923,TiDB,tidb_uniform,tidb_native,881,select,10327,95981,False,0.0,True,,19.806385040283203,1
2026-05-11T10:05:21+0000,1778493921.3720162,1778493921.4100473,TiDB,tidb_uniform,tidb_native,819,select,7976,52877,False,0.0,True,,38.03110122680664,1
2026-05-11T10:05:21+0000,1778493921.3904474,1778493921.4102216,TiDB,tidb_uniform,tidb_native,882,select,2996,6783,False,0.0,True,,19.774198532104492,1
2026-05-11T10:05:21+0000,1778493921.3886473,1778493921.4103682,TiDB,tidb_uniform,tidb_native,876,update,27867,17403,False,0.0,True,,21.72088623046875,1
2026-05-11T10:05:21+0000,1778493921.3911173,1778493921.4105504,TiDB,tidb_uniform,tidb_native,886,select,13023,8378,False,0.0,True,,19.433021545410156,1
2026-05-11T10:05:21+0000,1778493921.3833566,1778493921.4106789,TiDB,tidb_uniform,tidb_native,858,insert,7313,57214,False,0.0,True,,27.32229232788086,1
2026-05-11T10:05:21+0000,1778493921.377289,1778493921.4107573,TiDB,tidb_uniform,tidb_native,835,update,132,61645,False,0.0,True,,33.46824645996094,1
2026-05-11T10:05:21+0000,1778493921.3922393,1778493921.4108613,TiDB,tidb_uniform,tidb_native,889,select,15260,41755,False,0.0,True,,18.62192153930664,1
2026-05-11T10:05:21+0000,1778493921.3924224,1778493921.410977,TiDB,tidb_uniform,tidb_native,890,select,29237,59498,False,0.0,True,,18.5544490814209,1
2026-05-11T10:05:21+0000,1778493921.3932812,1778493921.4111931,TiDB,tidb_uniform,tidb_native,893,update,6605,63966,False,0.0,True,,17.911911010742188,1
2026-05-11T10:05:21+0000,1778493921.3857691,1778493921.4112601,TiDB,tidb_uniform,tidb_native,866,select,29278,62999,False,0.0,True,,25.490999221801758,1
2026-05-11T10:05:21+0000,1778493921.3943136,1778493921.411319,TiDB,tidb_uniform,tidb_native,898,select,20621,31945,False,0.0,True,,17.005443572998047,1
2026-05-11T10:05:21+0000,1778493921.365343,1778493921.411441,TiDB,tidb_uniform,tidb_native,793,select,4434,33092,False,0.0,True,,46.09799385070801,1
2026-05-11T10:05:21+0000,1778493921.3880017,1778493921.4115324,TiDB,tidb_uniform,tidb_native,874,update,25640,54450,False,0.0,True,,23.53072166442871,1
2026-05-11T10:05:21+0000,1778493921.3867295,1778493921.4117284,TiDB,tidb_uniform,tidb_native,869,select,29022,78310,False,0.0,True,,24.998903274536133,1
2026-05-11T10:05:21+0000,1778493921.390719,1778493921.4118402,TiDB,tidb_uniform,tidb_native,883,insert,29144,46148,False,0.0,True,,21.12126350402832,1
2026-05-11T10:05:21+0000,1778493921.3939602,1778493921.4120462,TiDB,tidb_uniform,tidb_native,896,insert,21219,83804,False,0.0,True,,18.085956573486328,1
2026-05-11T10:05:21+0000,1778493921.390909,1778493921.4121444,TiDB,tidb_uniform,tidb_native,884,select,24070,27793,False,0.0,True,,21.23546600341797,1
2026-05-11T10:05:21+0000,1778493921.3725128,1778493921.4123147,TiDB,tidb_uniform,tidb_native,821,select,5168,93753,False,0.0,True,,39.801836013793945,1
2026-05-11T10:05:21+0000,1778493921.3874211,1778493921.4124725,TiDB,tidb_uniform,tidb_native,871,select,22503,9671,False,0.0,True,,25.051355361938477,1
2026-05-11T10:05:21+0000,1778493921.3823993,1778493921.4126248,TiDB,tidb_uniform,tidb_native,853,select,3137,29104,False,0.0,True,,30.225515365600586,1
2026-05-11T10:05:21+0000,1778493921.39179,1778493921.4128377,TiDB,tidb_uniform,tidb_native,888,update,16093,64173,False,0.0,True,,21.04783058166504,1
2026-05-11T10:05:21+0000,1778493921.3825834,1778493921.412971,TiDB,tidb_uniform,tidb_native,854,update,18817,9405,False,0.0,True,,30.38763999938965,1
2026-05-11T10:05:21+0000,1778493921.3913164,1778493921.4130924,TiDB,tidb_uniform,tidb_native,887,update,12079,19468,False,0.0,True,,21.77596092224121,1
2026-05-11T10:05:21+0000,1778493921.3609335,1778493921.4132128,TiDB,tidb_uniform,tidb_native,780,select,16813,44551,False,0.0,True,,52.27923393249512,1
2026-05-11T10:05:21+0000,1778493921.7391424,1778493921.7433972,TiDB,tidb_hot70,tidb_native,4,select,3003,40164,True,0.7,True,,4.254817962646484,1
2026-05-11T10:05:21+0000,1778493921.7387915,1778493921.7444556,TiDB,tidb_hot70,tidb_native,3,select,23732,45264,False,0.7,True,,5.66411018371582,1
2026-05-11T10:05:21+0000,1778493921.739614,1778493921.7424417,TiDB,tidb_hot70,tidb_native,5,select,3002,35024,True,0.7,True,,2.8276443481445312,1
2026-05-11T10:05:21+0000,1778493921.7402794,1778493921.7454307,TiDB,tidb_hot70,tidb_native,7,select,3002,17603,True,0.7,True,,5.151271820068359,1
2026-05-11T10:05:21+0000,1778493921.7399757,1778493921.7449203,TiDB,tidb_hot70,tidb_native,6,select,3001,14845,True,0.7,True,,4.944562911987305,1
2026-05-11T10:05:22+0000,1778493921.7412305,1778493922.042503,TiDB,tidb_hot70,tidb_native,9,select,3003,2143,True,0.7,True,,301.2726306915283,1
2026-05-11T10:05:22+0000,1778493921.734635,1778493922.20109,TiDB,tidb_hot70,tidb_native,1,select,3001,85962,True,0.7,True,,466.45498275756836,1
2026-05-11T10:05:22+0000,1778493921.7420435,1778493922.208201,TiDB,tidb_hot70,tidb_native,11,select,20550,95683,False,0.7,True,,466.1574363708496,1
2026-05-11T10:05:22+0000,1778493921.7620819,1778493922.2864919,TiDB,tidb_hot70,tidb_native,69,select,19680,35606,False,0.7,True,,524.4100093841553,1
2026-05-11T10:05:22+0000,1778493921.7607055,1778493922.2868547,TiDB,tidb_hot70,tidb_native,64,select,21048,42848,False,0.7,True,,526.1492729187012,1
2026-05-11T10:05:22+0000,1778493921.7475116,1778493922.2875326,TiDB,tidb_hot70,tidb_native,25,select,15031,25005,False,0.7,True,,540.0209426879883,1
2026-05-11T10:05:22+0000,1778493921.7604375,1778493922.28801,TiDB,tidb_hot70,tidb_native,63,select,24109,78761,False,0.7,True,,527.5723934173584,1
2026-05-11T10:05:22+0000,1778493921.7497356,1778493922.2887297,TiDB,tidb_hot70,tidb_native,33,select,29931,21773,False,0.7,True,,538.9940738677979,1
2026-05-11T10:05:22+0000,1778493921.7519743,1778493922.2916088,TiDB,tidb_hot70,tidb_native,40,select,19956,32420,False,0.7,True,,539.6344661712646,1
2026-05-11T10:05:22+0000,1778493921.7630897,1778493922.2918992,TiDB,tidb_hot70,tidb_native,73,select,29325,31629,False,0.7,True,,528.8095474243164,1
2026-05-11T10:05:22+0000,1778493922.2012153,1778493922.292573,TiDB,tidb_hot70,tidb_native,102,select,8864,20538,False,0.7,True,,91.35770797729492,1
2026-05-11T10:05:22+0000,1778493921.7552154,1778493922.2932205,TiDB,tidb_hot70,tidb_native,50,select,13225,65608,False,0.7,True,,538.0051136016846,1
2026-05-11T10:05:22+0000,1778493921.7690842,1778493922.2936788,TiDB,tidb_hot70,tidb_native,96,select,3001,10074,True,0.7,True,,524.5945453643799,1
2026-05-11T10:05:22+0000,1778493921.750307,1778493922.2942092,TiDB,tidb_hot70,tidb_native,35,select,3003,8926,True,0.7,True,,543.9021587371826,1
2026-05-11T10:05:22+0000,1778493921.7526195,1778493922.294511,TiDB,tidb_hot70,tidb_native,42,select,3000,70176,True,0.7,True,,541.8915748596191,1
2026-05-11T10:05:22+0000,1778493921.7593799,1778493922.2946646,TiDB,tidb_hot70,tidb_native,59,select,21325,86135,False,0.7,True,,535.2847576141357,1
2026-05-11T10:05:22+0000,1778493921.769661,1778493922.294898,TiDB,tidb_hot70,tidb_native,98,select,1691,21143,False,0.7,True,,525.2370834350586,1
2026-05-11T10:05:22+0000,1778493921.7683806,1778493922.2955325,TiDB,tidb_hot70,tidb_native,93,select,3001,5,True,0.7,True,,527.1518230438232,1
2026-05-11T10:05:22+0000,1778493921.766609,1778493922.2959678,TiDB,tidb_hot70,tidb_native,86,select,3003,42534,True,0.7,True,,529.3588638305664,1
2026-05-11T10:05:22+0000,1778493921.7596402,1778493922.296378,TiDB,tidb_hot70,tidb_native,60,select,3003,45058,True,0.7,True,,536.7376804351807,1
2026-05-11T10:05:22+0000,1778493921.7591007,1778493922.2965498,TiDB,tidb_hot70,tidb_native,58,select,3000,96572,True,0.7,True,,537.4491214752197,1
2026-05-11T10:05:22+0000,1778493921.756555,1778493922.297409,TiDB,tidb_hot70,tidb_native,54,select,3000,67734,True,0.7,True,,540.8539772033691,1
2026-05-11T10:05:22+0000,1778493921.7655258,1778493922.297702,TiDB,tidb_hot70,tidb_native,82,select,13872,93528,False,0.7,True,,532.1762561798096,1
2026-05-11T10:05:22+0000,1778493921.7649548,1778493922.297874,TiDB,tidb_hot70,tidb_native,80,select,3003,59623,True,0.7,True,,532.91916847229,1
2026-05-11T10:05:22+0000,1778493921.7601836,1778493922.2979856,TiDB,tidb_hot70,tidb_native,62,select,3004,21038,True,0.7,True,,537.80198097229,1
2026-05-11T10:05:22+0000,1778493921.7635942,1778493922.298636,TiDB,tidb_hot70,tidb_native,75,select,3002,55300,True,0.7,True,,535.0418090820312,1
2026-05-11T10:05:22+0000,1778493921.7513607,1778493922.3007681,TiDB,tidb_hot70,tidb_native,38,select,5750,61412,False,0.7,True,,549.4074821472168,1
2026-05-11T10:05:22+0000,1778493921.7449725,1778493922.3012729,TiDB,tidb_hot70,tidb_native,17,select,3001,96608,True,0.7,True,,556.3004016876221,1
2026-05-11T10:05:22+0000,1778493921.7679193,1778493922.3019152,TiDB,tidb_hot70,tidb_native,91,select,3002,19409,True,0.7,True,,533.9958667755127,1
2026-05-11T10:05:22+0000,1778493921.7483726,1778493922.3023508,TiDB,tidb_hot70,tidb_native,28,select,23911,45762,False,0.7,True,,553.9782047271729,1
2026-05-11T10:05:22+0000,1778493921.7543166,1778493922.302802,TiDB,tidb_hot70,tidb_native,47,select,3000,50467,True,0.7,True,,548.485517501831,1
2026-05-11T10:05:22+0000,1778493921.7457745,1778493922.303222,TiDB,tidb_hot70,tidb_native,19,select,3000,52867,True,0.7,True,,557.4474334716797,1
2026-05-11T10:05:22+0000,1778493921.74944,1778493922.303498,TiDB,tidb_hot70,tidb_native,32,select,3001,17580,True,0.7,True,,554.0580749511719,1
2026-05-11T10:05:22+0000,1778493921.7643468,1778493922.3038514,TiDB,tidb_hot70,tidb_native,78,select,3000,34132,True,0.7,True,,539.5045280456543,1
2026-05-11T10:05:22+0000,1778493921.7638288,1778493922.3041668,TiDB,tidb_hot70,tidb_native,76,select,3000,83311,True,0.7,True,,540.3380393981934,1
2026-05-11T10:05:22+0000,1778493921.7516654,1778493922.3046749,TiDB,tidb_hot70,tidb_native,39,select,3004,90039,True,0.7,True,,553.0095100402832,1
2026-05-11T10:05:22+0000,1778493921.7523158,1778493922.305219,TiDB,tidb_hot70,tidb_native,41,select,3002,74918,True,0.7,True,,552.9031753540039,1
2026-05-11T10:05:22+0000,1778493921.7687907,1778493922.305537,TiDB,tidb_hot70,tidb_native,95,select,18760,72329,False,0.7,True,,536.7462635040283,1
2026-05-11T10:05:22+0000,1778493921.7646854,1778493922.3057938,TiDB,tidb_hot70,tidb_native,79,select,3004,88276,True,0.7,True,,541.1083698272705,1
2026-05-11T10:05:22+0000,1778493921.7570913,1778493922.3063648,TiDB,tidb_hot70,tidb_native,56,select,3000,36967,True,0.7,True,,549.2734909057617,1
2026-05-11T10:05:22+0000,1778493921.7463994,1778493922.306687,TiDB,tidb_hot70,tidb_native,22,select,27534,77303,False,0.7,True,,560.2877140045166,1
2026-05-11T10:05:22+0000,1778493921.7555778,1778493922.306959,TiDB,tidb_hot70,tidb_native,51,select,3002,55332,True,0.7,True,,551.3811111450195,1
2026-05-11T10:05:22+0000,1778493921.7561195,1778493922.3072457,TiDB,tidb_hot70,tidb_native,53,select,3003,83657,True,0.7,True,,551.12624168396,1
2026-05-11T10:05:22+0000,1778493921.7549336,1778493922.3075888,TiDB,tidb_hot70,tidb_native,49,select,3004,94575,True,0.7,True,,552.6552200317383,1
2026-05-11T10:05:22+0000,1778493921.7488954,1778493922.3081086,TiDB,tidb_hot70,tidb_native,30,select,3004,7493,True,0.7,True,,559.2131614685059,1
2026-05-11T10:05:22+0000,1778493921.7628639,1778493922.3082979,TiDB,tidb_hot70,tidb_native,72,select,3002,29784,True,0.7,True,,545.4339981079102,1
2026-05-11T10:05:22+0000,1778493921.7658,1778493922.308668,TiDB,tidb_hot70,tidb_native,83,select,3000,63696,True,0.7,True,,542.86789894104,1
2026-05-11T10:05:22+0000,1778493921.768598,1778493922.308914,TiDB,tidb_hot70,tidb_native,94,select,3004,73175,True,0.7,True,,540.3158664703369,1
2026-05-11T10:05:22+0000,1778493921.749973,1778493922.3092132,TiDB,tidb_hot70,tidb_native,34,select,3003,78964,True,0.7,True,,559.2401027679443,1
2026-05-11T10:05:22+0000,1778493921.7587783,1778493922.309441,TiDB,tidb_hot70,tidb_native,57,select,3003,57237,True,0.7,True,,550.6627559661865,1
2026-05-11T10:05:22+0000,1778493921.7613251,1778493922.3101943,TiDB,tidb_hot70,tidb_native,66,select,3002,34559,True,0.7,True,,548.8691329956055,1
2026-05-11T10:05:22+0000,1778493921.7618883,1778493922.310386,TiDB,tidb_hot70,tidb_native,68,select,23359,50529,False,0.7,True,,548.4976768493652,1
2026-05-11T10:05:22+0000,1778493921.766315,1778493922.310706,TiDB,tidb_hot70,tidb_native,85,select,3002,61636,True,0.7,True,,544.3909168243408,1
2026-05-11T10:05:22+0000,1778493921.7458863,1778493922.31109,TiDB,tidb_hot70,tidb_native,20,select,14268,16894,False,0.7,True,,565.2036666870117,1
2026-05-11T10:05:22+0000,1778493921.770198,1778493922.3115284,TiDB,tidb_hot70,tidb_native,100,select,3697,58562,False,0.7,True,,541.3303375244141,1
2026-05-11T10:05:22+0000,1778493921.7378557,1778493922.3172793,TiDB,tidb_hot70,tidb_native,2,update,3004,61404,True,0.7,True,,579.4236660003662,1
2026-05-11T10:05:22+0000,1778493921.7329185,1778493922.320875,TiDB,tidb_hot70,tidb_native,0,update,3822,22887,False,0.7,True,,587.956428527832,1
2026-05-11T10:05:22+0000,1778493921.7405794,1778493922.3215668,TiDB,tidb_hot70,tidb_native,8,update,14451,5538,False,0.7,True,,580.9874534606934,1
2026-05-11T10:05:22+0000,1778493922.291674,1778493922.323235,TiDB,tidb_hot70,tidb_native,109,select,4025,19016,False,0.7,True,,31.56113624572754,1
2026-05-11T10:05:22+0000,1778493921.7470174,1778493922.3279915,TiDB,tidb_hot70,tidb_native,24,select,3002,13237,True,0.7,True,,580.9741020202637,1
2026-05-11T10:05:22+0000,1778493921.7438748,1778493922.3293283,TiDB,tidb_hot70,tidb_native,15,select,3003,67919,True,0.7,True,,585.4535102844238,1
2026-05-11T10:05:22+0000,1778493921.7535565,1778493922.3296497,TiDB,tidb_hot70,tidb_native,45,select,3004,86024,True,0.7,True,,576.0931968688965,1
2026-05-11T10:05:22+0000,1778493921.7558641,1778493922.3300397,TiDB,tidb_hot70,tidb_native,52,select,3001,12907,True,0.7,True,,574.1755962371826,1
2026-05-11T10:05:22+0000,1778493921.7510335,1778493922.3303163,TiDB,tidb_hot70,tidb_native,37,select,3001,11260,True,0.7,True,,579.2827606201172,1
2026-05-11T10:05:22+0000,1778493921.756819,1778493922.3305387,TiDB,tidb_hot70,tidb_native,55,select,3002,27952,True,0.7,True,,573.7197399139404,1
2026-05-11T10:05:22+0000,1778493921.7693906,1778493922.3311472,TiDB,tidb_hot70,tidb_native,97,select,3003,66412,True,0.7,True,,561.7566108703613,1
2026-05-11T10:05:22+0000,1778493921.7671509,1778493922.331477,TiDB,tidb_hot70,tidb_native,88,select,3004,81995,True,0.7,True,,564.3260478973389,1
2026-05-11T10:05:22+0000,1778493921.7610142,1778493922.3323455,TiDB,tidb_hot70,tidb_native,65,select,3003,19111,True,0.7,True,,571.331262588501,1
2026-05-11T10:05:22+0000,1778493922.2082574,1778493922.332512,TiDB,tidb_hot70,tidb_native,103,select,3003,75235,True,0.7,True,,124.25446510314941,1
2026-05-11T10:05:22+0000,1778493921.7652352,1778493922.3328538,TiDB,tidb_hot70,tidb_native,81,select,3002,14454,True,0.7,True,,567.6186084747314,1
2026-05-11T10:05:22+0000,1778493921.7640386,1778493922.3330047,TiDB,tidb_hot70,tidb_native,77,select,3002,36711,True,0.7,True,,568.9661502838135,1
2026-05-11T10:05:22+0000,1778493922.296583,1778493922.3338723,TiDB,tidb_hot70,tidb_native,121,select,3003,67856,True,0.7,True,,37.28938102722168,1
2026-05-11T10:05:22+0000,1778493922.2964194,1778493922.334261,TiDB,tidb_hot70,tidb_native,120,select,3000,40127,True,0.7,True,,37.8415584564209,1
2026-05-11T10:05:22+0000,1778493922.2977662,1778493922.3350537,TiDB,tidb_hot70,tidb_native,123,select,3004,86055,True,0.7,True,,37.28747367858887,1
2026-05-11T10:05:22+0000,1778493922.2865825,1778493922.336465,TiDB,tidb_hot70,tidb_native,104,select,3002,75284,True,0.7,True,,49.88241195678711,1
2026-05-11T10:05:22+0000,1778493922.2949314,1778493922.336678,TiDB,tidb_hot70,tidb_native,117,select,3001,35632,True,0.7,True,,41.74661636352539,1
2026-05-11T10:05:22+0000,1778493922.3056054,1778493922.336898,TiDB,tidb_hot70,tidb_native,138,select,3004,76628,True,0.7,True,,31.29267692565918,1
2026-05-11T10:05:22+0000,1778493922.3029203,1778493922.3372083,TiDB,tidb_hot70,tidb_native,131,select,3004,81177,True,0.7,True,,34.28792953491211,1
2026-05-11T10:05:22+0000,1778493922.2869015,1778493922.3376448,TiDB,tidb_hot70,tidb_native,105,select,3001,70530,True,0.7,True,,50.74334144592285,1
2026-05-11T10:05:22+0000,1778493922.295597,1778493922.3378606,TiDB,tidb_hot70,tidb_native,118,select,3004,7591,True,0.7,True,,42.26350784301758,1
2026-05-11T10:05:22+0000,1778493922.2881043,1778493922.3383563,TiDB,tidb_hot70,tidb_native,107,select,3004,40056,True,0.7,True,,50.25196075439453,1
2026-05-11T10:05:22+0000,1778493922.303909,1778493922.3385367,TiDB,tidb_hot70,tidb_native,134,select,3003,42630,True,0.7,True,,34.627676010131836,1
2026-05-11T10:05:22+0000,1778493922.3013186,1778493922.3438845,TiDB,tidb_hot70,tidb_native,128,select,3000,63706,True,0.7,True,,42.56582260131836,1
2026-05-11T10:05:22+0000,1778493922.3064106,1778493922.3442512,TiDB,tidb_hot70,tidb_native,140,select,16641,37611,False,0.7,True,,37.84060478210449,1
2026-05-11T10:05:22+0000,1778493922.3081555,1778493922.3452117,TiDB,tidb_hot70,tidb_native,145,select,3000,95577,True,0.7,True,,37.05620765686035,1
2026-05-11T10:05:22+0000,1778493922.2875776,1778493922.3456411,TiDB,tidb_hot70,tidb_native,106,select,19859,84065,False,0.7,True,,58.063507080078125,1
2026-05-11T10:05:22+0000,1778493922.2979171,1778493922.3458002,TiDB,tidb_hot70,tidb_native,124,select,3757,83029,False,0.7,True,,47.883033752441406,1
2026-05-11T10:05:22+0000,1778493922.3072817,1778493922.3460054,TiDB,tidb_hot70,tidb_native,143,select,3004,89312,True,0.7,True,,38.72370719909668,1
2026-05-11T10:05:22+0000,1778493922.2986822,1778493922.346539,TiDB,tidb_hot70,tidb_native,126,select,20010,68983,False,0.7,True,,47.856807708740234,1
2026-05-11T10:05:22+0000,1778493922.311601,1778493922.3472905,TiDB,tidb_hot70,tidb_native,155,select,3001,63226,True,0.7,True,,35.689592361450195,1
2026-05-11T10:05:22+0000,1778493922.3008165,1778493922.347726,TiDB,tidb_hot70,tidb_native,127,select,3003,54612,True,0.7,True,,46.90957069396973,1
2026-05-11T10:05:22+0000,1778493922.3042421,1778493922.348,TiDB,tidb_hot70,tidb_native,135,select,3001,62809,True,0.7,True,,43.75791549682617,1
2026-05-11T10:05:22+0000,1778493922.306737,1778493922.3481536,TiDB,tidb_hot70,tidb_native,141,select,3001,17828,True,0.7,True,,41.41664505004883,1
2026-05-11T10:05:22+0000,1778493922.2920341,1778493922.3485715,TiDB,tidb_hot70,tidb_native,110,select,3001,85743,True,0.7,True,,56.53738975524902,1
2026-05-11T10:05:22+0000,1778493922.309497,1778493922.3487892,TiDB,tidb_hot70,tidb_native,150,select,3004,70625,True,0.7,True,,39.292097091674805,1
2026-05-11T10:05:22+0000,1778493922.3092728,1778493922.3557835,TiDB,tidb_hot70,tidb_native,149,select,3003,94933,True,0.7,True,,46.51069641113281,1
2026-05-11T10:05:22+0000,1778493922.3070085,1778493922.35608,TiDB,tidb_hot70,tidb_native,142,select,3003,32278,True,0.7,True,,49.071550369262695,1
2026-05-11T10:05:22+0000,1778493922.2947075,1778493922.3589005,TiDB,tidb_hot70,tidb_native,116,select,3002,74928,True,0.7,True,,64.1930103302002,1
2026-05-11T10:05:22+0000,1778493922.3032799,1778493922.3592105,TiDB,tidb_hot70,tidb_native,132,select,3002,25710,True,0.7,True,,55.93061447143555,1
2026-05-11T10:05:22+0000,1778493922.3058474,1778493922.3594646,TiDB,tidb_hot70,tidb_native,139,select,3000,77785,True,0.7,True,,53.617238998413086,1
2026-05-11T10:05:22+0000,1778493922.3107607,1778493922.366255,TiDB,tidb_hot70,tidb_native,153,select,25228,83023,False,0.7,True,,55.49430847167969,1
2026-05-11T10:05:22+0000,1778493922.3089814,1778493922.3666098,TiDB,tidb_hot70,tidb_native,148,select,3001,44426,True,0.7,True,,57.62839317321777,1
2026-05-11T10:05:22+0000,1778493922.3104866,1778493922.3669806,TiDB,tidb_hot70,tidb_native,152,select,3004,61172,True,0.7,True,,56.49399757385254,1
2026-05-11T10:05:22+0000,1778493922.3083408,1778493922.3673742,TiDB,tidb_hot70,tidb_native,146,select,3000,20808,True,0.7,True,,59.03339385986328,1
2026-05-11T10:05:22+0000,1778493921.7492142,1778493922.3861797,TiDB,tidb_hot70,tidb_native,31,update,3002,22320,True,0.7,True,,636.9655132293701,1
2026-05-11T10:05:22+0000,1778493922.3480728,1778493922.386883,TiDB,tidb_hot70,tidb_native,192,select,3004,901,True,0.7,True,,38.81025314331055,1
2026-05-11T10:05:22+0000,1778493922.3558578,1778493922.387333,TiDB,tidb_hot70,tidb_native,196,select,3004,41109,True,0.7,True,,31.475067138671875,1
2026-05-11T10:05:22+0000,1778493922.3367221,1778493922.3879085,TiDB,tidb_hot70,tidb_native,176,select,3000,28990,True,0.7,True,,51.186323165893555,1
2026-05-11T10:05:22+0000,1778493922.3386045,1778493922.3882875,TiDB,tidb_hot70,tidb_native,182,select,3002,80917,True,0.7,True,,49.6830940246582,1
2026-05-11T10:05:22+0000,1778493922.3589542,1778493922.3883915,TiDB,tidb_hot70,tidb_native,198,select,3004,30844,True,0.7,True,,29.43730354309082,1
2026-05-11T10:05:22+0000,1778493922.3488412,1778493922.3887272,TiDB,tidb_hot70,tidb_native,195,select,3002,80351,True,0.7,True,,39.8859977722168,1
2026-05-11T10:05:22+0000,1778493922.345842,1778493922.3890398,TiDB,tidb_hot70,tidb_native,187,select,3000,39556,True,0.7,True,,43.1978702545166,1
2026-05-11T10:05:22+0000,1778493922.3369474,1778493922.3908489,TiDB,tidb_hot70,tidb_native,177,select,3003,10744,True,0.7,True,,53.90143394470215,1
2026-05-11T10:05:22+0000,1778493922.3312016,1778493922.3911788,TiDB,tidb_hot70,tidb_native,166,select,3003,99722,True,0.7,True,,59.97729301452637,1
2026-05-11T10:05:22+0000,1778493922.3329132,1778493922.3917735,TiDB,tidb_hot70,tidb_native,170,select,3002,58207,True,0.7,True,,58.86030197143555,1
2026-05-11T10:05:22+0000,1778493922.3303835,1778493922.392027,TiDB,tidb_hot70,tidb_native,164,select,3000,9997,True,0.7,True,,61.643362045288086,1
2026-05-11T10:05:22+0000,1778493922.3173318,1778493922.3925507,TiDB,tidb_hot70,tidb_native,156,select,3002,1931,True,0.7,True,,75.21891593933105,1
2026-05-11T10:05:22+0000,1778493922.3377032,1778493922.3932407,TiDB,tidb_hot70,tidb_native,179,select,3004,267,True,0.7,True,,55.53746223449707,1
2026-05-11T10:05:22+0000,1778493922.3330486,1778493922.3937824,TiDB,tidb_hot70,tidb_native,171,select,3002,45478,True,0.7,True,,60.733795166015625,1
2026-05-11T10:05:22+0000,1778493922.3439708,1778493922.3940656,TiDB,tidb_hot70,tidb_native,183,select,3000,26009,True,0.7,True,,50.0948429107666,1
2026-05-11T10:05:22+0000,1778493922.3453302,1778493922.3945315,TiDB,tidb_hot70,tidb_native,185,select,1218,35514,False,0.7,True,,49.201250076293945,1
2026-05-11T10:05:22+0000,1778493922.3216064,1778493922.3946884,TiDB,tidb_hot70,tidb_native,158,select,3000,23865,True,0.7,True,,73.08197021484375,1
2026-05-11T10:05:22+0000,1778493922.3297322,1778493922.3948736,TiDB,tidb_hot70,tidb_native,162,select,3000,16044,True,0.7,True,,65.14143943786621,1
2026-05-11T10:05:22+0000,1778493922.3477786,1778493922.395045,TiDB,tidb_hot70,tidb_native,191,select,15496,93262,False,0.7,True,,47.266483306884766,1
2026-05-11T10:05:22+0000,1778493921.745047,1778493922.7743278,TiDB,tidb_hot70,tidb_native,18,insert,3004,3879,True,0.7,True,,1029.280662536621,1
2026-05-11T10:05:22+0000,1778493921.7445033,1778493922.7748723,TiDB,tidb_hot70,tidb_native,16,insert,3003,54136,True,0.7,True,,1030.3690433502197,1
2026-05-11T10:05:22+0000,1778493922.3595166,1778493922.7753558,TiDB,tidb_hot70,tidb_native,200,select,25606,29614,False,0.7,True,,415.83919525146484,1
2026-05-11T10:05:22+0000,1778493922.3592532,1778493922.775974,TiDB,tidb_hot70,tidb_native,199,select,796,33138,False,0.7,True,,416.7208671569824,1
2026-05-11T10:05:22+0000,1778493921.7460349,1778493922.776826,TiDB,tidb_hot70,tidb_native,21,insert,3001,60627,True,0.7,True,,1030.7910442352295,1
2026-05-11T10:05:22+0000,1778493922.387433,1778493922.7774868,TiDB,tidb_hot70,tidb_native,207,select,718,83850,False,0.7,True,,390.05374908447266,1
2026-05-11T10:05:22+0000,1778493922.394719,1778493922.7779386,TiDB,tidb_hot70,tidb_native,222,select,15670,67841,False,0.7,True,,383.21971893310547,1
2026-05-11T10:05:22+0000,1778493922.3323982,1778493922.7787473,TiDB,tidb_hot70,tidb_native,168,select,3000,8306,True,0.7,True,,446.3491439819336,1
2026-05-11T10:05:22+0000,1778493922.366667,1778493922.7793317,TiDB,tidb_hot70,tidb_native,202,select,3000,33389,True,0.7,True,,412.66465187072754,1
2026-05-11T10:05:22+0000,1778493922.3674254,1778493922.779755,TiDB,tidb_hot70,tidb_native,204,select,17802,87102,False,0.7,True,,412.32967376708984,1
2026-05-11T10:05:22+0000,1778493922.3301651,1778493922.7800238,TiDB,tidb_hot70,tidb_native,163,select,16211,97969,False,0.7,True,,449.8586654663086,1
2026-05-11T10:05:22+0000,1778493922.3926604,1778493922.7801623,TiDB,tidb_hot70,tidb_native,217,select,28466,79815,False,0.7,True,,387.50195503234863,1
2026-05-11T10:05:22+0000,1778493922.344304,1778493922.7804291,TiDB,tidb_hot70,tidb_native,184,select,3004,87074,True,0.7,True,,436.1250400543213,1
2026-05-11T10:05:22+0000,1778493922.33727,1778493922.780873,TiDB,tidb_hot70,tidb_native,178,select,22064,38757,False,0.7,True,,443.6030387878418,1
2026-05-11T10:05:22+0000,1778493922.3561387,1778493922.7810268,TiDB,tidb_hot70,tidb_native,197,select,29872,22613,False,0.7,True,,424.88813400268555,1
2026-05-11T10:05:22+0000,1778493922.3280308,1778493922.7812052,TiDB,tidb_hot70,tidb_native,160,select,3003,97740,True,0.7,True,,453.174352645874,1
2026-05-11T10:05:22+0000,1778493922.3663194,1778493922.7815022,TiDB,tidb_hot70,tidb_native,201,select,3001,84070,True,0.7,True,,415.18282890319824,1
2026-05-11T10:05:22+0000,1778493922.3384163,1778493922.781724,TiDB,tidb_hot70,tidb_native,181,select,3001,49842,True,0.7,True,,443.30763816833496,1
2026-05-11T10:05:22+0000,1778493921.753259,1778493922.7819874,TiDB,tidb_hot70,tidb_native,44,insert,3002,6941,True,0.7,True,,1028.7284851074219,1
2026-05-11T10:05:22+0000,1778493921.7437687,1778493922.7821972,TiDB,tidb_hot70,tidb_native,14,insert,20326,80237,False,0.7,True,,1038.428544998169,1
2026-05-11T10:05:22+0000,1778493922.308721,1778493922.7829633,TiDB,tidb_hot70,tidb_native,147,update,3000,83671,True,0.7,True,,474.2422103881836,1
2026-05-11T10:05:22+0000,1778493922.387961,1778493922.7832267,TiDB,tidb_hot70,tidb_native,208,select,11812,47670,False,0.7,True,,395.2658176422119,1
2026-05-11T10:05:22+0000,1778493922.3325567,1778493922.783515,TiDB,tidb_hot70,tidb_native,169,select,3767,71733,False,0.7,True,,450.958251953125,1
2026-05-11T10:05:22+0000,1778493922.3293726,1778493922.7836146,TiDB,tidb_hot70,tidb_native,161,select,28607,95797,False,0.7,True,,454.2419910430908,1
2026-05-11T10:05:22+0000,1778493922.3473556,1778493922.7842133,TiDB,tidb_hot70,tidb_native,190,select,29081,27850,False,0.7,True,,436.8577003479004,1
2026-05-11T10:05:22+0000,1778493922.3909116,1778493922.7843933,TiDB,tidb_hot70,tidb_native,213,select,3002,41098,True,0.7,True,,393.4817314147949,1
2026-05-11T10:05:22+0000,1778493922.3862803,1778493922.7846327,TiDB,tidb_hot70,tidb_native,205,select,3001,73388,True,0.7,True,,398.35238456726074,1
2026-05-11T10:05:22+0000,1778493922.3869298,1778493922.7848973,TiDB,tidb_hot70,tidb_native,206,select,20916,73290,False,0.7,True,,397.9675769805908,1
2026-05-11T10:05:22+0000,1778493922.3932917,1778493922.7852128,TiDB,tidb_hot70,tidb_native,218,select,12810,18908,False,0.7,True,,391.9210433959961,1
2026-05-11T10:05:22+0000,1778493922.3482049,1778493922.7856553,TiDB,tidb_hot70,tidb_native,193,select,7291,89313,False,0.7,True,,437.4504089355469,1
2026-05-11T10:05:22+0000,1778493922.3076394,1778493922.785925,TiDB,tidb_hot70,tidb_native,144,insert,12768,18220,False,0.7,True,,478.285551071167,1
2026-05-11T10:05:22+0000,1778493922.3670774,1778493922.7866101,TiDB,tidb_hot70,tidb_native,203,select,3000,45296,True,0.7,True,,419.53277587890625,1
2026-05-11T10:05:23+0000,1778493922.389121,1778493923.4920497,TiDB,tidb_hot70,tidb_native,212,select,3002,80975,True,0.7,True,,1102.928638458252,1
2026-05-11T10:05:23+0000,1778493922.348639,1778493923.6413813,TiDB,tidb_hot70,tidb_native,194,insert,3002,72933,True,0.7,True,,1292.7422523498535,1
2026-05-11T10:05:23+0000,1778493921.746686,1778493923.6561487,TiDB,tidb_hot70,tidb_native,23,update,27620,74429,False,0.7,True,,1909.4626903533936,1
2026-05-11T10:05:23+0000,1778493922.3343089,1778493923.6564531,TiDB,tidb_hot70,tidb_native,173,insert,3003,37062,True,0.7,True,,1322.1442699432373,1
2026-05-11T10:05:23+0000,1778493922.3350894,1778493923.684406,TiDB,tidb_hot70,tidb_native,174,insert,3004,45270,True,0.7,True,,1349.3165969848633,1
2026-05-11T10:05:23+0000,1778493921.7529657,1778493923.6958506,TiDB,tidb_hot70,tidb_native,43,update,20354,5002,False,0.7,True,,1942.884922027588,1
2026-05-11T10:05:23+0000,1778493922.3339117,1778493923.696155,TiDB,tidb_hot70,tidb_native,172,update,8060,32902,False,0.7,True,,1362.243413925171,1
2026-05-11T10:05:23+0000,1778493921.7480636,1778493923.7049284,TiDB,tidb_hot70,tidb_native,27,update,3003,72425,True,0.7,True,,1956.864833831787,1
2026-05-11T10:05:23+0000,1778493922.3209295,1778493923.7051747,TiDB,tidb_hot70,tidb_native,157,update,2572,38908,False,0.7,True,,1384.2451572418213,1
2026-05-11T10:05:23+0000,1778493922.3884299,1778493923.7054393,TiDB,tidb_hot70,tidb_native,210,select,22758,43310,False,0.7,True,,1317.009449005127,1
2026-05-11T10:05:23+0000,1778493922.3457084,1778493923.7057416,TiDB,tidb_hot70,tidb_native,186,insert,3002,89741,True,0.7,True,,1360.0332736968994,1
2026-05-11T10:05:23+0000,1778493921.747794,1778493923.7076466,TiDB,tidb_hot70,tidb_native,26,update,3004,91583,True,0.7,True,,1959.852695465088,1
2026-05-11T10:05:23+0000,1778493922.3938498,1778493923.7082064,TiDB,tidb_hot70,tidb_native,219,select,3004,18278,True,0.7,True,,1314.3565654754639,1
2026-05-11T10:05:23+0000,1778493921.7545826,1778493923.7089224,TiDB,tidb_hot70,tidb_native,48,update,3001,36381,True,0.7,True,,1954.3397426605225,1
2026-05-11T10:05:23+0000,1778493922.346616,1778493923.7092912,TiDB,tidb_hot70,tidb_native,189,insert,3004,1618,True,0.7,True,,1362.6751899719238,1
2026-05-11T10:05:23+0000,1778493921.7681532,1778493923.7095785,TiDB,tidb_hot70,tidb_native,92,update,15879,59296,False,0.7,True,,1941.4253234863281,1
2026-05-11T10:05:23+0000,1778493922.3912318,1778493923.7141836,TiDB,tidb_hot70,tidb_native,214,select,19045,72921,False,0.7,True,,1322.9517936706543,1
2026-05-11T10:05:23+0000,1778493922.394228,1778493923.7169807,TiDB,tidb_hot70,tidb_native,220,insert,3002,21883,True,0.7,True,,1322.7527141571045,1
2026-05-11T10:05:23+0000,1778493923.6844664,1778493923.7195652,TiDB,tidb_hot70,tidb_native,261,select,27630,72009,False,0.7,True,,35.09879112243652,1
2026-05-11T10:05:23+0000,1778493921.7669303,1778493923.720619,TiDB,tidb_hot70,tidb_native,87,insert,3004,77156,True,0.7,True,,1953.688621520996,1
2026-05-11T10:05:23+0000,1778493922.7802105,1778493923.7208655,TiDB,tidb_hot70,tidb_native,236,select,7738,89799,False,0.7,True,,940.654993057251,1
2026-05-11T10:05:23+0000,1778493922.7835536,1778493923.7211738,TiDB,tidb_hot70,tidb_native,247,select,9419,26739,False,0.7,True,,937.6201629638672,1
2026-05-11T10:05:23+0000,1778493923.6414852,1778493923.7214878,TiDB,tidb_hot70,tidb_native,258,select,20314,53944,False,0.7,True,,80.0025463104248,1
2026-05-11T10:05:23+0000,1778493922.7810655,1778493923.7219548,TiDB,tidb_hot70,tidb_native,239,select,6994,71418,False,0.7,True,,940.8893585205078,1
2026-05-11T10:05:23+0000,1778493921.7623808,1778493923.722509,TiDB,tidb_hot70,tidb_native,70,insert,3004,90685,True,0.7,True,,1960.1280689239502,1
2026-05-11T10:05:23+0000,1778493922.2932851,1778493923.7239952,TiDB,tidb_hot70,tidb_native,112,insert,3004,79722,True,0.7,True,,1430.7100772857666,1
2026-05-11T10:05:23+0000,1778493922.394917,1778493923.7250605,TiDB,tidb_hot70,tidb_native,223,select,13712,9683,False,0.7,True,,1330.1434516906738,1
2026-05-11T10:05:23+0000,1778493922.7859764,1778493923.7254744,TiDB,tidb_hot70,tidb_native,255,select,13454,11735,False,0.7,True,,939.4979476928711,1
2026-05-11T10:05:23+0000,1778493921.7674687,1778493923.7257116,TiDB,tidb_hot70,tidb_native,89,insert,2776,5686,False,0.7,True,,1958.2428932189941,1
2026-05-11T10:05:23+0000,1778493922.7817833,1778493923.7264066,TiDB,tidb_hot70,tidb_native,242,select,3003,70235,True,0.7,True,,944.6232318878174,1
2026-05-11T10:05:23+0000,1778493922.774491,1778493923.7271256,TiDB,tidb_hot70,tidb_native,225,select,3001,82579,True,0.7,True,,952.6345729827881,1
2026-05-11T10:05:23+0000,1778493922.7769008,1778493923.7274716,TiDB,tidb_hot70,tidb_native,229,select,3003,44913,True,0.7,True,,950.570821762085,1
2026-05-11T10:05:23+0000,1778493922.7820544,1778493923.728006,TiDB,tidb_hot70,tidb_native,243,select,11369,22892,False,0.7,True,,945.9514617919922,1
2026-05-11T10:05:23+0000,1778493922.776014,1778493923.7281728,TiDB,tidb_hot70,tidb_native,228,select,3003,88960,True,0.7,True,,952.1586894989014,1
2026-05-11T10:05:23+0000,1778493922.7788126,1778493923.7285125,TiDB,tidb_hot70,tidb_native,232,select,3000,91058,True,0.7,True,,949.699878692627,1
2026-05-11T10:05:23+0000,1778493922.7849417,1778493923.7288122,TiDB,tidb_hot70,tidb_native,252,select,3000,99456,True,0.7,True,,943.8705444335938,1
2026-05-11T10:05:23+0000,1778493922.7857602,1778493923.7290578,TiDB,tidb_hot70,tidb_native,254,select,3003,40092,True,0.7,True,,943.2976245880127,1
2026-05-11T10:05:23+0000,1778493922.7832685,1778493923.7293565,TiDB,tidb_hot70,tidb_native,246,select,3000,661,True,0.7,True,,946.0880756378174,1
2026-05-11T10:05:23+0000,1778493922.294564,1778493923.7296433,TiDB,tidb_hot70,tidb_native,115,insert,10330,28630,False,0.7,True,,1435.0793361663818,1
2026-05-11T10:05:23+0000,1778493922.7867107,1778493923.7299862,TiDB,tidb_hot70,tidb_native,256,select,25487,85931,False,0.7,True,,943.2754516601562,1
2026-05-11T10:05:23+0000,1778493922.310248,1778493923.730291,TiDB,tidb_hot70,tidb_native,151,insert,3004,82453,True,0.7,True,,1420.0429916381836,1
2026-05-11T10:05:23+0000,1778493922.7842674,1778493923.7305388,TiDB,tidb_hot70,tidb_native,249,select,3003,88202,True,0.7,True,,946.2714195251465,1
2026-05-11T10:05:23+0000,1778493921.7434611,1778493923.7307484,TiDB,tidb_hot70,tidb_native,13,insert,21998,88260,False,0.7,True,,1987.2872829437256,1
2026-05-11T10:05:23+0000,1778493921.7430491,1778493923.7309327,TiDB,tidb_hot70,tidb_native,12,insert,29852,77847,False,0.7,True,,1987.8835678100586,1
2026-05-11T10:05:23+0000,1778493922.3365145,1778493923.7311625,TiDB,tidb_hot70,tidb_native,175,update,3004,42362,True,0.7,True,,1394.6480751037598,1
2026-05-11T10:05:23+0000,1778493922.780073,1778493923.731297,TiDB,tidb_hot70,tidb_native,235,select,3001,56199,True,0.7,True,,951.2240886688232,1
2026-05-11T10:05:23+0000,1778493922.7804847,1778493923.7314754,TiDB,tidb_hot70,tidb_native,237,select,3001,60009,True,0.7,True,,950.9906768798828,1
2026-05-11T10:05:23+0000,1778493922.7822468,1778493923.7316182,TiDB,tidb_hot70,tidb_native,244,select,3003,13629,True,0.7,True,,949.371337890625,1
2026-05-11T10:05:23+0000,1778493923.6565163,1778493923.7318106,TiDB,tidb_hot70,tidb_native,260,select,3002,55939,True,0.7,True,,75.29425621032715,1
2026-05-11T10:05:23+0000,1778493922.2888193,1778493923.7320285,TiDB,tidb_hot70,tidb_native,108,insert,3002,69161,True,0.7,True,,1443.209171295166,1
2026-05-11T10:05:23+0000,1778493922.3024445,1778493923.7321754,TiDB,tidb_hot70,tidb_native,130,insert,17571,44772,False,0.7,True,,1429.7308921813965,1
2026-05-11T10:05:23+0000,1778493922.301982,1778493923.7323012,TiDB,tidb_hot70,tidb_native,129,insert,3003,52082,True,0.7,True,,1430.3193092346191,1
2026-05-11T10:05:23+0000,1778493922.7846925,1778493923.73253,TiDB,tidb_hot70,tidb_native,251,select,23492,12022,False,0.7,True,,947.8375911712646,1
2026-05-11T10:05:23+0000,1778493923.4934103,1778493923.7330506,TiDB,tidb_hot70,tidb_native,257,select,3004,25275,True,0.7,True,,239.6402359008789,1
2026-05-11T10:05:23+0000,1778493922.3111534,1778493923.7331843,TiDB,tidb_hot70,tidb_native,154,insert,20799,2569,False,0.7,True,,1422.0309257507324,1
2026-05-11T10:05:23+0000,1778493922.7754657,1778493923.7332928,TiDB,tidb_hot70,tidb_native,227,select,3000,15150,True,0.7,True,,957.827091217041,1
2026-05-11T10:05:23+0000,1778493922.294331,1778493923.7334445,TiDB,tidb_hot70,tidb_native,114,insert,27681,66495,False,0.7,True,,1439.1133785247803,1
2026-05-11T10:05:23+0000,1778493923.7057772,1778493923.7337272,TiDB,tidb_hot70,tidb_native,267,select,3001,85176,True,0.7,True,,27.950048446655273,1
2026-05-11T10:05:23+0000,1778493922.7809296,1778493923.7343078,TiDB,tidb_hot70,tidb_native,238,select,3001,63882,True,0.7,True,,953.3782005310059,1
2026-05-11T10:05:23+0000,1778493923.7096348,1778493923.7344675,TiDB,tidb_hot70,tidb_native,272,select,3000,2542,True,0.7,True,,24.832725524902344,1
2026-05-11T10:05:23+0000,1778493923.6962073,1778493923.7345817,TiDB,tidb_hot70,tidb_native,263,select,3000,30453,True,0.7,True,,38.37442398071289,1
2026-05-11T10:05:23+0000,1778493923.7089615,1778493923.7347274,TiDB,tidb_hot70,tidb_native,270,select,3004,66721,True,0.7,True,,25.76589584350586,1
2026-05-11T10:05:23+0000,1778493922.2974699,1778493923.7348645,TiDB,tidb_hot70,tidb_native,122,update,22089,74057,False,0.7,True,,1437.394618988037,1
2026-05-11T10:05:23+0000,1778493923.7052178,1778493923.7351828,TiDB,tidb_hot70,tidb_native,265,select,6741,74044,False,0.7,True,,29.964923858642578,1
2026-05-11T10:05:23+0000,1778493923.7093349,1778493923.7419333,TiDB,tidb_hot70,tidb_native,271,select,3001,55901,True,0.7,True,,32.59849548339844,1
2026-05-11T10:05:23+0000,1778493923.7170212,1778493923.7431695,TiDB,tidb_hot70,tidb_native,274,select,3002,49112,True,0.7,True,,26.148319244384766,1
2026-05-11T10:05:23+0000,1778493923.7209153,1778493923.7434156,TiDB,tidb_hot70,tidb_native,277,select,3001,33591,True,0.7,True,,22.500276565551758,1
2026-05-11T10:05:23+0000,1778493922.7794504,1778493923.750749,TiDB,tidb_hot70,tidb_native,233,insert,4322,15931,False,0.7,True,,971.2986946105957,1
2026-05-11T10:05:23+0000,1778493923.7309625,1778493923.7511485,TiDB,tidb_hot70,tidb_native,300,select,3002,68338,True,0.7,True,,20.18594741821289,1
2026-05-11T10:05:23+0000,1778493923.733215,1778493923.7524264,TiDB,tidb_hot70,tidb_native,311,select,14598,77279,False,0.7,True,,19.211292266845703,1
2026-05-11T10:05:23+0000,1778493922.3951037,1778493923.7526536,TiDB,tidb_hot70,tidb_native,224,update,18593,36110,False,0.7,True,,1357.5499057769775,1
2026-05-11T10:05:23+0000,1778493922.3945854,1778493923.7528677,TiDB,tidb_hot70,tidb_native,221,insert,7673,63137,False,0.7,True,,1358.2823276519775,1
2026-05-11T10:05:23+0000,1778493922.3918166,1778493923.7530978,TiDB,tidb_hot70,tidb_native,215,update,3003,40411,True,0.7,True,,1361.281156539917,1
2026-05-11T10:05:23+0000,1778493922.7813034,1778493923.7533212,TiDB,tidb_hot70,tidb_native,240,insert,3004,9373,True,0.7,True,,972.017765045166,1
2026-05-11T10:05:23+0000,1778493923.732209,1778493923.7535458,TiDB,tidb_hot70,tidb_native,307,select,26817,6080,False,0.7,True,,21.336793899536133,1
2026-05-11T10:05:23+0000,1778493923.7206666,1778493923.753803,TiDB,tidb_hot70,tidb_native,276,select,3002,18774,True,0.7,True,,33.13636779785156,1
2026-05-11T10:05:23+0000,1778493923.7323325,1778493923.7541327,TiDB,tidb_hot70,tidb_native,308,select,3004,61648,True,0.7,True,,21.80027961730957,1
2026-05-11T10:05:23+0000,1778493923.7345,1778493923.7544067,TiDB,tidb_hot70,tidb_native,316,select,3003,87890,True,0.7,True,,19.90675926208496,1
2026-05-11T10:05:23+0000,1778493922.3047419,1778493923.7546444,TiDB,tidb_hot70,tidb_native,136,update,1536,3556,False,0.7,True,,1449.9025344848633,1
2026-05-11T10:05:23+0000,1778493922.3883338,1778493923.7549498,TiDB,tidb_hot70,tidb_native,209,update,3000,22990,True,0.7,True,,1366.6160106658936,1
2026-05-11T10:05:23+0000,1778493923.719606,1778493923.7553537,TiDB,tidb_hot70,tidb_native,275,select,3000,53394,True,0.7,True,,35.74776649475098,1
2026-05-11T10:05:23+0000,1778493923.7212255,1778493923.7555969,TiDB,tidb_hot70,tidb_native,278,select,11946,19318,False,0.7,True,,34.371376037597656,1
2026-05-11T10:05:23+0000,1778493923.7333233,1778493923.7617834,TiDB,tidb_hot70,tidb_native,312,select,14841,90544,False,0.7,True,,28.460025787353516,1
2026-05-11T10:05:23+0000,1778493923.7285771,1778493923.7620223,TiDB,tidb_hot70,tidb_native,291,select,3001,8194,True,0.7,True,,33.445119857788086,1
2026-05-11T10:05:23+0000,1778493923.7291121,1778493923.7623158,TiDB,tidb_hot70,tidb_native,293,select,4034,36225,False,0.7,True,,33.2036018371582,1
2026-05-11T10:05:23+0000,1778493923.733492,1778493923.7625995,TiDB,tidb_hot70,tidb_native,313,select,3004,591,True,0.7,True,,29.10757064819336,1
2026-05-11T10:05:23+0000,1778493923.7307856,1778493923.7628222,TiDB,tidb_hot70,tidb_native,299,select,3004,79795,True,0.7,True,,32.036542892456055,1
2026-05-11T10:05:23+0000,1778493923.7347586,1778493923.763097,TiDB,tidb_hot70,tidb_native,318,select,14429,36463,False,0.7,True,,28.33843231201172,1
2026-05-11T10:05:23+0000,1778493922.7750263,1778493923.7652242,TiDB,tidb_hot70,tidb_native,226,update,3002,78183,True,0.7,True,,990.1978969573975,1
2026-05-11T10:05:23+0000,1778493923.7331035,1778493923.7655096,TiDB,tidb_hot70,tidb_native,310,select,3001,78919,True,0.7,True,,32.40609169006348,1
2026-05-11T10:05:23+0000,1778493923.7305849,1778493923.7657986,TiDB,tidb_hot70,tidb_native,298,select,3003,94204,True,0.7,True,,35.21370887756348,1
2026-05-11T10:05:23+0000,1778493922.781558,1778493923.766386,TiDB,tidb_hot70,tidb_native,241,update,3000,56473,True,0.7,True,,984.827995300293,1
2026-05-11T10:05:23+0000,1778493923.7294142,1778493923.766773,TiDB,tidb_hot70,tidb_native,294,select,3004,18785,True,0.7,True,,37.358760833740234,1
2026-05-11T10:05:23+0000,1778493923.755388,1778493923.7668812,TiDB,tidb_hot70,tidb_native,337,select,3000,12754,True,0.7,True,,11.493206024169922,1
2026-05-11T10:05:23+0000,1778493922.779814,1778493923.7680707,TiDB,tidb_hot70,tidb_native,234,update,9575,39476,False,0.7,True,,988.2566928863525,1
2026-05-11T10:05:23+0000,1778493922.7836602,1778493923.7682858,TiDB,tidb_hot70,tidb_native,248,update,20249,60632,False,0.7,True,,984.6255779266357,1
2026-05-11T10:05:23+0000,1778493923.7533607,1778493923.7686794,TiDB,tidb_hot70,tidb_native,330,select,20019,22731,False,0.7,True,,15.318632125854492,1
2026-05-11T10:05:23+0000,1778493923.7226157,1778493923.7688904,TiDB,tidb_hot70,tidb_native,281,select,3000,41878,True,0.7,True,,46.274662017822266,1
2026-05-11T10:05:23+0000,1778493923.7318466,1778493923.770574,TiDB,tidb_hot70,tidb_native,305,select,3001,51840,True,0.7,True,,38.727521896362305,1
2026-05-11T10:05:23+0000,1778493923.6959121,1778493923.770777,TiDB,tidb_hot70,tidb_native,262,insert,3002,30769,True,0.7,True,,74.86486434936523,1
2026-05-11T10:05:23+0000,1778493923.7311993,1778493923.771858,TiDB,tidb_hot70,tidb_native,301,select,10494,9588,False,0.7,True,,40.65871238708496,1
2026-05-11T10:05:23+0000,1778493923.7300441,1778493923.772081,TiDB,tidb_hot70,tidb_native,296,select,3001,73722,True,0.7,True,,42.03677177429199,1
2026-05-11T10:05:23+0000,1778493923.7082446,1778493923.7723815,TiDB,tidb_hot70,tidb_native,269,select,3003,73260,True,0.7,True,,64.13698196411133,1
2026-05-11T10:05:23+0000,1778493923.7337666,1778493923.7727954,TiDB,tidb_hot70,tidb_native,314,select,3002,74880,True,0.7,True,,39.02888298034668,1
2026-05-11T10:05:23+0000,1778493923.7544487,1778493923.772986,TiDB,tidb_hot70,tidb_native,334,select,3004,65910,True,0.7,True,,18.537282943725586,1
2026-05-11T10:05:23+0000,1778493923.7623596,1778493923.7734563,TiDB,tidb_hot70,tidb_native,341,select,17974,98235,False,0.7,True,,11.096715927124023,1
2026-05-11T10:05:23+0000,1778493923.7620578,1778493923.773718,TiDB,tidb_hot70,tidb_native,340,select,12364,14281,False,0.7,True,,11.660337448120117,1
2026-05-11T10:05:23+0000,1778493923.7524633,1778493923.773848,TiDB,tidb_hot70,tidb_native,326,select,15128,78575,False,0.7,True,,21.384716033935547,1
2026-05-11T10:05:23+0000,1778493923.7631454,1778493923.7742567,TiDB,tidb_hot70,tidb_native,344,select,26931,67667,False,0.7,True,,11.111259460449219,1
2026-05-11T10:05:23+0000,1778493923.7535806,1778493923.7744286,TiDB,tidb_hot70,tidb_native,331,select,6643,61087,False,0.7,True,,20.84803581237793,1
2026-05-11T10:05:23+0000,1778493922.778217,1778493923.7745883,TiDB,tidb_hot70,tidb_native,231,update,3003,58757,True,0.7,True,,996.3712692260742,1
2026-05-11T10:05:23+0000,1778493923.73166,1778493923.7748039,TiDB,tidb_hot70,tidb_native,304,select,3002,57588,True,0.7,True,,43.14398765563965,1
2026-05-11T10:05:23+0000,1778493923.7419908,1778493923.7751043,TiDB,tidb_hot70,tidb_native,321,select,19566,67626,False,0.7,True,,33.11347961425781,1
2026-05-11T10:05:23+0000,1778493923.7271767,1778493923.775261,TiDB,tidb_hot70,tidb_native,287,select,3001,183,True,0.7,True,,48.084259033203125,1
2026-05-11T10:05:23+0000,1778493923.7652822,1778493923.7754319,TiDB,tidb_hot70,tidb_native,345,select,18078,38765,False,0.7,True,,10.149717330932617,1
2026-05-11T10:05:23+0000,1778493923.7529168,1778493923.7757149,TiDB,tidb_hot70,tidb_native,328,select,8507,9577,False,0.7,True,,22.79806137084961,1
2026-05-11T10:05:23+0000,1778493923.7049809,1778493923.7758548,TiDB,tidb_hot70,tidb_native,264,update,5812,80830,False,0.7,True,,70.87397575378418,1
2026-05-11T10:05:23+0000,1778493923.753848,1778493923.776155,TiDB,tidb_hot70,tidb_native,332,select,3000,55930,True,0.7,True,,22.30691909790039,1
2026-05-11T10:05:23+0000,1778493923.7280655,1778493923.7763116,TiDB,tidb_hot70,tidb_native,289,select,3002,87632,True,0.7,True,,48.246145248413086,1
2026-05-11T10:05:23+0000,1778493923.7618272,1778493923.7765093,TiDB,tidb_hot70,tidb_native,339,select,3004,24037,True,0.7,True,,14.68205451965332,1
2026-05-11T10:05:23+0000,1778493923.754986,1778493923.776901,TiDB,tidb_hot70,tidb_native,336,select,3004,64244,True,0.7,True,,21.914958953857422,1
2026-05-11T10:05:23+0000,1778493923.7215264,1778493923.7770786,TiDB,tidb_hot70,tidb_native,279,insert,3002,92164,True,0.7,True,,55.55224418640137,1
2026-05-11T10:05:23+0000,1778493923.7626374,1778493923.7774754,TiDB,tidb_hot70,tidb_native,342,select,3000,82903,True,0.7,True,,14.837980270385742,1
2026-05-11T10:05:23+0000,1778493923.766432,1778493923.7778409,TiDB,tidb_hot70,tidb_native,348,select,3003,46934,True,0.7,True,,11.408805847167969,1
2026-05-11T10:05:23+0000,1778493923.768723,1778493923.7783744,TiDB,tidb_hot70,tidb_native,353,select,22031,23500,False,0.7,True,,9.651422500610352,1
2026-05-11T10:05:23+0000,1778493923.7668147,1778493923.7787008,TiDB,tidb_hot70,tidb_native,349,select,3000,5879,True,0.7,True,,11.886119842529297,1
2026-05-11T10:05:23+0000,1778493923.725149,1778493923.7792327,TiDB,tidb_hot70,tidb_native,283,insert,19203,99868,False,0.7,True,,54.083824157714844,1
2026-05-11T10:05:23+0000,1778493923.7343578,1778493923.7794456,TiDB,tidb_hot70,tidb_native,315,insert,3003,21600,True,0.7,True,,45.08781433105469,1
2026-05-11T10:05:23+0000,1778493923.7241042,1778493923.7812967,TiDB,tidb_hot70,tidb_native,282,update,18175,17136,False,0.7,True,,57.19256401062012,1
2026-05-11T10:05:23+0000,1778493923.7527106,1778493923.7821534,TiDB,tidb_hot70,tidb_native,327,select,3004,45055,True,0.7,True,,29.442787170410156,1
2026-05-11T10:05:23+0000,1778493923.7708333,1778493923.782576,TiDB,tidb_hot70,tidb_native,356,select,3004,34159,True,0.7,True,,11.742830276489258,1
2026-05-11T10:05:23+0000,1778493923.7352395,1778493923.7831452,TiDB,tidb_hot70,tidb_native,320,insert,3004,2460,True,0.7,True,,47.905683517456055,1
2026-05-11T10:05:23+0000,1778493923.7320695,1778493923.7841234,TiDB,tidb_hot70,tidb_native,306,insert,3000,73774,True,0.7,True,,52.05392837524414,1
2026-05-11T10:05:23+0000,1778493923.7721484,1778493923.7847385,TiDB,tidb_hot70,tidb_native,358,select,3003,52247,True,0.7,True,,12.590169906616211,1
2026-05-11T10:05:23+0000,1778493923.7054815,1778493923.7854183,TiDB,tidb_hot70,tidb_native,266,update,3001,73626,True,0.7,True,,79.93674278259277,1
2026-05-11T10:05:23+0000,1778493923.7282267,1778493923.7862475,TiDB,tidb_hot70,tidb_native,290,select,3003,72960,True,0.7,True,,58.020830154418945,1
2026-05-11T10:05:23+0000,1778493923.7683353,1778493923.7865682,TiDB,tidb_hot70,tidb_native,352,select,3000,94591,True,0.7,True,,18.23282241821289,1
2026-05-11T10:05:23+0000,1778493923.7742958,1778493923.7870111,TiDB,tidb_hot70,tidb_native,365,select,2873,29058,False,0.7,True,,12.715339660644531,1
2026-05-11T10:05:23+0000,1778493923.7541811,1778493923.787683,TiDB,tidb_hot70,tidb_native,333,insert,3000,40733,True,0.7,True,,33.50186347961426,1
2026-05-11T10:05:23+0000,1778493923.770613,1778493923.7880287,TiDB,tidb_hot70,tidb_native,355,select,28726,62293,False,0.7,True,,17.415761947631836,1
2026-05-11T10:05:23+0000,1778493923.7737606,1778493923.7882097,TiDB,tidb_hot70,tidb_native,363,select,3003,19926,True,0.7,True,,14.449119567871094,1
2026-05-11T10:05:23+0000,1778493923.7669182,1778493923.7886262,TiDB,tidb_hot70,tidb_native,350,select,3002,96129,True,0.7,True,,21.708011627197266,1
2026-05-11T10:05:23+0000,1778493923.7724447,1778493923.789354,TiDB,tidb_hot70,tidb_native,359,select,25316,72930,False,0.7,True,,16.909360885620117,1
2026-05-11T10:05:23+0000,1778493923.7826185,1778493923.7895596,TiDB,tidb_hot70,tidb_native,387,select,3001,22975,True,0.7,True,,6.941080093383789,1
2026-05-11T10:05:23+0000,1778493921.7539988,1778493923.78992,TiDB,tidb_hot70,tidb_native,46,update,3000,70405,True,0.7,True,,2035.921335220337,1
2026-05-11T10:05:23+0000,1778493923.7719188,1778493923.7901907,TiDB,tidb_hot70,tidb_native,357,select,3000,89251,True,0.7,True,,18.271923065185547,1
2026-05-11T10:05:23+0000,1778493923.774461,1778493923.790529,TiDB,tidb_hot70,tidb_native,366,select,4610,41800,False,0.7,True,,16.067981719970703,1
2026-05-11T10:05:23+0000,1778493923.7738838,1778493923.7908692,TiDB,tidb_hot70,tidb_native,364,select,9746,98506,False,0.7,True,,16.985416412353516,1
2026-05-11T10:05:23+0000,1778493923.7831862,1778493923.7916136,TiDB,tidb_hot70,tidb_native,388,select,27108,4747,False,0.7,True,,8.42738151550293,1
2026-05-11T10:05:23+0000,1778493923.7787645,1778493923.7921016,TiDB,tidb_hot70,tidb_native,382,select,3001,85163,True,0.7,True,,13.337135314941406,1
2026-05-11T10:05:23+0000,1778493923.7728493,1778493923.7925317,TiDB,tidb_hot70,tidb_native,360,select,3001,93976,True,0.7,True,,19.68240737915039,1
2026-05-11T10:05:23+0000,1778493923.7349138,1778493923.792958,TiDB,tidb_hot70,tidb_native,319,select,3000,8478,True,0.7,True,,58.0441951751709,1
2026-05-11T10:05:23+0000,1778493923.7779062,1778493923.793365,TiDB,tidb_hot70,tidb_native,380,select,1706,93612,False,0.7,True,,15.458822250366211,1
2026-05-11T10:05:23+0000,1778493923.7757523,1778493923.7938137,TiDB,tidb_hot70,tidb_native,372,select,3002,87074,True,0.7,True,,18.061399459838867,1
2026-05-11T10:05:23+0000,1778493923.7748435,1778493923.794053,TiDB,tidb_hot70,tidb_native,368,select,10775,70741,False,0.7,True,,19.209623336791992,1
2026-05-11T10:05:23+0000,1778493923.779499,1778493923.794374,TiDB,tidb_hot70,tidb_native,384,select,3003,63407,True,0.7,True,,14.874935150146484,1
2026-05-11T10:05:23+0000,1778493921.7416725,1778493923.7947161,TiDB,tidb_hot70,tidb_native,10,update,3004,93306,True,0.7,True,,2053.0436038970947,1
2026-05-11T10:05:23+0000,1778493923.7754712,1778493923.795357,TiDB,tidb_hot70,tidb_native,371,select,3004,14861,True,0.7,True,,19.885778427124023,1
2026-05-11T10:05:23+0000,1778493923.7315109,1778493923.795786,TiDB,tidb_hot70,tidb_native,303,update,1558,9550,False,0.7,True,,64.27502632141113,1
2026-05-11T10:05:23+0000,1778493923.7759044,1778493923.796132,TiDB,tidb_hot70,tidb_native,373,select,3003,74562,True,0.7,True,,20.227670669555664,1
2026-05-11T10:05:23+0000,1778493922.3305967,1778493923.7964277,TiDB,tidb_hot70,tidb_native,165,update,3003,99263,True,0.7,True,,1465.8310413360596,1
2026-05-11T10:05:23+0000,1778493923.7775319,1778493923.7967072,TiDB,tidb_hot70,tidb_native,379,select,3000,67004,True,0.7,True,,19.175291061401367,1
2026-05-11T10:05:23+0000,1778493923.7746243,1778493923.8938344,TiDB,tidb_hot70,tidb_native,367,select,25263,29759,False,0.7,True,,119.21000480651855,1
2026-05-11T10:05:23+0000,1778493923.7313385,1778493923.894388,TiDB,tidb_hot70,tidb_native,302,insert,3001,30307,True,0.7,True,,163.04945945739746,1
2026-05-11T10:05:23+0000,1778493923.7734993,1778493923.8946161,TiDB,tidb_hot70,tidb_native,362,insert,3004,77395,True,0.7,True,,121.11687660217285,1
2026-05-11T10:05:23+0000,1778493923.7346156,1778493923.8948116,TiDB,tidb_hot70,tidb_native,317,update,23607,97560,False,0.7,True,,160.19606590270996,1
2026-05-11T10:05:23+0000,1778493923.7752976,1778493923.8955865,TiDB,tidb_hot70,tidb_native,370,select,3002,41881,True,0.7,True,,120.28884887695312,1
2026-05-11T10:05:23+0000,1778493923.7434528,1778493923.8958375,TiDB,tidb_hot70,tidb_native,323,insert,3003,91736,True,0.7,True,,152.38475799560547,1
2026-05-11T10:05:23+0000,1778493923.7771275,1778493923.8961365,TiDB,tidb_hot70,tidb_native,378,select,3001,72697,True,0.7,True,,119.00901794433594,1
2026-05-11T10:05:23+0000,1778493923.7751365,1778493923.8966753,TiDB,tidb_hot70,tidb_native,369,select,3004,16070,True,0.7,True,,121.53887748718262,1
2026-05-11T10:05:23+0000,1778493923.7761908,1778493923.8971813,TiDB,tidb_hot70,tidb_native,374,select,3000,12337,True,0.7,True,,120.99051475524902,1
2026-05-11T10:05:23+0000,1778493923.776961,1778493923.8973277,TiDB,tidb_hot70,tidb_native,377,select,3000,33307,True,0.7,True,,120.36657333374023,1
2026-05-11T10:05:23+0000,1778493923.7658377,1778493923.897605,TiDB,tidb_hot70,tidb_native,347,insert,3000,86515,True,0.7,True,,131.76727294921875,1
2026-05-11T10:05:23+0000,1778493923.726471,1778493923.8977654,TiDB,tidb_hot70,tidb_native,286,insert,3003,8733,True,0.7,True,,171.2944507598877,1
2026-05-11T10:05:23+0000,1778493923.7934277,1778493923.8980827,TiDB,tidb_hot70,tidb_native,409,select,27704,88867,False,0.7,True,,104.65502738952637,1
2026-05-11T10:05:23+0000,1778493923.7880862,1778493923.8983693,TiDB,tidb_hot70,tidb_native,396,select,28479,28464,False,0.7,True,,110.28313636779785,1
2026-05-11T10:05:23+0000,1778493923.7531505,1778493923.899158,TiDB,tidb_hot70,tidb_native,329,insert,3002,3990,True,0.7,True,,146.00753784179688,1
2026-05-11T10:05:23+0000,1778493923.7546966,1778493923.8998196,TiDB,tidb_hot70,tidb_native,335,insert,3002,50599,True,0.7,True,,145.12300491333008,1
2026-05-11T10:05:23+0000,1778493923.751188,1778493923.899992,TiDB,tidb_hot70,tidb_native,325,insert,3001,52580,True,0.7,True,,148.8039493560791,1
2026-05-11T10:05:23+0000,1778493923.7275164,1778493923.9001508,TiDB,tidb_hot70,tidb_native,288,insert,3004,21572,True,0.7,True,,172.63436317443848,1
2026-05-11T10:05:23+0000,1778493923.7556515,1778493923.9003584,TiDB,tidb_hot70,tidb_native,338,insert,3001,25703,True,0.7,True,,144.70696449279785,1
2026-05-11T10:05:23+0000,1778493923.728867,1778493923.9005322,TiDB,tidb_hot70,tidb_native,292,insert,3001,26919,True,0.7,True,,171.66519165039062,1
2026-05-11T10:05:23+0000,1778493923.7689323,1778493923.9007313,TiDB,tidb_hot70,tidb_native,354,insert,27835,62776,False,0.7,True,,131.79898262023926,1
2026-05-11T10:05:23+0000,1778493923.895685,1778493923.901027,TiDB,tidb_hot70,tidb_native,423,select,3001,92569,True,0.7,True,,5.342006683349609,1
2026-05-11T10:05:23+0000,1778493923.8959005,1778493923.9013305,TiDB,tidb_hot70,tidb_native,424,select,6634,84962,False,0.7,True,,5.429983139038086,1
2026-05-11T10:05:23+0000,1778493923.7965076,1778493923.901633,TiDB,tidb_hot70,tidb_native,417,select,15204,32686,False,0.7,True,,105.12542724609375,1
2026-05-11T10:05:23+0000,1778493923.7962253,1778493923.9019911,TiDB,tidb_hot70,tidb_native,416,select,3000,40351,True,0.7,True,,105.76581954956055,1
2026-05-11T10:05:23+0000,1778493923.8944707,1778493923.902208,TiDB,tidb_hot70,tidb_native,420,select,3003,29431,True,0.7,True,,7.737398147583008,1
2026-05-11T10:05:23+0000,1778493923.8946698,1778493923.9027255,TiDB,tidb_hot70,tidb_native,421,select,3004,63728,True,0.7,True,,8.055686950683594,1
2026-05-11T10:05:23+0000,1778493923.7954538,1778493923.9032233,TiDB,tidb_hot70,tidb_native,414,select,3001,62309,True,0.7,True,,107.76948928833008,1
2026-05-11T10:05:23+0000,1778493923.7784376,1778493923.9037635,TiDB,tidb_hot70,tidb_native,381,insert,3001,27594,True,0.7,True,,125.32591819763184,1
2026-05-11T10:05:23+0000,1778493923.790935,1778493923.9039786,TiDB,tidb_hot70,tidb_native,404,select,17293,41163,False,0.7,True,,113.04354667663574,1
2026-05-11T10:05:23+0000,1778493923.789626,1778493923.9044688,TiDB,tidb_hot70,tidb_native,400,select,3001,13501,True,0.7,True,,114.84289169311523,1
2026-05-11T10:05:23+0000,1778493923.7507925,1778493923.9051404,TiDB,tidb_hot70,tidb_native,324,update,27742,58918,False,0.7,True,,154.34789657592773,1
2026-05-11T10:05:23+0000,1778493923.8967714,1778493923.9054115,TiDB,tidb_hot70,tidb_native,426,select,1253,80649,False,0.7,True,,8.640050888061523,1
2026-05-11T10:05:23+0000,1778493923.788254,1778493923.905557,TiDB,tidb_hot70,tidb_native,397,select,3002,72504,True,0.7,True,,117.30289459228516,1
2026-05-11T10:05:23+0000,1778493923.7886815,1778493923.9058647,TiDB,tidb_hot70,tidb_native,398,select,3003,29211,True,0.7,True,,117.18320846557617,1
2026-05-11T10:05:23+0000,1778493923.8961797,1778493923.9062812,TiDB,tidb_hot70,tidb_native,425,select,3003,71595,True,0.7,True,,10.101556777954102,1
2026-05-11T10:05:23+0000,1778493923.7792926,1778493923.9064739,TiDB,tidb_hot70,tidb_native,383,update,6868,53751,False,0.7,True,,127.1812915802002,1
2026-05-11T10:05:23+0000,1778493923.8992114,1778493923.9066098,TiDB,tidb_hot70,tidb_native,433,select,21942,33740,False,0.7,True,,7.398366928100586,1
2026-05-11T10:05:23+0000,1778493923.8981535,1778493923.907048,TiDB,tidb_hot70,tidb_native,431,select,15426,9251,False,0.7,True,,8.89444351196289,1
2026-05-11T10:05:23+0000,1778493923.9007754,1778493923.9073846,TiDB,tidb_hot70,tidb_native,439,select,1442,70607,False,0.7,True,,6.609201431274414,1
2026-05-11T10:05:23+0000,1778493923.8976603,1778493923.907794,TiDB,tidb_hot70,tidb_native,429,select,24071,31830,False,0.7,True,,10.133743286132812,1
2026-05-11T10:05:23+0000,1778493923.9010687,1778493923.9080484,TiDB,tidb_hot70,tidb_native,440,select,26190,32286,False,0.7,True,,6.979703903198242,1
2026-05-11T10:05:23+0000,1778493923.9020383,1778493923.908338,TiDB,tidb_hot70,tidb_native,443,select,3004,98150,True,0.7,True,,6.299734115600586,1
2026-05-11T10:05:23+0000,1778493923.9022448,1778493923.9088068,TiDB,tidb_hot70,tidb_native,444,select,3003,71449,True,0.7,True,,6.561994552612305,1
2026-05-11T10:05:23+0000,1778493923.9000382,1778493923.909028,TiDB,tidb_hot70,tidb_native,435,select,3000,40391,True,0.7,True,,8.989810943603516,1
2026-05-11T10:05:23+0000,1778493923.897244,1778493923.909259,TiDB,tidb_hot70,tidb_native,427,select,3001,43574,True,0.7,True,,12.015104293823242,1
2026-05-11T10:05:23+0000,1778493923.8998625,1778493923.9095619,TiDB,tidb_hot70,tidb_native,434,select,3001,46601,True,0.7,True,,9.699344635009766,1
2026-05-11T10:05:23+0000,1778493923.9003994,1778493923.909908,TiDB,tidb_hot70,tidb_native,437,select,8988,50959,False,0.7,True,,9.508609771728516,1
2026-05-11T10:05:23+0000,1778493923.7813513,1778493923.9101796,TiDB,tidb_hot70,tidb_native,385,insert,29444,50532,False,0.7,True,,128.8282871246338,1
2026-05-11T10:05:23+0000,1778493923.9005747,1778493923.9105365,TiDB,tidb_hot70,tidb_native,438,select,8832,28492,False,0.7,True,,9.961843490600586,1
2026-05-11T10:05:23+0000,1778493923.9059155,1778493923.911206,TiDB,tidb_hot70,tidb_native,453,select,3002,36143,True,0.7,True,,5.290508270263672,1
2026-05-11T10:05:23+0000,1778493923.9052405,1778493923.911478,TiDB,tidb_hot70,tidb_native,450,select,3002,75271,True,0.7,True,,6.237506866455078,1
2026-05-11T10:05:23+0000,1778493923.9038415,1778493923.9120638,TiDB,tidb_hot70,tidb_native,447,select,3004,54068,True,0.7,True,,8.222341537475586,1
2026-05-11T10:05:23+0000,1778493923.9027717,1778493923.9123495,TiDB,tidb_hot70,tidb_native,445,select,3002,70832,True,0.7,True,,9.577751159667969,1
2026-05-11T10:05:23+0000,1778493923.7628648,1778493923.9125416,TiDB,tidb_hot70,tidb_native,343,update,26071,5916,False,0.7,True,,149.67679977416992,1
2026-05-11T10:05:23+0000,1778493923.9033313,1778493923.912926,TiDB,tidb_hot70,tidb_native,446,select,3001,75043,True,0.7,True,,9.59467887878418,1
2026-05-11T10:05:23+0000,1778493923.7967622,1778493923.9130259,TiDB,tidb_hot70,tidb_native,418,select,3002,31411,True,0.7,True,,116.26362800598145,1
2026-05-11T10:05:23+0000,1778493923.9056025,1778493923.9138162,TiDB,tidb_hot70,tidb_native,452,select,3002,94203,True,0.7,True,,8.21375846862793,1
2026-05-11T10:05:23+0000,1778493923.9065115,1778493923.914079,TiDB,tidb_hot70,tidb_native,455,select,3004,18264,True,0.7,True,,7.567405700683594,1
2026-05-11T10:05:23+0000,1778493923.9078457,1778493923.9144092,TiDB,tidb_hot70,tidb_native,459,select,3002,81009,True,0.7,True,,6.563425064086914,1
2026-05-11T10:05:23+0000,1778493923.7841914,1778493923.914551,TiDB,tidb_hot70,tidb_native,389,update,3000,85674,True,0.7,True,,130.35964965820312,1
2026-05-11T10:05:23+0000,1778493923.9093087,1778493923.9149904,TiDB,tidb_hot70,tidb_native,464,select,23073,28498,False,0.7,True,,5.681753158569336,1
2026-05-11T10:05:23+0000,1778493923.9115326,1778493923.9153159,TiDB,tidb_hot70,tidb_native,470,select,3002,75294,True,0.7,True,,3.7832260131835938,1
2026-05-11T10:05:23+0000,1778493923.9016898,1778493923.9156978,TiDB,tidb_hot70,tidb_native,442,select,3000,33645,True,0.7,True,,14.008045196533203,1
2026-05-11T10:05:23+0000,1778493923.9090974,1778493923.9162207,TiDB,tidb_hot70,tidb_native,463,select,3002,49369,True,0.7,True,,7.123231887817383,1
2026-05-11T10:05:23+0000,1778493923.9099712,1778493923.9165943,TiDB,tidb_hot70,tidb_native,466,select,3001,15382,True,0.7,True,,6.623029708862305,1
2026-05-11T10:05:23+0000,1778493923.9071143,1778493923.9169433,TiDB,tidb_hot70,tidb_native,457,select,3003,16894,True,0.7,True,,9.829044342041016,1
2026-05-11T10:05:23+0000,1778493923.9096088,1778493923.9173155,TiDB,tidb_hot70,tidb_native,465,select,12781,30758,False,0.7,True,,7.706642150878906,1
2026-05-11T10:05:23+0000,1778493923.9105744,1778493923.917747,TiDB,tidb_hot70,tidb_native,468,select,3001,28070,True,0.7,True,,7.172584533691406,1
2026-05-11T10:05:23+0000,1778493923.9138577,1778493923.9180675,TiDB,tidb_hot70,tidb_native,476,select,3000,67751,True,0.7,True,,4.209756851196289,1
2026-05-11T10:05:23+0000,1778493923.9166749,1778493923.9183872,TiDB,tidb_hot70,tidb_native,484,select,3004,60133,True,0.7,True,,1.7123222351074219,1
2026-05-11T10:05:23+0000,1778493923.9141505,1778493923.9185922,TiDB,tidb_hot70,tidb_native,477,select,3002,15458,True,0.7,True,,4.441738128662109,1
2026-05-11T10:05:23+0000,1778493923.9129634,1778493923.9193082,TiDB,tidb_hot70,tidb_native,474,select,3004,18095,True,0.7,True,,6.344795227050781,1
2026-05-11T10:05:23+0000,1778493923.915744,1778493923.9195738,TiDB,tidb_hot70,tidb_native,482,select,20431,21685,False,0.7,True,,3.8297176361083984,1
2026-05-11T10:05:23+0000,1778493923.9162602,1778493923.9197445,TiDB,tidb_hot70,tidb_native,483,select,3003,8107,True,0.7,True,,3.4842491149902344,1
2026-05-11T10:05:23+0000,1778493923.915387,1778493923.919963,TiDB,tidb_hot70,tidb_native,481,select,3001,93749,True,0.7,True,,4.575967788696289,1
2026-05-11T10:05:23+0000,1778493923.917053,1778493923.920385,TiDB,tidb_hot70,tidb_native,485,select,3002,44284,True,0.7,True,,3.331899642944336,1
2026-05-11T10:05:23+0000,1778493923.9177997,1778493923.9213765,TiDB,tidb_hot70,tidb_native,487,select,24161,33159,False,0.7,True,,3.5767555236816406,1
2026-05-11T10:05:23+0000,1778493923.9173865,1778493923.9216628,TiDB,tidb_hot70,tidb_native,486,select,3002,81601,True,0.7,True,,4.276275634765625,1
2026-05-11T10:05:23+0000,1778493923.794142,1778493923.921826,TiDB,tidb_hot70,tidb_native,411,select,24423,48305,False,0.7,True,,127.68387794494629,1
2026-05-11T10:05:23+0000,1778493923.79,1778493923.9220212,TiDB,tidb_hot70,tidb_native,401,select,3003,47332,True,0.7,True,,132.0211887359619,1
2026-05-11T10:05:23+0000,1778493923.7916908,1778493923.9223728,TiDB,tidb_hot70,tidb_native,405,select,3000,64607,True,0.7,True,,130.68199157714844,1
2026-05-11T10:05:23+0000,1778493923.9145968,1778493923.9226668,TiDB,tidb_hot70,tidb_native,479,select,3002,49076,True,0.7,True,,8.069992065429688,1
2026-05-11T10:05:23+0000,1778493923.7656083,1778493923.9229112,TiDB,tidb_hot70,tidb_native,346,select,3001,40780,True,0.7,True,,157.3028564453125,1
2026-05-11T10:05:23+0000,1778493923.7877579,1778493923.923314,TiDB,tidb_hot70,tidb_native,395,select,3004,13923,True,0.7,True,,135.55622100830078,1
2026-05-11T10:05:23+0000,1778493923.9066489,1778493923.9235177,TiDB,tidb_hot70,tidb_native,456,select,3000,82322,True,0.7,True,,16.86882972717285,1
2026-05-11T10:05:23+0000,1778493923.7925992,1778493923.9237502,TiDB,tidb_hot70,tidb_native,407,select,12159,43091,False,0.7,True,,131.1509609222412,1
2026-05-11T10:05:23+0000,1778493923.9193673,1778493923.9243717,TiDB,tidb_hot70,tidb_native,491,select,3000,56610,True,0.7,True,,5.004405975341797,1
2026-05-11T10:05:23+0000,1778493923.9200122,1778493923.924565,TiDB,tidb_hot70,tidb_native,494,select,3003,1978,True,0.7,True,,4.5528411865234375,1
2026-05-11T10:05:23+0000,1778493923.7822,1778493923.9249415,TiDB,tidb_hot70,tidb_native,386,select,3000,26230,True,0.7,True,,142.74144172668457,1
2026-05-11T10:05:23+0000,1778493923.7855253,1778493923.9253235,TiDB,tidb_hot70,tidb_native,391,select,3000,14875,True,0.7,True,,139.79816436767578,1
2026-05-11T10:05:23+0000,1778493923.9196236,1778493923.9258535,TiDB,tidb_hot70,tidb_native,492,select,10631,30008,False,0.7,True,,6.229877471923828,1
2026-05-11T10:05:23+0000,1778493923.9218864,1778493923.926184,TiDB,tidb_hot70,tidb_native,498,select,3004,25934,True,0.7,True,,4.297494888305664,1
2026-05-11T10:05:23+0000,1778493923.9221177,1778493923.9264207,TiDB,tidb_hot70,tidb_native,499,select,3003,85929,True,0.7,True,,4.302978515625,1
2026-05-11T10:05:23+0000,1778493923.9217024,1778493923.926649,TiDB,tidb_hot70,tidb_native,497,select,3004,4991,True,0.7,True,,4.946708679199219,1
2026-05-11T10:05:23+0000,1778493923.9233675,1778493923.9706964,TiDB,tidb_hot70,tidb_native,503,select,3004,11383,True,0.7,True,,47.328948974609375,1
2026-05-11T10:05:23+0000,1778493923.9262338,1778493923.9714742,TiDB,tidb_hot70,tidb_native,511,select,3000,98459,True,0.7,True,,45.24040222167969,1
2026-05-11T10:05:23+0000,1778493923.9238093,1778493923.971738,TiDB,tidb_hot70,tidb_native,505,select,3004,76718,True,0.7,True,,47.928810119628906,1
2026-05-11T10:05:23+0000,1778493923.9264636,1778493923.9719718,TiDB,tidb_hot70,tidb_native,512,select,3002,29537,True,0.7,True,,45.50814628601074,1
2026-05-11T10:05:23+0000,1778493923.9227319,1778493923.9724638,TiDB,tidb_hot70,tidb_native,501,select,3000,65123,True,0.7,True,,49.73196983337402,1
2026-05-11T10:05:23+0000,1778493923.9250042,1778493923.972953,TiDB,tidb_hot70,tidb_native,508,select,3001,25252,True,0.7,True,,47.94883728027344,1
2026-05-11T10:05:23+0000,1778493923.8948567,1778493923.9731703,TiDB,tidb_hot70,tidb_native,422,select,3001,7823,True,0.7,True,,78.31358909606934,1
2026-05-11T10:05:23+0000,1778493922.323272,1778493923.9734237,TiDB,tidb_hot70,tidb_native,159,update,3001,89914,True,0.7,True,,1650.1517295837402,1
2026-05-11T10:05:23+0000,1778493923.794875,1778493923.9736938,TiDB,tidb_hot70,tidb_native,413,select,3003,95407,True,0.7,True,,178.818941116333,1
2026-05-11T10:05:23+0000,1778493921.7633276,1778493923.9740214,TiDB,tidb_hot70,tidb_native,74,update,3002,68527,True,0.7,True,,2210.693836212158,1
2026-05-11T10:05:23+0000,1778493923.9224312,1778493923.974985,TiDB,tidb_hot70,tidb_native,500,select,3002,64365,True,0.7,True,,52.553653717041016,1
2026-05-11T10:05:23+0000,1778493923.9266877,1778493923.97521,TiDB,tidb_hot70,tidb_native,513,select,21307,11254,False,0.7,True,,48.522233963012695,1
2026-05-11T10:05:23+0000,1778493923.9246223,1778493923.9756777,TiDB,tidb_hot70,tidb_native,507,select,15648,12377,False,0.7,True,,51.0554313659668,1
2026-05-11T10:05:23+0000,1778493923.7730324,1778493923.9759574,TiDB,tidb_hot70,tidb_native,361,update,12319,75504,False,0.7,True,,202.9249668121338,1
2026-05-11T10:05:23+0000,1778493923.9253826,1778493923.9760795,TiDB,tidb_hot70,tidb_native,509,select,18451,99851,False,0.7,True,,50.69684982299805,1
2026-05-11T10:05:23+0000,1778493923.9197783,1778493923.9765575,TiDB,tidb_hot70,tidb_native,493,select,3001,97323,True,0.7,True,,56.77914619445801,1
2026-05-11T10:05:23+0000,1778493923.9707456,1778493923.9795778,TiDB,tidb_hot70,tidb_native,514,select,1141,95360,False,0.7,True,,8.832216262817383,1
2026-05-11T10:05:23+0000,1778493923.9214308,1778493923.9798212,TiDB,tidb_hot70,tidb_native,496,select,3001,18083,True,0.7,True,,58.39037895202637,1
2026-05-11T10:05:23+0000,1778493923.9259002,1778493923.9800742,TiDB,tidb_hot70,tidb_native,510,select,3002,2628,True,0.7,True,,54.173946380615234,1
2026-05-11T10:05:23+0000,1778493923.7848532,1778493923.9815125,TiDB,tidb_hot70,tidb_native,390,insert,3001,53499,True,0.7,True,,196.65932655334473,1
2026-05-11T10:05:23+0000,1778493923.9725077,1778493923.9822676,TiDB,tidb_hot70,tidb_native,518,select,3000,78925,True,0.7,True,,9.759902954101562,1
2026-05-11T10:05:23+0000,1778493923.9720135,1778493923.9838016,TiDB,tidb_hot70,tidb_native,517,select,3003,8888,True,0.7,True,,11.788129806518555,1
2026-05-11T10:05:23+0000,1778493923.9054656,1778493923.986121,TiDB,tidb_hot70,tidb_native,451,insert,3004,26531,True,0.7,True,,80.65533638000488,1
2026-05-11T10:05:23+0000,1778493923.787078,1778493923.9868093,TiDB,tidb_hot70,tidb_native,394,insert,3000,37932,True,0.7,True,,199.73134994506836,1
2026-05-11T10:05:23+0000,1778493923.974109,1778493923.9878392,TiDB,tidb_hot70,tidb_native,523,select,3001,72742,True,0.7,True,,13.730287551879883,1
2026-05-11T10:05:23+0000,1778493923.914452,1778493923.988009,TiDB,tidb_hot70,tidb_native,478,insert,3004,38796,True,0.7,True,,73.55690002441406,1
2026-05-11T10:05:23+0000,1778493923.971536,1778493923.988543,TiDB,tidb_hot70,tidb_native,515,select,2696,21845,False,0.7,True,,17.007112503051758,1
2026-05-11T10:05:23+0000,1778493923.9730213,1778493923.9894867,TiDB,tidb_hot70,tidb_native,519,select,27146,19557,False,0.7,True,,16.465425491333008,1
2026-05-11T10:05:23+0000,1778493923.9801202,1778493923.9898138,TiDB,tidb_hot70,tidb_native,532,select,3001,44149,True,0.7,True,,9.693622589111328,1
2026-05-11T10:05:23+0000,1778493923.9124012,1778493923.9904892,TiDB,tidb_hot70,tidb_native,472,insert,7042,52741,False,0.7,True,,78.08804512023926,1
2026-05-11T10:05:23+0000,1778493923.9796402,1778493923.9906898,TiDB,tidb_hot70,tidb_native,530,select,3003,25807,True,0.7,True,,11.049509048461914,1
2026-05-11T10:05:23+0000,1778493923.9204266,1778493923.9909472,TiDB,tidb_hot70,tidb_native,495,insert,3003,9187,True,0.7,True,,70.52063941955566,1
2026-05-11T10:05:23+0000,1778493923.97601,1778493923.9910755,TiDB,tidb_hot70,tidb_native,527,select,24439,84144,False,0.7,True,,15.065431594848633,1
2026-05-11T10:05:23+0000,1778493923.9125907,1778493923.9912748,TiDB,tidb_hot70,tidb_native,473,insert,3002,85933,True,0.7,True,,78.68409156799316,1
2026-05-11T10:05:23+0000,1778493923.9063325,1778493923.9913983,TiDB,tidb_hot70,tidb_native,454,insert,3003,38780,True,0.7,True,,85.06584167480469,1
2026-05-11T10:05:23+0000,1778493923.904047,1778493923.9916363,TiDB,tidb_hot70,tidb_native,448,insert,3003,23561,True,0.7,True,,87.58926391601562,1
2026-05-11T10:05:23+0000,1778493923.907438,1778493923.991932,TiDB,tidb_hot70,tidb_native,458,insert,3001,8434,True,0.7,True,,84.49387550354004,1
2026-05-11T10:05:23+0000,1778493923.975033,1778493923.9932768,TiDB,tidb_hot70,tidb_native,524,select,3001,52308,True,0.7,True,,18.243789672851562,1
2026-05-11T10:05:23+0000,1778493923.9798653,1778493923.993778,TiDB,tidb_hot70,tidb_native,531,select,3003,34837,True,0.7,True,,13.912677764892578,1
2026-05-11T10:05:23+0000,1778493923.976614,1778493923.9942245,TiDB,tidb_hot70,tidb_native,529,select,3003,14098,True,0.7,True,,17.610549926757812,1
2026-05-11T10:05:23+0000,1778493923.9878907,1778493923.9974937,TiDB,tidb_hot70,tidb_native,538,select,6061,19783,False,0.7,True,,9.603023529052734,1
2026-05-11T10:05:24+0000,1778493923.9913206,1778493924.0000231,TiDB,tidb_hot70,tidb_native,547,select,3001,74966,True,0.7,True,,8.702516555786133,1
2026-05-11T10:05:24+0000,1778493923.9942899,1778493924.0012124,TiDB,tidb_hot70,tidb_native,553,select,3001,67338,True,0.7,True,,6.922483444213867,1
2026-05-11T10:05:24+0000,1778493923.9757586,1778493924.003394,TiDB,tidb_hot70,tidb_native,526,select,3002,57868,True,0.7,True,,27.63533592224121,1
2026-05-11T10:05:24+0000,1778493924.0034764,1778493924.0043337,TiDB,tidb_hot70,tidb_native,557,select,18905,25680,False,0.7,True,,0.8573532104492188,1
2026-05-11T10:05:24+0000,1778493923.973775,1778493924.0271907,TiDB,tidb_hot70,tidb_native,522,select,24611,96039,False,0.7,True,,53.415775299072266,1
2026-05-11T10:05:24+0000,1778493923.91844,1778493924.0302398,TiDB,tidb_hot70,tidb_native,489,update,13210,75363,False,0.7,True,,111.79971694946289,1
2026-05-11T10:05:24+0000,1778493923.786636,1778493924.0306127,TiDB,tidb_hot70,tidb_native,393,update,14805,58161,False,0.7,True,,243.97659301757812,1
2026-05-11T10:05:24+0000,1778493921.7507606,1778493924.0309699,TiDB,tidb_hot70,tidb_native,36,update,3004,99053,True,0.7,True,,2280.2093029022217,1
2026-05-11T10:05:24+0000,1778493923.9753196,1778493924.0313933,TiDB,tidb_hot70,tidb_native,525,select,3004,46976,True,0.7,True,,56.073665618896484,1
2026-05-11T10:05:24+0000,1778493924.0272708,1778493924.0317416,TiDB,tidb_hot70,tidb_native,559,select,3004,80836,True,0.7,True,,4.4708251953125,1
2026-05-11T10:05:24+0000,1778493923.9880557,1778493924.0326645,TiDB,tidb_hot70,tidb_native,539,select,3004,84634,True,0.7,True,,44.60883140563965,1
2026-05-11T10:05:24+0000,1778493924.0013056,1778493924.032923,TiDB,tidb_hot70,tidb_native,556,select,3004,64346,True,0.7,True,,31.617403030395508,1
2026-05-11T10:05:24+0000,1778493924.031808,1778493924.0337765,TiDB,tidb_hot70,tidb_native,564,select,21527,40528,False,0.7,True,,1.9686222076416016,1
2026-05-11T10:05:24+0000,1778493923.8978121,1778493924.0351388,TiDB,tidb_hot70,tidb_native,430,update,3949,88061,False,0.7,True,,137.32671737670898,1
2026-05-11T10:05:24+0000,1778493921.7626028,1778493924.0367327,TiDB,tidb_hot70,tidb_native,71,update,3002,61700,True,0.7,True,,2274.129867553711,1
2026-05-11T10:05:24+0000,1778493923.9112625,1778493924.0369258,TiDB,tidb_hot70,tidb_native,469,update,11910,81852,False,0.7,True,,125.66328048706055,1
2026-05-11T10:05:24+0000,1778493923.9914324,1778493924.0378516,TiDB,tidb_hot70,tidb_native,548,select,3000,45810,True,0.7,True,,46.41914367675781,1
2026-05-11T10:05:24+0000,1778493922.3315406,1778493924.0393841,TiDB,tidb_hot70,tidb_native,167,update,3003,65788,True,0.7,True,,1707.843542098999,1
2026-05-11T10:05:24+0000,1778493922.2937188,1778493924.0396712,TiDB,tidb_hot70,tidb_native,113,update,3000,61787,True,0.7,True,,1745.9523677825928,1
2026-05-11T10:05:24+0000,1778493923.7938695,1778493924.0401406,TiDB,tidb_hot70,tidb_native,410,update,27562,46591,False,0.7,True,,246.27113342285156,1
2026-05-11T10:05:24+0000,1778493924.0338216,1778493924.04041,TiDB,tidb_hot70,tidb_native,567,select,3001,18910,True,0.7,True,,6.588459014892578,1
2026-05-11T10:05:24+0000,1778493923.9909928,1778493924.040589,TiDB,tidb_hot70,tidb_native,545,update,18736,83124,False,0.7,True,,49.596309661865234,1
2026-05-11T10:05:24+0000,1778493923.9102376,1778493924.040765,TiDB,tidb_hot70,tidb_native,467,update,13726,16075,False,0.7,True,,130.52749633789062,1
2026-05-11T10:05:24+0000,1778493923.9080958,1778493924.0409179,TiDB,tidb_hot70,tidb_native,460,update,16250,94549,False,0.7,True,,132.82203674316406,1
2026-05-11T10:05:24+0000,1778493923.9734733,1778493924.041282,TiDB,tidb_hot70,tidb_native,521,select,3003,43042,True,0.7,True,,67.80862808227539,1
2026-05-11T10:05:24+0000,1778493924.0304048,1778493924.041527,TiDB,tidb_hot70,tidb_native,560,select,3003,54470,True,0.7,True,,11.12222671508789,1
2026-05-11T10:05:24+0000,1778493923.9732237,1778493924.0416694,TiDB,tidb_hot70,tidb_native,520,insert,3001,20498,True,0.7,True,,68.44568252563477,1
2026-05-11T10:05:24+0000,1778493923.7930424,1778493924.0418813,TiDB,tidb_hot70,tidb_native,408,update,22109,6856,False,0.7,True,,248.8389015197754,1
2026-05-11T10:05:24+0000,1778493924.0314596,1778493924.0421798,TiDB,tidb_hot70,tidb_native,563,select,3000,23808,True,0.7,True,,10.720252990722656,1
2026-05-11T10:05:24+0000,1778493923.9823081,1778493924.042449,TiDB,tidb_hot70,tidb_native,534,select,3003,95816,True,0.7,True,,60.14084815979004,1
2026-05-11T10:05:24+0000,1778493923.9938576,1778493924.0427036,TiDB,tidb_hot70,tidb_native,552,select,3002,81310,True,0.7,True,,48.84600639343262,1
2026-05-11T10:05:24+0000,1778493923.9933648,1778493924.043258,TiDB,tidb_hot70,tidb_native,551,update,19014,10502,False,0.7,True,,49.89314079284668,1
2026-05-11T10:05:24+0000,1778493923.9045272,1778493924.0439577,TiDB,tidb_hot70,tidb_native,449,update,6256,52532,False,0.7,True,,139.43052291870117,1
2026-05-11T10:05:24+0000,1778493924.0044076,1778493924.0446641,TiDB,tidb_hot70,tidb_native,558,select,3002,36269,True,0.7,True,,40.256500244140625,1
2026-05-11T10:05:24+0000,1778493924.041932,1778493924.045025,TiDB,tidb_hot70,tidb_native,582,select,2143,24304,False,0.7,True,,3.0930042266845703,1
2026-05-11T10:05:24+0000,1778493924.0367868,1778493924.0453167,TiDB,tidb_hot70,tidb_native,569,select,3002,58681,True,0.7,True,,8.529901504516602,1
2026-05-11T10:05:24+0000,1778493923.7921636,1778493924.0455317,TiDB,tidb_hot70,tidb_native,406,update,1225,6465,False,0.7,True,,253.36813926696777,1
2026-05-11T10:05:24+0000,1778493924.0001137,1778493924.0458987,TiDB,tidb_hot70,tidb_native,555,insert,19559,30074,False,0.7,True,,45.784950256347656,1
2026-05-11T10:05:24+0000,1778493924.0422244,1778493924.0467658,TiDB,tidb_hot70,tidb_native,583,select,20325,42239,False,0.7,True,,4.5413970947265625,1
2026-05-11T10:05:24+0000,1778493924.0351918,1778493924.0472188,TiDB,tidb_hot70,tidb_native,568,select,3003,64303,True,0.7,True,,12.02702522277832,1
2026-05-11T10:05:24+0000,1778493923.997684,1778493924.0475097,TiDB,tidb_hot70,tidb_native,554,select,3003,42565,True,0.7,True,,49.82566833496094,1
2026-05-11T10:05:24+0000,1778493923.9898531,1778493924.047938,TiDB,tidb_hot70,tidb_native,542,select,3002,90329,True,0.7,True,,58.084964752197266,1
2026-05-11T10:05:24+0000,1778493924.0397203,1778493924.0486834,TiDB,tidb_hot70,tidb_native,573,select,3000,75517,True,0.7,True,,8.96310806274414,1
2026-05-11T10:05:24+0000,1778493924.030684,1778493924.048975,TiDB,tidb_hot70,tidb_native,561,select,3002,96344,True,0.7,True,,18.290996551513672,1
2026-05-11T10:05:24+0000,1778493923.989538,1778493924.0495505,TiDB,tidb_hot70,tidb_native,541,insert,3001,5400,True,0.7,True,,60.0125789642334,1
2026-05-11T10:05:24+0000,1778493924.0404575,1778493924.0498593,TiDB,tidb_hot70,tidb_native,575,select,16310,71332,False,0.7,True,,9.401798248291016,1
2026-05-11T10:05:24+0000,1778493924.037902,1778493924.0500293,TiDB,tidb_hot70,tidb_native,571,select,3004,12206,True,0.7,True,,12.127161026000977,1
2026-05-11T10:05:24+0000,1778493924.042757,1778493924.050249,TiDB,tidb_hot70,tidb_native,585,select,3002,19319,True,0.7,True,,7.4920654296875,1
2026-05-11T10:05:24+0000,1778493924.0406427,1778493924.0504684,TiDB,tidb_hot70,tidb_native,576,select,3004,39512,True,0.7,True,,9.825706481933594,1
2026-05-11T10:05:24+0000,1778493923.9927328,1778493924.0510404,TiDB,tidb_hot70,tidb_native,550,insert,3004,19493,True,0.7,True,,58.307647705078125,1
2026-05-11T10:05:24+0000,1778493924.0460103,1778493924.0514798,TiDB,tidb_hot70,tidb_native,592,select,6605,1684,False,0.7,True,,5.469560623168945,1
2026-05-11T10:05:24+0000,1778493924.0402043,1778493924.0518954,TiDB,tidb_hot70,tidb_native,574,select,3004,76376,True,0.7,True,,11.691093444824219,1
2026-05-11T10:05:24+0000,1778493923.9907277,1778493924.0520918,TiDB,tidb_hot70,tidb_native,544,update,23000,78409,False,0.7,True,,61.364173889160156,1
2026-05-11T10:05:24+0000,1778493923.9838402,1778493924.0522537,TiDB,tidb_hot70,tidb_native,535,insert,3003,5053,True,0.7,True,,68.41349601745605,1
2026-05-11T10:05:24+0000,1778493924.04157,1778493924.0525098,TiDB,tidb_hot70,tidb_native,580,select,10299,61204,False,0.7,True,,10.939836502075195,1
2026-05-11T10:05:24+0000,1778493922.303555,1778493924.052682,TiDB,tidb_hot70,tidb_native,133,update,3001,87463,True,0.7,True,,1749.12691116333,1
2026-05-11T10:05:24+0000,1778493924.0424953,1778493924.0528097,TiDB,tidb_hot70,tidb_native,584,select,3000,36629,True,0.7,True,,10.314464569091797,1
2026-05-11T10:05:24+0000,1778493924.044714,1778493924.0535128,TiDB,tidb_hot70,tidb_native,588,select,18875,52201,False,0.7,True,,8.798837661743164,1
2026-05-11T10:05:24+0000,1778493923.9815583,1778493924.0538347,TiDB,tidb_hot70,tidb_native,533,select,3003,43380,True,0.7,True,,72.27635383605957,1
2026-05-11T10:05:24+0000,1778493924.0475798,1778493924.0540788,TiDB,tidb_hot70,tidb_native,595,select,3000,24789,True,0.7,True,,6.499052047729492,1
2026-05-11T10:05:24+0000,1778493924.0455878,1778493924.0543468,TiDB,tidb_hot70,tidb_native,591,select,18184,15326,False,0.7,True,,8.759021759033203,1
2026-05-11T10:05:24+0000,1778493924.0440128,1778493924.054751,TiDB,tidb_hot70,tidb_native,587,select,3004,3778,True,0.7,True,,10.738134384155273,1
2026-05-11T10:05:24+0000,1778493924.049637,1778493924.056464,TiDB,tidb_hot70,tidb_native,599,select,3001,56889,True,0.7,True,,6.826877593994141,1
2026-05-11T10:05:24+0000,1778493924.0408063,1778493924.0566695,TiDB,tidb_hot70,tidb_native,577,insert,26617,25450,False,0.7,True,,15.863180160522461,1
2026-05-11T10:05:24+0000,1778493922.3461199,1778493924.0571232,TiDB,tidb_hot70,tidb_native,188,update,3003,65696,True,0.7,True,,1711.003303527832,1
2026-05-11T10:05:24+0000,1778493922.3887737,1778493924.057341,TiDB,tidb_hot70,tidb_native,211,update,3004,30102,True,0.7,True,,1668.567419052124,1
2026-05-11T10:05:24+0000,1778493924.0433109,1778493924.057618,TiDB,tidb_hot70,tidb_native,586,select,3001,71750,True,0.7,True,,14.307022094726562,1
2026-05-11T10:05:24+0000,1778493924.0525467,1778493924.0583837,TiDB,tidb_hot70,tidb_native,609,select,3004,67796,True,0.7,True,,5.836963653564453,1
2026-05-11T10:05:24+0000,1778493924.0502856,1778493924.0586362,TiDB,tidb_hot70,tidb_native,602,select,3003,37163,True,0.7,True,,8.350610733032227,1
2026-05-11T10:05:24+0000,1778493924.0521386,1778493924.0589094,TiDB,tidb_hot70,tidb_native,607,select,25030,37577,False,0.7,True,,6.770849227905273,1
2026-05-11T10:05:24+0000,1778493924.0505056,1778493924.0590813,TiDB,tidb_hot70,tidb_native,603,select,3001,50004,True,0.7,True,,8.575677871704102,1
2026-05-11T10:05:24+0000,1778493924.0499136,1778493924.0594122,TiDB,tidb_hot70,tidb_native,600,select,3004,59948,True,0.7,True,,9.49859619140625,1
2026-05-11T10:05:24+0000,1778493924.0473027,1778493924.0595396,TiDB,tidb_hot70,tidb_native,594,select,3004,33541,True,0.7,True,,12.236833572387695,1
2026-05-11T10:05:24+0000,1778493924.052306,1778493924.05972,TiDB,tidb_hot70,tidb_native,608,select,12104,76271,False,0.7,True,,7.414102554321289,1
2026-05-11T10:05:24+0000,1778493924.0543938,1778493924.059971,TiDB,tidb_hot70,tidb_native,615,select,3001,88513,True,0.7,True,,5.577325820922852,1
2026-05-11T10:05:24+0000,1778493924.0535672,1778493924.0603895,TiDB,tidb_hot70,tidb_native,612,select,20503,48539,False,0.7,True,,6.822347640991211,1
2026-05-11T10:05:24+0000,1778493924.0541768,1778493924.0608327,TiDB,tidb_hot70,tidb_native,614,select,3004,77331,True,0.7,True,,6.65593147277832,1
2026-05-11T10:05:24+0000,1778493924.048026,1778493924.0610096,TiDB,tidb_hot70,tidb_native,596,select,3004,72569,True,0.7,True,,12.983560562133789,1
2026-05-11T10:05:24+0000,1778493922.3379018,1778493924.0613222,TiDB,tidb_hot70,tidb_native,180,update,3000,22169,True,0.7,True,,1723.4203815460205,1
2026-05-11T10:05:24+0000,1778493924.0500784,1778493924.0616663,TiDB,tidb_hot70,tidb_native,601,select,3000,90015,True,0.7,True,,11.587858200073242,1
2026-05-11T10:05:24+0000,1778493924.0394416,1778493924.0618236,TiDB,tidb_hot70,tidb_native,572,insert,3000,4257,True,0.7,True,,22.382020950317383,1
2026-05-11T10:05:24+0000,1778493924.05674,1778493924.0620434,TiDB,tidb_hot70,tidb_native,618,select,3003,19470,True,0.7,True,,5.303382873535156,1
2026-05-11T10:05:24+0000,1778493924.0409572,1778493924.062296,TiDB,tidb_hot70,tidb_native,578,insert,9738,25340,False,0.7,True,,21.338701248168945,1
2026-05-11T10:05:24+0000,1778493924.041331,1778493924.0624332,TiDB,tidb_hot70,tidb_native,579,insert,3002,24506,True,0.7,True,,21.102190017700195,1
2026-05-11T10:05:24+0000,1778493924.0519617,1778493924.0627985,TiDB,tidb_hot70,tidb_native,606,select,3000,86269,True,0.7,True,,10.83683967590332,1
2026-05-11T10:05:24+0000,1778493924.0528452,1778493924.0632093,TiDB,tidb_hot70,tidb_native,611,select,3000,14159,True,0.7,True,,10.364055633544922,1
2026-05-11T10:05:24+0000,1778493922.3052788,1778493924.063713,TiDB,tidb_hot70,tidb_native,137,update,3002,64917,True,0.7,True,,1758.4342956542969,1
2026-05-11T10:05:24+0000,1778493924.0617113,1778493924.0640855,TiDB,tidb_hot70,tidb_native,634,select,9902,61125,False,0.7,True,,2.3741722106933594,1
2026-05-11T10:05:24+0000,1778493924.0591357,1778493924.0642107,TiDB,tidb_hot70,tidb_native,625,select,18768,8710,False,0.7,True,,5.074977874755859,1
2026-05-11T10:05:24+0000,1778493924.0595846,1778493924.064592,TiDB,tidb_hot70,tidb_native,627,select,4651,58961,False,0.7,True,,5.007266998291016,1
2026-05-11T10:05:24+0000,1778493924.05155,1778493924.0649054,TiDB,tidb_hot70,tidb_native,605,insert,3001,40113,True,0.7,True,,13.355493545532227,1
2026-05-11T10:05:24+0000,1778493924.0510902,1778493924.06524,TiDB,tidb_hot70,tidb_native,604,update,7266,42918,False,0.7,True,,14.149665832519531,1
2026-05-11T10:05:24+0000,1778493922.296022,1778493924.0659626,TiDB,tidb_hot70,tidb_native,119,update,3001,32721,True,0.7,True,,1769.9406147003174,1
2026-05-11T10:05:24+0000,1778493924.0604312,1778493924.0664904,TiDB,tidb_hot70,tidb_native,630,select,3004,20632,True,0.7,True,,6.059169769287109,1
2026-05-11T10:05:24+0000,1778493924.0527377,1778493924.0666783,TiDB,tidb_hot70,tidb_native,610,insert,3001,76476,True,0.7,True,,13.940572738647461,1
2026-05-11T10:05:24+0000,1778493924.0613668,1778493924.0670245,TiDB,tidb_hot70,tidb_native,633,select,3003,56694,True,0.7,True,,5.657672882080078,1
2026-05-11T10:05:24+0000,1778493924.0538936,1778493924.0671816,TiDB,tidb_hot70,tidb_native,613,insert,3004,64922,True,0.7,True,,13.288021087646484,1
2026-05-11T10:05:24+0000,1778493924.0642471,1778493924.0673983,TiDB,tidb_hot70,tidb_native,643,select,3002,95602,True,0.7,True,,3.1511783599853516,1
2026-05-11T10:05:24+0000,1778493924.0608907,1778493924.0676847,TiDB,tidb_hot70,tidb_native,631,select,3001,57365,True,0.7,True,,6.793975830078125,1
2026-05-11T10:05:24+0000,1778493924.060015,1778493924.0681884,TiDB,tidb_hot70,tidb_native,629,select,8605,61679,False,0.7,True,,8.173465728759766,1
2026-05-11T10:05:24+0000,1778493924.0637658,1778493924.0686433,TiDB,tidb_hot70,tidb_native,641,select,4395,34203,False,0.7,True,,4.877567291259766,1
2026-05-11T10:05:24+0000,1778493924.0576723,1778493924.0690293,TiDB,tidb_hot70,tidb_native,621,select,3002,84382,True,0.7,True,,11.35706901550293,1
2026-05-11T10:05:24+0000,1778493924.0653071,1778493924.069687,TiDB,tidb_hot70,tidb_native,646,select,15761,36193,False,0.7,True,,4.379749298095703,1
2026-05-11T10:05:24+0000,1778493924.0589707,1778493924.069886,TiDB,tidb_hot70,tidb_native,624,select,3000,35857,True,0.7,True,,10.915279388427734,1
2026-05-11T10:05:24+0000,1778493924.0618615,1778493924.0701094,TiDB,tidb_hot70,tidb_native,635,select,29390,46046,False,0.7,True,,8.247852325439453,1
2026-05-11T10:05:24+0000,1778493924.0620866,1778493924.0704472,TiDB,tidb_hot70,tidb_native,636,select,3001,8103,True,0.7,True,,8.360624313354492,1
2026-05-11T10:05:24+0000,1778493924.0565062,1778493924.0707102,TiDB,tidb_hot70,tidb_native,617,select,3001,23523,True,0.7,True,,14.204025268554688,1
2026-05-11T10:05:24+0000,1778493924.0670848,1778493924.0711164,TiDB,tidb_hot70,tidb_native,650,select,20301,79338,False,0.7,True,,4.031658172607422,1
2026-05-11T10:05:24+0000,1778493924.0548148,1778493924.0714219,TiDB,tidb_hot70,tidb_native,616,select,3001,74783,True,0.7,True,,16.607046127319336,1
2026-05-11T10:05:24+0000,1778493924.067438,1778493924.0718124,TiDB,tidb_hot70,tidb_native,652,select,3000,69670,True,0.7,True,,4.374504089355469,1
2026-05-11T10:05:24+0000,1778493924.0623465,1778493924.072077,TiDB,tidb_hot70,tidb_native,637,select,3002,3695,True,0.7,True,,9.73057746887207,1
2026-05-11T10:05:24+0000,1778493924.0677276,1778493924.0722914,TiDB,tidb_hot70,tidb_native,653,select,3000,63034,True,0.7,True,,4.563808441162109,1
2026-05-11T10:05:24+0000,1778493924.064982,1778493924.0724838,TiDB,tidb_hot70,tidb_native,645,select,3000,37733,True,0.7,True,,7.501840591430664,1
2026-05-11T10:05:24+0000,1778493924.058438,1778493924.0728362,TiDB,tidb_hot70,tidb_native,622,select,3002,50731,True,0.7,True,,14.39809799194336,1
2026-05-11T10:05:24+0000,1778493924.0672257,1778493924.0741453,TiDB,tidb_hot70,tidb_native,651,select,3000,6671,True,0.7,True,,6.919622421264648,1
2026-05-11T10:05:24+0000,1778493924.0586877,1778493924.0745926,TiDB,tidb_hot70,tidb_native,623,select,3002,23986,True,0.7,True,,15.904903411865234,1
2026-05-11T10:05:24+0000,1778493924.0573866,1778493924.0748303,TiDB,tidb_hot70,tidb_native,620,select,3002,8769,True,0.7,True,,17.44365692138672,1
2026-05-11T10:05:24+0000,1778493924.0660326,1778493924.0753388,TiDB,tidb_hot70,tidb_native,647,select,3433,71683,False,0.7,True,,9.306192398071289,1
2026-05-11T10:05:24+0000,1778493924.0683103,1778493924.0756683,TiDB,tidb_hot70,tidb_native,654,select,3002,74144,True,0.7,True,,7.358074188232422,1
2026-05-11T10:05:24+0000,1778493921.7660255,1778493924.0784442,TiDB,tidb_hot70,tidb_native,84,update,3004,7094,True,0.7,True,,2312.4186992645264,1
2026-05-11T10:05:24+0000,1778493921.7677267,1778493924.0788915,TiDB,tidb_hot70,tidb_native,90,update,3003,38890,True,0.7,True,,2311.1648559570312,1
2026-05-11T10:05:24+0000,1778493924.061056,1778493924.0792189,TiDB,tidb_hot70,tidb_native,632,update,10679,56704,False,0.7,True,,18.162965774536133,1
2026-05-11T10:05:24+0000,1778493924.072338,1778493924.0801022,TiDB,tidb_hot70,tidb_native,666,select,28464,71193,False,0.7,True,,7.764101028442383,1
2026-05-11T10:05:24+0000,1778493924.0721314,1778493924.0805416,TiDB,tidb_hot70,tidb_native,665,select,22684,29180,False,0.7,True,,8.410215377807617,1
2026-05-11T10:05:24+0000,1778493924.0746603,1778493924.0809245,TiDB,tidb_hot70,tidb_native,670,select,18232,23682,False,0.7,True,,6.264209747314453,1
2026-05-11T10:05:24+0000,1778493924.0628674,1778493924.081184,TiDB,tidb_hot70,tidb_native,639,select,3004,22294,True,0.7,True,,18.31650733947754,1
2026-05-11T10:05:24+0000,1778493921.7698872,1778493924.0822523,TiDB,tidb_hot70,tidb_native,99,update,3001,30961,True,0.7,True,,2312.3650550842285,1
2026-05-11T10:05:24+0000,1778493924.0757265,1778493924.0826666,TiDB,tidb_hot70,tidb_native,673,select,26351,17198,False,0.7,True,,6.940126419067383,1
2026-05-11T10:05:24+0000,1778493924.0632682,1778493924.0834117,TiDB,tidb_hot70,tidb_native,640,select,3004,18203,True,0.7,True,,20.143508911132812,1
2026-05-11T10:05:24+0000,1778493924.0624714,1778493924.0836496,TiDB,tidb_hot70,tidb_native,638,select,3003,49961,True,0.7,True,,21.178245544433594,1
2026-05-11T10:05:24+0000,1778493924.0641303,1778493924.0839648,TiDB,tidb_hot70,tidb_native,642,select,3003,21309,True,0.7,True,,19.834518432617188,1
2026-05-11T10:05:24+0000,1778493924.0714688,1778493924.0847523,TiDB,tidb_hot70,tidb_native,663,select,3004,73422,True,0.7,True,,13.283491134643555,1
2026-05-11T10:05:24+0000,1778493924.0667272,1778493924.0852232,TiDB,tidb_hot70,tidb_native,649,select,3003,14342,True,0.7,True,,18.496036529541016,1
2026-05-11T10:05:24+0000,1778493924.0784993,1778493924.0855215,TiDB,tidb_hot70,tidb_native,674,select,15310,67943,False,0.7,True,,7.02214241027832,1
2026-05-11T10:05:24+0000,1778493922.392068,1778493924.0857568,TiDB,tidb_hot70,tidb_native,216,update,3000,38929,True,0.7,True,,1693.6888694763184,1
2026-05-11T10:05:24+0000,1778493924.0743067,1778493924.0860598,TiDB,tidb_hot70,tidb_native,669,select,400,45509,False,0.7,True,,11.753082275390625,1
2026-05-11T10:05:24+0000,1778493924.0725324,1778493924.0864384,TiDB,tidb_hot70,tidb_native,667,select,24646,64227,False,0.7,True,,13.906002044677734,1
2026-05-11T10:05:24+0000,1778493921.761573,1778493924.0867546,TiDB,tidb_hot70,tidb_native,67,update,3002,58552,True,0.7,True,,2325.181484222412,1
2026-05-11T10:05:24+0000,1778493924.0697603,1778493924.0875082,TiDB,tidb_hot70,tidb_native,657,select,3000,48118,True,0.7,True,,17.747879028320312,1
2026-05-11T10:05:24+0000,1778493924.0704942,1778493924.087769,TiDB,tidb_hot70,tidb_native,660,insert,3002,37322,True,0.7,True,,17.274856567382812,1
2026-05-11T10:05:24+0000,1778493924.0802038,1778493924.0883234,TiDB,tidb_hot70,tidb_native,677,select,29888,17409,False,0.7,True,,8.119583129882812,1
2026-05-11T10:05:24+0000,1778493924.068707,1778493924.0888116,TiDB,tidb_hot70,tidb_native,655,select,3002,65334,True,0.7,True,,20.104646682739258,1
2026-05-11T10:05:24+0000,1778493924.0858028,1778493924.089616,TiDB,tidb_hot70,tidb_native,689,select,18185,63165,False,0.7,True,,3.8132667541503906,1
2026-05-11T10:05:24+0000,1778493924.0827312,1778493924.0898492,TiDB,tidb_hot70,tidb_native,682,select,6770,36021,False,0.7,True,,7.117986679077148,1
2026-05-11T10:05:24+0000,1778493924.0729067,1778493924.090274,TiDB,tidb_hot70,tidb_native,668,insert,3001,18403,True,0.7,True,,17.36736297607422,1
2026-05-11T10:05:24+0000,1778493924.0707672,1778493924.090678,TiDB,tidb_hot70,tidb_native,661,select,10571,81836,False,0.7,True,,19.910812377929688,1
2026-05-11T10:05:24+0000,1778493924.0824077,1778493924.0911648,TiDB,tidb_hot70,tidb_native,681,select,21928,20914,False,0.7,True,,8.75711441040039,1
2026-05-11T10:05:24+0000,1778493924.0856054,1778493924.091736,TiDB,tidb_hot70,tidb_native,688,select,3000,45849,True,0.7,True,,6.130695343017578,1
2026-05-11T10:05:24+0000,1778493924.0718584,1778493924.092053,TiDB,tidb_hot70,tidb_native,664,select,3001,66713,True,0.7,True,,20.194530487060547,1
2026-05-11T10:05:24+0000,1778493924.0805857,1778493924.0924659,TiDB,tidb_hot70,tidb_native,678,select,3002,71392,True,0.7,True,,11.880159378051758,1
2026-05-11T10:05:24+0000,1778493924.0792856,1778493924.0930521,TiDB,tidb_hot70,tidb_native,676,select,3002,35187,True,0.7,True,,13.76652717590332,1
2026-05-11T10:05:24+0000,1778493924.0789485,1778493924.0934513,TiDB,tidb_hot70,tidb_native,675,insert,3002,77230,True,0.7,True,,14.502763748168945,1
2026-05-11T10:05:24+0000,1778493924.084808,1778493924.0942187,TiDB,tidb_hot70,tidb_native,686,select,3003,5580,True,0.7,True,,9.410619735717773,1
2026-05-11T10:05:24+0000,1778493924.0834942,1778493924.094657,TiDB,tidb_hot70,tidb_native,683,select,3003,33302,True,0.7,True,,11.162757873535156,1
2026-05-11T10:05:24+0000,1778493924.0883849,1778493924.094874,TiDB,tidb_hot70,tidb_native,695,select,20805,3075,False,0.7,True,,6.489038467407227,1
2026-05-11T10:05:24+0000,1778493924.092112,1778493924.095178,TiDB,tidb_hot70,tidb_native,703,select,3004,18467,True,0.7,True,,3.065824508666992,1
2026-05-11T10:05:24+0000,1778493924.0809715,1778493924.095653,TiDB,tidb_hot70,tidb_native,679,insert,19747,10216,False,0.7,True,,14.681577682495117,1
2026-05-11T10:05:24+0000,1778493924.0748818,1778493924.0958896,TiDB,tidb_hot70,tidb_native,671,insert,3001,874,True,0.7,True,,21.007776260375977,1
2026-05-11T10:05:24+0000,1778493921.7486508,1778493924.0961971,TiDB,tidb_hot70,tidb_native,29,update,3002,20672,True,0.7,True,,2347.546339035034,1
2026-05-11T10:05:24+0000,1778493924.0852787,1778493924.096573,TiDB,tidb_hot70,tidb_native,687,select,15750,76914,False,0.7,True,,11.294364929199219,1
2026-05-11T10:05:24+0000,1778493922.042672,1778493924.096728,TiDB,tidb_hot70,tidb_native,101,update,3003,92664,True,0.7,True,,2054.056167602539,1
2026-05-11T10:05:24+0000,1778493922.298025,1778493924.0971043,TiDB,tidb_hot70,tidb_native,125,update,3004,4617,True,0.7,True,,1799.079418182373,1
2026-05-11T10:05:24+0000,1778493924.0711691,1778493924.097485,TiDB,tidb_hot70,tidb_native,662,update,26644,90506,False,0.7,True,,26.315927505493164,1
2026-05-11T10:05:24+0000,1778493924.0753984,1778493924.097933,TiDB,tidb_hot70,tidb_native,672,select,3001,76441,True,0.7,True,,22.534608840942383,1
2026-05-11T10:05:24+0000,1778493924.0864985,1778493924.0982802,TiDB,tidb_hot70,tidb_native,691,update,17081,96305,False,0.7,True,,11.781692504882812,1
2026-05-11T10:05:24+0000,1778493924.0907438,1778493924.0987496,TiDB,tidb_hot70,tidb_native,700,select,23468,170,False,0.7,True,,8.005857467651367,1
2026-05-11T10:05:24+0000,1778493924.0935342,1778493924.0991268,TiDB,tidb_hot70,tidb_native,706,select,3004,60983,True,0.7,True,,5.592584609985352,1
2026-05-11T10:05:24+0000,1778493924.0918484,1778493924.0995564,TiDB,tidb_hot70,tidb_native,702,select,3004,94535,True,0.7,True,,7.708072662353516,1
2026-05-11T10:05:24+0000,1778493924.0904262,1778493924.1001074,TiDB,tidb_hot70,tidb_native,699,insert,3000,66006,True,0.7,True,,9.681224822998047,1
2026-05-11T10:05:24+0000,1778493924.0889072,1778493924.1003416,TiDB,tidb_hot70,tidb_native,696,select,7753,3753,False,0.7,True,,11.434316635131836,1
2026-05-11T10:05:24+0000,1778493924.084076,1778493924.1005397,TiDB,tidb_hot70,tidb_native,685,update,29975,78759,False,0.7,True,,16.463756561279297,1
2026-05-11T10:05:24+0000,1778493924.0925894,1778493924.1011648,TiDB,tidb_hot70,tidb_native,704,select,5757,54135,False,0.7,True,,8.575439453125,1
2026-05-11T10:05:24+0000,1778493924.0861533,1778493924.1014986,TiDB,tidb_hot70,tidb_native,690,select,3001,97329,True,0.7,True,,15.345335006713867,1
2026-05-11T10:05:24+0000,1778493924.0868058,1778493924.1016796,TiDB,tidb_hot70,tidb_native,692,select,3001,55366,True,0.7,True,,14.873743057250977,1
2026-05-11T10:05:24+0000,1778493924.0952296,1778493924.102556,TiDB,tidb_hot70,tidb_native,710,select,3004,40214,True,0.7,True,,7.326364517211914,1
2026-05-11T10:05:24+0000,1778493923.7432265,1778493924.102797,TiDB,tidb_hot70,tidb_native,322,update,3000,64266,True,0.7,True,,359.5705032348633,1
2026-05-11T10:05:24+0000,1778493922.292658,1778493924.1030812,TiDB,tidb_hot70,tidb_native,111,update,3001,43190,True,0.7,True,,1810.4231357574463,1
2026-05-11T10:05:24+0000,1778493924.0983489,1778493924.103218,TiDB,tidb_hot70,tidb_native,719,select,3001,84623,True,0.7,True,,4.869222640991211,1
2026-05-11T10:05:24+0000,1778493924.0976367,1778493924.103685,TiDB,tidb_hot70,tidb_native,717,select,3000,17719,True,0.7,True,,6.0482025146484375,1
2026-05-11T10:05:24+0000,1778493924.0899084,1778493924.1040316,TiDB,tidb_hot70,tidb_native,698,select,3001,42302,True,0.7,True,,14.123201370239258,1
2026-05-11T10:05:24+0000,1778493924.0949328,1778493924.1041965,TiDB,tidb_hot70,tidb_native,709,select,3000,90709,True,0.7,True,,9.263753890991211,1
2026-05-11T10:05:24+0000,1778493924.087601,1778493924.1043158,TiDB,tidb_hot70,tidb_native,693,select,3003,22087,True,0.7,True,,16.714811325073242,1
2026-05-11T10:05:24+0000,1778493924.087819,1778493924.104934,TiDB,tidb_hot70,tidb_native,694,select,3001,30209,True,0.7,True,,17.114877700805664,1
2026-05-11T10:05:24+0000,1778493921.7599123,1778493924.1052988,TiDB,tidb_hot70,tidb_native,61,update,3002,73951,True,0.7,True,,2345.386505126953,1
2026-05-11T10:05:24+0000,1778493924.0959628,1778493924.105723,TiDB,tidb_hot70,tidb_native,712,select,3003,84876,True,0.7,True,,9.760141372680664,1
2026-05-11T10:05:24+0000,1778493924.0996237,1778493924.1061933,TiDB,tidb_hot70,tidb_native,722,select,3001,35737,True,0.7,True,,6.569623947143555,1
2026-05-11T10:05:24+0000,1778493924.0897112,1778493924.1064587,TiDB,tidb_hot70,tidb_native,697,select,3000,10264,True,0.7,True,,16.747474670410156,1
2026-05-11T10:05:24+0000,1778493924.0943038,1778493924.106869,TiDB,tidb_hot70,tidb_native,707,update,983,72793,False,0.7,True,,12.565135955810547,1
2026-05-11T10:05:24+0000,1778493924.0966232,1778493924.1071236,TiDB,tidb_hot70,tidb_native,714,insert,3001,65875,True,0.7,True,,10.500431060791016,1
2026-05-11T10:05:24+0000,1778493923.7076855,1778493924.107637,TiDB,tidb_hot70,tidb_native,268,update,3003,45825,True,0.7,True,,399.9514579772949,1
2026-05-11T10:05:24+0000,1778493923.722069,1778493924.1081748,TiDB,tidb_hot70,tidb_native,280,update,3004,49584,True,0.7,True,,386.1057758331299,1
2026-05-11T10:05:24+0000,1778493924.101216,1778493924.1086836,TiDB,tidb_hot70,tidb_native,726,select,3004,53699,True,0.7,True,,7.467508316040039,1
2026-05-11T10:05:24+0000,1778493924.1069384,1778493924.1089368,TiDB,tidb_hot70,tidb_native,742,select,3003,96793,True,0.7,True,,1.9984245300292969,1
2026-05-11T10:05:24+0000,1778493924.1006036,1778493924.109133,TiDB,tidb_hot70,tidb_native,725,select,3001,15405,True,0.7,True,,8.529424667358398,1
2026-05-11T10:05:24+0000,1778493924.1003845,1778493924.1093554,TiDB,tidb_hot70,tidb_native,724,select,2896,10965,False,0.7,True,,8.970975875854492,1
2026-05-11T10:05:24+0000,1778493924.1001685,1778493924.1096342,TiDB,tidb_hot70,tidb_native,723,select,3002,46570,True,0.7,True,,9.465694427490234,1
2026-05-11T10:05:24+0000,1778493924.1018293,1778493924.1097872,TiDB,tidb_hot70,tidb_native,728,select,3000,19034,True,0.7,True,,7.957935333251953,1
2026-05-11T10:05:24+0000,1778493924.1015534,1778493924.1100109,TiDB,tidb_hot70,tidb_native,727,select,3000,24474,True,0.7,True,,8.457422256469727,1
2026-05-11T10:05:24+0000,1778493924.1065135,1778493924.1103911,TiDB,tidb_hot70,tidb_native,741,select,3004,20357,True,0.7,True,,3.8776397705078125,1
2026-05-11T10:05:24+0000,1778493924.1043587,1778493924.110557,TiDB,tidb_hot70,tidb_native,736,select,3002,52177,True,0.7,True,,6.198406219482422,1
2026-05-11T10:05:24+0000,1778493924.104089,1778493924.1107697,TiDB,tidb_hot70,tidb_native,734,select,3002,5580,True,0.7,True,,6.680727005004883,1
2026-05-11T10:05:24+0000,1778493924.1042342,1778493924.110855,TiDB,tidb_hot70,tidb_native,735,select,3003,93695,True,0.7,True,,6.620883941650391,1
2026-05-11T10:05:24+0000,1778493924.1050158,1778493924.1117806,TiDB,tidb_hot70,tidb_native,737,select,6980,87741,False,0.7,True,,6.764888763427734,1
2026-05-11T10:05:24+0000,1778493924.1096647,1778493924.112395,TiDB,tidb_hot70,tidb_native,750,select,14730,6731,False,0.7,True,,2.7303695678710938,1
2026-05-11T10:05:24+0000,1778493924.10939,1778493924.1131144,TiDB,tidb_hot70,tidb_native,749,select,3002,33808,True,0.7,True,,3.724336624145508,1
2026-05-11T10:05:24+0000,1778493924.1098177,1778493924.113258,TiDB,tidb_hot70,tidb_native,751,select,3002,79872,True,0.7,True,,3.4401416778564453,1
2026-05-11T10:05:24+0000,1778493924.1071775,1778493924.1138504,TiDB,tidb_hot70,tidb_native,743,select,3004,64613,True,0.7,True,,6.672859191894531,1
2026-05-11T10:05:24+0000,1778493924.0967748,1778493924.1140056,TiDB,tidb_hot70,tidb_native,715,insert,3004,79958,True,0.7,True,,17.230749130249023,1
2026-05-11T10:05:24+0000,1778493924.0971708,1778493924.114243,TiDB,tidb_hot70,tidb_native,716,insert,10542,23874,False,0.7,True,,17.072200775146484,1
2026-05-11T10:05:24+0000,1778493924.1082208,1778493924.1144388,TiDB,tidb_hot70,tidb_native,745,select,12911,49740,False,0.7,True,,6.21795654296875,1
2026-05-11T10:05:24+0000,1778493924.09572,1778493924.1145442,TiDB,tidb_hot70,tidb_native,711,insert,3004,57807,True,0.7,True,,18.824100494384766,1
2026-05-11T10:05:24+0000,1778493924.0962632,1778493924.1146443,TiDB,tidb_hot70,tidb_native,713,insert,14201,78557,False,0.7,True,,18.381118774414062,1
2026-05-11T10:05:24+0000,1778493924.1091726,1778493924.1149995,TiDB,tidb_hot70,tidb_native,748,select,18072,66990,False,0.7,True,,5.8269500732421875,1
2026-05-11T10:05:24+0000,1778493924.1124244,1778493924.1151834,TiDB,tidb_hot70,tidb_native,758,select,3002,45274,True,0.7,True,,2.7589797973632812,1
2026-05-11T10:05:24+0000,1778493924.108731,1778493924.1154218,TiDB,tidb_hot70,tidb_native,746,select,3003,62027,True,0.7,True,,6.690740585327148,1
2026-05-11T10:05:24+0000,1778493924.1100392,1778493924.1156108,TiDB,tidb_hot70,tidb_native,752,select,25468,23709,False,0.7,True,,5.571603775024414,1
2026-05-11T10:05:24+0000,1778493924.1108084,1778493924.1158671,TiDB,tidb_hot70,tidb_native,755,select,3001,57366,True,0.7,True,,5.058765411376953,1
2026-05-11T10:05:24+0000,1778493924.1089718,1778493924.1160316,TiDB,tidb_hot70,tidb_native,747,select,3003,22599,True,0.7,True,,7.059812545776367,1
2026-05-11T10:05:24+0000,1778493924.1108847,1778493924.116273,TiDB,tidb_hot70,tidb_native,756,select,3002,70530,True,0.7,True,,5.3882598876953125,1
2026-05-11T10:05:24+0000,1778493924.1026337,1778493924.1163812,TiDB,tidb_hot70,tidb_native,729,insert,3001,58254,True,0.7,True,,13.747453689575195,1
2026-05-11T10:05:24+0000,1778493924.1144662,1778493924.1171837,TiDB,tidb_hot70,tidb_native,764,select,3000,95106,True,0.7,True,,2.7174949645996094,1
2026-05-11T10:05:24+0000,1778493924.0980065,1778493924.117304,TiDB,tidb_hot70,tidb_native,718,insert,3002,99280,True,0.7,True,,19.29759979248047,1
2026-05-11T10:05:24+0000,1778493924.1037467,1778493924.1176383,TiDB,tidb_hot70,tidb_native,733,update,4893,75516,False,0.7,True,,13.89169692993164,1
2026-05-11T10:05:24+0000,1778493924.1142764,1778493924.1184604,TiDB,tidb_hot70,tidb_native,763,select,19536,36870,False,0.7,True,,4.18400764465332,1
2026-05-11T10:05:24+0000,1778493923.7255435,1778493924.1187437,TiDB,tidb_hot70,tidb_native,284,update,3000,49121,True,0.7,True,,393.200159072876,1
2026-05-11T10:05:24+0000,1778493924.1163008,1778493924.1190364,TiDB,tidb_hot70,tidb_native,773,select,11005,39518,False,0.7,True,,2.735614776611328,1
2026-05-11T10:05:24+0000,1778493924.1158957,1778493924.1192143,TiDB,tidb_hot70,tidb_native,771,select,29624,88221,False,0.7,True,,3.3185482025146484,1
2026-05-11T10:05:24+0000,1778493924.1032746,1778493924.1194048,TiDB,tidb_hot70,tidb_native,732,insert,23889,25482,False,0.7,True,,16.13020896911621,1
2026-05-11T10:05:24+0000,1778493924.1156378,1778493924.1200469,TiDB,tidb_hot70,tidb_native,770,select,3000,15372,True,0.7,True,,4.409074783325195,1
2026-05-11T10:05:24+0000,1778493924.1164122,1778493924.1203098,TiDB,tidb_hot70,tidb_native,774,select,3004,96078,True,0.7,True,,3.8976669311523438,1
2026-05-11T10:05:24+0000,1778493924.1176686,1778493924.1215868,TiDB,tidb_hot70,tidb_native,777,select,3000,20809,True,0.7,True,,3.918170928955078,1
2026-05-11T10:05:24+0000,1778493922.7775297,1778493924.1223285,TiDB,tidb_hot70,tidb_native,230,update,3002,14560,True,0.7,True,,1344.7988033294678,1
2026-05-11T10:05:24+0000,1778493924.1076853,1778493924.1225896,TiDB,tidb_hot70,tidb_native,744,update,17021,50934,False,0.7,True,,14.904260635375977,1
2026-05-11T10:05:24+0000,1778493924.119253,1778493924.1229048,TiDB,tidb_hot70,tidb_native,781,select,9998,12393,False,0.7,True,,3.651857376098633,1
2026-05-11T10:05:24+0000,1778493924.1152124,1778493924.1238623,TiDB,tidb_hot70,tidb_native,768,select,15441,71436,False,0.7,True,,8.649826049804688,1
2026-05-11T10:05:24+0000,1778493924.1145766,1778493924.1240506,TiDB,tidb_hot70,tidb_native,765,insert,3004,28484,True,0.7,True,,9.474039077758789,1
2026-05-11T10:05:24+0000,1778493924.120095,1778493924.12431,TiDB,tidb_hot70,tidb_native,783,select,583,89569,False,0.7,True,,4.215002059936523,1
2026-05-11T10:05:24+0000,1778493924.1105895,1778493924.1246302,TiDB,tidb_hot70,tidb_native,754,select,3000,52106,True,0.7,True,,14.040708541870117,1
2026-05-11T10:05:24+0000,1778493923.7325792,1778493924.1248763,TiDB,tidb_hot70,tidb_native,309,update,3003,29648,True,0.7,True,,392.29702949523926,1
2026-05-11T10:05:24+0000,1778493924.1118226,1778493924.1251059,TiDB,tidb_hot70,tidb_native,757,select,3000,27114,True,0.7,True,,13.283252716064453,1
2026-05-11T10:05:24+0000,1778493922.7830086,1778493924.1252682,TiDB,tidb_hot70,tidb_native,245,update,3001,45146,True,0.7,True,,1342.2596454620361,1
2026-05-11T10:05:24+0000,1778493924.1203609,1778493924.1254997,TiDB,tidb_hot70,tidb_native,784,select,3000,55730,True,0.7,True,,5.138874053955078,1
2026-05-11T10:05:24+0000,1778493924.114047,1778493924.127085,TiDB,tidb_hot70,tidb_native,762,update,7258,24618,False,0.7,True,,13.037919998168945,1
2026-05-11T10:05:24+0000,1778493924.1187797,1778493924.1276176,TiDB,tidb_hot70,tidb_native,779,select,11193,53587,False,0.7,True,,8.83793830871582,1
2026-05-11T10:05:24+0000,1778493924.1150303,1778493924.1279352,TiDB,tidb_hot70,tidb_native,767,select,3002,94851,True,0.7,True,,12.904882431030273,1
2026-05-11T10:05:24+0000,1778493923.714237,1778493924.128237,TiDB,tidb_hot70,tidb_native,273,update,3004,2402,True,0.7,True,,414.0000343322754,1
2026-05-11T10:05:24+0000,1778493924.0988271,1778493924.1285758,TiDB,tidb_hot70,tidb_native,720,select,3002,27049,True,0.7,True,,29.74867820739746,1
2026-05-11T10:05:24+0000,1778493924.119063,1778493924.1292353,TiDB,tidb_hot70,tidb_native,780,insert,3004,8090,True,0.7,True,,10.172367095947266,1
2026-05-11T10:05:24+0000,1778493924.1253142,1778493924.129916,TiDB,tidb_hot70,tidb_native,795,select,13640,56446,False,0.7,True,,4.601716995239258,1
2026-05-11T10:05:24+0000,1778493924.1132836,1778493924.130781,TiDB,tidb_hot70,tidb_native,760,insert,21992,45768,False,0.7,True,,17.49730110168457,1
2026-05-11T10:05:24+0000,1778493924.116064,1778493924.1311042,TiDB,tidb_hot70,tidb_native,772,insert,29162,6197,False,0.7,True,,15.040159225463867,1
2026-05-11T10:05:24+0000,1778493924.1279933,1778493924.131496,TiDB,tidb_hot70,tidb_native,799,select,11892,36541,False,0.7,True,,3.5026073455810547,1
2026-05-11T10:05:24+0000,1778493924.1276762,1778493924.1320183,TiDB,tidb_hot70,tidb_native,798,select,24237,79686,False,0.7,True,,4.342079162597656,1
2026-05-11T10:05:24+0000,1778493924.11545,1778493924.1321607,TiDB,tidb_hot70,tidb_native,769,select,3003,75857,True,0.7,True,,16.710758209228516,1
2026-05-11T10:05:24+0000,1778493924.1251495,1778493924.132585,TiDB,tidb_hot70,tidb_native,794,select,12454,16375,False,0.7,True,,7.43556022644043,1
2026-05-11T10:05:24+0000,1778493924.1282976,1778493924.1336036,TiDB,tidb_hot70,tidb_native,800,select,28911,68962,False,0.7,True,,5.306005477905273,1
2026-05-11T10:05:24+0000,1778493924.1286407,1778493924.134161,TiDB,tidb_hot70,tidb_native,801,select,13299,22063,False,0.7,True,,5.520343780517578,1
2026-05-11T10:05:24+0000,1778493924.122646,1778493924.134321,TiDB,tidb_hot70,tidb_native,787,select,3004,80432,True,0.7,True,,11.674880981445312,1
2026-05-11T10:05:24+0000,1778493924.1311731,1778493924.1350648,TiDB,tidb_hot70,tidb_native,805,select,14894,64316,False,0.7,True,,3.8917064666748047,1
2026-05-11T10:05:24+0000,1778493924.1315389,1778493924.135689,TiDB,tidb_hot70,tidb_native,806,select,26796,76109,False,0.7,True,,4.150152206420898,1
2026-05-11T10:05:24+0000,1778493924.1320565,1778493924.1359267,TiDB,tidb_hot70,tidb_native,807,select,14561,2614,False,0.7,True,,3.870248794555664,1
2026-05-11T10:05:24+0000,1778493924.1322072,1778493924.136189,TiDB,tidb_hot70,tidb_native,808,select,3002,50116,True,0.7,True,,3.9818286895751953,1
2026-05-11T10:05:24+0000,1778493924.106267,1778493924.136348,TiDB,tidb_hot70,tidb_native,740,update,3003,81574,True,0.7,True,,30.08103370666504,1
2026-05-11T10:05:24+0000,1778493924.1173368,1778493924.1365614,TiDB,tidb_hot70,tidb_native,776,update,10693,76783,False,0.7,True,,19.22464370727539,1
2026-05-11T10:05:24+0000,1778493923.7303526,1778493924.1367824,TiDB,tidb_hot70,tidb_native,297,update,3000,3567,True,0.7,True,,406.4297676086426,1
2026-05-11T10:05:24+0000,1778493924.125552,1778493924.1372044,TiDB,tidb_hot70,tidb_native,796,select,3004,93952,True,0.7,True,,11.652469635009766,1
2026-05-11T10:05:24+0000,1778493924.1172152,1778493924.1382823,TiDB,tidb_hot70,tidb_native,775,update,14899,17838,False,0.7,True,,21.067142486572266,1
2026-05-11T10:05:24+0000,1778493924.1359706,1778493924.1387677,TiDB,tidb_hot70,tidb_native,815,select,479,49799,False,0.7,True,,2.7971267700195312,1
2026-05-11T10:05:24+0000,1778493924.122384,1778493924.1391473,TiDB,tidb_hot70,tidb_native,786,insert,3002,93547,True,0.7,True,,16.76321029663086,1
2026-05-11T10:05:24+0000,1778493924.130006,1778493924.1394048,TiDB,tidb_hot70,tidb_native,803,select,3000,16568,True,0.7,True,,9.398698806762695,1
2026-05-11T10:05:24+0000,1778493924.1216583,1778493924.1395535,TiDB,tidb_hot70,tidb_native,785,update,4137,47630,False,0.7,True,,17.895221710205078,1
2026-05-11T10:05:24+0000,1778493924.1351075,1778493924.1399572,TiDB,tidb_hot70,tidb_native,813,select,3004,43812,True,0.7,True,,4.849672317504883,1
2026-05-11T10:05:24+0000,1778493924.1357284,1778493924.1401916,TiDB,tidb_hot70,tidb_native,814,select,10213,66957,False,0.7,True,,4.46319580078125,1
2026-05-11T10:05:24+0000,1778493924.12296,1778493924.1406043,TiDB,tidb_hot70,tidb_native,788,select,3004,62982,True,0.7,True,,17.644166946411133,1
2026-05-11T10:05:24+0000,1778493924.1308956,1778493924.141068,TiDB,tidb_hot70,tidb_native,804,select,3000,77127,True,0.7,True,,10.172367095947266,1
2026-05-11T10:05:24+0000,1778493924.11042,1778493924.1412065,TiDB,tidb_hot70,tidb_native,753,update,3001,33131,True,0.7,True,,30.786514282226562,1
2026-05-11T10:05:24+0000,1778493924.136826,1778493924.1416583,TiDB,tidb_hot70,tidb_native,819,select,3004,79996,True,0.7,True,,4.832267761230469,1
2026-05-11T10:05:24+0000,1778493924.1272051,1778493924.1419954,TiDB,tidb_hot70,tidb_native,797,select,3003,21696,True,0.7,True,,14.79029655456543,1
2026-05-11T10:05:24+0000,1778493924.1394484,1778493924.1423936,TiDB,tidb_hot70,tidb_native,824,select,48,93948,False,0.7,True,,2.9451847076416016,1
2026-05-11T10:05:24+0000,1778493924.133708,1778493924.142669,TiDB,tidb_hot70,tidb_native,810,select,3001,79569,True,0.7,True,,8.960962295532227,1
2026-05-11T10:05:24+0000,1778493924.1388102,1778493924.1429486,TiDB,tidb_hot70,tidb_native,822,select,25991,69342,False,0.7,True,,4.138469696044922,1
2026-05-11T10:05:24+0000,1778493924.1412463,1778493924.1437173,TiDB,tidb_hot70,tidb_native,830,select,3000,48047,True,0.7,True,,2.4709701538085938,1
2026-05-11T10:05:24+0000,1778493924.138329,1778493924.1440773,TiDB,tidb_hot70,tidb_native,821,select,26166,54257,False,0.7,True,,5.748271942138672,1
2026-05-11T10:05:24+0000,1778493924.134222,1778493924.1447413,TiDB,tidb_hot70,tidb_native,811,select,3000,55345,True,0.7,True,,10.519266128540039,1
2026-05-11T10:05:24+0000,1778493924.1243713,1778493924.145614,TiDB,tidb_hot70,tidb_native,791,select,3003,33652,True,0.7,True,,21.242618560791016,1
2026-05-11T10:05:24+0000,1778493924.1399927,1778493924.146055,TiDB,tidb_hot70,tidb_native,826,select,3001,52807,True,0.7,True,,6.06226921081543,1
2026-05-11T10:05:24+0000,1778493924.1326454,1778493924.1462996,TiDB,tidb_hot70,tidb_native,809,select,3001,7647,True,0.7,True,,13.654232025146484,1
2026-05-11T10:05:24+0000,1778493924.1239164,1778493924.1464555,TiDB,tidb_hot70,tidb_native,789,update,3737,45733,False,0.7,True,,22.539138793945312,1
2026-05-11T10:05:24+0000,1778493924.1411092,1778493924.1473207,TiDB,tidb_hot70,tidb_native,829,select,3004,57835,True,0.7,True,,6.211519241333008,1
2026-05-11T10:05:24+0000,1778493924.1417353,1778493924.1475997,TiDB,tidb_hot70,tidb_native,831,select,3001,79198,True,0.7,True,,5.864381790161133,1
2026-05-11T10:05:24+0000,1778493924.1402333,1778493924.1478972,TiDB,tidb_hot70,tidb_native,827,select,23655,21378,False,0.7,True,,7.663965225219727,1
2026-05-11T10:05:24+0000,1778493924.1241028,1778493924.1482515,TiDB,tidb_hot70,tidb_native,790,insert,3002,28134,True,0.7,True,,24.14870262145996,1
2026-05-11T10:05:24+0000,1778493924.1430109,1778493924.1485643,TiDB,tidb_hot70,tidb_native,835,select,18133,9727,False,0.7,True,,5.553483963012695,1
2026-05-11T10:05:24+0000,1778493924.1463473,1778493924.1498864,TiDB,tidb_hot70,tidb_native,841,select,6857,26957,False,0.7,True,,3.5390853881835938,1
2026-05-11T10:05:24+0000,1778493924.1479678,1778493924.1501667,TiDB,tidb_hot70,tidb_native,845,select,3001,78299,True,0.7,True,,2.198934555053711,1
2026-05-11T10:05:24+0000,1778493924.1420512,1778493924.1505425,TiDB,tidb_hot70,tidb_native,832,select,1908,9926,False,0.7,True,,8.491277694702148,1
2026-05-11T10:05:24+0000,1778493924.1476655,1778493924.150695,TiDB,tidb_hot70,tidb_native,844,select,3002,7831,True,0.7,True,,3.0295848846435547,1
2026-05-11T10:05:24+0000,1778493924.1441422,1778493924.1509614,TiDB,tidb_hot70,tidb_native,837,select,3001,10228,True,0.7,True,,6.819248199462891,1
2026-05-11T10:05:24+0000,1778493924.146498,1778493924.1513546,TiDB,tidb_hot70,tidb_native,842,select,27895,75403,False,0.7,True,,4.856586456298828,1
2026-05-11T10:05:24+0000,1778493922.78532,1778493924.1526656,TiDB,tidb_hot70,tidb_native,253,update,3002,63539,True,0.7,True,,1367.3455715179443,1
2026-05-11T10:05:24+0000,1778493924.1406589,1778493924.153861,TiDB,tidb_hot70,tidb_native,828,insert,3004,65907,True,0.7,True,,13.202190399169922,1
2026-05-11T10:05:24+0000,1778493924.1292756,1778493924.1540482,TiDB,tidb_hot70,tidb_native,802,update,9505,50179,False,0.7,True,,24.77264404296875,1
2026-05-11T10:05:24+0000,1778493924.1362278,1778493924.154491,TiDB,tidb_hot70,tidb_native,816,select,3002,23617,True,0.7,True,,18.26310157775879,1
2026-05-11T10:05:24+0000,1778493923.9013731,1778493924.1546385,TiDB,tidb_hot70,tidb_native,441,update,3000,7638,True,0.7,True,,253.265380859375,1
2026-05-11T10:05:24+0000,1778493924.142447,1778493924.1547768,TiDB,tidb_hot70,tidb_native,833,select,3002,63131,True,0.7,True,,12.329816818237305,1
2026-05-11T10:05:24+0000,1778493924.1507356,1778493924.1551986,TiDB,tidb_hot70,tidb_native,851,select,3002,4323,True,0.7,True,,4.462957382202148,1
2026-05-11T10:05:24+0000,1778493924.1514099,1778493924.1554759,TiDB,tidb_hot70,tidb_native,853,select,25211,79893,False,0.7,True,,4.065990447998047,1
2026-05-11T10:05:24+0000,1778493924.1499283,1778493924.1557217,TiDB,tidb_hot70,tidb_native,848,select,13489,20829,False,0.7,True,,5.793333053588867,1
2026-05-11T10:05:24+0000,1778493924.1505976,1778493924.1559312,TiDB,tidb_hot70,tidb_native,850,select,13591,66271,False,0.7,True,,5.333662033081055,1
2026-05-11T10:05:24+0000,1778493923.656258,1778493924.1560817,TiDB,tidb_hot70,tidb_native,259,update,3004,74620,True,0.7,True,,499.82357025146484,1
2026-05-11T10:05:24+0000,1778493924.1502206,1778493924.1642535,TiDB,tidb_hot70,tidb_native,849,select,3000,1636,True,0.7,True,,14.032840728759766,1
2026-05-11T10:05:24+0000,1778493923.9916897,1778493924.164418,TiDB,tidb_hot70,tidb_native,549,update,3001,52910,True,0.7,True,,172.7283000946045,1
2026-05-11T10:05:24+0000,1778493924.152719,1778493924.1653795,TiDB,tidb_hot70,tidb_native,854,select,3000,30661,True,0.7,True,,12.660503387451172,1
2026-05-11T10:05:24+0000,1778493924.147372,1778493924.1665444,TiDB,tidb_hot70,tidb_native,843,insert,26276,31941,False,0.7,True,,19.17243003845215,1
2026-05-11T10:05:24+0000,1778493924.143771,1778493924.1667356,TiDB,tidb_hot70,tidb_native,836,insert,3003,52040,True,0.7,True,,22.9647159576416,1
2026-05-11T10:05:24+0000,1778493924.1427152,1778493924.1671503,TiDB,tidb_hot70,tidb_native,834,insert,3004,21167,True,0.7,True,,24.435043334960938,1
2026-05-11T10:05:24+0000,1778493923.7902622,1778493924.1682808,TiDB,tidb_hot70,tidb_native,402,update,3003,80618,True,0.7,True,,378.0186176300049,1
2026-05-11T10:05:24+0000,1778493924.1555138,1778493924.1686196,TiDB,tidb_hot70,tidb_native,861,select,3000,87346,True,0.7,True,,13.10586929321289,1
2026-05-11T10:05:24+0000,1778493924.1548133,1778493924.169556,TiDB,tidb_hot70,tidb_native,859,select,22438,12969,False,0.7,True,,14.742612838745117,1
2026-05-11T10:05:24+0000,1778493924.1561372,1778493924.1706066,TiDB,tidb_hot70,tidb_native,864,select,2853,3351,False,0.7,True,,14.469385147094727,1
2026-05-11T10:05:24+0000,1778493924.1683505,1778493924.1709511,TiDB,tidb_hot70,tidb_native,871,select,3001,67706,True,0.7,True,,2.6006698608398438,1
2026-05-11T10:05:24+0000,1778493924.1559582,1778493924.171225,TiDB,tidb_hot70,tidb_native,863,select,3003,95703,True,0.7,True,,15.266895294189453,1
2026-05-11T10:05:24+0000,1778493924.1557631,1778493924.1715164,TiDB,tidb_hot70,tidb_native,862,select,15554,58324,False,0.7,True,,15.75326919555664,1
2026-05-11T10:05:24+0000,1778493924.1546729,1778493924.1717687,TiDB,tidb_hot70,tidb_native,858,select,3000,53860,True,0.7,True,,17.09580421447754,1
2026-05-11T10:05:24+0000,1778493924.167232,1778493924.1720576,TiDB,tidb_hot70,tidb_native,870,select,21677,17735,False,0.7,True,,4.825592041015625,1
2026-05-11T10:05:24+0000,1778493924.154536,1778493924.17233,TiDB,tidb_hot70,tidb_native,857,select,3002,2208,True,0.7,True,,17.793893814086914,1
2026-05-11T10:05:24+0000,1778493924.1665833,1778493924.1725514,TiDB,tidb_hot70,tidb_native,868,select,3001,53222,True,0.7,True,,5.9680938720703125,1
2026-05-11T10:05:24+0000,1778493924.146154,1778493924.1733005,TiDB,tidb_hot70,tidb_native,840,select,3004,67571,True,0.7,True,,27.146577835083008,1
2026-05-11T10:05:24+0000,1778493924.1457112,1778493924.1735368,TiDB,tidb_hot70,tidb_native,839,select,3004,51787,True,0.7,True,,27.825593948364258,1
2026-05-11T10:05:24+0000,1778493924.1712713,1778493924.1744127,TiDB,tidb_hot70,tidb_native,876,select,3002,38404,True,0.7,True,,3.1414031982421875,1
2026-05-11T10:05:24+0000,1778493923.9861798,1778493924.1755307,TiDB,tidb_hot70,tidb_native,536,update,3003,97300,True,0.7,True,,189.35084342956543,1
2026-05-11T10:05:24+0000,1778493924.1710224,1778493924.1758635,TiDB,tidb_hot70,tidb_native,875,select,3004,91697,True,0.7,True,,4.841089248657227,1
2026-05-11T10:05:24+0000,1778493924.172373,1778493924.176288,TiDB,tidb_hot70,tidb_native,880,select,25129,80460,False,0.7,True,,3.9148330688476562,1
2026-05-11T10:05:24+0000,1778493924.154086,1778493924.176658,TiDB,tidb_hot70,tidb_native,856,select,3001,36852,True,0.7,True,,22.571802139282227,1
2026-05-11T10:05:24+0000,1778493924.173344,1778493924.176978,TiDB,tidb_hot70,tidb_native,882,select,3003,77269,True,0.7,True,,3.634214401245117,1
2026-05-11T10:05:24+0000,1778493924.1759117,1778493924.1774464,TiDB,tidb_hot70,tidb_native,886,select,3004,10603,True,0.7,True,,1.5347003936767578,1
2026-05-11T10:05:24+0000,1778493924.1763413,1778493924.179002,TiDB,tidb_hot70,tidb_native,887,select,3004,35929,True,0.7,True,,2.6607513427734375,1
2026-05-11T10:05:24+0000,1778493924.1643102,1778493924.179343,TiDB,tidb_hot70,tidb_native,865,insert,3002,17015,True,0.7,True,,15.032768249511719,1
2026-05-11T10:05:24+0000,1778493924.155244,1778493924.1795232,TiDB,tidb_hot70,tidb_native,860,update,27202,63880,False,0.7,True,,24.279117584228516,1
2026-05-11T10:05:24+0000,1778493924.1770287,1778493924.181567,TiDB,tidb_hot70,tidb_native,889,select,3004,80967,True,0.7,True,,4.538297653198242,1
2026-05-11T10:05:24+0000,1778493924.1767178,1778493924.182692,TiDB,tidb_hot70,tidb_native,888,select,3000,19844,True,0.7,True,,5.974292755126953,1
2026-05-11T10:05:24+0000,1778493924.166772,1778493924.182838,TiDB,tidb_hot70,tidb_native,869,insert,3002,21353,True,0.7,True,,16.06607437133789,1
2026-05-11T10:05:24+0000,1778493923.7905734,1778493924.1831155,TiDB,tidb_hot70,tidb_native,403,update,3000,97972,True,0.7,True,,392.54212379455566,1
2026-05-11T10:05:24+0000,1778493924.1686873,1778493924.18326,TiDB,tidb_hot70,tidb_native,872,insert,3672,26586,False,0.7,True,,14.572620391845703,1
2026-05-11T10:05:24+0000,1778493924.1793947,1778493924.1835306,TiDB,tidb_hot70,tidb_native,892,select,17499,62704,False,0.7,True,,4.135847091674805,1
2026-05-11T10:05:24+0000,1778493924.1795776,1778493924.1840286,TiDB,tidb_hot70,tidb_native,893,select,3003,14887,True,0.7,True,,4.45103645324707,1
2026-05-11T10:05:24+0000,1778493924.179046,1778493924.1843343,TiDB,tidb_hot70,tidb_native,891,select,3000,17924,True,0.7,True,,5.288362503051758,1
2026-05-11T10:05:24+0000,1778493924.1706667,1778493924.1850011,TiDB,tidb_hot70,tidb_native,874,insert,3001,81305,True,0.7,True,,14.334440231323242,1
2026-05-11T10:05:24+0000,1778493924.1644607,1778493924.185098,TiDB,tidb_hot70,tidb_native,866,insert,20909,35041,False,0.7,True,,20.63727378845215,1
2026-05-11T10:05:24+0000,1778493924.1835876,1778493924.1853418,TiDB,tidb_hot70,tidb_native,899,select,3000,3956,True,0.7,True,,1.7542839050292969,1
2026-05-11T10:05:24+0000,1778493924.1827462,1778493924.1858087,TiDB,tidb_hot70,tidb_native,895,select,29991,39525,False,0.7,True,,3.0624866485595703,1
2026-05-11T10:05:24+0000,1778493924.1720955,1778493924.1859987,TiDB,tidb_hot70,tidb_native,879,insert,3001,92074,True,0.7,True,,13.903141021728516,1
2026-05-11T10:05:24+0000,1778493924.1725867,1778493924.1861284,TiDB,tidb_hot70,tidb_native,881,insert,24047,86093,False,0.7,True,,13.541698455810547,1
2026-05-11T10:05:24+0000,1778493923.9885833,1778493924.1862497,TiDB,tidb_hot70,tidb_native,540,update,3001,43728,True,0.7,True,,197.66640663146973,1
2026-05-11T10:05:24+0000,1778493924.1735833,1778493924.1863317,TiDB,tidb_hot70,tidb_native,883,insert,3004,34772,True,0.7,True,,12.748479843139648,1
2026-05-11T10:05:24+0000,1778493924.1831665,1778493924.1870334,TiDB,tidb_hot70,tidb_native,897,select,10817,6639,False,0.7,True,,3.866910934448242,1
2026-05-11T10:05:24+0000,1778493924.1744676,1778493924.188771,TiDB,tidb_hot70,tidb_native,884,update,8960,58411,False,0.7,True,,14.303445816040039,1
2026-05-11T10:05:24+0000,1778493923.9130607,1778493924.191176,TiDB,tidb_hot70,tidb_native,475,update,3004,43139,True,0.7,True,,278.11527252197266,1
2026-05-11T10:05:24+0000,1778493922.7844355,1778493924.19143,TiDB,tidb_hot70,tidb_native,250,update,3002,59272,True,0.7,True,,1406.9945812225342,1
2026-05-11T10:05:24+0000,1778493924.181621,1778493924.1918104,TiDB,tidb_hot70,tidb_native,894,insert,3000,41796,True,0.7,True,,10.189294815063477,1
2026-05-11T10:05:24+0000,1778493924.1774888,1778493924.1919527,TiDB,tidb_hot70,tidb_native,890,insert,3004,43685,True,0.7,True,,14.46390151977539,1
2026-05-11T10:05:24+0000,1778493923.90837,1778493924.1923862,TiDB,tidb_hot70,tidb_native,461,update,3000,51281,True,0.7,True,,284.0161323547363,1
2026-05-11T10:05:24+0000,1778493924.1131413,1778493924.192933,TiDB,tidb_hot70,tidb_native,759,update,3003,11275,True,0.7,True,,79.79178428649902,1
2026-05-11T10:05:24+0000,1778493924.1828797,1778493924.1933913,TiDB,tidb_hot70,tidb_native,896,select,3003,44012,True,0.7,True,,10.511636734008789,1
2026-05-11T10:05:24+0000,1778493924.102842,1778493924.1989746,TiDB,tidb_hot70,tidb_native,730,update,3001,94075,True,0.7,True,,96.13251686096191,1
2026-05-11T10:05:24+0000,1778493923.897381,1778493924.20231,TiDB,tidb_hot70,tidb_native,428,update,3004,44610,True,0.7,True,,304.9290180206299,1
2026-05-11T10:05:24+0000,1778493923.9905357,1778493924.2077549,TiDB,tidb_hot70,tidb_native,543,update,3000,94375,True,0.7,True,,217.21911430358887,1
2026-05-11T10:05:24+0000,1778493924.081229,1778493924.207879,TiDB,tidb_hot70,tidb_native,680,update,3002,52341,True,0.7,True,,126.65009498596191,1
2026-05-11T10:05:24+0000,1778493924.0329614,1778493924.2104266,TiDB,tidb_hot70,tidb_native,566,update,3003,71095,True,0.7,True,,177.46520042419434,1
2026-05-11T10:05:24+0000,1778493924.0450768,1778493924.2105424,TiDB,tidb_hot70,tidb_native,589,update,3004,20559,True,0.7,True,,165.4655933380127,1
2026-05-11T10:05:24+0000,1778493923.9150362,1778493924.2140417,TiDB,tidb_hot70,tidb_native,480,update,3000,39575,True,0.7,True,,299.00550842285156,1
2026-05-11T10:05:24+0000,1778493923.912108,1778493924.2149553,TiDB,tidb_hot70,tidb_native,471,update,3001,69603,True,0.7,True,,302.84738540649414,1
2026-05-11T10:05:24+0000,1778493924.066546,1778493924.217758,TiDB,tidb_hot70,tidb_native,648,update,3004,78402,True,0.7,True,,151.21197700500488,1
2026-05-11T10:05:24+0000,1778493924.1696122,1778493924.2178724,TiDB,tidb_hot70,tidb_native,873,update,3002,56298,True,0.7,True,,48.26021194458008,1
2026-05-11T10:05:24+0000,1778493923.8984182,1778493924.2182329,TiDB,tidb_hot70,tidb_native,432,update,3003,14141,True,0.7,True,,319.81468200683594,1
2026-05-11T10:05:24+0000,1778493924.048784,1778493924.2214096,TiDB,tidb_hot70,tidb_native,597,update,3000,79779,True,0.7,True,,172.62554168701172,1
2026-05-11T10:05:24+0000,1778493923.9186492,1778493924.221584,TiDB,tidb_hot70,tidb_native,490,update,3001,36833,True,0.7,True,,302.9348850250244,1
2026-05-11T10:05:24+0000,1778493924.1391916,1778493924.227344,TiDB,tidb_hot70,tidb_native,823,update,3003,698,True,0.7,True,,88.15240859985352,1
2026-05-11T10:05:24+0000,1778493924.124677,1778493924.227572,TiDB,tidb_hot70,tidb_native,792,update,3004,75843,True,0.7,True,,102.89502143859863,1
2026-05-11T10:05:24+0000,1778493923.900191,1778493924.2315447,TiDB,tidb_hot70,tidb_native,436,update,3000,65999,True,0.7,True,,331.35366439819336,1
2026-05-11T10:05:24+0000,1778493924.094744,1778493924.231676,TiDB,tidb_hot70,tidb_native,708,update,3002,73877,True,0.7,True,,136.9321346282959,1
2026-05-11T10:05:24+0000,1778493924.0453732,1778493924.2318523,TiDB,tidb_hot70,tidb_native,590,update,3001,98724,True,0.7,True,,186.4790916442871,1
2026-05-11T10:05:24+0000,1778493924.032737,1778493924.2368433,TiDB,tidb_hot70,tidb_native,565,update,3003,909,True,0.7,True,,204.10633087158203,1
2026-05-11T10:05:24+0000,1778493924.0571973,1778493924.2398243,TiDB,tidb_hot70,tidb_native,619,update,3004,24275,True,0.7,True,,182.62696266174316,1
2026-05-11T10:05:24+0000,1778493924.0931559,1778493924.2425818,TiDB,tidb_hot70,tidb_native,705,update,3002,2449,True,0.7,True,,149.42598342895508,1
2026-05-11T10:05:24+0000,1778493923.986858,1778493924.2431824,TiDB,tidb_hot70,tidb_native,537,update,3001,99669,True,0.7,True,,256.32452964782715,1
2026-05-11T10:05:24+0000,1778493924.136394,1778493924.2434254,TiDB,tidb_hot70,tidb_native,817,update,3003,3345,True,0.7,True,,107.03134536743164,1
2026-05-11T10:05:24+0000,1778493923.924431,1778493924.2437923,TiDB,tidb_hot70,tidb_native,506,update,3000,2165,True,0.7,True,,319.36120986938477,1
2026-05-11T10:05:24+0000,1778493924.0699413,1778493924.2466893,TiDB,tidb_hot70,tidb_native,658,update,3004,55009,True,0.7,True,,176.74803733825684,1
2026-05-11T10:05:24+0000,1778493924.105367,1778493924.2625854,TiDB,tidb_hot70,tidb_native,738,update,3002,38160,True,0.7,True,,157.21845626831055,1
2026-05-11T10:05:24+0000,1778493923.9911113,1778493924.2643027,TiDB,tidb_hot70,tidb_native,546,update,3003,77976,True,0.7,True,,273.1914520263672,1
2026-05-11T10:05:24+0000,1778493924.0310743,1778493924.265783,TiDB,tidb_hot70,tidb_native,562,update,3001,33372,True,0.7,True,,234.7087860107422,1
2026-05-11T10:05:24+0000,1778493924.03698,1778493924.2662356,TiDB,tidb_hot70,tidb_native,570,update,3000,15981,True,0.7,True,,229.25567626953125,1
2026-05-11T10:05:24+0000,1778493924.0913138,1778493924.266678,TiDB,tidb_hot70,tidb_native,701,update,3004,42515,True,0.7,True,,175.36425590515137,1
2026-05-11T10:05:24+0000,1778493924.04171,1778493924.2836106,TiDB,tidb_hot70,tidb_native,581,update,3000,94949,True,0.7,True,,241.90068244934082,1
2026-05-11T10:05:24+0000,1778493924.0837247,1778493924.283748,TiDB,tidb_hot70,tidb_native,684,update,3002,50375,True,0.7,True,,200.02317428588867,1
2026-05-11T10:05:24+0000,1778493924.0646565,1778493924.2838833,TiDB,tidb_hot70,tidb_native,644,update,3003,31890,True,0.7,True,,219.22683715820312,1
2026-05-11T10:05:24+0000,1778493924.0490506,1778493924.284282,TiDB,tidb_hot70,tidb_native,598,update,3001,42602,True,0.7,True,,235.2313995361328,1
2026-05-11T10:05:24+0000,1778493924.099212,1778493924.2932255,TiDB,tidb_hot70,tidb_native,721,update,3004,71944,True,0.7,True,,194.0135955810547,1
2026-05-11T10:05:24+0000,1778493924.1146798,1778493924.3083003,TiDB,tidb_hot70,tidb_native,766,update,3002,17452,True,0.7,True,,193.6204433441162,1
2026-05-11T10:05:24+0000,1778493924.1366062,1778493924.311034,TiDB,tidb_hot70,tidb_native,818,update,3001,41329,True,0.7,True,,174.42774772644043,1
2026-05-11T10:05:24+0000,1778493923.7297049,1778493924.31133,TiDB,tidb_hot70,tidb_native,295,update,3003,41509,True,0.7,True,,581.62522315979,1
2026-05-11T10:05:24+0000,1778493924.105809,1778493924.3114865,TiDB,tidb_hot70,tidb_native,739,update,3000,91623,True,0.7,True,,205.67750930786133,1
2026-05-11T10:05:24+0000,1778493923.7894304,1778493924.3124871,TiDB,tidb_hot70,tidb_native,399,update,3004,18148,True,0.7,True,,523.0567455291748,1
2026-05-11T10:05:24+0000,1778493924.1138868,1778493924.3139997,TiDB,tidb_hot70,tidb_native,761,update,3002,18193,True,0.7,True,,200.11281967163086,1
2026-05-11T10:05:24+0000,1778493924.1031222,1778493924.3241992,TiDB,tidb_hot70,tidb_native,731,update,3000,97685,True,0.7,True,,221.07696533203125,1
2026-05-11T10:05:24+0000,1778493924.1448512,1778493924.324351,TiDB,tidb_hot70,tidb_native,838,update,3002,52983,True,0.7,True,,179.49986457824707,1
2026-05-11T10:05:24+0000,1778493924.1486173,1778493924.3245988,TiDB,tidb_hot70,tidb_native,847,update,3004,77261,True,0.7,True,,175.9815216064453,1
2026-05-11T10:05:24+0000,1778493924.1718194,1778493924.3247983,TiDB,tidb_hot70,tidb_native,878,update,3003,32800,True,0.7,True,,152.97889709472656,1
2026-05-11T10:05:24+0000,1778493924.0468404,1778493924.326572,TiDB,tidb_hot70,tidb_native,593,update,3001,43911,True,0.7,True,,279.73151206970215,1
2026-05-11T10:05:24+0000,1778493924.0691051,1778493924.330438,TiDB,tidb_hot70,tidb_native,656,update,3002,46791,True,0.7,True,,261.33275032043457,1
2026-05-11T10:05:24+0000,1778493924.1483228,1778493924.334273,TiDB,tidb_hot70,tidb_native,846,update,3003,79308,True,0.7,True,,185.95027923583984,1
2026-05-11T10:05:24+0000,1778493924.1249447,1778493924.33444,TiDB,tidb_hot70,tidb_native,793,update,3000,57764,True,0.7,True,,209.49530601501465,1
2026-05-11T10:05:24+0000,1778493924.137247,1778493924.3348813,TiDB,tidb_hot70,tidb_native,820,update,3001,97504,True,0.7,True,,197.63422012329102,1
2026-05-11T10:05:24+0000,1778493924.1194742,1778493924.335085,TiDB,tidb_hot70,tidb_native,782,update,3004,72209,True,0.7,True,,215.61074256896973,1
2026-05-11T10:05:24+0000,1778493924.1395981,1778493924.3373601,TiDB,tidb_hot70,tidb_native,825,update,3002,57839,True,0.7,True,,197.76201248168945,1
2026-05-11T10:05:24+0000,1778493924.1343615,1778493924.341815,TiDB,tidb_hot70,tidb_native,812,update,3003,79832,True,0.7,True,,207.45348930358887,1
2026-05-11T10:05:24+0000,1778493923.9761217,1778493924.3471236,TiDB,tidb_hot70,tidb_native,528,update,3002,40434,True,0.7,True,,371.0019588470459,1
2026-05-11T10:05:24+0000,1778493924.150999,1778493924.347429,TiDB,tidb_hot70,tidb_native,852,update,3004,2824,True,0.7,True,,196.42996788024902,1
2026-05-11T10:05:24+0000,1778493923.7958517,1778493924.3480136,TiDB,tidb_hot70,tidb_native,415,update,3001,92370,True,0.7,True,,552.1619319915771,1
2026-05-11T10:05:24+0000,1778493924.1184905,1778493924.3481672,TiDB,tidb_hot70,tidb_native,778,update,3000,16566,True,0.7,True,,229.6767234802246,1
2026-05-11T10:05:24+0000,1778493924.1715534,1778493924.3495317,TiDB,tidb_hot70,tidb_native,877,update,3003,14081,True,0.7,True,,177.9782772064209,1
2026-05-11T10:05:24+0000,1778493923.9235878,1778493924.3525105,TiDB,tidb_hot70,tidb_native,504,update,3002,16592,True,0.7,True,,428.9226531982422,1
2026-05-11T10:05:24+0000,1778493923.922969,1778493924.355302,TiDB,tidb_hot70,tidb_native,502,update,3001,35122,True,0.7,True,,432.33299255371094,1
2026-05-11T10:05:24+0000,1778493924.1755853,1778493924.3554156,TiDB,tidb_hot70,tidb_native,885,update,3000,33245,True,0.7,True,,179.83031272888184,1
2026-05-11T10:05:24+0000,1778493923.7864025,1778493924.356202,TiDB,tidb_hot70,tidb_native,392,update,3004,88273,True,0.7,True,,569.7994232177734,1
2026-05-11T10:05:24+0000,1778493923.9717798,1778493924.3579888,TiDB,tidb_hot70,tidb_native,516,update,3002,76911,True,0.7,True,,386.20901107788086,1
2026-05-11T10:05:24+0000,1778493923.9088457,1778493924.3609319,TiDB,tidb_hot70,tidb_native,462,update,3001,62126,True,0.7,True,,452.0862102508545,1
2026-05-11T10:05:24+0000,1778493923.7944195,1778493924.3642948,TiDB,tidb_hot70,tidb_native,412,update,3002,39640,True,0.7,True,,569.8752403259277,1
2026-05-11T10:05:24+0000,1778493923.7765405,1778493924.3667078,TiDB,tidb_hot70,tidb_native,376,update,3001,65515,True,0.7,True,,590.1672840118408,1
2026-05-11T10:05:24+0000,1778493923.8940084,1778493924.3693962,TiDB,tidb_hot70,tidb_native,419,update,3002,24334,True,0.7,True,,475.3878116607666,1
2026-05-11T10:05:24+0000,1778493924.0594661,1778493924.3728828,TiDB,tidb_hot70,tidb_native,626,update,3001,4681,True,0.7,True,,313.4167194366455,1
2026-05-11T10:05:24+0000,1778493923.918119,1778493924.3759904,TiDB,tidb_hot70,tidb_native,488,update,3002,35476,True,0.7,True,,457.8714370727539,1
2026-05-11T10:05:24+0000,1778493923.7681375,1778493924.3787892,TiDB,tidb_hot70,tidb_native,351,update,3001,28716,True,0.7,True,,610.6517314910889,1
2026-05-11T10:05:24+0000,1778493924.059763,1778493924.3833067,TiDB,tidb_hot70,tidb_native,628,update,3001,28150,True,0.7,True,,323.5437870025635,1
2026-05-11T10:05:24+0000,1778493924.070178,1778493924.3876233,TiDB,tidb_hot70,tidb_native,659,update,3001,4099,True,0.7,True,,317.4452781677246,1
2026-05-11T10:05:24+0000,1778493923.776345,1778493924.3923895,TiDB,tidb_hot70,tidb_native,375,update,3001,7722,True,0.7,True,,616.0445213317871,1
2026-05-11T10:05:24+0000,1778493923.725769,1778493924.3971457,TiDB,tidb_hot70,tidb_native,285,update,3001,46437,True,0.7,True,,671.3767051696777,1
2026-05-11T10:05:24+0000,1778493924.1539562,1778493924.4472415,TiDB,tidb_hot70,tidb_native,855,update,3001,97197,True,0.7,True,,293.2853698730469,1
2026-05-11T10:05:24+0000,1778493924.1654189,1778493924.453614,TiDB,tidb_hot70,tidb_native,867,update,3001,83243,True,0.7,True,,288.1951332092285,1
2026-05-11T10:05:24+0000,1778493924.1833038,1778493924.5008233,TiDB,tidb_hot70,tidb_native,898,update,3001,85234,True,0.7,True,,317.5194263458252,1
2026-05-11T10:05:27+0000,1778493925.1453824,1778493927.4434211,TiDB,tidb_hot90,tidb_native,21,select,3001,1528,True,0.9,True,,2298.0387210845947,1
2026-05-11T10:05:27+0000,1778493925.147017,1778493927.444532,TiDB,tidb_hot90,tidb_native,23,select,3002,31766,True,0.9,True,,2297.5149154663086,1
2026-05-11T10:05:27+0000,1778493925.1835494,1778493927.4453695,TiDB,tidb_hot90,tidb_native,63,select,3004,21630,True,0.9,True,,2261.820077896118,1
2026-05-11T10:05:27+0000,1778493925.1833053,1778493927.446039,TiDB,tidb_hot90,tidb_native,62,select,3001,46865,True,0.9,True,,2262.7336978912354,1
2026-05-11T10:05:27+0000,1778493925.1559427,1778493927.446809,TiDB,tidb_hot90,tidb_native,39,select,3000,71471,True,0.9,True,,2290.8663749694824,1
2026-05-11T10:05:27+0000,1778493925.3083124,1778493927.4477456,TiDB,tidb_hot90,tidb_native,86,select,29124,35933,False,0.9,True,,2139.4331455230713,1
2026-05-11T10:05:27+0000,1778493925.3198662,1778493927.448419,TiDB,tidb_hot90,tidb_native,94,select,3001,62468,True,0.9,True,,2128.5529136657715,1
2026-05-11T10:05:27+0000,1778493925.1873896,1778493927.4488547,TiDB,tidb_hot90,tidb_native,67,select,3002,4857,True,0.9,True,,2261.465072631836,1
2026-05-11T10:05:27+0000,1778493925.1603906,1778493927.4494073,TiDB,tidb_hot90,tidb_native,42,select,3003,29509,True,0.9,True,,2289.0167236328125,1
2026-05-11T10:05:27+0000,1778493925.1405523,1778493927.293492,TiDB,tidb_hot90,tidb_native,18,select,3002,16915,True,0.9,True,,2152.939796447754,1
2026-05-11T10:05:27+0000,1778493925.1848192,1778493927.4518685,TiDB,tidb_hot90,tidb_native,66,select,3004,86941,True,0.9,True,,2267.0493125915527,1
2026-05-11T10:05:27+0000,1778493925.151785,1778493927.4523678,TiDB,tidb_hot90,tidb_native,31,select,17443,45701,False,0.9,True,,2300.5828857421875,1
2026-05-11T10:05:27+0000,1778493925.1613817,1778493927.4526362,TiDB,tidb_hot90,tidb_native,43,select,3004,60496,True,0.9,True,,2291.2545204162598,1
2026-05-11T10:05:27+0000,1778493925.1481905,1778493927.4531522,TiDB,tidb_hot90,tidb_native,24,select,3000,76578,True,0.9,True,,2304.961681365967,1
2026-05-11T10:05:27+0000,1778493925.1625347,1778493927.453484,TiDB,tidb_hot90,tidb_native,46,select,3004,79294,True,0.9,True,,2290.9493446350098,1
2026-05-11T10:05:27+0000,1778493925.1599529,1778493927.4537969,TiDB,tidb_hot90,tidb_native,41,select,3000,35047,True,0.9,True,,2293.843984603882,1
2026-05-11T10:05:27+0000,1778493925.1992576,1778493927.454021,TiDB,tidb_hot90,tidb_native,77,select,3003,74048,True,0.9,True,,2254.76336479187,1
2026-05-11T10:05:27+0000,1778493925.1466658,1778493927.4545124,TiDB,tidb_hot90,tidb_native,22,select,3004,87026,True,0.9,True,,2307.8465461730957,1
2026-05-11T10:05:27+0000,1778493925.1797411,1778493927.454721,TiDB,tidb_hot90,tidb_native,57,select,3003,63703,True,0.9,True,,2274.979829788208,1
2026-05-11T10:05:27+0000,1778493925.164088,1778493927.4549508,TiDB,tidb_hot90,tidb_native,49,select,12680,55472,False,0.9,True,,2290.862798690796,1
2026-05-11T10:05:27+0000,1778493925.1306164,1778493927.4552474,TiDB,tidb_hot90,tidb_native,4,select,3003,92880,True,0.9,True,,2324.6309757232666,1
2026-05-11T10:05:27+0000,1778493925.1127694,1778493927.4556243,TiDB,tidb_hot90,tidb_native,0,select,3000,919,True,0.9,True,,2342.8549766540527,1
2026-05-11T10:05:27+0000,1778493925.1983972,1778493927.4564645,TiDB,tidb_hot90,tidb_native,75,select,3003,57881,True,0.9,True,,2258.0673694610596,1
2026-05-11T10:05:27+0000,1778493925.1347015,1778493927.4570177,TiDB,tidb_hot90,tidb_native,13,select,3001,30057,True,0.9,True,,2322.3161697387695,1
2026-05-11T10:05:27+0000,1778493925.1790922,1778493927.4580162,TiDB,tidb_hot90,tidb_native,55,select,3000,55303,True,0.9,True,,2278.923988342285,1
2026-05-11T10:05:27+0000,1778493925.1504073,1778493927.458401,TiDB,tidb_hot90,tidb_native,28,select,3001,8384,True,0.9,True,,2307.9936504364014,1
2026-05-11T10:05:27+0000,1778493925.1814394,1778493927.458615,TiDB,tidb_hot90,tidb_native,59,select,3000,20158,True,0.9,True,,2277.1756649017334,1
2026-05-11T10:05:27+0000,1778493925.1555936,1778493927.458917,TiDB,tidb_hot90,tidb_native,38,select,3000,56031,True,0.9,True,,2303.323268890381,1
2026-05-11T10:05:27+0000,1778493925.1636875,1778493927.4595547,TiDB,tidb_hot90,tidb_native,48,select,3003,59974,True,0.9,True,,2295.8672046661377,1
2026-05-11T10:05:27+0000,1778493925.1618307,1778493927.4597254,TiDB,tidb_hot90,tidb_native,44,select,3004,64453,True,0.9,True,,2297.8947162628174,1
2026-05-11T10:05:27+0000,1778493925.1877604,1778493927.460057,TiDB,tidb_hot90,tidb_native,68,select,3000,45539,True,0.9,True,,2272.296667098999,1
2026-05-11T10:05:27+0000,1778493925.3195522,1778493927.460688,TiDB,tidb_hot90,tidb_native,93,select,3002,79317,True,0.9,True,,2141.1359310150146,1
2026-05-11T10:05:27+0000,1778493925.156347,1778493927.4616055,TiDB,tidb_hot90,tidb_native,40,select,3000,2495,True,0.9,True,,2305.2585124969482,1
2026-05-11T10:05:27+0000,1778493925.3175297,1778493927.461934,TiDB,tidb_hot90,tidb_native,87,select,3003,34842,True,0.9,True,,2144.404411315918,1
2026-05-11T10:05:27+0000,1778493925.3193345,1778493927.4622397,TiDB,tidb_hot90,tidb_native,92,select,6099,21105,False,0.9,True,,2142.9052352905273,1
2026-05-11T10:05:27+0000,1778493925.135085,1778493927.4624767,TiDB,tidb_hot90,tidb_native,14,select,3000,63408,True,0.9,True,,2327.3916244506836,1
2026-05-11T10:05:27+0000,1778493925.1687596,1778493927.4627051,TiDB,tidb_hot90,tidb_native,53,select,3002,39702,True,0.9,True,,2293.945550918579,1
2026-05-11T10:05:27+0000,1778493925.1694927,1778493927.4629943,TiDB,tidb_hot90,tidb_native,54,select,3003,56627,True,0.9,True,,2293.501615524292,1
2026-05-11T10:05:27+0000,1778493925.1166992,1778493927.463417,TiDB,tidb_hot90,tidb_native,1,select,3000,33626,True,0.9,True,,2346.7178344726562,1
2026-05-11T10:05:27+0000,1778493925.179496,1778493927.464001,TiDB,tidb_hot90,tidb_native,56,select,3000,27496,True,0.9,True,,2284.5048904418945,1
2026-05-11T10:05:27+0000,1778493925.3076658,1778493927.464238,TiDB,tidb_hot90,tidb_native,85,select,18966,32788,False,0.9,True,,2156.572103500366,1
2026-05-11T10:05:27+0000,1778493925.1485574,1778493927.4646442,TiDB,tidb_hot90,tidb_native,25,select,3002,33498,True,0.9,True,,2316.086769104004,1
2026-05-11T10:05:27+0000,1778493925.1801322,1778493927.4649196,TiDB,tidb_hot90,tidb_native,58,select,2703,71630,False,0.9,True,,2284.78741645813,1
2026-05-11T10:05:27+0000,1778493925.2006683,1778493927.465685,TiDB,tidb_hot90,tidb_native,80,select,3002,89667,True,0.9,True,,2265.016555786133,1
2026-05-11T10:05:27+0000,1778493925.199639,1778493927.4663408,TiDB,tidb_hot90,tidb_native,78,select,3002,20817,True,0.9,True,,2266.7016983032227,1
2026-05-11T10:05:27+0000,1778493925.1490371,1778493927.466605,TiDB,tidb_hot90,tidb_native,26,select,3001,1795,True,0.9,True,,2317.567825317383,1
2026-05-11T10:05:27+0000,1778493925.2020776,1778493927.4668217,TiDB,tidb_hot90,tidb_native,84,select,3002,30590,True,0.9,True,,2264.7440433502197,1
2026-05-11T10:05:27+0000,1778493925.198127,1778493927.4671457,TiDB,tidb_hot90,tidb_native,74,select,3003,15143,True,0.9,True,,2269.0186500549316,1
2026-05-11T10:05:27+0000,1778493925.1970806,1778493927.4674435,TiDB,tidb_hot90,tidb_native,71,select,3002,13293,True,0.9,True,,2270.3628540039062,1
2026-05-11T10:05:27+0000,1778493925.1390245,1778493927.468014,TiDB,tidb_hot90,tidb_native,15,select,3004,52943,True,0.9,True,,2328.9895057678223,1
2026-05-11T10:05:27+0000,1778493925.2014246,1778493927.4682584,TiDB,tidb_hot90,tidb_native,82,select,3004,56006,True,0.9,True,,2266.833782196045,1
2026-05-11T10:05:27+0000,1778493925.1633503,1778493927.4687939,TiDB,tidb_hot90,tidb_native,47,select,3002,41240,True,0.9,True,,2305.443525314331,1
2026-05-11T10:05:27+0000,1778493925.1548932,1778493927.4692287,TiDB,tidb_hot90,tidb_native,36,select,3001,13016,True,0.9,True,,2314.335584640503,1
2026-05-11T10:05:27+0000,1778493925.3190196,1778493927.4695148,TiDB,tidb_hot90,tidb_native,91,select,3002,12906,True,0.9,True,,2150.4952907562256,1
2026-05-11T10:05:27+0000,1778493925.1646752,1778493927.469984,TiDB,tidb_hot90,tidb_native,51,select,3003,73988,True,0.9,True,,2305.3088188171387,1
2026-05-11T10:05:27+0000,1778493925.1838036,1778493927.47037,TiDB,tidb_hot90,tidb_native,64,select,7985,99080,False,0.9,True,,2286.5664958953857,1
2026-05-11T10:05:27+0000,1778493925.1552696,1778493927.570514,TiDB,tidb_hot90,tidb_native,37,select,3004,81107,True,0.9,True,,2415.2443408966064,1
2026-05-11T10:05:27+0000,1778493925.1323023,1778493927.5713491,TiDB,tidb_hot90,tidb_native,8,select,3001,54001,True,0.9,True,,2439.046859741211,1
2026-05-11T10:05:27+0000,1778493925.1329362,1778493927.5715451,TiDB,tidb_hot90,tidb_native,9,select,3002,83824,True,0.9,True,,2438.6088848114014,1
2026-05-11T10:05:27+0000,1778493925.1315148,1778493927.5720217,TiDB,tidb_hot90,tidb_native,6,select,3003,6737,True,0.9,True,,2440.506935119629,1
2026-05-11T10:05:27+0000,1778493925.1948748,1778493927.572409,TiDB,tidb_hot90,tidb_native,70,select,3002,27696,True,0.9,True,,2377.5341510772705,1
2026-05-11T10:05:27+0000,1778493927.443893,1778493927.5727253,TiDB,tidb_hot90,tidb_native,96,select,3000,13444,True,0.9,True,,128.83234024047852,1
2026-05-11T10:05:27+0000,1778493925.1543627,1778493927.5730832,TiDB,tidb_hot90,tidb_native,35,select,3000,86289,True,0.9,True,,2418.720483779907,1
2026-05-11T10:05:27+0000,1778493925.1531036,1778493927.573396,TiDB,tidb_hot90,tidb_native,34,select,3004,10591,True,0.9,True,,2420.292377471924,1
2026-05-11T10:05:27+0000,1778493927.4447038,1778493927.5738018,TiDB,tidb_hot90,tidb_native,97,select,3000,92335,True,0.9,True,,129.09793853759766,1
2026-05-11T10:05:27+0000,1778493925.150874,1778493927.574198,TiDB,tidb_hot90,tidb_native,29,select,3004,9412,True,0.9,True,,2423.3241081237793,1
2026-05-11T10:05:27+0000,1778493927.4455063,1778493927.574372,TiDB,tidb_hot90,tidb_native,98,select,3001,20996,True,0.9,True,,128.86571884155273,1
2026-05-11T10:05:27+0000,1778493925.3179784,1778493927.574752,TiDB,tidb_hot90,tidb_native,88,select,3004,34993,True,0.9,True,,2256.7737102508545,1
2026-05-11T10:05:27+0000,1778493925.1989071,1778493927.57515,TiDB,tidb_hot90,tidb_native,76,select,3003,15390,True,0.9,True,,2376.2428760528564,1
2026-05-11T10:05:27+0000,1778493927.4527013,1778493927.5771382,TiDB,tidb_hot90,tidb_native,108,select,3002,13842,True,0.9,True,,124.43685531616211,1
2026-05-11T10:05:27+0000,1778493927.4597876,1778493927.5782893,TiDB,tidb_hot90,tidb_native,125,select,3003,45150,True,0.9,True,,118.50166320800781,1
2026-05-11T10:05:27+0000,1778493925.1521485,1778493927.5789583,TiDB,tidb_hot90,tidb_native,32,select,3000,25476,True,0.9,True,,2426.809787750244,1
2026-05-11T10:05:27+0000,1778493927.4550087,1778493927.5794907,TiDB,tidb_hot90,tidb_native,115,select,22812,88285,False,0.9,True,,124.4819164276123,1
2026-05-11T10:05:27+0000,1778493927.4498503,1778493927.5800507,TiDB,tidb_hot90,tidb_native,105,select,2623,87631,False,0.9,True,,130.20038604736328,1
2026-05-11T10:05:27+0000,1778493927.4538496,1778493927.5804892,TiDB,tidb_hot90,tidb_native,111,select,3004,49118,True,0.9,True,,126.63960456848145,1
2026-05-11T10:05:27+0000,1778493927.4596107,1778493927.5808418,TiDB,tidb_hot90,tidb_native,124,select,3002,20946,True,0.9,True,,121.2310791015625,1
2026-05-11T10:05:27+0000,1778493927.4524686,1778493927.5812433,TiDB,tidb_hot90,tidb_native,107,select,3003,54648,True,0.9,True,,128.77464294433594,1
2026-05-11T10:05:27+0000,1778493925.131063,1778493927.5886662,TiDB,tidb_hot90,tidb_native,5,select,3002,81519,True,0.9,True,,2457.6032161712646,1
2026-05-11T10:05:27+0000,1778493927.457118,1778493927.5896714,TiDB,tidb_hot90,tidb_native,119,select,3000,28841,True,0.9,True,,132.5533390045166,1
2026-05-11T10:05:27+0000,1778493927.5706158,1778493927.589993,TiDB,tidb_hot90,tidb_native,152,select,3002,18988,True,0.9,True,,19.37723159790039,1
2026-05-11T10:05:27+0000,1778493927.448943,1778493927.6950848,TiDB,tidb_hot90,tidb_native,103,select,3002,36404,True,0.9,True,,246.14191055297852,1
2026-05-11T10:05:27+0000,1778493927.446934,1778493927.7062283,TiDB,tidb_hot90,tidb_native,100,select,3000,96507,True,0.9,True,,259.2942714691162,1
2026-05-11T10:05:27+0000,1778493927.4630673,1778493927.7066836,TiDB,tidb_hot90,tidb_native,133,select,3003,23259,True,0.9,True,,243.61634254455566,1
2026-05-11T10:05:27+0000,1778493927.4663913,1778493927.7072592,TiDB,tidb_hot90,tidb_native,140,select,25153,54253,False,0.9,True,,240.86785316467285,1
2026-05-11T10:05:27+0000,1778493927.462291,1778493927.7078383,TiDB,tidb_hot90,tidb_native,130,select,3002,62913,True,0.9,True,,245.54729461669922,1
2026-05-11T10:05:27+0000,1778493927.4545853,1778493927.708336,TiDB,tidb_hot90,tidb_native,113,select,3000,86216,True,0.9,True,,253.75080108642578,1
2026-05-11T10:05:27+0000,1778493927.446171,1778493927.7086356,TiDB,tidb_hot90,tidb_native,99,select,3002,25306,True,0.9,True,,262.4645233154297,1
2026-05-11T10:05:27+0000,1778493927.4541845,1778493927.708877,TiDB,tidb_hot90,tidb_native,112,select,3003,76392,True,0.9,True,,254.69255447387695,1
2026-05-11T10:05:27+0000,1778493927.460769,1778493927.7094285,TiDB,tidb_hot90,tidb_native,127,select,3001,577,True,0.9,True,,248.65961074829102,1
2026-05-11T10:05:27+0000,1778493927.4519506,1778493927.7096963,TiDB,tidb_hot90,tidb_native,106,select,3002,72155,True,0.9,True,,257.74574279785156,1
2026-05-11T10:05:27+0000,1778493927.4634714,1778493927.7100072,TiDB,tidb_hot90,tidb_native,134,select,3003,27498,True,0.9,True,,246.5357780456543,1
2026-05-11T10:05:27+0000,1778493927.458677,1778493927.7415583,TiDB,tidb_hot90,tidb_native,122,select,16326,8923,False,0.9,True,,282.8812599182129,1
2026-05-11T10:05:27+0000,1778493927.464722,1778493927.7419336,TiDB,tidb_hot90,tidb_native,137,select,4512,41557,False,0.9,True,,277.21166610717773,1
2026-05-11T10:05:27+0000,1778493927.5790002,1778493927.7422605,TiDB,tidb_hot90,tidb_native,167,select,3004,43319,True,0.9,True,,163.26022148132324,1
2026-05-11T10:05:27+0000,1778493927.4649923,1778493927.7426796,TiDB,tidb_hot90,tidb_native,138,select,3001,90947,True,0.9,True,,277.68731117248535,1
2026-05-11T10:05:27+0000,1778493927.4627607,1778493927.7428107,TiDB,tidb_hot90,tidb_native,132,select,3001,21856,True,0.9,True,,280.05003929138184,1
2026-05-11T10:05:27+0000,1778493927.5783334,1778493927.7432637,TiDB,tidb_hot90,tidb_native,166,select,3000,65002,True,0.9,True,,164.9303436279297,1
2026-05-11T10:05:27+0000,1778493927.4668906,1778493927.7433856,TiDB,tidb_hot90,tidb_native,142,select,3001,86853,True,0.9,True,,276.49497985839844,1
2026-05-11T10:05:27+0000,1778493927.5727935,1778493927.7437067,TiDB,tidb_hot90,tidb_native,157,select,3000,2002,True,0.9,True,,170.9132194519043,1
2026-05-11T10:05:27+0000,1778493927.57345,1778493927.7441838,TiDB,tidb_hot90,tidb_native,159,select,3003,90064,True,0.9,True,,170.73369026184082,1
2026-05-11T10:05:27+0000,1778493927.5742464,1778493927.744429,TiDB,tidb_hot90,tidb_native,161,select,3002,62215,True,0.9,True,,170.1827049255371,1
2026-05-11T10:05:27+0000,1778493927.4620514,1778493927.7446113,TiDB,tidb_hot90,tidb_native,129,select,3004,80970,True,0.9,True,,282.559871673584,1
2026-05-11T10:05:27+0000,1778493927.4532142,1778493927.7449243,TiDB,tidb_hot90,tidb_native,109,select,3003,64190,True,0.9,True,,291.71013832092285,1
2026-05-11T10:05:27+0000,1778493927.5744166,1778493927.7450693,TiDB,tidb_hot90,tidb_native,162,select,3004,64932,True,0.9,True,,170.6526279449463,1
2026-05-11T10:05:27+0000,1778493927.5739236,1778493927.7452064,TiDB,tidb_hot90,tidb_native,160,select,3002,88258,True,0.9,True,,171.28276824951172,1
2026-05-11T10:05:27+0000,1778493927.4478428,1778493927.745402,TiDB,tidb_hot90,tidb_native,101,select,3000,65799,True,0.9,True,,297.5592613220215,1
2026-05-11T10:05:27+0000,1778493927.5751987,1778493927.7458212,TiDB,tidb_hot90,tidb_native,164,select,3000,18972,True,0.9,True,,170.6225872039795,1
2026-05-11T10:05:27+0000,1778493927.580913,1778493927.7461271,TiDB,tidb_hot90,tidb_native,171,select,3003,74099,True,0.9,True,,165.21406173706055,1
2026-05-11T10:05:27+0000,1778493927.467206,1778493927.746266,TiDB,tidb_hot90,tidb_native,143,select,3004,35185,True,0.9,True,,279.05988693237305,1
2026-05-11T10:05:27+0000,1778493927.4704423,1778493927.7463713,TiDB,tidb_hot90,tidb_native,151,select,3002,26776,True,0.9,True,,275.9289741516113,1
2026-05-11T10:05:27+0000,1778493927.45572,1778493927.7465644,TiDB,tidb_hot90,tidb_native,117,select,3003,73591,True,0.9,True,,290.8444404602051,1
2026-05-11T10:05:27+0000,1778493927.4675047,1778493927.746968,TiDB,tidb_hot90,tidb_native,144,select,3000,93875,True,0.9,True,,279.4632911682129,1
2026-05-11T10:05:27+0000,1778493927.4581516,1778493927.7472882,TiDB,tidb_hot90,tidb_native,120,select,3001,76377,True,0.9,True,,289.1366481781006,1
2026-05-11T10:05:27+0000,1778493927.579536,1778493927.7475286,TiDB,tidb_hot90,tidb_native,168,select,3002,81264,True,0.9,True,,167.99259185791016,1
2026-05-11T10:05:27+0000,1778493927.4680738,1778493927.7476542,TiDB,tidb_hot90,tidb_native,145,select,3001,64894,True,0.9,True,,279.58035469055176,1
2026-05-11T10:05:27+0000,1778493927.4589965,1778493927.7478,TiDB,tidb_hot90,tidb_native,123,select,3001,51338,True,0.9,True,,288.8035774230957,1
2026-05-11T10:05:27+0000,1778493927.5720708,1778493927.747899,TiDB,tidb_hot90,tidb_native,155,select,3002,71971,True,0.9,True,,175.828218460083,1
2026-05-11T10:05:27+0000,1778493927.5748057,1778493927.7482154,TiDB,tidb_hot90,tidb_native,163,select,3003,26846,True,0.9,True,,173.40970039367676,1
2026-05-11T10:05:27+0000,1778493927.58054,1778493927.7484553,TiDB,tidb_hot90,tidb_native,170,select,3003,96451,True,0.9,True,,167.91534423828125,1
2026-05-11T10:05:27+0000,1778493927.4683197,1778493927.7486198,TiDB,tidb_hot90,tidb_native,146,select,3003,99854,True,0.9,True,,280.3001403808594,1
2026-05-11T10:05:27+0000,1778493927.4625516,1778493927.7488384,TiDB,tidb_hot90,tidb_native,131,select,3003,80893,True,0.9,True,,286.2868309020996,1
2026-05-11T10:05:27+0000,1778493927.4601386,1778493927.749368,TiDB,tidb_hot90,tidb_native,126,select,3003,67561,True,0.9,True,,289.2293930053711,1
2026-05-11T10:05:27+0000,1778493927.4700491,1778493927.7500582,TiDB,tidb_hot90,tidb_native,150,select,3001,44428,True,0.9,True,,280.00903129577637,1
2026-05-11T10:05:27+0000,1778493927.4657583,1778493927.7513494,TiDB,tidb_hot90,tidb_native,139,select,3004,72220,True,0.9,True,,285.59112548828125,1
2026-05-11T10:05:27+0000,1778493927.581289,1778493927.7517414,TiDB,tidb_hot90,tidb_native,172,select,3004,72280,True,0.9,True,,170.45235633850098,1
2026-05-11T10:05:27+0000,1778493927.7084253,1778493927.7542193,TiDB,tidb_hot90,tidb_native,181,select,3001,35239,True,0.9,True,,45.794010162353516,1
2026-05-11T10:05:27+0000,1778493925.1977036,1778493927.7626078,TiDB,tidb_hot90,tidb_native,73,insert,3003,38052,True,0.9,True,,2564.90421295166,1
2026-05-11T10:05:27+0000,1778493925.1413639,1778493927.7629173,TiDB,tidb_hot90,tidb_native,20,insert,3003,6557,True,0.9,True,,2621.553421020508,1
2026-05-11T10:05:27+0000,1778493925.1409984,1778493927.7656994,TiDB,tidb_hot90,tidb_native,19,update,3004,39282,True,0.9,True,,2624.7010231018066,1
2026-05-11T10:05:27+0000,1778493927.6951866,1778493927.7681313,TiDB,tidb_hot90,tidb_native,176,select,28485,27825,False,0.9,True,,72.94464111328125,1
2026-05-11T10:05:27+0000,1778493925.1395926,1778493927.7686765,TiDB,tidb_hot90,tidb_native,16,insert,3003,87421,True,0.9,True,,2629.0838718414307,1
2026-05-11T10:05:27+0000,1778493925.1654277,1778493927.7690322,TiDB,tidb_hot90,tidb_native,52,insert,3002,44189,True,0.9,True,,2603.604555130005,1
2026-05-11T10:05:27+0000,1778493927.5887487,1778493927.7692611,TiDB,tidb_hot90,tidb_native,173,select,3003,26760,True,0.9,True,,180.5124282836914,1
2026-05-11T10:05:27+0000,1778493927.7062821,1778493927.7695377,TiDB,tidb_hot90,tidb_native,177,select,3004,68398,True,0.9,True,,63.25554847717285,1
2026-05-11T10:05:27+0000,1778493927.7446482,1778493927.7698834,TiDB,tidb_hot90,tidb_native,197,select,3000,27472,True,0.9,True,,25.23517608642578,1
2026-05-11T10:05:27+0000,1778493927.7073593,1778493927.770298,TiDB,tidb_hot90,tidb_native,179,select,24207,9901,False,0.9,True,,62.938690185546875,1
2026-05-11T10:05:27+0000,1778493927.7434309,1778493927.770437,TiDB,tidb_hot90,tidb_native,193,select,3002,19933,True,0.9,True,,27.006149291992188,1
2026-05-11T10:05:27+0000,1778493925.1844862,1778493927.7717178,TiDB,tidb_hot90,tidb_native,65,update,20466,4656,False,0.9,True,,2587.2316360473633,1
2026-05-11T10:05:27+0000,1778493925.1293318,1778493927.778229,TiDB,tidb_hot90,tidb_native,2,insert,3000,63281,True,0.9,True,,2648.897171020508,1
2026-05-11T10:05:27+0000,1778493927.461678,1778493927.7784536,TiDB,tidb_hot90,tidb_native,128,insert,3003,5215,True,0.9,True,,316.7755603790283,1
2026-05-11T10:05:27+0000,1778493925.131994,1778493927.7789466,TiDB,tidb_hot90,tidb_native,7,insert,3003,733,True,0.9,True,,2646.9526290893555,1
2026-05-11T10:05:27+0000,1778493925.2009718,1778493927.7792668,TiDB,tidb_hot90,tidb_native,81,insert,3003,48433,True,0.9,True,,2578.2949924468994,1
2026-05-11T10:05:27+0000,1778493927.7494867,1778493927.7797742,TiDB,tidb_hot90,tidb_native,217,select,3000,56454,True,0.9,True,,30.287504196166992,1
2026-05-11T10:05:27+0000,1778493927.7451172,1778493927.7803094,TiDB,tidb_hot90,tidb_native,199,select,3002,88857,True,0.9,True,,35.192251205444336,1
2026-05-11T10:05:27+0000,1778493927.7479308,1778493927.7807372,TiDB,tidb_hot90,tidb_native,212,select,3001,64652,True,0.9,True,,32.806396484375,1
2026-05-11T10:05:27+0000,1778493925.3201325,1778493927.7811491,TiDB,tidb_hot90,tidb_native,95,update,3000,71245,True,0.9,True,,2461.0166549682617,1
2026-05-11T10:05:27+0000,1778493927.7462974,1778493927.7817352,TiDB,tidb_hot90,tidb_native,204,select,3001,89070,True,0.9,True,,35.437822341918945,1
2026-05-11T10:05:27+0000,1778493927.7416372,1778493927.7823088,TiDB,tidb_hot90,tidb_native,187,select,3001,91629,True,0.9,True,,40.671586990356445,1
2026-05-11T10:05:27+0000,1778493927.7433088,1778493927.7825081,TiDB,tidb_hot90,tidb_native,192,select,3001,24346,True,0.9,True,,39.1993522644043,1
2026-05-11T10:05:27+0000,1778493927.7514398,1778493927.7828565,TiDB,tidb_hot90,tidb_native,219,select,3003,32878,True,0.9,True,,31.416654586791992,1
2026-05-11T10:05:27+0000,1778493927.710054,1778493927.7831695,TiDB,tidb_hot90,tidb_native,186,select,3002,99295,True,0.9,True,,73.11558723449707,1
2026-05-11T10:05:27+0000,1778493927.7454376,1778493927.7835095,TiDB,tidb_hot90,tidb_native,201,select,3004,27873,True,0.9,True,,38.07187080383301,1
2026-05-11T10:05:27+0000,1778493927.7482653,1778493927.7837358,TiDB,tidb_hot90,tidb_native,213,select,3001,30852,True,0.9,True,,35.47048568725586,1
2026-05-11T10:05:27+0000,1778493927.74524,1778493927.7841682,TiDB,tidb_hot90,tidb_native,200,select,3002,48891,True,0.9,True,,38.92827033996582,1
2026-05-11T10:05:27+0000,1778493927.7486548,1778493927.7846768,TiDB,tidb_hot90,tidb_native,215,select,3002,32470,True,0.9,True,,36.02194786071777,1
2026-05-11T10:05:27+0000,1778493927.7464097,1778493927.7850542,TiDB,tidb_hot90,tidb_native,205,select,3001,11719,True,0.9,True,,38.64455223083496,1
2026-05-11T10:05:27+0000,1778493925.2017543,1778493927.785322,TiDB,tidb_hot90,tidb_native,83,update,3003,32563,True,0.9,True,,2583.5676193237305,1
2026-05-11T10:05:27+0000,1778493927.748494,1778493927.786042,TiDB,tidb_hot90,tidb_native,214,select,25565,92566,False,0.9,True,,37.548065185546875,1
2026-05-11T10:05:27+0000,1778493927.746599,1778493927.7864232,TiDB,tidb_hot90,tidb_native,206,select,2609,91305,False,0.9,True,,39.82424736022949,1
2026-05-11T10:05:27+0000,1778493925.1974227,1778493927.7866664,TiDB,tidb_hot90,tidb_native,72,update,3002,44841,True,0.9,True,,2589.2436504364014,1
2026-05-11T10:05:27+0000,1778493927.4693146,1778493927.7871175,TiDB,tidb_hot90,tidb_native,148,select,13443,27068,False,0.9,True,,317.80290603637695,1
2026-05-11T10:05:27+0000,1778493927.7459025,1778493927.7872174,TiDB,tidb_hot90,tidb_native,202,select,3000,72087,True,0.9,True,,41.31484031677246,1
2026-05-11T10:05:27+0000,1778493927.7488744,1778493927.787314,TiDB,tidb_hot90,tidb_native,216,select,3002,10866,True,0.9,True,,38.43951225280762,1
2026-05-11T10:05:27+0000,1778493927.7461631,1778493927.787693,TiDB,tidb_hot90,tidb_native,203,select,3003,81167,True,0.9,True,,41.52989387512207,1
2026-05-11T10:05:27+0000,1778493927.7442224,1778493927.7879725,TiDB,tidb_hot90,tidb_native,195,select,28413,11772,False,0.9,True,,43.75004768371582,1
2026-05-11T10:05:27+0000,1778493927.449514,1778493927.790787,TiDB,tidb_hot90,tidb_native,104,insert,3003,3349,True,0.9,True,,341.27306938171387,1
2026-05-11T10:05:27+0000,1778493927.469574,1778493927.7909567,TiDB,tidb_hot90,tidb_native,149,insert,3001,96564,True,0.9,True,,321.3827610015869,1
2026-05-11T10:05:27+0000,1778493925.1335971,1778493927.7911732,TiDB,tidb_hot90,tidb_native,10,insert,3000,89362,True,0.9,True,,2657.576084136963,1
2026-05-11T10:05:27+0000,1778493925.1494222,1778493927.7914984,TiDB,tidb_hot90,tidb_native,27,update,28541,62580,False,0.9,True,,2642.076253890991,1
2026-05-11T10:05:27+0000,1778493927.4643097,1778493927.7917626,TiDB,tidb_hot90,tidb_native,136,insert,3004,62849,True,0.9,True,,327.4528980255127,1
2026-05-11T10:05:27+0000,1778493925.1339703,1778493927.792097,TiDB,tidb_hot90,tidb_native,11,update,3001,72613,True,0.9,True,,2658.1268310546875,1
2026-05-11T10:05:27+0000,1778493925.164429,1778493927.801257,TiDB,tidb_hot90,tidb_native,50,update,5235,467,False,0.9,True,,2636.8279457092285,1
2026-05-11T10:05:27+0000,1778493927.7693093,1778493927.8057268,TiDB,tidb_hot90,tidb_native,228,select,3004,24569,True,0.9,True,,36.417484283447266,1
2026-05-11T10:05:27+0000,1778493927.7629604,1778493927.80604,TiDB,tidb_hot90,tidb_native,223,select,3001,89079,True,0.9,True,,43.07961463928223,1
2026-05-11T10:05:27+0000,1778493927.7880182,1778493927.8063588,TiDB,tidb_hot90,tidb_native,260,select,3002,36285,True,0.9,True,,18.340587615966797,1
2026-05-11T10:05:27+0000,1778493927.7696114,1778493927.8067594,TiDB,tidb_hot90,tidb_native,229,select,3004,18458,True,0.9,True,,37.14799880981445,1
2026-05-11T10:05:27+0000,1778493927.7784972,1778493927.8071167,TiDB,tidb_hot90,tidb_native,235,select,3002,71203,True,0.9,True,,28.61952781677246,1
2026-05-11T10:05:27+0000,1778493927.4565485,1778493927.8072512,TiDB,tidb_hot90,tidb_native,118,update,3000,39022,True,0.9,True,,350.70276260375977,1
2026-05-11T10:05:27+0000,1778493927.7517982,1778493927.8074832,TiDB,tidb_hot90,tidb_native,220,select,3004,93160,True,0.9,True,,55.68504333496094,1
2026-05-11T10:05:27+0000,1778493927.7470443,1778493927.8077102,TiDB,tidb_hot90,tidb_native,207,insert,3000,60349,True,0.9,True,,60.66584587097168,1
2026-05-11T10:05:27+0000,1778493927.7872584,1778493927.8081346,TiDB,tidb_hot90,tidb_native,257,select,7052,36719,False,0.9,True,,20.876169204711914,1
2026-05-11T10:05:27+0000,1778493927.77176,1778493927.809233,TiDB,tidb_hot90,tidb_native,233,select,10006,78793,False,0.9,True,,37.47296333312988,1
2026-05-11T10:05:27+0000,1778493927.7703493,1778493927.8095384,TiDB,tidb_hot90,tidb_native,231,select,3001,66876,True,0.9,True,,39.18910026550293,1
2026-05-11T10:05:27+0000,1778493927.782567,1778493927.809825,TiDB,tidb_hot90,tidb_native,244,select,3001,6079,True,0.9,True,,27.257919311523438,1
2026-05-11T10:05:27+0000,1778493927.7657437,1778493927.8101315,TiDB,tidb_hot90,tidb_native,224,select,3003,30389,True,0.9,True,,44.3878173828125,1
2026-05-11T10:05:27+0000,1778493927.5801668,1778493927.8144562,TiDB,tidb_hot90,tidb_native,169,update,3003,97452,True,0.9,True,,234.28940773010254,1
2026-05-11T10:05:27+0000,1778493927.792141,1778493927.8150535,TiDB,tidb_hot90,tidb_native,266,select,3004,21686,True,0.9,True,,22.91250228881836,1
2026-05-11T10:05:27+0000,1778493927.787745,1778493927.8152568,TiDB,tidb_hot90,tidb_native,259,select,25957,63099,False,0.9,True,,27.5118350982666,1
2026-05-11T10:05:27+0000,1778493927.7864804,1778493927.8163862,TiDB,tidb_hot90,tidb_native,254,select,3004,9964,True,0.9,True,,29.90579605102539,1
2026-05-11T10:05:27+0000,1778493927.7915664,1778493927.8166008,TiDB,tidb_hot90,tidb_native,264,select,3004,36499,True,0.9,True,,25.034427642822266,1
2026-05-11T10:05:27+0000,1778493927.7823522,1778493927.816944,TiDB,tidb_hot90,tidb_native,243,select,3002,44800,True,0.9,True,,34.5916748046875,1
2026-05-11T10:05:27+0000,1778493927.7798688,1778493927.817391,TiDB,tidb_hot90,tidb_native,238,select,3002,22624,True,0.9,True,,37.522077560424805,1
2026-05-11T10:05:27+0000,1778493927.8068204,1778493927.8175979,TiDB,tidb_hot90,tidb_native,271,select,3001,77182,True,0.9,True,,10.777473449707031,1
2026-05-11T10:05:27+0000,1778493927.7804055,1778493927.8179932,TiDB,tidb_hot90,tidb_native,239,select,3003,68699,True,0.9,True,,37.587642669677734,1
2026-05-11T10:05:27+0000,1778493927.8013215,1778493927.8186767,TiDB,tidb_hot90,tidb_native,267,select,3002,5162,True,0.9,True,,17.35520362854004,1
2026-05-11T10:05:27+0000,1778493927.7909946,1778493927.819107,TiDB,tidb_hot90,tidb_native,262,select,3004,26777,True,0.9,True,,28.112411499023438,1
2026-05-11T10:05:27+0000,1778493927.7871616,1778493927.8193095,TiDB,tidb_hot90,tidb_native,256,select,3003,33766,True,0.9,True,,32.147884368896484,1
2026-05-11T10:05:27+0000,1778493927.4547844,1778493927.8199427,TiDB,tidb_hot90,tidb_native,114,update,3004,89556,True,0.9,True,,365.1583194732666,1
2026-05-11T10:05:27+0000,1778493927.743752,1778493927.8201432,TiDB,tidb_hot90,tidb_native,194,select,3000,334,True,0.9,True,,76.39122009277344,1
2026-05-11T10:05:27+0000,1778493927.7473238,1778493927.820674,TiDB,tidb_hot90,tidb_native,208,select,3003,38705,True,0.9,True,,73.35019111633301,1
2026-05-11T10:05:27+0000,1778493927.7918057,1778493927.8208342,TiDB,tidb_hot90,tidb_native,265,select,3002,95556,True,0.9,True,,29.02841567993164,1
2026-05-11T10:05:27+0000,1778493927.8061528,1778493927.8210194,TiDB,tidb_hot90,tidb_native,269,select,3001,53659,True,0.9,True,,14.86659049987793,1
2026-05-11T10:05:27+0000,1778493927.741987,1778493927.8213263,TiDB,tidb_hot90,tidb_native,188,select,3003,86919,True,0.9,True,,79.33926582336426,1
2026-05-11T10:05:27+0000,1778493927.7812243,1778493927.8214786,TiDB,tidb_hot90,tidb_native,241,select,3002,98061,True,0.9,True,,40.25435447692871,1
2026-05-11T10:05:27+0000,1778493927.7475708,1778493927.8216937,TiDB,tidb_hot90,tidb_native,209,select,3000,70259,True,0.9,True,,74.12290573120117,1
2026-05-11T10:05:27+0000,1778493927.7444615,1778493927.8219962,TiDB,tidb_hot90,tidb_native,196,select,3000,46472,True,0.9,True,,77.53467559814453,1
2026-05-11T10:05:27+0000,1778493927.742849,1778493927.8279724,TiDB,tidb_hot90,tidb_native,191,update,3001,23513,True,0.9,True,,85.12330055236816,1
2026-05-11T10:05:27+0000,1778493927.7476892,1778493927.8283978,TiDB,tidb_hot90,tidb_native,210,select,3000,39364,True,0.9,True,,80.70850372314453,1
2026-05-11T10:05:27+0000,1778493927.8081741,1778493927.8287787,TiDB,tidb_hot90,tidb_native,276,select,3004,92574,True,0.9,True,,20.604610443115234,1
2026-05-11T10:05:27+0000,1778493927.742728,1778493927.8289847,TiDB,tidb_hot90,tidb_native,190,update,3002,93748,True,0.9,True,,86.25674247741699,1
2026-05-11T10:05:27+0000,1778493927.8077557,1778493927.8293047,TiDB,tidb_hot90,tidb_native,275,select,3001,94218,True,0.9,True,,21.548986434936523,1
2026-05-11T10:05:27+0000,1778493927.783572,1778493927.829537,TiDB,tidb_hot90,tidb_native,247,select,3000,14264,True,0.9,True,,45.964956283569336,1
2026-05-11T10:05:27+0000,1778493927.7789938,1778493927.8296747,TiDB,tidb_hot90,tidb_native,236,select,3003,35819,True,0.9,True,,50.68087577819824,1
2026-05-11T10:05:27+0000,1778493927.747835,1778493927.8298028,TiDB,tidb_hot90,tidb_native,211,update,3004,39871,True,0.9,True,,81.96783065795898,1
2026-05-11T10:05:27+0000,1778493927.8098674,1778493927.8305957,TiDB,tidb_hot90,tidb_native,279,select,3001,15779,True,0.9,True,,20.728349685668945,1
2026-05-11T10:05:27+0000,1778493927.779308,1778493927.8308995,TiDB,tidb_hot90,tidb_native,237,select,3000,76797,True,0.9,True,,51.59139633178711,1
2026-05-11T10:05:27+0000,1778493927.8101764,1778493927.8312411,TiDB,tidb_hot90,tidb_native,280,select,3003,1393,True,0.9,True,,21.06475830078125,1
2026-05-11T10:05:27+0000,1778493927.5714304,1778493927.8315554,TiDB,tidb_hot90,tidb_native,153,update,3000,3986,True,0.9,True,,260.12492179870605,1
2026-05-11T10:05:27+0000,1778493927.7079265,1778493927.8318331,TiDB,tidb_hot90,tidb_native,180,insert,3003,2177,True,0.9,True,,123.90661239624023,1
2026-05-11T10:05:27+0000,1778493927.7626836,1778493927.8322735,TiDB,tidb_hot90,tidb_native,222,select,3003,58896,True,0.9,True,,69.58985328674316,1
2026-05-11T10:05:27+0000,1778493927.8075619,1778493927.8325431,TiDB,tidb_hot90,tidb_native,274,select,3003,70740,True,0.9,True,,24.981260299682617,1
2026-05-11T10:05:27+0000,1778493927.5900426,1778493927.832793,TiDB,tidb_hot90,tidb_native,175,insert,3001,61841,True,0.9,True,,242.7504062652588,1
2026-05-11T10:05:27+0000,1778493927.7089067,1778493927.8329537,TiDB,tidb_hot90,tidb_native,183,insert,3000,2586,True,0.9,True,,124.04704093933105,1
2026-05-11T10:05:27+0000,1778493927.5772052,1778493927.8332093,TiDB,tidb_hot90,tidb_native,165,insert,3004,17218,True,0.9,True,,256.00409507751465,1
2026-05-11T10:05:27+0000,1778493927.7067611,1778493927.8334353,TiDB,tidb_hot90,tidb_native,178,update,3003,24894,True,0.9,True,,126.67417526245117,1
2026-05-11T10:05:27+0000,1778493927.7681777,1778493927.8340478,TiDB,tidb_hot90,tidb_native,225,select,3000,7516,True,0.9,True,,65.87004661560059,1
2026-05-11T10:05:27+0000,1778493927.5716016,1778493927.8342962,TiDB,tidb_hot90,tidb_native,154,update,22026,94105,False,0.9,True,,262.6945972442627,1
2026-05-11T10:05:27+0000,1778493927.783793,1778493927.8354359,TiDB,tidb_hot90,tidb_native,248,select,3004,82793,True,0.9,True,,51.64289474487305,1
2026-05-11T10:05:27+0000,1778493927.8170185,1778493927.8356235,TiDB,tidb_hot90,tidb_native,286,select,3004,11786,True,0.9,True,,18.60499382019043,1
2026-05-11T10:05:27+0000,1778493927.7782762,1778493927.837735,TiDB,tidb_hot90,tidb_native,234,insert,3004,66987,True,0.9,True,,59.45873260498047,1
2026-05-11T10:05:27+0000,1778493927.7690718,1778493927.83816,TiDB,tidb_hot90,tidb_native,227,insert,3002,76041,True,0.9,True,,69.08822059631348,1
2026-05-11T10:05:27+0000,1778493927.7704809,1778493927.8386378,TiDB,tidb_hot90,tidb_native,232,insert,3004,32879,True,0.9,True,,68.15695762634277,1
2026-05-11T10:05:27+0000,1778493927.8284554,1778493927.8388748,TiDB,tidb_hot90,tidb_native,303,select,3000,91334,True,0.9,True,,10.419368743896484,1
2026-05-11T10:05:27+0000,1778493927.8328302,1778493927.839514,TiDB,tidb_hot90,tidb_native,317,select,3001,82830,True,0.9,True,,6.683826446533203,1
2026-05-11T10:05:27+0000,1778493927.829352,1778493927.8398185,TiDB,tidb_hot90,tidb_native,306,select,3002,56620,True,0.9,True,,10.466575622558594,1
2026-05-11T10:05:27+0000,1778493927.7542813,1778493927.840104,TiDB,tidb_hot90,tidb_native,221,insert,3004,56023,True,0.9,True,,85.82282066345215,1
2026-05-11T10:05:27+0000,1778493927.8180604,1778493927.8402762,TiDB,tidb_hot90,tidb_native,289,select,16463,48787,False,0.9,True,,22.215843200683594,1
2026-05-11T10:05:27+0000,1778493927.8330076,1778493927.8404293,TiDB,tidb_hot90,tidb_native,318,select,3004,29461,True,0.9,True,,7.421731948852539,1
2026-05-11T10:05:27+0000,1778493927.8164575,1778493927.8411348,TiDB,tidb_hot90,tidb_native,284,select,3004,48546,True,0.9,True,,24.677276611328125,1
2026-05-11T10:05:27+0000,1778493927.809272,1778493927.8416162,TiDB,tidb_hot90,tidb_native,277,select,3003,54975,True,0.9,True,,32.34410285949707,1
2026-05-11T10:05:27+0000,1778493927.8153305,1778493927.8417554,TiDB,tidb_hot90,tidb_native,283,select,25873,66936,False,0.9,True,,26.424884796142578,1
2026-05-11T10:05:27+0000,1778493927.8193514,1778493927.842079,TiDB,tidb_hot90,tidb_native,292,select,3001,33689,True,0.9,True,,22.727489471435547,1
2026-05-11T10:05:27+0000,1778493927.821517,1778493927.842409,TiDB,tidb_hot90,tidb_native,299,select,3004,51828,True,0.9,True,,20.891904830932617,1
2026-05-11T10:05:27+0000,1778493927.8174512,1778493927.8428476,TiDB,tidb_hot90,tidb_native,287,select,3002,45290,True,0.9,True,,25.396347045898438,1
2026-05-11T10:05:27+0000,1778493927.8151224,1778493927.843141,TiDB,tidb_hot90,tidb_native,282,select,3004,70702,True,0.9,True,,28.018712997436523,1
2026-05-11T10:05:27+0000,1778493927.7847512,1778493927.8434155,TiDB,tidb_hot90,tidb_native,250,select,3000,75066,True,0.9,True,,58.66432189941406,1
2026-05-11T10:05:27+0000,1778493927.8191936,1778493927.8437908,TiDB,tidb_hot90,tidb_native,291,select,3003,51058,True,0.9,True,,24.59716796875,1
2026-05-11T10:05:27+0000,1778493927.7829576,1778493927.8441665,TiDB,tidb_hot90,tidb_native,245,select,3000,42011,True,0.9,True,,61.20896339416504,1
2026-05-11T10:05:27+0000,1778493927.8208945,1778493927.8444672,TiDB,tidb_hot90,tidb_native,296,select,3001,32299,True,0.9,True,,23.572683334350586,1
2026-05-11T10:05:27+0000,1778493927.8213701,1778493927.8449132,TiDB,tidb_hot90,tidb_native,298,select,3002,51308,True,0.9,True,,23.543119430541992,1
2026-05-11T10:05:27+0000,1778493927.784242,1778493927.845358,TiDB,tidb_hot90,tidb_native,249,select,3004,79457,True,0.9,True,,61.11598014831543,1
2026-05-11T10:05:27+0000,1778493927.8297114,1778493927.84564,TiDB,tidb_hot90,tidb_native,308,select,3002,65174,True,0.9,True,,15.928506851196289,1
2026-05-11T10:05:27+0000,1778493927.8288293,1778493927.8460517,TiDB,tidb_hot90,tidb_native,304,select,3001,44861,True,0.9,True,,17.22240447998047,1
2026-05-11T10:05:27+0000,1778493927.8343484,1778493927.8463883,TiDB,tidb_hot90,tidb_native,322,select,3001,46262,True,0.9,True,,12.039899826049805,1
2026-05-11T10:05:27+0000,1778493927.8207257,1778493927.846858,TiDB,tidb_hot90,tidb_native,295,select,3001,39218,True,0.9,True,,26.13234519958496,1
2026-05-11T10:05:27+0000,1778493927.8332756,1778493927.8487186,TiDB,tidb_hot90,tidb_native,319,select,21520,78070,False,0.9,True,,15.443086624145508,1
2026-05-11T10:05:27+0000,1778493927.8335245,1778493927.849106,TiDB,tidb_hot90,tidb_native,320,select,3002,9896,True,0.9,True,,15.581607818603516,1
2026-05-11T10:05:27+0000,1778493927.8356621,1778493927.8493774,TiDB,tidb_hot90,tidb_native,324,select,3003,88209,True,0.9,True,,13.715267181396484,1
2026-05-11T10:05:27+0000,1778493927.7808049,1778493927.8495843,TiDB,tidb_hot90,tidb_native,240,insert,3002,61114,True,0.9,True,,68.77946853637695,1
2026-05-11T10:05:27+0000,1778493927.8201838,1778493927.8499148,TiDB,tidb_hot90,tidb_native,294,select,3001,84096,True,0.9,True,,29.731035232543945,1
2026-05-11T10:05:27+0000,1778493927.8166528,1778493927.8502433,TiDB,tidb_hot90,tidb_native,285,select,3000,18436,True,0.9,True,,33.59055519104004,1
2026-05-11T10:05:27+0000,1778493927.8200252,1778493927.8506284,TiDB,tidb_hot90,tidb_native,293,select,3001,51628,True,0.9,True,,30.60317039489746,1
2026-05-11T10:05:27+0000,1778493927.8220634,1778493927.8508425,TiDB,tidb_hot90,tidb_native,301,select,3003,68422,True,0.9,True,,28.779029846191406,1
2026-05-11T10:05:27+0000,1778493927.8210618,1778493927.851033,TiDB,tidb_hot90,tidb_native,297,select,3003,18953,True,0.9,True,,29.97112274169922,1
2026-05-11T10:05:27+0000,1778493927.806403,1778493927.8512156,TiDB,tidb_hot90,tidb_native,270,insert,3003,15839,True,0.9,True,,44.812679290771484,1
2026-05-11T10:05:27+0000,1778493927.829579,1778493927.8514247,TiDB,tidb_hot90,tidb_native,307,select,3002,69136,True,0.9,True,,21.845579147338867,1
2026-05-11T10:05:27+0000,1778493927.7861369,1778493927.8516777,TiDB,tidb_hot90,tidb_native,253,select,3004,64407,True,0.9,True,,65.54079055786133,1
2026-05-11T10:05:27+0000,1778493927.832367,1778493927.8519945,TiDB,tidb_hot90,tidb_native,315,select,6149,22512,False,0.9,True,,19.62757110595703,1
2026-05-11T10:05:27+0000,1778493927.8456936,1778493927.8525708,TiDB,tidb_hot90,tidb_native,347,select,3004,33912,True,0.9,True,,6.87718391418457,1
2026-05-11T10:05:27+0000,1778493927.8398788,1778493927.8529918,TiDB,tidb_hot90,tidb_native,330,select,3001,45158,True,0.9,True,,13.113021850585938,1
2026-05-11T10:05:27+0000,1778493927.8469126,1778493927.8533545,TiDB,tidb_hot90,tidb_native,350,select,10231,48232,False,0.9,True,,6.441831588745117,1
2026-05-11T10:05:27+0000,1778493927.842892,1778493927.8537636,TiDB,tidb_hot90,tidb_native,339,select,3004,78828,True,0.9,True,,10.871648788452148,1
2026-05-11T10:05:27+0000,1778493927.8309402,1778493927.854264,TiDB,tidb_hot90,tidb_native,311,select,3000,24210,True,0.9,True,,23.323774337768555,1
2026-05-11T10:05:27+0000,1778493927.838695,1778493927.8546212,TiDB,tidb_hot90,tidb_native,327,select,3001,63262,True,0.9,True,,15.926122665405273,1
2026-05-11T10:05:27+0000,1778493927.8316212,1778493927.8565705,TiDB,tidb_hot90,tidb_native,313,select,3001,15720,True,0.9,True,,24.949312210083008,1
2026-05-11T10:05:27+0000,1778493927.8401659,1778493927.856961,TiDB,tidb_hot90,tidb_native,331,select,3004,52199,True,0.9,True,,16.79515838623047,1
2026-05-11T10:05:27+0000,1778493927.831874,1778493927.857252,TiDB,tidb_hot90,tidb_native,314,select,3000,93024,True,0.9,True,,25.377988815307617,1
2026-05-11T10:05:27+0000,1778493927.8404717,1778493927.8589165,TiDB,tidb_hot90,tidb_native,333,select,3001,81303,True,0.9,True,,18.44477653503418,1
2026-05-11T10:05:27+0000,1778493927.8378186,1778493927.8592067,TiDB,tidb_hot90,tidb_native,325,select,3000,56187,True,0.9,True,,21.38805389404297,1
2026-05-11T10:05:27+0000,1778493927.8461397,1778493927.859507,TiDB,tidb_hot90,tidb_native,348,select,11573,64571,False,0.9,True,,13.367414474487305,1
2026-05-11T10:05:27+0000,1778493927.8313081,1778493927.8605435,TiDB,tidb_hot90,tidb_native,312,insert,3003,49985,True,0.9,True,,29.235363006591797,1
2026-05-11T10:05:27+0000,1778493927.8496215,1778493927.8607876,TiDB,tidb_hot90,tidb_native,354,select,3003,85280,True,0.9,True,,11.166095733642578,1
2026-05-11T10:05:27+0000,1778493927.7853813,1778493927.8609765,TiDB,tidb_hot90,tidb_native,252,update,3003,97577,True,0.9,True,,75.59514045715332,1
2026-05-11T10:05:27+0000,1778493927.7908547,1778493927.8630476,TiDB,tidb_hot90,tidb_native,261,insert,3000,61818,True,0.9,True,,72.19290733337402,1
2026-05-11T10:05:27+0000,1778493927.851462,1778493927.8645005,TiDB,tidb_hot90,tidb_native,361,select,18617,10145,False,0.9,True,,13.03863525390625,1
2026-05-11T10:05:27+0000,1778493927.8442495,1778493927.8649278,TiDB,tidb_hot90,tidb_native,343,select,19498,23054,False,0.9,True,,20.678281784057617,1
2026-05-11T10:05:27+0000,1778493927.7699263,1778493927.8650575,TiDB,tidb_hot90,tidb_native,230,update,3001,10632,True,0.9,True,,95.13115882873535,1
2026-05-11T10:05:27+0000,1778493927.8570404,1778493927.86534,TiDB,tidb_hot90,tidb_native,371,select,3002,37024,True,0.9,True,,8.299589157104492,1
2026-05-11T10:05:27+0000,1778493927.8280427,1778493927.8669412,TiDB,tidb_hot90,tidb_native,302,insert,3001,41835,True,0.9,True,,38.898468017578125,1
2026-05-11T10:05:27+0000,1778493927.8546798,1778493927.867687,TiDB,tidb_hot90,tidb_native,369,select,27491,57622,False,0.9,True,,13.007164001464844,1
2026-05-11T10:05:27+0000,1778493927.8494244,1778493927.8679266,TiDB,tidb_hot90,tidb_native,353,select,3003,71956,True,0.9,True,,18.502235412597656,1
2026-05-11T10:05:27+0000,1778493927.787364,1778493927.8681762,TiDB,tidb_hot90,tidb_native,258,update,3002,56774,True,0.9,True,,80.81221580505371,1
2026-05-11T10:05:27+0000,1778493927.853034,1778493927.8683932,TiDB,tidb_hot90,tidb_native,365,select,3003,26918,True,0.9,True,,15.359163284301758,1
2026-05-11T10:05:27+0000,1778493927.8445327,1778493927.918954,TiDB,tidb_hot90,tidb_native,344,select,3003,23311,True,0.9,True,,74.42116737365723,1
2026-05-11T10:05:27+0000,1778493927.841189,1778493927.9194252,TiDB,tidb_hot90,tidb_native,334,select,3004,79815,True,0.9,True,,78.23634147644043,1
2026-05-11T10:05:27+0000,1778493927.805774,1778493927.9197905,TiDB,tidb_hot90,tidb_native,268,insert,3003,64568,True,0.9,True,,114.01653289794922,1
2026-05-11T10:05:27+0000,1778493927.8431945,1778493927.9202335,TiDB,tidb_hot90,tidb_native,340,select,3003,58375,True,0.9,True,,77.03900337219238,1
2026-05-11T10:05:27+0000,1778493927.8416626,1778493927.9205494,TiDB,tidb_hot90,tidb_native,335,select,3000,78729,True,0.9,True,,78.88674736022949,1
2026-05-11T10:05:27+0000,1778493927.8499594,1778493927.9207814,TiDB,tidb_hot90,tidb_native,355,select,10319,29012,False,0.9,True,,70.82200050354004,1
2026-05-11T10:05:27+0000,1778493927.852051,1778493927.9209356,TiDB,tidb_hot90,tidb_native,363,select,3002,5861,True,0.9,True,,68.88461112976074,1
2026-05-11T10:05:27+0000,1778493927.851066,1778493927.9777007,TiDB,tidb_hot90,tidb_native,359,select,3002,73287,True,0.9,True,,126.63459777832031,1
2026-05-11T10:05:27+0000,1778493927.8608294,1778493927.977869,TiDB,tidb_hot90,tidb_native,377,select,22911,91750,False,0.9,True,,117.03968048095703,1
2026-05-11T10:05:27+0000,1778493927.845425,1778493927.9781997,TiDB,tidb_hot90,tidb_native,346,select,3002,44896,True,0.9,True,,132.77482986450195,1
2026-05-11T10:05:27+0000,1778493925.3184366,1778493927.9788613,TiDB,tidb_hot90,tidb_native,89,update,3004,72875,True,0.9,True,,2660.4247093200684,1
2026-05-11T10:05:27+0000,1778493927.859547,1778493927.9791062,TiDB,tidb_hot90,tidb_native,375,select,25275,73887,False,0.9,True,,119.55928802490234,1
2026-05-11T10:05:27+0000,1778493927.859259,1778493927.979954,TiDB,tidb_hot90,tidb_native,374,select,3002,50514,True,0.9,True,,120.69511413574219,1
2026-05-11T10:05:27+0000,1778493925.1830177,1778493927.9801874,TiDB,tidb_hot90,tidb_native,61,update,3000,24871,True,0.9,True,,2797.1696853637695,1
2026-05-11T10:05:27+0000,1778493927.8589666,1778493927.9807534,TiDB,tidb_hot90,tidb_native,373,select,3003,49205,True,0.9,True,,121.78683280944824,1
2026-05-11T10:05:27+0000,1778493927.8145363,1778493927.9818854,TiDB,tidb_hot90,tidb_native,281,insert,3002,64881,True,0.9,True,,167.34910011291504,1
2026-05-11T10:05:27+0000,1778493927.8403182,1778493927.982062,TiDB,tidb_hot90,tidb_native,332,insert,3003,80084,True,0.9,True,,141.74389839172363,1
2026-05-11T10:05:27+0000,1778493927.8395705,1778493927.9823604,TiDB,tidb_hot90,tidb_native,329,insert,3003,78119,True,0.9,True,,142.7898406982422,1
2026-05-11T10:05:27+0000,1778493927.86538,1778493927.9837947,TiDB,tidb_hot90,tidb_native,383,select,3001,84195,True,0.9,True,,118.41464042663574,1
2026-05-11T10:05:28+0000,1778493927.8631022,1778493928.1000638,TiDB,tidb_hot90,tidb_native,379,select,3000,50813,True,0.9,True,,236.96160316467285,1
2026-05-11T10:05:28+0000,1778493927.841794,1778493928.1018903,TiDB,tidb_hot90,tidb_native,336,select,3002,66792,True,0.9,True,,260.09631156921387,1
2026-05-11T10:05:28+0000,1778493927.8526165,1778493928.2465696,TiDB,tidb_hot90,tidb_native,364,update,3001,81605,True,0.9,True,,393.9530849456787,1
2026-05-11T10:05:28+0000,1778493927.8650992,1778493928.2485707,TiDB,tidb_hot90,tidb_native,382,select,3004,18133,True,0.9,True,,383.4714889526367,1
2026-05-11T10:05:28+0000,1778493927.8649716,1778493928.2623255,TiDB,tidb_hot90,tidb_native,381,select,3003,29203,True,0.9,True,,397.3538875579834,1
2026-05-11T10:05:28+0000,1778493927.8464413,1778493928.2668836,TiDB,tidb_hot90,tidb_native,349,select,3002,86160,True,0.9,True,,420.4423427581787,1
2026-05-11T10:05:28+0000,1778493927.8491638,1778493928.3412435,TiDB,tidb_hot90,tidb_native,352,select,3002,51451,True,0.9,True,,492.0797348022461,1
2026-05-11T10:05:29+0000,1778493927.8645413,1778493929.306429,TiDB,tidb_hot90,tidb_native,380,select,3001,4323,True,0.9,True,,1441.887617111206,1
2026-05-11T10:05:29+0000,1778493927.861017,1778493929.308393,TiDB,tidb_hot90,tidb_native,378,select,4453,14053,False,0.9,True,,1447.376012802124,1
2026-05-11T10:05:29+0000,1778493927.8434591,1778493929.3096142,TiDB,tidb_hot90,tidb_native,341,select,3002,45808,True,0.9,True,,1466.1550521850586,1
2026-05-11T10:05:29+0000,1778493927.8502915,1778493929.3100753,TiDB,tidb_hot90,tidb_native,356,select,3002,94327,True,0.9,True,,1459.7837924957275,1
2026-05-11T10:05:29+0000,1778493927.8534245,1778493929.3103456,TiDB,tidb_hot90,tidb_native,366,select,3000,58296,True,0.9,True,,1456.921100616455,1
2026-05-11T10:05:29+0000,1778493927.8606136,1778493929.4223616,TiDB,tidb_hot90,tidb_native,376,select,3000,76642,True,0.9,True,,1561.7480278015137,1
2026-05-11T10:05:29+0000,1778493927.8682184,1778493929.4366894,TiDB,tidb_hot90,tidb_native,387,select,3004,47951,True,0.9,True,,1568.4709548950195,1
2026-05-11T10:05:29+0000,1778493927.868435,1778493929.4370847,TiDB,tidb_hot90,tidb_native,388,select,3003,753,True,0.9,True,,1568.6497688293457,1
2026-05-11T10:05:29+0000,1778493927.8677278,1778493929.4373586,TiDB,tidb_hot90,tidb_native,385,select,3004,17507,True,0.9,True,,1569.6308612823486,1
2026-05-11T10:05:29+0000,1778493927.866984,1778493929.4544563,TiDB,tidb_hot90,tidb_native,384,select,3004,11080,True,0.9,True,,1587.4724388122559,1
2026-05-11T10:05:29+0000,1778493927.9209785,1778493929.4547222,TiDB,tidb_hot90,tidb_native,395,select,3004,58814,True,0.9,True,,1533.7436199188232,1
2026-05-11T10:05:29+0000,1778493927.920585,1778493929.4553263,TiDB,tidb_hot90,tidb_native,393,select,3000,24610,True,0.9,True,,1534.7414016723633,1
2026-05-11T10:05:29+0000,1778493927.9194825,1778493929.4554605,TiDB,tidb_hot90,tidb_native,390,select,3003,77242,True,0.9,True,,1535.978078842163,1
2026-05-11T10:05:29+0000,1778493927.9198306,1778493929.4557583,TiDB,tidb_hot90,tidb_native,391,select,3002,72117,True,0.9,True,,1535.9277725219727,1
2026-05-11T10:05:29+0000,1778493928.2486265,1778493929.4634886,TiDB,tidb_hot90,tidb_native,411,select,3002,87898,True,0.9,True,,1214.8621082305908,1
2026-05-11T10:05:29+0000,1778493927.8354971,1778493929.6903412,TiDB,tidb_hot90,tidb_native,323,insert,3003,87283,True,0.9,True,,1854.844093322754,1
2026-05-11T10:05:30+0000,1778493925.134423,1778493930.162857,TiDB,tidb_hot90,tidb_native,12,update,3000,30401,True,0.9,False,OperationalError,5028.434038162231,0
2026-05-11T10:05:30+0000,1778493930.1630266,1778493930.163156,TiDB,tidb_hot90,tidb_native,431,insert,3003,92721,True,0.9,False,InterfaceError,0.12946128845214844,0
2026-05-11T10:05:30+0000,1778493930.1632278,1778493930.16328,TiDB,tidb_hot90,tidb_native,432,select,3004,54204,True,0.9,False,InterfaceError,0.05221366882324219,0
2026-05-11T10:05:30+0000,1778493930.1633174,1778493930.1633444,TiDB,tidb_hot90,tidb_native,433,select,3004,31423,True,0.9,False,InterfaceError,0.026941299438476562,0
2026-05-11T10:05:30+0000,1778493930.1633742,1778493930.163394,TiDB,tidb_hot90,tidb_native,434,select,3000,57264,True,0.9,False,InterfaceError,0.019788742065429688,0
2026-05-11T10:05:30+0000,1778493930.1634185,1778493930.1634378,TiDB,tidb_hot90,tidb_native,435,select,3004,66292,True,0.9,False,InterfaceError,0.019311904907226562,0
2026-05-11T10:05:30+0000,1778493930.1634634,1778493930.163482,TiDB,tidb_hot90,tidb_native,436,select,3001,89946,True,0.9,False,InterfaceError,0.018596649169921875,0
2026-05-11T10:05:30+0000,1778493930.163505,1778493930.1635249,TiDB,tidb_hot90,tidb_native,437,select,3002,20036,True,0.9,False,InterfaceError,0.019788742065429688,0
2026-05-11T10:05:30+0000,1778493930.1635501,1778493930.1635704,TiDB,tidb_hot90,tidb_native,438,select,3002,41878,True,0.9,False,InterfaceError,0.020265579223632812,0
2026-05-11T10:05:30+0000,1778493930.163601,1778493930.1636217,TiDB,tidb_hot90,tidb_native,439,select,3001,52972,True,0.9,False,InterfaceError,0.020742416381835938,0
2026-05-11T10:05:30+0000,1778493930.16367,1778493930.1636918,TiDB,tidb_hot90,tidb_native,440,update,3001,64420,True,0.9,False,InterfaceError,0.021696090698242188,0
2026-05-11T10:05:30+0000,1778493930.1637173,1778493930.1637352,TiDB,tidb_hot90,tidb_native,441,update,27423,93634,False,0.9,False,InterfaceError,0.017881393432617188,0
2026-05-11T10:05:30+0000,1778493930.1637595,1778493930.1637762,TiDB,tidb_hot90,tidb_native,442,update,3002,78377,True,0.9,False,InterfaceError,0.016689300537109375,0
2026-05-11T10:05:30+0000,1778493930.1638,1778493930.163818,TiDB,tidb_hot90,tidb_native,443,select,3001,29052,True,0.9,False,InterfaceError,0.017881393432617188,0
2026-05-11T10:05:30+0000,1778493930.163844,1778493930.1638641,TiDB,tidb_hot90,tidb_native,444,select,3001,9207,True,0.9,False,InterfaceError,0.02002716064453125,0
2026-05-11T10:05:30+0000,1778493930.1638887,1778493930.163907,TiDB,tidb_hot90,tidb_native,445,select,3000,48590,True,0.9,False,InterfaceError,0.018358230590820312,0
2026-05-11T10:05:30+0000,1778493930.1639318,1778493930.1639493,TiDB,tidb_hot90,tidb_native,446,select,3001,48241,True,0.9,False,InterfaceError,0.017404556274414062,0
2026-05-11T10:05:30+0000,1778493930.1639888,1778493930.1640077,TiDB,tidb_hot90,tidb_native,447,select,3004,23416,True,0.9,False,InterfaceError,0.018835067749023438,0
2026-05-11T10:05:30+0000,1778493930.1640341,1778493930.1640522,TiDB,tidb_hot90,tidb_native,448,update,3002,20010,True,0.9,False,InterfaceError,0.01811981201171875,0
2026-05-11T10:05:30+0000,1778493930.164079,1778493930.1641164,TiDB,tidb_hot90,tidb_native,449,insert,3003,21382,True,0.9,False,InterfaceError,0.03743171691894531,0
2026-05-11T10:05:30+0000,1778493930.1641455,1778493930.1641643,TiDB,tidb_hot90,tidb_native,450,update,3002,28407,True,0.9,False,InterfaceError,0.018835067749023438,0
2026-05-11T10:05:30+0000,1778493930.1641903,1778493930.1642103,TiDB,tidb_hot90,tidb_native,451,update,3000,71362,True,0.9,False,InterfaceError,0.02002716064453125,0
2026-05-11T10:05:30+0000,1778493930.1642342,1778493930.164252,TiDB,tidb_hot90,tidb_native,452,select,3001,71005,True,0.9,False,InterfaceError,0.017881393432617188,0
2026-05-11T10:05:30+0000,1778493930.1642783,1778493930.164295,TiDB,tidb_hot90,tidb_native,453,select,3003,36098,True,0.9,False,InterfaceError,0.016689300537109375,0
2026-05-11T10:05:30+0000,1778493930.1643186,1778493930.1643345,TiDB,tidb_hot90,tidb_native,454,select,3001,2180,True,0.9,False,InterfaceError,0.015974044799804688,0
2026-05-11T10:05:30+0000,1778493930.1643584,1778493930.1643746,TiDB,tidb_hot90,tidb_native,455,update,3003,11771,True,0.9,False,InterfaceError,0.01621246337890625,0
2026-05-11T10:05:30+0000,1778493930.164401,1778493930.1644175,TiDB,tidb_hot90,tidb_native,456,select,3004,45160,True,0.9,False,InterfaceError,0.016450881958007812,0
2026-05-11T10:05:30+0000,1778493930.164444,1778493930.1644638,TiDB,tidb_hot90,tidb_native,457,update,3001,66599,True,0.9,False,InterfaceError,0.019788742065429688,0
2026-05-11T10:05:30+0000,1778493930.16449,1778493930.1645083,TiDB,tidb_hot90,tidb_native,458,select,25857,47028,False,0.9,False,InterfaceError,0.018358230590820312,0
2026-05-11T10:05:30+0000,1778493930.1645358,1778493930.164553,TiDB,tidb_hot90,tidb_native,459,select,3003,76491,True,0.9,False,InterfaceError,0.0171661376953125,0
2026-05-11T10:05:30+0000,1778493930.1645803,1778493930.1645973,TiDB,tidb_hot90,tidb_native,460,select,3004,68749,True,0.9,False,InterfaceError,0.016927719116210938,0
2026-05-11T10:05:30+0000,1778493930.1646225,1778493930.1646397,TiDB,tidb_hot90,tidb_native,461,update,3004,40531,True,0.9,False,InterfaceError,0.0171661376953125,0
2026-05-11T10:05:30+0000,1778493930.1646798,1778493930.164698,TiDB,tidb_hot90,tidb_native,462,update,3003,28657,True,0.9,False,InterfaceError,0.01811981201171875,0
2026-05-11T10:05:30+0000,1778493930.1647224,1778493930.1647408,TiDB,tidb_hot90,tidb_native,463,select,3001,630,True,0.9,False,InterfaceError,0.018358230590820312,0
2026-05-11T10:05:30+0000,1778493930.1647658,1778493930.1647823,TiDB,tidb_hot90,tidb_native,464,select,3001,67689,True,0.9,False,InterfaceError,0.016450881958007812,0
2026-05-11T10:05:30+0000,1778493930.1648057,1778493930.1648228,TiDB,tidb_hot90,tidb_native,465,update,3001,79071,True,0.9,False,InterfaceError,0.0171661376953125,0
2026-05-11T10:05:30+0000,1778493930.1648479,1778493930.1648655,TiDB,tidb_hot90,tidb_native,466,update,3002,68708,True,0.9,False,InterfaceError,0.017642974853515625,0
2026-05-11T10:05:30+0000,1778493930.164889,1778493930.164906,TiDB,tidb_hot90,tidb_native,467,update,3000,6094,True,0.9,False,InterfaceError,0.016927719116210938,0
2026-05-11T10:05:30+0000,1778493930.1649282,1778493930.1649444,TiDB,tidb_hot90,tidb_native,468,select,3004,91677,True,0.9,False,InterfaceError,0.01621246337890625,0
2026-05-11T10:05:30+0000,1778493930.1649666,1778493930.164983,TiDB,tidb_hot90,tidb_native,469,select,3001,45289,True,0.9,False,InterfaceError,0.016450881958007812,0
2026-05-11T10:05:30+0000,1778493930.165008,1778493930.1650252,TiDB,tidb_hot90,tidb_native,470,select,3004,51818,True,0.9,False,InterfaceError,0.0171661376953125,0
2026-05-11T10:05:30+0000,1778493930.1650486,1778493930.1650825,TiDB,tidb_hot90,tidb_native,471,insert,3004,67056,True,0.9,False,InterfaceError,0.033855438232421875,0
2026-05-11T10:05:30+0000,1778493930.1651056,1778493930.1651232,TiDB,tidb_hot90,tidb_native,472,update,3001,55297,True,0.9,False,InterfaceError,0.017642974853515625,0
2026-05-11T10:05:30+0000,1778493930.1651456,1778493930.1651626,TiDB,tidb_hot90,tidb_native,473,select,3000,65497,True,0.9,False,InterfaceError,0.016927719116210938,0
2026-05-11T10:05:30+0000,1778493930.165184,1778493930.1652029,TiDB,tidb_hot90,tidb_native,474,select,3004,10581,True,0.9,False,InterfaceError,0.018835067749023438,0
2026-05-11T10:05:30+0000,1778493930.1652386,1778493930.1652565,TiDB,tidb_hot90,tidb_native,475,select,10405,47288,False,0.9,False,InterfaceError,0.017881393432617188,0
2026-05-11T10:05:30+0000,1778493930.1652775,1778493930.1652954,TiDB,tidb_hot90,tidb_native,476,select,3003,25380,True,0.9,False,InterfaceError,0.017881393432617188,0
2026-05-11T10:05:30+0000,1778493930.1653178,1778493930.1653347,TiDB,tidb_hot90,tidb_native,477,select,3000,47697,True,0.9,False,InterfaceError,0.016927719116210938,0
2026-05-11T10:05:30+0000,1778493930.1653554,1778493930.1653728,TiDB,tidb_hot90,tidb_native,478,select,3002,84956,True,0.9,False,InterfaceError,0.017404556274414062,0
2026-05-11T10:05:30+0000,1778493930.165394,1778493930.1654181,TiDB,tidb_hot90,tidb_native,479,insert,3003,75158,True,0.9,False,InterfaceError,0.024080276489257812,0
2026-05-11T10:05:30+0000,1778493930.1654367,1778493930.1654518,TiDB,tidb_hot90,tidb_native,480,select,3003,97322,True,0.9,False,InterfaceError,0.015020370483398438,0
2026-05-11T10:05:30+0000,1778493930.1654701,1778493930.1654856,TiDB,tidb_hot90,tidb_native,481,select,28221,46015,False,0.9,False,InterfaceError,0.015497207641601562,0
2026-05-11T10:05:30+0000,1778493930.165506,1778493930.1655223,TiDB,tidb_hot90,tidb_native,482,select,3003,82685,True,0.9,False,InterfaceError,0.016450881958007812,0
2026-05-11T10:05:30+0000,1778493930.1655426,1778493930.1655579,TiDB,tidb_hot90,tidb_native,483,select,3001,27348,True,0.9,False,InterfaceError,0.0152587890625,0
2026-05-11T10:05:30+0000,1778493930.1655753,1778493930.1655953,TiDB,tidb_hot90,tidb_native,484,insert,3003,79417,True,0.9,False,InterfaceError,0.02002716064453125,0
2026-05-11T10:05:30+0000,1778493925.1513267,1778493930.1699066,TiDB,tidb_hot90,tidb_native,30,update,3004,48880,True,0.9,False,OperationalError,5018.579959869385,0
2026-05-11T10:05:30+0000,1778493930.1700134,1778493930.1700726,TiDB,tidb_hot90,tidb_native,486,select,3002,73583,True,0.9,False,InterfaceError,0.0591278076171875,0
2026-05-11T10:05:30+0000,1778493930.1701255,1778493930.1701467,TiDB,tidb_hot90,tidb_native,487,select,3002,22769,True,0.9,False,InterfaceError,0.021219253540039062,0
2026-05-11T10:05:30+0000,1778493930.1701689,1778493930.170219,TiDB,tidb_hot90,tidb_native,488,select,3004,10168,True,0.9,False,InterfaceError,0.050067901611328125,0
2026-05-11T10:05:30+0000,1778493930.1702383,1778493930.170256,TiDB,tidb_hot90,tidb_native,489,select,3000,79826,True,0.9,False,InterfaceError,0.017642974853515625,0
2026-05-11T10:05:30+0000,1778493930.1702766,1778493930.1703057,TiDB,tidb_hot90,tidb_native,490,insert,3000,37326,True,0.9,False,InterfaceError,0.029087066650390625,0
2026-05-11T10:05:30+0000,1778493930.1703234,1778493930.1703362,TiDB,tidb_hot90,tidb_native,491,select,3000,80635,True,0.9,False,InterfaceError,0.012874603271484375,0
2026-05-11T10:05:30+0000,1778493930.1703537,1778493930.1703672,TiDB,tidb_hot90,tidb_native,492,update,3000,48554,True,0.9,False,InterfaceError,0.013589859008789062,0
2026-05-11T10:05:30+0000,1778493930.1703825,1778493930.170394,TiDB,tidb_hot90,tidb_native,493,select,3004,65920,True,0.9,False,InterfaceError,0.011444091796875,0
2026-05-11T10:05:30+0000,1778493930.1704082,1778493930.1704192,TiDB,tidb_hot90,tidb_native,494,select,3004,73343,True,0.9,False,InterfaceError,0.010967254638671875,0
2026-05-11T10:05:30+0000,1778493930.1704347,1778493930.1704502,TiDB,tidb_hot90,tidb_native,495,insert,3004,89279,True,0.9,False,InterfaceError,0.015497207641601562,0
2026-05-11T10:05:30+0000,1778493930.1704648,1778493930.170476,TiDB,tidb_hot90,tidb_native,496,select,3004,33677,True,0.9,False,InterfaceError,0.011205673217773438,0
2026-05-11T10:05:30+0000,1778493930.1704924,1778493930.1705062,TiDB,tidb_hot90,tidb_native,497,select,3002,3565,True,0.9,False,InterfaceError,0.013828277587890625,0
2026-05-11T10:05:30+0000,1778493930.1705267,1778493930.1705382,TiDB,tidb_hot90,tidb_native,498,select,3000,51346,True,0.9,False,InterfaceError,0.011444091796875,0
2026-05-11T10:05:30+0000,1778493930.1705542,1778493930.1705647,TiDB,tidb_hot90,tidb_native,499,select,2053,3663,False,0.9,False,InterfaceError,0.01049041748046875,0
2026-05-11T10:05:30+0000,1778493930.1705797,1778493930.1705897,TiDB,tidb_hot90,tidb_native,500,select,3001,23558,True,0.9,False,InterfaceError,0.010013580322265625,0
2026-05-11T10:05:30+0000,1778493930.1706035,1778493930.1706138,TiDB,tidb_hot90,tidb_native,501,select,3002,24893,True,0.9,False,InterfaceError,0.010251998901367188,0
2026-05-11T10:05:30+0000,1778493930.1706276,1778493930.1706374,TiDB,tidb_hot90,tidb_native,502,select,3000,10534,True,0.9,False,InterfaceError,0.009775161743164062,0
2026-05-11T10:05:30+0000,1778493930.1706514,1778493930.1706612,TiDB,tidb_hot90,tidb_native,503,select,3001,21605,True,0.9,False,InterfaceError,0.009775161743164062,0
2026-05-11T10:05:30+0000,1778493930.1706743,1778493930.1706882,TiDB,tidb_hot90,tidb_native,504,insert,3004,52720,True,0.9,False,InterfaceError,0.013828277587890625,0
2026-05-11T10:05:30+0000,1778493930.1707027,1778493930.1707134,TiDB,tidb_hot90,tidb_native,505,select,3003,10868,True,0.9,False,InterfaceError,0.010728836059570312,0
2026-05-11T10:05:30+0000,1778493930.1707277,1778493930.1707375,TiDB,tidb_hot90,tidb_native,506,select,3001,2938,True,0.9,False,InterfaceError,0.009775161743164062,0
2026-05-11T10:05:30+0000,1778493930.1707516,1778493930.170761,TiDB,tidb_hot90,tidb_native,507,select,3001,54073,True,0.9,False,InterfaceError,0.0095367431640625,0
2026-05-11T10:05:30+0000,1778493930.170775,1778493930.1707852,TiDB,tidb_hot90,tidb_native,508,update,3004,15915,True,0.9,False,InterfaceError,0.010251998901367188,0
2026-05-11T10:05:30+0000,1778493930.1707988,1778493930.1708093,TiDB,tidb_hot90,tidb_native,509,select,3003,54105,True,0.9,False,InterfaceError,0.01049041748046875,0
2026-05-11T10:05:30+0000,1778493930.17243,1778493930.1724515,TiDB,tidb_hot90,tidb_native,510,select,3004,5794,True,0.9,False,InterfaceError,0.021457672119140625,0
2026-05-11T10:05:30+0000,1778493930.172471,1778493930.1724846,TiDB,tidb_hot90,tidb_native,511,select,21680,41658,False,0.9,False,InterfaceError,0.013589859008789062,0
2026-05-11T10:05:30+0000,1778493930.1724987,1778493930.1725101,TiDB,tidb_hot90,tidb_native,512,select,3001,64069,True,0.9,False,InterfaceError,0.011444091796875,0
2026-05-11T10:05:30+0000,1778493930.172524,1778493930.1725345,TiDB,tidb_hot90,tidb_native,513,select,3002,51224,True,0.9,False,InterfaceError,0.01049041748046875,0
2026-05-11T10:05:30+0000,1778493930.1725488,1778493930.1725652,TiDB,tidb_hot90,tidb_native,514,select,3001,23308,True,0.9,False,InterfaceError,0.016450881958007812,0
2026-05-11T10:05:30+0000,1778493930.1725872,1778493930.172602,TiDB,tidb_hot90,tidb_native,515,select,3004,8847,True,0.9,False,InterfaceError,0.014781951904296875,0
2026-05-11T10:05:30+0000,1778493930.1726205,1778493930.1726427,TiDB,tidb_hot90,tidb_native,516,insert,3003,68763,True,0.9,False,InterfaceError,0.022172927856445312,0
2026-05-11T10:05:30+0000,1778493930.1726675,1778493930.1726851,TiDB,tidb_hot90,tidb_native,517,insert,3003,36889,True,0.9,False,InterfaceError,0.017642974853515625,0
2026-05-11T10:05:30+0000,1778493930.1726997,1778493930.17271,TiDB,tidb_hot90,tidb_native,518,select,3004,51771,True,0.9,False,InterfaceError,0.010251998901367188,0
2026-05-11T10:05:30+0000,1778493930.1727235,1778493930.172733,TiDB,tidb_hot90,tidb_native,519,select,3003,13152,True,0.9,False,InterfaceError,0.0095367431640625,0
2026-05-11T10:05:30+0000,1778493930.172746,1778493930.172755,TiDB,tidb_hot90,tidb_native,520,select,3001,21302,True,0.9,False,InterfaceError,0.009059906005859375,0
2026-05-11T10:05:30+0000,1778493930.1727684,1778493930.172777,TiDB,tidb_hot90,tidb_native,521,update,3003,99506,True,0.9,False,InterfaceError,0.00858306884765625,0
2026-05-11T10:05:30+0000,1778493930.1727896,1778493930.172798,TiDB,tidb_hot90,tidb_native,522,update,3000,70146,True,0.9,False,InterfaceError,0.008344650268554688,0
2026-05-11T10:05:30+0000,1778493930.1728108,1778493930.1728199,TiDB,tidb_hot90,tidb_native,523,update,3003,62418,True,0.9,False,InterfaceError,0.009059906005859375,0
2026-05-11T10:05:30+0000,1778493930.1728327,1778493930.1728415,TiDB,tidb_hot90,tidb_native,524,update,3000,49723,True,0.9,False,InterfaceError,0.008821487426757812,0
2026-05-11T10:05:30+0000,1778493930.1728537,1778493930.1728628,TiDB,tidb_hot90,tidb_native,525,select,3000,94848,True,0.9,False,InterfaceError,0.009059906005859375,0
2026-05-11T10:05:30+0000,1778493930.172882,1778493930.1728954,TiDB,tidb_hot90,tidb_native,526,insert,3002,73060,True,0.9,False,InterfaceError,0.0133514404296875,0
2026-05-11T10:05:30+0000,1778493930.1729074,1778493930.1729162,TiDB,tidb_hot90,tidb_native,527,select,3003,42564,True,0.9,False,InterfaceError,0.008821487426757812,0
2026-05-11T10:05:30+0000,1778493930.172928,1778493930.1729364,TiDB,tidb_hot90,tidb_native,528,select,3003,59328,True,0.9,False,InterfaceError,0.008344650268554688,0
2026-05-11T10:05:30+0000,1778493930.1729476,1778493930.1729565,TiDB,tidb_hot90,tidb_native,529,select,3000,88456,True,0.9,False,InterfaceError,0.008821487426757812,0
2026-05-11T10:05:30+0000,1778493930.1729684,1778493930.172977,TiDB,tidb_hot90,tidb_native,530,select,3004,72075,True,0.9,False,InterfaceError,0.00858306884765625,0
2026-05-11T10:05:30+0000,1778493930.1729941,1778493930.173003,TiDB,tidb_hot90,tidb_native,531,select,11752,90415,False,0.9,False,InterfaceError,0.008821487426757812,0
2026-05-11T10:05:30+0000,1778493930.1730146,1778493930.1730235,TiDB,tidb_hot90,tidb_native,532,update,3003,51285,True,0.9,False,InterfaceError,0.008821487426757812,0
2026-05-11T10:05:30+0000,1778493930.1730397,1778493930.1730494,TiDB,tidb_hot90,tidb_native,533,select,3004,82231,True,0.9,False,InterfaceError,0.009775161743164062,0
2026-05-11T10:05:30+0000,1778493930.1730611,1778493930.1730704,TiDB,tidb_hot90,tidb_native,534,select,3004,77420,True,0.9,False,InterfaceError,0.009298324584960938,0
2026-05-11T10:05:30+0000,1778493930.1730814,1778493930.1730928,TiDB,tidb_hot90,tidb_native,535,insert,3000,96174,True,0.9,False,InterfaceError,0.011444091796875,0
2026-05-11T10:05:30+0000,1778493930.1731038,1778493930.173113,TiDB,tidb_hot90,tidb_native,536,select,3001,7947,True,0.9,False,InterfaceError,0.009298324584960938,0
2026-05-11T10:05:30+0000,1778493930.1731248,1778493930.1731372,TiDB,tidb_hot90,tidb_native,537,insert,3002,96973,True,0.9,False,InterfaceError,0.01239776611328125,0
2026-05-11T10:05:30+0000,1778493930.1731484,1778493930.1731653,TiDB,tidb_hot90,tidb_native,538,insert,3004,26951,True,0.9,False,InterfaceError,0.016927719116210938,0
2026-05-11T10:05:30+0000,1778493930.173186,1778493930.1732028,TiDB,tidb_hot90,tidb_native,539,update,3000,50484,True,0.9,False,InterfaceError,0.016689300537109375,0
2026-05-11T10:05:30+0000,1778493930.1732216,1778493930.1732385,TiDB,tidb_hot90,tidb_native,540,select,3001,48944,True,0.9,False,InterfaceError,0.016927719116210938,0
2026-05-11T10:05:30+0000,1778493930.173257,1778493930.173268,TiDB,tidb_hot90,tidb_native,541,select,3001,62420,True,0.9,False,InterfaceError,0.010967254638671875,0
2026-05-11T10:05:30+0000,1778493930.1732795,1778493930.1732893,TiDB,tidb_hot90,tidb_native,542,update,3001,9088,True,0.9,False,InterfaceError,0.009775161743164062,0
2026-05-11T10:05:30+0000,1778493930.173301,1778493930.1733093,TiDB,tidb_hot90,tidb_native,543,update,3000,16974,True,0.9,False,InterfaceError,0.008344650268554688,0
2026-05-11T10:05:30+0000,1778493930.1733196,1778493930.1733282,TiDB,tidb_hot90,tidb_native,544,select,3000,78227,True,0.9,False,InterfaceError,0.00858306884765625,0
2026-05-11T10:05:30+0000,1778493930.1733391,1778493930.1733475,TiDB,tidb_hot90,tidb_native,545,update,3001,93948,True,0.9,False,InterfaceError,0.008344650268554688,0
2026-05-11T10:05:30+0000,1778493930.1733584,1778493930.173367,TiDB,tidb_hot90,tidb_native,546,select,3000,18529,True,0.9,False,InterfaceError,0.00858306884765625,0
2026-05-11T10:05:30+0000,1778493930.1733782,1778493930.1733866,TiDB,tidb_hot90,tidb_native,547,update,3001,34292,True,0.9,False,InterfaceError,0.008344650268554688,0
2026-05-11T10:05:30+0000,1778493930.1733985,1778493930.1734076,TiDB,tidb_hot90,tidb_native,548,select,3002,54012,True,0.9,False,InterfaceError,0.009059906005859375,0
2026-05-11T10:05:30+0000,1778493930.173419,1778493930.1734283,TiDB,tidb_hot90,tidb_native,549,select,3003,76140,True,0.9,False,InterfaceError,0.009298324584960938,0
2026-05-11T10:05:30+0000,1778493930.1734397,1778493930.1734488,TiDB,tidb_hot90,tidb_native,550,select,3001,30616,True,0.9,False,InterfaceError,0.009059906005859375,0
2026-05-11T10:05:30+0000,1778493930.173461,1778493930.1734736,TiDB,tidb_hot90,tidb_native,551,insert,3003,42876,True,0.9,False,InterfaceError,0.012636184692382812,0
2026-05-11T10:05:30+0000,1778493930.173485,1778493930.1734934,TiDB,tidb_hot90,tidb_native,552,update,3004,28803,True,0.9,False,InterfaceError,0.008344650268554688,0
2026-05-11T10:05:30+0000,1778493930.173505,1778493930.1735137,TiDB,tidb_hot90,tidb_native,553,select,3001,45722,True,0.9,False,InterfaceError,0.00858306884765625,0
2026-05-11T10:05:30+0000,1778493930.1735256,1778493930.1735337,TiDB,tidb_hot90,tidb_native,554,select,3003,93713,True,0.9,False,InterfaceError,0.008106231689453125,0
2026-05-11T10:05:30+0000,1778493930.173551,1778493930.1735601,TiDB,tidb_hot90,tidb_native,555,select,3003,30422,True,0.9,False,InterfaceError,0.009059906005859375,0
2026-05-11T10:05:30+0000,1778493930.1735713,1778493930.1735795,TiDB,tidb_hot90,tidb_native,556,select,3002,127,True,0.9,False,InterfaceError,0.008106231689453125,0
2026-05-11T10:05:30+0000,1778493930.173591,1778493930.1735988,TiDB,tidb_hot90,tidb_native,557,select,3000,78954,True,0.9,False,InterfaceError,0.007867813110351562,0
2026-05-11T10:05:30+0000,1778493930.1736097,1778493930.1736183,TiDB,tidb_hot90,tidb_native,558,update,3004,90828,True,0.9,False,InterfaceError,0.00858306884765625,0
2026-05-11T10:05:30+0000,1778493930.1736298,1778493930.173638,TiDB,tidb_hot90,tidb_native,559,update,3004,33305,True,0.9,False,InterfaceError,0.008344650268554688,0
2026-05-11T10:05:30+0000,1778493930.1736488,1778493930.1736572,TiDB,tidb_hot90,tidb_native,560,select,3003,11413,True,0.9,False,InterfaceError,0.008344650268554688,0
2026-05-11T10:05:30+0000,1778493930.173667,1778493930.1736755,TiDB,tidb_hot90,tidb_native,561,select,3002,50992,True,0.9,False,InterfaceError,0.00858306884765625,0
2026-05-11T10:05:30+0000,1778493930.173686,1778493930.173694,TiDB,tidb_hot90,tidb_native,562,select,3002,93203,True,0.9,False,InterfaceError,0.007867813110351562,0
2026-05-11T10:05:30+0000,1778493930.1737049,1778493930.1737163,TiDB,tidb_hot90,tidb_native,563,insert,3000,38575,True,0.9,False,InterfaceError,0.011444091796875,0
2026-05-11T10:05:30+0000,1778493930.1737273,1778493930.1737354,TiDB,tidb_hot90,tidb_native,564,select,3002,27814,True,0.9,False,InterfaceError,0.008106231689453125,0
2026-05-11T10:05:30+0000,1778493930.1737473,1778493930.173756,TiDB,tidb_hot90,tidb_native,565,update,3003,51283,True,0.9,False,InterfaceError,0.00858306884765625,0
2026-05-11T10:05:30+0000,1778493930.173768,1778493930.1737766,TiDB,tidb_hot90,tidb_native,566,update,3002,1634,True,0.9,False,InterfaceError,0.00858306884765625,0
2026-05-11T10:05:30+0000,1778493930.1737897,1778493930.173798,TiDB,tidb_hot90,tidb_native,567,select,511,45767,False,0.9,False,InterfaceError,0.008344650268554688,0
2026-05-11T10:05:30+0000,1778493930.1738093,1778493930.1738176,TiDB,tidb_hot90,tidb_native,568,select,3003,50745,True,0.9,False,InterfaceError,0.008344650268554688,0
2026-05-11T10:05:30+0000,1778493930.1738286,1778493930.1738367,TiDB,tidb_hot90,tidb_native,569,select,3003,54540,True,0.9,False,InterfaceError,0.008106231689453125,0
2026-05-11T10:05:30+0000,1778493930.1738472,1778493930.1738558,TiDB,tidb_hot90,tidb_native,570,select,3001,85313,True,0.9,False,InterfaceError,0.00858306884765625,0
2026-05-11T10:05:30+0000,1778493930.1738663,1778493930.173874,TiDB,tidb_hot90,tidb_native,571,select,3004,69778,True,0.9,False,InterfaceError,0.00762939453125,0
2026-05-11T10:05:30+0000,1778493930.173885,1778493930.1738925,TiDB,tidb_hot90,tidb_native,572,select,3001,11087,True,0.9,False,InterfaceError,0.0073909759521484375,0
2026-05-11T10:05:30+0000,1778493930.1739082,1778493930.1739163,TiDB,tidb_hot90,tidb_native,573,select,3001,6528,True,0.9,False,InterfaceError,0.008106231689453125,0
2026-05-11T10:05:30+0000,1778493930.1739283,1778493930.17394,TiDB,tidb_hot90,tidb_native,574,insert,3000,2054,True,0.9,False,InterfaceError,0.011682510375976562,0
2026-05-11T10:05:30+0000,1778493930.1739526,1778493930.1739612,TiDB,tidb_hot90,tidb_native,575,select,3001,92828,True,0.9,False,InterfaceError,0.00858306884765625,0
2026-05-11T10:05:30+0000,1778493930.1739752,1778493930.1739843,TiDB,tidb_hot90,tidb_native,576,select,11411,19332,False,0.9,False,InterfaceError,0.009059906005859375,0
2026-05-11T10:05:30+0000,1778493930.1739967,1778493930.1740062,TiDB,tidb_hot90,tidb_native,577,update,3000,59688,True,0.9,False,InterfaceError,0.0095367431640625,0
2026-05-11T10:05:30+0000,1778493930.1740239,1778493930.1740332,TiDB,tidb_hot90,tidb_native,578,update,3004,15160,True,0.9,False,InterfaceError,0.009298324584960938,0
2026-05-11T10:05:30+0000,1778493930.1740494,1778493930.174058,TiDB,tidb_hot90,tidb_native,579,select,3000,79019,True,0.9,False,InterfaceError,0.00858306884765625,0
2026-05-11T10:05:30+0000,1778493930.1740718,1778493930.1740806,TiDB,tidb_hot90,tidb_native,580,select,3002,58871,True,0.9,False,InterfaceError,0.008821487426757812,0
2026-05-11T10:05:30+0000,1778493930.1741261,1778493930.1741397,TiDB,tidb_hot90,tidb_native,581,insert,3002,36635,True,0.9,False,InterfaceError,0.013589859008789062,0
2026-05-11T10:05:30+0000,1778493930.174154,1778493930.1741629,TiDB,tidb_hot90,tidb_native,582,select,3000,27497,True,0.9,False,InterfaceError,0.008821487426757812,0
2026-05-11T10:05:30+0000,1778493930.1741762,1778493930.1741846,TiDB,tidb_hot90,tidb_native,583,select,12425,27372,False,0.9,False,InterfaceError,0.008344650268554688,0
2026-05-11T10:05:30+0000,1778493930.1741974,1778493930.174206,TiDB,tidb_hot90,tidb_native,584,select,3002,33161,True,0.9,False,InterfaceError,0.00858306884765625,0
2026-05-11T10:05:30+0000,1778493930.1742187,1778493930.174227,TiDB,tidb_hot90,tidb_native,585,select,3001,43183,True,0.9,False,InterfaceError,0.008344650268554688,0
2026-05-11T10:05:30+0000,1778493930.17424,1778493930.1742485,TiDB,tidb_hot90,tidb_native,586,select,3000,64039,True,0.9,False,InterfaceError,0.008344650268554688,0
2026-05-11T10:05:30+0000,1778493930.1742601,1778493930.1742687,TiDB,tidb_hot90,tidb_native,587,update,3000,29433,True,0.9,False,InterfaceError,0.00858306884765625,0
2026-05-11T10:05:30+0000,1778493930.1742811,1778493930.1742897,TiDB,tidb_hot90,tidb_native,588,select,3002,11563,True,0.9,False,InterfaceError,0.00858306884765625,0
2026-05-11T10:05:30+0000,1778493930.174303,1778493930.1743107,TiDB,tidb_hot90,tidb_native,589,select,3004,16422,True,0.9,False,InterfaceError,0.00762939453125,0
2026-05-11T10:05:30+0000,1778493930.1743221,1778493930.17433,TiDB,tidb_hot90,tidb_native,590,select,3004,90288,True,0.9,False,InterfaceError,0.007867813110351562,0
2026-05-11T10:05:30+0000,1778493930.1743412,1778493930.1743493,TiDB,tidb_hot90,tidb_native,591,select,3000,74356,True,0.9,False,InterfaceError,0.008106231689453125,0
2026-05-11T10:05:30+0000,1778493930.1743608,1778493930.174369,TiDB,tidb_hot90,tidb_native,592,select,22249,44408,False,0.9,False,InterfaceError,0.008344650268554688,0
2026-05-11T10:05:30+0000,1778493930.1743808,1778493930.174389,TiDB,tidb_hot90,tidb_native,593,select,3004,90346,True,0.9,False,InterfaceError,0.008106231689453125,0
2026-05-11T10:05:30+0000,1778493930.1744006,1778493930.1744087,TiDB,tidb_hot90,tidb_native,594,select,3000,31077,True,0.9,False,InterfaceError,0.008106231689453125,0
2026-05-11T10:05:30+0000,1778493930.17442,1778493930.174431,TiDB,tidb_hot90,tidb_native,595,insert,3002,18800,True,0.9,False,InterfaceError,0.010967254638671875,0
2026-05-11T10:05:30+0000,1778493930.1744442,1778493930.1744525,TiDB,tidb_hot90,tidb_native,596,select,3001,46124,True,0.9,False,InterfaceError,0.008344650268554688,0
2026-05-11T10:05:30+0000,1778493930.1744642,1778493930.174472,TiDB,tidb_hot90,tidb_native,597,select,3000,74675,True,0.9,False,InterfaceError,0.007867813110351562,0
2026-05-11T10:05:30+0000,1778493930.1744847,1778493930.1744926,TiDB,tidb_hot90,tidb_native,598,select,3000,54251,True,0.9,False,InterfaceError,0.007867813110351562,0
2026-05-11T10:05:30+0000,1778493930.1745048,1778493930.1745126,TiDB,tidb_hot90,tidb_native,599,select,3001,62525,True,0.9,False,InterfaceError,0.007867813110351562,0
2026-05-11T10:05:30+0000,1778493930.1745255,1778493930.1745336,TiDB,tidb_hot90,tidb_native,600,select,3003,44739,True,0.9,False,InterfaceError,0.008106231689453125,0
2026-05-11T10:05:30+0000,1778493930.174546,1778493930.1745572,TiDB,tidb_hot90,tidb_native,601,insert,3001,57473,True,0.9,False,InterfaceError,0.011205673217773438,0
2026-05-11T10:05:30+0000,1778493930.1745758,1778493930.1745856,TiDB,tidb_hot90,tidb_native,602,select,3001,96975,True,0.9,False,InterfaceError,0.009775161743164062,0
2026-05-11T10:05:30+0000,1778493930.1745987,1778493930.1746068,TiDB,tidb_hot90,tidb_native,603,select,3002,28293,True,0.9,False,InterfaceError,0.008106231689453125,0
2026-05-11T10:05:30+0000,1778493930.17462,1778493930.1746285,TiDB,tidb_hot90,tidb_native,604,select,3001,42473,True,0.9,False,InterfaceError,0.00858306884765625,0
2026-05-11T10:05:30+0000,1778493930.1746414,1778493930.17465,TiDB,tidb_hot90,tidb_native,605,update,3002,37172,True,0.9,False,InterfaceError,0.00858306884765625,0
2026-05-11T10:05:30+0000,1778493930.1746624,1778493930.174671,TiDB,tidb_hot90,tidb_native,606,select,3002,16701,True,0.9,False,InterfaceError,0.00858306884765625,0
2026-05-11T10:05:30+0000,1778493930.1746838,1778493930.1746922,TiDB,tidb_hot90,tidb_native,607,select,3001,28231,True,0.9,False,InterfaceError,0.008344650268554688,0
2026-05-11T10:05:30+0000,1778493930.1747043,1778493930.1747131,TiDB,tidb_hot90,tidb_native,608,update,3004,35914,True,0.9,False,InterfaceError,0.008821487426757812,0
2026-05-11T10:05:30+0000,1778493930.1747255,1778493930.174737,TiDB,tidb_hot90,tidb_native,609,insert,3002,75913,True,0.9,False,InterfaceError,0.011444091796875,0
2026-05-11T10:05:30+0000,1778493930.174749,1778493930.1747599,TiDB,tidb_hot90,tidb_native,610,insert,3003,16281,True,0.9,False,InterfaceError,0.010967254638671875,0
2026-05-11T10:05:30+0000,1778493930.174772,1778493930.1747801,TiDB,tidb_hot90,tidb_native,611,select,3002,39883,True,0.9,False,InterfaceError,0.008106231689453125,0
2026-05-11T10:05:30+0000,1778493930.1747916,1778493930.1748002,TiDB,tidb_hot90,tidb_native,612,select,24432,64902,False,0.9,False,InterfaceError,0.00858306884765625,0
2026-05-11T10:05:30+0000,1778493930.1748114,1778493930.1748195,TiDB,tidb_hot90,tidb_native,613,select,3001,94585,True,0.9,False,InterfaceError,0.008106231689453125,0
2026-05-11T10:05:30+0000,1778493930.174832,1778493930.1748402,TiDB,tidb_hot90,tidb_native,614,select,3001,74055,True,0.9,False,InterfaceError,0.008106231689453125,0
2026-05-11T10:05:30+0000,1778493930.1748514,1778493930.174864,TiDB,tidb_hot90,tidb_native,615,select,3004,16279,True,0.9,False,InterfaceError,0.012636184692382812,0
2026-05-11T10:05:30+0000,1778493930.1748762,1778493930.1748846,TiDB,tidb_hot90,tidb_native,616,select,3003,80439,True,0.9,False,InterfaceError,0.008344650268554688,0
2026-05-11T10:05:30+0000,1778493930.1748977,1778493930.1749053,TiDB,tidb_hot90,tidb_native,617,select,11906,6767,False,0.9,False,InterfaceError,0.00762939453125,0
2026-05-11T10:05:30+0000,1778493930.1749165,1778493930.1749246,TiDB,tidb_hot90,tidb_native,618,select,3003,7459,True,0.9,False,InterfaceError,0.008106231689453125,0
2026-05-11T10:05:30+0000,1778493930.1749363,1778493930.1749442,TiDB,tidb_hot90,tidb_native,619,select,3002,57109,True,0.9,False,InterfaceError,0.007867813110351562,0
2026-05-11T10:05:30+0000,1778493930.1749563,1778493930.1749644,TiDB,tidb_hot90,tidb_native,620,select,3004,38428,True,0.9,False,InterfaceError,0.008106231689453125,0
2026-05-11T10:05:30+0000,1778493930.1749775,1778493930.1749883,TiDB,tidb_hot90,tidb_native,621,insert,3001,78505,True,0.9,False,InterfaceError,0.010728836059570312,0
2026-05-11T10:05:30+0000,1778493930.1750007,1778493930.175009,TiDB,tidb_hot90,tidb_native,622,select,3001,61925,True,0.9,False,InterfaceError,0.008344650268554688,0
2026-05-11T10:05:30+0000,1778493930.1750216,1778493930.1750302,TiDB,tidb_hot90,tidb_native,623,update,10718,47639,False,0.9,False,InterfaceError,0.00858306884765625,0
2026-05-11T10:05:30+0000,1778493930.1750422,1778493930.1750503,TiDB,tidb_hot90,tidb_native,624,select,3004,89318,True,0.9,False,InterfaceError,0.008106231689453125,0
2026-05-11T10:05:30+0000,1778493930.1750677,1778493930.1750758,TiDB,tidb_hot90,tidb_native,625,select,3004,93947,True,0.9,False,InterfaceError,0.008106231689453125,0
2026-05-11T10:05:30+0000,1778493930.175088,1778493930.1750987,TiDB,tidb_hot90,tidb_native,626,insert,3002,88873,True,0.9,False,InterfaceError,0.010728836059570312,0
2026-05-11T10:05:30+0000,1778493930.17511,1778493930.1751206,TiDB,tidb_hot90,tidb_native,627,insert,3001,38501,True,0.9,False,InterfaceError,0.01049041748046875,0
2026-05-11T10:05:30+0000,1778493930.1751363,1778493930.1751454,TiDB,tidb_hot90,tidb_native,628,select,3003,1471,True,0.9,False,InterfaceError,0.009059906005859375,0
2026-05-11T10:05:30+0000,1778493930.1751575,1778493930.1751661,TiDB,tidb_hot90,tidb_native,629,update,3002,41050,True,0.9,False,InterfaceError,0.00858306884765625,0
2026-05-11T10:05:30+0000,1778493930.1751792,1778493930.17519,TiDB,tidb_hot90,tidb_native,630,insert,3000,81949,True,0.9,False,InterfaceError,0.010728836059570312,0
2026-05-11T10:05:30+0000,1778493930.175203,1778493930.1752117,TiDB,tidb_hot90,tidb_native,631,select,3003,38840,True,0.9,False,InterfaceError,0.00858306884765625,0
2026-05-11T10:05:30+0000,1778493930.1752248,1778493930.1752334,TiDB,tidb_hot90,tidb_native,632,select,3003,91463,True,0.9,False,InterfaceError,0.00858306884765625,0
2026-05-11T10:05:30+0000,1778493930.1752474,1778493930.1752558,TiDB,tidb_hot90,tidb_native,633,select,3002,18585,True,0.9,False,InterfaceError,0.008344650268554688,0
2026-05-11T10:05:30+0000,1778493930.1752694,1778493930.1752775,TiDB,tidb_hot90,tidb_native,634,select,3001,30223,True,0.9,False,InterfaceError,0.008106231689453125,0
2026-05-11T10:05:30+0000,1778493930.1752899,1778493930.175298,TiDB,tidb_hot90,tidb_native,635,select,3004,2655,True,0.9,False,InterfaceError,0.008106231689453125,0
2026-05-11T10:05:30+0000,1778493930.1753106,1778493930.1753192,TiDB,tidb_hot90,tidb_native,636,select,3004,62667,True,0.9,False,InterfaceError,0.00858306884765625,0
2026-05-11T10:05:30+0000,1778493930.1753318,1778493930.17534,TiDB,tidb_hot90,tidb_native,637,select,3003,96458,True,0.9,False,InterfaceError,0.008106231689453125,0
2026-05-11T10:05:30+0000,1778493930.1753526,1778493930.1753607,TiDB,tidb_hot90,tidb_native,638,select,3004,67240,True,0.9,False,InterfaceError,0.008106231689453125,0
2026-05-11T10:05:30+0000,1778493930.1753733,1778493930.1753812,TiDB,tidb_hot90,tidb_native,639,select,3003,35405,True,0.9,False,InterfaceError,0.007867813110351562,0
2026-05-11T10:05:30+0000,1778493930.1753936,1778493930.1754014,TiDB,tidb_hot90,tidb_native,640,select,3001,11247,True,0.9,False,InterfaceError,0.007867813110351562,0
2026-05-11T10:05:30+0000,1778493930.175413,1778493930.1754212,TiDB,tidb_hot90,tidb_native,641,select,3004,27911,True,0.9,False,InterfaceError,0.008344650268554688,0
2026-05-11T10:05:30+0000,1778493930.1754322,1778493930.17544,TiDB,tidb_hot90,tidb_native,642,select,3004,61757,True,0.9,False,InterfaceError,0.007867813110351562,0
2026-05-11T10:05:30+0000,1778493930.1754527,1778493930.1754637,TiDB,tidb_hot90,tidb_native,643,insert,3000,67493,True,0.9,False,InterfaceError,0.010967254638671875,0
2026-05-11T10:05:30+0000,1778493930.175475,1778493930.1754854,TiDB,tidb_hot90,tidb_native,644,insert,3001,98430,True,0.9,False,InterfaceError,0.01049041748046875,0
2026-05-11T10:05:30+0000,1778493930.1754973,1778493930.1755054,TiDB,tidb_hot90,tidb_native,645,select,3002,26773,True,0.9,False,InterfaceError,0.008106231689453125,0
2026-05-11T10:05:30+0000,1778493930.1755161,1778493930.175524,TiDB,tidb_hot90,tidb_native,646,select,3002,61554,True,0.9,False,InterfaceError,0.007867813110351562,0
2026-05-11T10:05:30+0000,1778493930.1755397,1778493930.1755478,TiDB,tidb_hot90,tidb_native,647,select,3001,20541,True,0.9,False,InterfaceError,0.008106231689453125,0
2026-05-11T10:05:30+0000,1778493930.1755593,1778493930.1755676,TiDB,tidb_hot90,tidb_native,648,select,3003,15749,True,0.9,False,InterfaceError,0.008344650268554688,0
2026-05-11T10:05:30+0000,1778493930.1755795,1778493930.1755874,TiDB,tidb_hot90,tidb_native,649,select,3000,53416,True,0.9,False,InterfaceError,0.007867813110351562,0
2026-05-11T10:05:30+0000,1778493930.1755989,1778493930.1756065,TiDB,tidb_hot90,tidb_native,650,select,3001,99951,True,0.9,False,InterfaceError,0.00762939453125,0
2026-05-11T10:05:30+0000,1778493930.1756177,1778493930.1756256,TiDB,tidb_hot90,tidb_native,651,select,3001,8523,True,0.9,False,InterfaceError,0.007867813110351562,0
2026-05-11T10:05:30+0000,1778493930.1756368,1778493930.175645,TiDB,tidb_hot90,tidb_native,652,update,3004,31641,True,0.9,False,InterfaceError,0.008344650268554688,0
2026-05-11T10:05:30+0000,1778493930.175656,1778493930.175664,TiDB,tidb_hot90,tidb_native,653,select,3002,73853,True,0.9,False,InterfaceError,0.007867813110351562,0
2026-05-11T10:05:30+0000,1778493930.175675,1778493930.1756828,TiDB,tidb_hot90,tidb_native,654,select,3002,96331,True,0.9,False,InterfaceError,0.007867813110351562,0
2026-05-11T10:05:30+0000,1778493930.1756933,1778493930.1757019,TiDB,tidb_hot90,tidb_native,655,select,3002,61491,True,0.9,False,InterfaceError,0.00858306884765625,0
2026-05-11T10:05:30+0000,1778493930.1757123,1778493930.1757205,TiDB,tidb_hot90,tidb_native,656,update,3004,33233,True,0.9,False,InterfaceError,0.008106231689453125,0
2026-05-11T10:05:30+0000,1778493930.1757307,1778493930.1757388,TiDB,tidb_hot90,tidb_native,657,select,3002,41248,True,0.9,False,InterfaceError,0.008106231689453125,0
2026-05-11T10:05:30+0000,1778493930.1757495,1778493930.175762,TiDB,tidb_hot90,tidb_native,658,select,3004,28039,True,0.9,False,InterfaceError,0.01239776611328125,0
2026-05-11T10:05:30+0000,1778493930.1757736,1778493930.1757822,TiDB,tidb_hot90,tidb_native,659,select,3001,23977,True,0.9,False,InterfaceError,0.00858306884765625,0
2026-05-11T10:05:30+0000,1778493930.1757944,1778493930.1758032,TiDB,tidb_hot90,tidb_native,660,select,3001,52471,True,0.9,False,InterfaceError,0.008821487426757812,0
2026-05-11T10:05:30+0000,1778493930.1758156,1778493930.1758244,TiDB,tidb_hot90,tidb_native,661,select,3000,7077,True,0.9,False,InterfaceError,0.008821487426757812,0
2026-05-11T10:05:30+0000,1778493930.175837,1778493930.1758456,TiDB,tidb_hot90,tidb_native,662,update,3001,70026,True,0.9,False,InterfaceError,0.00858306884765625,0
2026-05-11T10:05:30+0000,1778493930.1758583,1778493930.1758697,TiDB,tidb_hot90,tidb_native,663,insert,3001,90260,True,0.9,False,InterfaceError,0.011444091796875,0
2026-05-11T10:05:30+0000,1778493930.1758907,1778493930.1758995,TiDB,tidb_hot90,tidb_native,664,select,3003,49277,True,0.9,False,InterfaceError,0.008821487426757812,0
2026-05-11T10:05:30+0000,1778493930.1759114,1778493930.1759226,TiDB,tidb_hot90,tidb_native,665,insert,12033,52995,False,0.9,False,InterfaceError,0.011205673217773438,0
2026-05-11T10:05:30+0000,1778493930.1759346,1778493930.175943,TiDB,tidb_hot90,tidb_native,666,select,3000,42381,True,0.9,False,InterfaceError,0.008344650268554688,0
2026-05-11T10:05:30+0000,1778493930.175955,1778493930.1759658,TiDB,tidb_hot90,tidb_native,667,insert,3000,34033,True,0.9,False,InterfaceError,0.010728836059570312,0
2026-05-11T10:05:30+0000,1778493930.1759775,1778493930.1759863,TiDB,tidb_hot90,tidb_native,668,select,3004,73164,True,0.9,False,InterfaceError,0.008821487426757812,0
2026-05-11T10:05:30+0000,1778493930.1759975,1778493930.1760054,TiDB,tidb_hot90,tidb_native,669,select,3001,20838,True,0.9,False,InterfaceError,0.007867813110351562,0
2026-05-11T10:05:30+0000,1778493930.1760163,1778493930.176025,TiDB,tidb_hot90,tidb_native,670,update,3001,33339,True,0.9,False,InterfaceError,0.00858306884765625,0
2026-05-11T10:05:30+0000,1778493930.1760406,1778493930.1760495,TiDB,tidb_hot90,tidb_native,671,update,6735,24266,False,0.9,False,InterfaceError,0.008821487426757812,0
2026-05-11T10:05:30+0000,1778493930.1760604,1778493930.1760683,TiDB,tidb_hot90,tidb_native,672,select,24490,92759,False,0.9,False,InterfaceError,0.007867813110351562,0
2026-05-11T10:05:30+0000,1778493930.17608,1778493930.1760883,TiDB,tidb_hot90,tidb_native,673,update,3000,91023,True,0.9,False,InterfaceError,0.008344650268554688,0
2026-05-11T10:05:30+0000,1778493930.1760986,1778493930.1761124,TiDB,tidb_hot90,tidb_native,674,update,3003,95064,True,0.9,False,InterfaceError,0.013828277587890625,0
2026-05-11T10:05:30+0000,1778493930.1761255,1778493930.176134,TiDB,tidb_hot90,tidb_native,675,update,3154,20060,False,0.9,False,InterfaceError,0.00858306884765625,0
2026-05-11T10:05:30+0000,1778493930.1761453,1778493930.1761541,TiDB,tidb_hot90,tidb_native,676,select,3002,41382,True,0.9,False,InterfaceError,0.008821487426757812,0
2026-05-11T10:05:30+0000,1778493930.1761644,1778493930.176176,TiDB,tidb_hot90,tidb_native,677,insert,3003,48066,True,0.9,False,InterfaceError,0.011682510375976562,0
2026-05-11T10:05:30+0000,1778493930.176188,1778493930.176196,TiDB,tidb_hot90,tidb_native,678,select,3003,37197,True,0.9,False,InterfaceError,0.008106231689453125,0
2026-05-11T10:05:30+0000,1778493930.176213,1778493930.1762218,TiDB,tidb_hot90,tidb_native,679,update,3004,40193,True,0.9,False,InterfaceError,0.008821487426757812,0
2026-05-11T10:05:30+0000,1778493930.1762352,1778493930.1762438,TiDB,tidb_hot90,tidb_native,680,select,3000,23504,True,0.9,False,InterfaceError,0.00858306884765625,0
2026-05-11T10:05:30+0000,1778493930.1762562,1778493930.1762645,TiDB,tidb_hot90,tidb_native,681,update,3000,17445,True,0.9,False,InterfaceError,0.008344650268554688,0
2026-05-11T10:05:30+0000,1778493930.176277,1778493930.176285,TiDB,tidb_hot90,tidb_native,682,select,3001,38151,True,0.9,False,InterfaceError,0.008106231689453125,0
2026-05-11T10:05:30+0000,1778493930.1762984,1778493930.1763065,TiDB,tidb_hot90,tidb_native,683,select,3001,85004,True,0.9,False,InterfaceError,0.008106231689453125,0
2026-05-11T10:05:30+0000,1778493930.1763177,1778493930.1763256,TiDB,tidb_hot90,tidb_native,684,select,3000,86341,True,0.9,False,InterfaceError,0.007867813110351562,0
2026-05-11T10:05:30+0000,1778493930.1763382,1778493930.1763463,TiDB,tidb_hot90,tidb_native,685,select,3003,86305,True,0.9,False,InterfaceError,0.008106231689453125,0
2026-05-11T10:05:30+0000,1778493930.1763585,1778493930.1763666,TiDB,tidb_hot90,tidb_native,686,select,3000,70280,True,0.9,False,InterfaceError,0.008106231689453125,0
2026-05-11T10:05:30+0000,1778493930.17638,1778493930.1763883,TiDB,tidb_hot90,tidb_native,687,select,3003,7522,True,0.9,False,InterfaceError,0.008344650268554688,0
2026-05-11T10:05:30+0000,1778493930.1764026,1778493930.1764114,TiDB,tidb_hot90,tidb_native,688,select,3004,91669,True,0.9,False,InterfaceError,0.008821487426757812,0
2026-05-11T10:05:30+0000,1778493930.176424,1778493930.176433,TiDB,tidb_hot90,tidb_native,689,select,20729,22988,False,0.9,False,InterfaceError,0.009059906005859375,0
2026-05-11T10:05:30+0000,1778493930.176446,1778493930.1764543,TiDB,tidb_hot90,tidb_native,690,select,3001,85695,True,0.9,False,InterfaceError,0.008344650268554688,0
2026-05-11T10:05:30+0000,1778493930.176465,1778493930.1764731,TiDB,tidb_hot90,tidb_native,691,select,3004,11836,True,0.9,False,InterfaceError,0.008106231689453125,0
2026-05-11T10:05:30+0000,1778493930.1764846,1778493930.1764927,TiDB,tidb_hot90,tidb_native,692,select,3002,86020,True,0.9,False,InterfaceError,0.008106231689453125,0
2026-05-11T10:05:30+0000,1778493930.1765037,1778493930.1765118,TiDB,tidb_hot90,tidb_native,693,select,3000,45809,True,0.9,False,InterfaceError,0.008106231689453125,0
2026-05-11T10:05:30+0000,1778493930.176528,1778493930.1765363,TiDB,tidb_hot90,tidb_native,694,select,3001,16742,True,0.9,False,InterfaceError,0.008344650268554688,0
2026-05-11T10:05:30+0000,1778493930.1765482,1778493930.1765594,TiDB,tidb_hot90,tidb_native,695,insert,3001,35618,True,0.9,False,InterfaceError,0.011205673217773438,0
2026-05-11T10:05:30+0000,1778493930.1765704,1778493930.1765792,TiDB,tidb_hot90,tidb_native,696,update,3004,59917,True,0.9,False,InterfaceError,0.008821487426757812,0
2026-05-11T10:05:30+0000,1778493930.1765907,1778493930.1765988,TiDB,tidb_hot90,tidb_native,697,select,3004,86433,True,0.9,False,InterfaceError,0.008106231689453125,0
2026-05-11T10:05:30+0000,1778493930.1766107,1778493930.1766188,TiDB,tidb_hot90,tidb_native,698,select,3000,64235,True,0.9,False,InterfaceError,0.008106231689453125,0
2026-05-11T10:05:30+0000,1778493930.1766326,1778493930.1766405,TiDB,tidb_hot90,tidb_native,699,select,3002,93235,True,0.9,False,InterfaceError,0.007867813110351562,0
2026-05-11T10:05:30+0000,1778493930.1766534,1778493930.1766624,TiDB,tidb_hot90,tidb_native,700,select,3003,76501,True,0.9,False,InterfaceError,0.009059906005859375,0
2026-05-11T10:05:30+0000,1778493930.17668,1778493930.17669,TiDB,tidb_hot90,tidb_native,701,select,3002,21585,True,0.9,False,InterfaceError,0.010013580322265625,0
2026-05-11T10:05:30+0000,1778493930.1767051,1778493930.1767142,TiDB,tidb_hot90,tidb_native,702,select,3000,73229,True,0.9,False,InterfaceError,0.009059906005859375,0
2026-05-11T10:05:30+0000,1778493930.1767282,1778493930.1767378,TiDB,tidb_hot90,tidb_native,703,update,3001,74089,True,0.9,False,InterfaceError,0.0095367431640625,0
2026-05-11T10:05:30+0000,1778493930.1767504,1778493930.176759,TiDB,tidb_hot90,tidb_native,704,select,3003,21450,True,0.9,False,InterfaceError,0.00858306884765625,0
2026-05-11T10:05:30+0000,1778493930.176771,1778493930.1767821,TiDB,tidb_hot90,tidb_native,705,insert,3004,64853,True,0.9,False,InterfaceError,0.011205673217773438,0
2026-05-11T10:05:30+0000,1778493930.176794,1778493930.1768024,TiDB,tidb_hot90,tidb_native,706,select,3003,31078,True,0.9,False,InterfaceError,0.008344650268554688,0
2026-05-11T10:05:30+0000,1778493930.1768134,1778493930.1768246,TiDB,tidb_hot90,tidb_native,707,select,3000,6135,True,0.9,False,InterfaceError,0.011205673217773438,0
2026-05-11T10:05:30+0000,1778493930.1768427,1778493930.1768587,TiDB,tidb_hot90,tidb_native,708,select,3003,50832,True,0.9,False,InterfaceError,0.015974044799804688,0
2026-05-11T10:05:30+0000,1778493930.176879,1778493930.1768942,TiDB,tidb_hot90,tidb_native,709,select,3000,26074,True,0.9,False,InterfaceError,0.0152587890625,0
2026-05-11T10:05:30+0000,1778493930.1769085,1778493930.1769176,TiDB,tidb_hot90,tidb_native,710,select,3000,20354,True,0.9,False,InterfaceError,0.009059906005859375,0
2026-05-11T10:05:30+0000,1778493930.1769297,1778493930.176938,TiDB,tidb_hot90,tidb_native,711,select,3001,64581,True,0.9,False,InterfaceError,0.008344650268554688,0
2026-05-11T10:05:30+0000,1778493930.1769495,1778493930.1769574,TiDB,tidb_hot90,tidb_native,712,select,3002,25062,True,0.9,False,InterfaceError,0.007867813110351562,0
2026-05-11T10:05:30+0000,1778493930.1769698,1778493930.1769779,TiDB,tidb_hot90,tidb_native,713,select,3004,9444,True,0.9,False,InterfaceError,0.008106231689453125,0
2026-05-11T10:05:30+0000,1778493930.17699,1778493930.1769981,TiDB,tidb_hot90,tidb_native,714,select,3003,79177,True,0.9,False,InterfaceError,0.008106231689453125,0
2026-05-11T10:05:30+0000,1778493930.177011,1778493930.1770196,TiDB,tidb_hot90,tidb_native,715,select,3000,51487,True,0.9,False,InterfaceError,0.00858306884765625,0
2026-05-11T10:05:30+0000,1778493930.1770322,1778493930.177041,TiDB,tidb_hot90,tidb_native,716,select,23675,11087,False,0.9,False,InterfaceError,0.008821487426757812,0
2026-05-11T10:05:30+0000,1778493930.1770594,1778493930.1770682,TiDB,tidb_hot90,tidb_native,717,select,3004,16663,True,0.9,False,InterfaceError,0.008821487426757812,0
2026-05-11T10:05:30+0000,1778493930.1770806,1778493930.177089,TiDB,tidb_hot90,tidb_native,718,select,3001,56410,True,0.9,False,InterfaceError,0.008344650268554688,0
2026-05-11T10:05:30+0000,1778493930.1771011,1778493930.1771133,TiDB,tidb_hot90,tidb_native,719,insert,3003,11139,True,0.9,False,InterfaceError,0.012159347534179688,0
2026-05-11T10:05:30+0000,1778493930.1771257,1778493930.177134,TiDB,tidb_hot90,tidb_native,720,select,3004,34456,True,0.9,False,InterfaceError,0.008344650268554688,0
2026-05-11T10:05:30+0000,1778493930.177146,1778493930.1771548,TiDB,tidb_hot90,tidb_native,721,update,3000,58217,True,0.9,False,InterfaceError,0.008821487426757812,0
2026-05-11T10:05:30+0000,1778493930.177166,1778493930.177174,TiDB,tidb_hot90,tidb_native,722,select,3002,35249,True,0.9,False,InterfaceError,0.008106231689453125,0
2026-05-11T10:05:30+0000,1778493930.1771855,1778493930.1771932,TiDB,tidb_hot90,tidb_native,723,select,3004,71657,True,0.9,False,InterfaceError,0.00762939453125,0
2026-05-11T10:05:30+0000,1778493930.1772037,1778493930.177212,TiDB,tidb_hot90,tidb_native,724,select,3000,47312,True,0.9,False,InterfaceError,0.008344650268554688,0
2026-05-11T10:05:30+0000,1778493930.1772242,1778493930.1772335,TiDB,tidb_hot90,tidb_native,725,select,3001,25554,True,0.9,False,InterfaceError,0.009298324584960938,0
2026-05-11T10:05:30+0000,1778493930.1772451,1778493930.1772537,TiDB,tidb_hot90,tidb_native,726,select,3002,21763,True,0.9,False,InterfaceError,0.00858306884765625,0
2026-05-11T10:05:30+0000,1778493930.1772676,1778493930.177276,TiDB,tidb_hot90,tidb_native,727,update,3004,48332,True,0.9,False,InterfaceError,0.008344650268554688,0
2026-05-11T10:05:30+0000,1778493930.1772873,1778493930.1772964,TiDB,tidb_hot90,tidb_native,728,select,3004,82668,True,0.9,False,InterfaceError,0.009059906005859375,0
2026-05-11T10:05:30+0000,1778493930.177309,1778493930.1773171,TiDB,tidb_hot90,tidb_native,729,select,3004,34636,True,0.9,False,InterfaceError,0.008106231689453125,0
2026-05-11T10:05:30+0000,1778493930.177335,1778493930.1773436,TiDB,tidb_hot90,tidb_native,730,select,3000,87975,True,0.9,False,InterfaceError,0.00858306884765625,0
2026-05-11T10:05:30+0000,1778493930.1773558,1778493930.177367,TiDB,tidb_hot90,tidb_native,731,insert,3004,28355,True,0.9,False,InterfaceError,0.011205673217773438,0
2026-05-11T10:05:30+0000,1778493930.1773784,1778493930.1773868,TiDB,tidb_hot90,tidb_native,732,select,3000,62964,True,0.9,False,InterfaceError,0.008344650268554688,0
2026-05-11T10:05:30+0000,1778493930.1773984,1778493930.177407,TiDB,tidb_hot90,tidb_native,733,select,3002,55950,True,0.9,False,InterfaceError,0.00858306884765625,0
2026-05-11T10:05:30+0000,1778493930.1774185,1778493930.1774263,TiDB,tidb_hot90,tidb_native,734,select,3002,66603,True,0.9,False,InterfaceError,0.007867813110351562,0
2026-05-11T10:05:30+0000,1778493930.1774375,1778493930.1774457,TiDB,tidb_hot90,tidb_native,735,select,3001,88134,True,0.9,False,InterfaceError,0.008106231689453125,0
2026-05-11T10:05:30+0000,1778493930.1774573,1778493930.1774654,TiDB,tidb_hot90,tidb_native,736,select,3000,63928,True,0.9,False,InterfaceError,0.008106231689453125,0
2026-05-11T10:05:30+0000,1778493930.1774771,1778493930.1774848,TiDB,tidb_hot90,tidb_native,737,select,3001,64171,True,0.9,False,InterfaceError,0.00762939453125,0
2026-05-11T10:05:30+0000,1778493930.1774952,1778493930.1775033,TiDB,tidb_hot90,tidb_native,738,select,3000,81295,True,0.9,False,InterfaceError,0.008106231689453125,0
2026-05-11T10:05:30+0000,1778493930.17752,1778493930.1775284,TiDB,tidb_hot90,tidb_native,739,select,3002,92000,True,0.9,False,InterfaceError,0.008344650268554688,0
2026-05-11T10:05:30+0000,1778493930.1775396,1778493930.1775477,TiDB,tidb_hot90,tidb_native,740,select,3002,59936,True,0.9,False,InterfaceError,0.008106231689453125,0
2026-05-11T10:05:30+0000,1778493930.177559,1778493930.1775675,TiDB,tidb_hot90,tidb_native,741,update,3001,99851,True,0.9,False,InterfaceError,0.00858306884765625,0
2026-05-11T10:05:30+0000,1778493930.1775804,1778493930.177589,TiDB,tidb_hot90,tidb_native,742,select,3001,96180,True,0.9,False,InterfaceError,0.00858306884765625,0
2026-05-11T10:05:30+0000,1778493925.3187072,1778493930.3421934,TiDB,tidb_hot90,tidb_native,90,update,3000,93936,True,0.9,False,OperationalError,5023.486137390137,0
2026-05-11T10:05:30+0000,1778493930.3422925,1778493930.3423615,TiDB,tidb_hot90,tidb_native,744,insert,3002,98326,True,0.9,False,InterfaceError,0.06890296936035156,0
2026-05-11T10:05:30+0000,1778493930.342384,1778493930.3424006,TiDB,tidb_hot90,tidb_native,745,update,3001,67323,True,0.9,False,InterfaceError,0.016450881958007812,0
2026-05-11T10:05:30+0000,1778493930.3424165,1778493930.3424304,TiDB,tidb_hot90,tidb_native,746,select,3003,27183,True,0.9,False,InterfaceError,0.013828277587890625,0
2026-05-11T10:05:30+0000,1778493930.3424454,1778493930.3424573,TiDB,tidb_hot90,tidb_native,747,select,3001,29179,True,0.9,False,InterfaceError,0.011920928955078125,0
2026-05-11T10:05:30+0000,1778493930.3424716,1778493930.3424838,TiDB,tidb_hot90,tidb_native,748,update,26637,99729,False,0.9,False,InterfaceError,0.012159347534179688,0
2026-05-11T10:05:30+0000,1778493930.3424973,1778493930.342508,TiDB,tidb_hot90,tidb_native,749,select,3004,68767,True,0.9,False,InterfaceError,0.010728836059570312,0
2026-05-11T10:05:30+0000,1778493930.3425212,1778493930.3425317,TiDB,tidb_hot90,tidb_native,750,update,3002,1655,True,0.9,False,InterfaceError,0.01049041748046875,0
2026-05-11T10:05:30+0000,1778493930.342546,1778493930.3425562,TiDB,tidb_hot90,tidb_native,751,select,3003,82367,True,0.9,False,InterfaceError,0.010251998901367188,0
2026-05-11T10:05:30+0000,1778493930.3425708,1778493930.3425808,TiDB,tidb_hot90,tidb_native,752,select,6170,60812,False,0.9,False,InterfaceError,0.010013580322265625,0
2026-05-11T10:05:30+0000,1778493930.3425944,1778493930.3426046,TiDB,tidb_hot90,tidb_native,753,select,21719,78279,False,0.9,False,InterfaceError,0.010251998901367188,0
2026-05-11T10:05:30+0000,1778493930.3426187,1778493930.3426282,TiDB,tidb_hot90,tidb_native,754,select,3001,26577,True,0.9,False,InterfaceError,0.0095367431640625,0
2026-05-11T10:05:30+0000,1778493930.3426428,1778493930.3426526,TiDB,tidb_hot90,tidb_native,755,select,24922,81058,False,0.9,False,InterfaceError,0.009775161743164062,0
2026-05-11T10:05:30+0000,1778493930.3426669,1778493930.342681,TiDB,tidb_hot90,tidb_native,756,insert,3002,71935,True,0.9,False,InterfaceError,0.014066696166992188,0
2026-05-11T10:05:30+0000,1778493930.3426948,1778493930.3427043,TiDB,tidb_hot90,tidb_native,757,select,3001,62099,True,0.9,False,InterfaceError,0.0095367431640625,0
2026-05-11T10:05:30+0000,1778493930.3427174,1778493930.3427272,TiDB,tidb_hot90,tidb_native,758,select,3002,76676,True,0.9,False,InterfaceError,0.009775161743164062,0
2026-05-11T10:05:30+0000,1778493930.3427415,1778493930.3427515,TiDB,tidb_hot90,tidb_native,759,update,3001,42635,True,0.9,False,InterfaceError,0.010013580322265625,0
2026-05-11T10:05:30+0000,1778493930.3427656,1778493930.342775,TiDB,tidb_hot90,tidb_native,760,select,20820,1373,False,0.9,False,InterfaceError,0.0095367431640625,0
2026-05-11T10:05:30+0000,1778493930.3427887,1778493930.3427997,TiDB,tidb_hot90,tidb_native,761,update,3001,43426,True,0.9,False,InterfaceError,0.010967254638671875,0
2026-05-11T10:05:30+0000,1778493930.3428147,1778493930.3428285,TiDB,tidb_hot90,tidb_native,762,insert,20423,95222,False,0.9,False,InterfaceError,0.013828277587890625,0
2026-05-11T10:05:30+0000,1778493930.3428426,1778493930.3428528,TiDB,tidb_hot90,tidb_native,763,select,3003,49707,True,0.9,False,InterfaceError,0.010251998901367188,0
2026-05-11T10:05:30+0000,1778493930.342867,1778493930.3428802,TiDB,tidb_hot90,tidb_native,764,insert,3360,55871,False,0.9,False,InterfaceError,0.0133514404296875,0
2026-05-11T10:05:30+0000,1778493930.3429272,1778493930.3429406,TiDB,tidb_hot90,tidb_native,765,insert,3002,84217,True,0.9,False,InterfaceError,0.0133514404296875,0
2026-05-11T10:05:30+0000,1778493930.3429546,1778493930.3429692,TiDB,tidb_hot90,tidb_native,766,insert,3003,60178,True,0.9,False,InterfaceError,0.014543533325195312,0
2026-05-11T10:05:30+0000,1778493930.342983,1778493930.3429945,TiDB,tidb_hot90,tidb_native,767,select,8318,56901,False,0.9,False,InterfaceError,0.011444091796875,0
2026-05-11T10:05:30+0000,1778493930.3430092,1778493930.3430197,TiDB,tidb_hot90,tidb_native,768,update,3002,29103,True,0.9,False,InterfaceError,0.01049041748046875,0
2026-05-11T10:05:30+0000,1778493930.3430355,1778493930.3430455,TiDB,tidb_hot90,tidb_native,769,select,3000,51257,True,0.9,False,InterfaceError,0.010013580322265625,0
2026-05-11T10:05:30+0000,1778493930.34306,1778493930.3430705,TiDB,tidb_hot90,tidb_native,770,select,3002,89978,True,0.9,False,InterfaceError,0.01049041748046875,0
2026-05-11T10:05:30+0000,1778493930.3430843,1778493930.3430943,TiDB,tidb_hot90,tidb_native,771,select,3000,12615,True,0.9,False,InterfaceError,0.010013580322265625,0
2026-05-11T10:05:30+0000,1778493930.3431094,1778493930.3431196,TiDB,tidb_hot90,tidb_native,772,select,3003,73032,True,0.9,False,InterfaceError,0.010251998901367188,0
2026-05-11T10:05:30+0000,1778493930.3431332,1778493930.3431427,TiDB,tidb_hot90,tidb_native,773,select,3002,32466,True,0.9,False,InterfaceError,0.0095367431640625,0
2026-05-11T10:05:30+0000,1778493930.3431566,1778493930.3431659,TiDB,tidb_hot90,tidb_native,774,select,3001,5996,True,0.9,False,InterfaceError,0.009298324584960938,0
2026-05-11T10:05:30+0000,1778493930.3431795,1778493930.3431888,TiDB,tidb_hot90,tidb_native,775,select,3000,73913,True,0.9,False,InterfaceError,0.009298324584960938,0
2026-05-11T10:05:30+0000,1778493930.3432024,1778493930.3432148,TiDB,tidb_hot90,tidb_native,776,select,3002,1316,True,0.9,False,InterfaceError,0.01239776611328125,0
2026-05-11T10:05:30+0000,1778493930.3432343,1778493930.3432446,TiDB,tidb_hot90,tidb_native,777,select,3003,20573,True,0.9,False,InterfaceError,0.010251998901367188,0
2026-05-11T10:05:30+0000,1778493930.3432581,1778493930.3432682,TiDB,tidb_hot90,tidb_native,778,select,3001,31896,True,0.9,False,InterfaceError,0.010013580322265625,0
2026-05-11T10:05:30+0000,1778493930.343282,1778493930.3432918,TiDB,tidb_hot90,tidb_native,779,select,3002,96116,True,0.9,False,InterfaceError,0.009775161743164062,0
2026-05-11T10:05:30+0000,1778493930.3433056,1778493930.343315,TiDB,tidb_hot90,tidb_native,780,select,3002,46742,True,0.9,False,InterfaceError,0.009298324584960938,0
2026-05-11T10:05:30+0000,1778493930.3433282,1778493930.3433378,TiDB,tidb_hot90,tidb_native,781,select,3002,93454,True,0.9,False,InterfaceError,0.0095367431640625,0
2026-05-11T10:05:30+0000,1778493930.3433511,1778493930.3433595,TiDB,tidb_hot90,tidb_native,782,select,3004,14164,True,0.9,False,InterfaceError,0.008344650268554688,0
2026-05-11T10:05:30+0000,1778493930.3433807,1778493930.34339,TiDB,tidb_hot90,tidb_native,783,select,3004,40880,True,0.9,False,InterfaceError,0.009298324584960938,0
2026-05-11T10:05:30+0000,1778493930.3434024,1778493930.3434155,TiDB,tidb_hot90,tidb_native,784,select,3002,74558,True,0.9,False,InterfaceError,0.013113021850585938,0
2026-05-11T10:05:30+0000,1778493930.3434284,1778493930.3434367,TiDB,tidb_hot90,tidb_native,785,select,3000,94154,True,0.9,False,InterfaceError,0.008344650268554688,0
2026-05-11T10:05:30+0000,1778493930.343449,1778493930.3434615,TiDB,tidb_hot90,tidb_native,786,insert,3002,13663,True,0.9,False,InterfaceError,0.01239776611328125,0
2026-05-11T10:05:30+0000,1778493930.3434749,1778493930.3434834,TiDB,tidb_hot90,tidb_native,787,select,3003,50822,True,0.9,False,InterfaceError,0.00858306884765625,0
2026-05-11T10:05:30+0000,1778493930.3434994,1778493930.343508,TiDB,tidb_hot90,tidb_native,788,select,3002,86,True,0.9,False,InterfaceError,0.00858306884765625,0
2026-05-11T10:05:30+0000,1778493930.343522,1778493930.3435342,TiDB,tidb_hot90,tidb_native,789,insert,3002,31094,True,0.9,False,InterfaceError,0.012159347534179688,0
2026-05-11T10:05:30+0000,1778493930.3435478,1778493930.343557,TiDB,tidb_hot90,tidb_native,790,select,3002,67670,True,0.9,False,InterfaceError,0.009059906005859375,0
2026-05-11T10:05:30+0000,1778493930.3435695,1778493930.343578,TiDB,tidb_hot90,tidb_native,791,select,3002,67222,True,0.9,False,InterfaceError,0.00858306884765625,0
2026-05-11T10:05:30+0000,1778493930.3435907,1778493930.343599,TiDB,tidb_hot90,tidb_native,792,select,3000,6365,True,0.9,False,InterfaceError,0.008344650268554688,0
2026-05-11T10:05:30+0000,1778493930.3436127,1778493930.343621,TiDB,tidb_hot90,tidb_native,793,update,3003,9575,True,0.9,False,InterfaceError,0.008344650268554688,0
2026-05-11T10:05:30+0000,1778493930.343633,1778493930.343644,TiDB,tidb_hot90,tidb_native,794,insert,3001,49133,True,0.9,False,InterfaceError,0.010967254638671875,0
2026-05-11T10:05:30+0000,1778493930.3436565,1778493930.3436651,TiDB,tidb_hot90,tidb_native,795,update,3002,14878,True,0.9,False,InterfaceError,0.00858306884765625,0
2026-05-11T10:05:30+0000,1778493930.3436775,1778493930.3436868,TiDB,tidb_hot90,tidb_native,796,select,3004,14085,True,0.9,False,InterfaceError,0.009298324584960938,0
2026-05-11T10:05:30+0000,1778493930.3437,1778493930.3437095,TiDB,tidb_hot90,tidb_native,797,select,3001,57967,True,0.9,False,InterfaceError,0.0095367431640625,0
2026-05-11T10:05:30+0000,1778493930.3437219,1778493930.3437307,TiDB,tidb_hot90,tidb_native,798,select,3000,43719,True,0.9,False,InterfaceError,0.008821487426757812,0
2026-05-11T10:05:30+0000,1778493930.3437443,1778493930.3437529,TiDB,tidb_hot90,tidb_native,799,select,18115,68324,False,0.9,False,InterfaceError,0.00858306884765625,0
2026-05-11T10:05:30+0000,1778493930.343767,1778493930.3437757,TiDB,tidb_hot90,tidb_native,800,select,12745,47582,False,0.9,False,InterfaceError,0.008821487426757812,0
2026-05-11T10:05:30+0000,1778493930.3437889,1778493930.3437972,TiDB,tidb_hot90,tidb_native,801,select,3001,35307,True,0.9,False,InterfaceError,0.008344650268554688,0
2026-05-11T10:05:30+0000,1778493930.34381,1778493930.3438182,TiDB,tidb_hot90,tidb_native,802,select,12980,71896,False,0.9,False,InterfaceError,0.008106231689453125,0
2026-05-11T10:05:30+0000,1778493930.3438306,1778493930.3438387,TiDB,tidb_hot90,tidb_native,803,select,3003,56906,True,0.9,False,InterfaceError,0.008106231689453125,0
2026-05-11T10:05:30+0000,1778493930.3438518,1778493930.3438597,TiDB,tidb_hot90,tidb_native,804,select,4467,84988,False,0.9,False,InterfaceError,0.007867813110351562,0
2026-05-11T10:05:30+0000,1778493930.3438725,1778493930.3438811,TiDB,tidb_hot90,tidb_native,805,update,3002,43141,True,0.9,False,InterfaceError,0.00858306884765625,0
2026-05-11T10:05:30+0000,1778493930.3438938,1778493930.3439023,TiDB,tidb_hot90,tidb_native,806,select,3000,72654,True,0.9,False,InterfaceError,0.00858306884765625,0
2026-05-11T10:05:30+0000,1778493930.3439147,1778493930.3439236,TiDB,tidb_hot90,tidb_native,807,select,2882,77222,False,0.9,False,InterfaceError,0.008821487426757812,0
2026-05-11T10:05:30+0000,1778493930.343938,1778493930.3439465,TiDB,tidb_hot90,tidb_native,808,select,3002,81607,True,0.9,False,InterfaceError,0.008344650268554688,0
2026-05-11T10:05:30+0000,1778493930.3439603,1778493930.343969,TiDB,tidb_hot90,tidb_native,809,select,20129,96219,False,0.9,False,InterfaceError,0.008821487426757812,0
2026-05-11T10:05:30+0000,1778493930.3439832,1778493930.3439913,TiDB,tidb_hot90,tidb_native,810,select,3003,46312,True,0.9,False,InterfaceError,0.008106231689453125,0
2026-05-11T10:05:30+0000,1778493930.3440082,1778493930.3440168,TiDB,tidb_hot90,tidb_native,811,select,22638,67859,False,0.9,False,InterfaceError,0.00858306884765625,0
2026-05-11T10:05:30+0000,1778493930.344029,1778493930.3440373,TiDB,tidb_hot90,tidb_native,812,select,3000,64405,True,0.9,False,InterfaceError,0.008344650268554688,0
2026-05-11T10:05:30+0000,1778493930.3440502,1778493930.3440583,TiDB,tidb_hot90,tidb_native,813,select,3000,19310,True,0.9,False,InterfaceError,0.008106231689453125,0
2026-05-11T10:05:30+0000,1778493930.3440695,1778493930.3440776,TiDB,tidb_hot90,tidb_native,814,select,3002,14156,True,0.9,False,InterfaceError,0.008106231689453125,0
2026-05-11T10:05:30+0000,1778493930.3440905,1778493930.3440983,TiDB,tidb_hot90,tidb_native,815,select,3001,89000,True,0.9,False,InterfaceError,0.007867813110351562,0
2026-05-11T10:05:30+0000,1778493930.34411,1778493930.3441184,TiDB,tidb_hot90,tidb_native,816,select,3004,29706,True,0.9,False,InterfaceError,0.008344650268554688,0
2026-05-11T10:05:30+0000,1778493930.3441308,1778493930.3441393,TiDB,tidb_hot90,tidb_native,817,select,3001,83806,True,0.9,False,InterfaceError,0.00858306884765625,0
2026-05-11T10:05:30+0000,1778493930.3441503,1778493930.344159,TiDB,tidb_hot90,tidb_native,818,update,3002,59438,True,0.9,False,InterfaceError,0.00858306884765625,0
2026-05-11T10:05:30+0000,1778493930.3441706,1778493930.344179,TiDB,tidb_hot90,tidb_native,819,select,6077,55892,False,0.9,False,InterfaceError,0.008344650268554688,0
2026-05-11T10:05:30+0000,1778493930.34419,1778493930.3441982,TiDB,tidb_hot90,tidb_native,820,select,3001,92915,True,0.9,False,InterfaceError,0.008344650268554688,0
2026-05-11T10:05:30+0000,1778493930.3442094,1778493930.344217,TiDB,tidb_hot90,tidb_native,821,select,3000,59462,True,0.9,False,InterfaceError,0.00762939453125,0
2026-05-11T10:05:30+0000,1778493930.344229,1778493930.3442376,TiDB,tidb_hot90,tidb_native,822,update,3000,5029,True,0.9,False,InterfaceError,0.00858306884765625,0
2026-05-11T10:05:30+0000,1778493930.3442488,1778493930.3442574,TiDB,tidb_hot90,tidb_native,823,update,3000,28570,True,0.9,False,InterfaceError,0.00858306884765625,0
2026-05-11T10:05:30+0000,1778493930.344268,1778493930.3442762,TiDB,tidb_hot90,tidb_native,824,select,3001,51835,True,0.9,False,InterfaceError,0.008106231689453125,0
2026-05-11T10:05:30+0000,1778493930.3442874,1778493930.3442962,TiDB,tidb_hot90,tidb_native,825,select,3000,32445,True,0.9,False,InterfaceError,0.008821487426757812,0
2026-05-11T10:05:30+0000,1778493930.344307,1778493930.344315,TiDB,tidb_hot90,tidb_native,826,select,3002,69220,True,0.9,False,InterfaceError,0.008106231689453125,0
2026-05-11T10:05:30+0000,1778493930.3443267,1778493930.3443384,TiDB,tidb_hot90,tidb_native,827,select,3000,38463,True,0.9,False,InterfaceError,0.011682510375976562,0
2026-05-11T10:05:30+0000,1778493930.3443513,1778493930.3443594,TiDB,tidb_hot90,tidb_native,828,select,3003,7434,True,0.9,False,InterfaceError,0.008106231689453125,0
2026-05-11T10:05:30+0000,1778493930.3443704,1778493930.3443787,TiDB,tidb_hot90,tidb_native,829,select,3000,5123,True,0.9,False,InterfaceError,0.008344650268554688,0
2026-05-11T10:05:30+0000,1778493930.3443902,1778493930.3443985,TiDB,tidb_hot90,tidb_native,830,update,3001,49367,True,0.9,False,InterfaceError,0.008344650268554688,0
2026-05-11T10:05:30+0000,1778493930.344411,1778493930.344419,TiDB,tidb_hot90,tidb_native,831,select,3000,83007,True,0.9,False,InterfaceError,0.008106231689453125,0
2026-05-11T10:05:30+0000,1778493930.3444297,1778493930.344438,TiDB,tidb_hot90,tidb_native,832,update,3002,37645,True,0.9,False,InterfaceError,0.008344650268554688,0
2026-05-11T10:05:30+0000,1778493930.3444622,1778493930.3444743,TiDB,tidb_hot90,tidb_native,833,insert,3002,84043,True,0.9,False,InterfaceError,0.012159347534179688,0
2026-05-11T10:05:30+0000,1778493930.3444865,1778493930.3444946,TiDB,tidb_hot90,tidb_native,834,select,3003,77417,True,0.9,False,InterfaceError,0.008106231689453125,0
2026-05-11T10:05:30+0000,1778493930.3445063,1778493930.3445144,TiDB,tidb_hot90,tidb_native,835,select,3003,61009,True,0.9,False,InterfaceError,0.008106231689453125,0
2026-05-11T10:05:30+0000,1778493930.3445265,1778493930.344535,TiDB,tidb_hot90,tidb_native,836,select,3000,13935,True,0.9,False,InterfaceError,0.00858306884765625,0
2026-05-11T10:05:30+0000,1778493930.3445463,1778493930.3445542,TiDB,tidb_hot90,tidb_native,837,select,3000,62504,True,0.9,False,InterfaceError,0.007867813110351562,0
2026-05-11T10:05:30+0000,1778493930.3445654,1778493930.344574,TiDB,tidb_hot90,tidb_native,838,select,7532,89456,False,0.9,False,InterfaceError,0.00858306884765625,0
2026-05-11T10:05:30+0000,1778493930.3445852,1778493930.344594,TiDB,tidb_hot90,tidb_native,839,update,16981,84011,False,0.9,False,InterfaceError,0.008821487426757812,0
2026-05-11T10:05:30+0000,1778493930.3446043,1778493930.3446124,TiDB,tidb_hot90,tidb_native,840,select,3000,53097,True,0.9,False,InterfaceError,0.008106231689453125,0
2026-05-11T10:05:30+0000,1778493930.3446233,1778493930.344632,TiDB,tidb_hot90,tidb_native,841,update,3003,67589,True,0.9,False,InterfaceError,0.00858306884765625,0
2026-05-11T10:05:30+0000,1778493930.344643,1778493930.3446515,TiDB,tidb_hot90,tidb_native,842,select,3002,70008,True,0.9,False,InterfaceError,0.008344650268554688,0
2026-05-11T10:05:30+0000,1778493930.3446631,1778493930.344672,TiDB,tidb_hot90,tidb_native,843,update,3002,63119,True,0.9,False,InterfaceError,0.008821487426757812,0
2026-05-11T10:05:30+0000,1778493930.344683,1778493930.3446913,TiDB,tidb_hot90,tidb_native,844,select,3002,95276,True,0.9,False,InterfaceError,0.008344650268554688,0
2026-05-11T10:05:30+0000,1778493930.3447025,1778493930.3447108,TiDB,tidb_hot90,tidb_native,845,select,3002,71490,True,0.9,False,InterfaceError,0.008344650268554688,0
2026-05-11T10:05:30+0000,1778493930.344722,1778493930.34473,TiDB,tidb_hot90,tidb_native,846,select,3002,91068,True,0.9,False,InterfaceError,0.007867813110351562,0
2026-05-11T10:05:30+0000,1778493930.3447413,1778493930.3447495,TiDB,tidb_hot90,tidb_native,847,update,3000,80841,True,0.9,False,InterfaceError,0.008106231689453125,0
2026-05-11T10:05:30+0000,1778493930.3447616,1778493930.3447695,TiDB,tidb_hot90,tidb_native,848,select,4277,70376,False,0.9,False,InterfaceError,0.007867813110351562,0
2026-05-11T10:05:30+0000,1778493930.3447802,1778493930.344788,TiDB,tidb_hot90,tidb_native,849,select,3004,96654,True,0.9,False,InterfaceError,0.007867813110351562,0
2026-05-11T10:05:30+0000,1778493930.3447995,1778493930.3448076,TiDB,tidb_hot90,tidb_native,850,select,3002,76841,True,0.9,False,InterfaceError,0.008106231689453125,0
2026-05-11T10:05:30+0000,1778493930.344818,1778493930.3448262,TiDB,tidb_hot90,tidb_native,851,select,3003,87892,True,0.9,False,InterfaceError,0.008106231689453125,0
2026-05-11T10:05:30+0000,1778493930.3448362,1778493930.3448472,TiDB,tidb_hot90,tidb_native,852,insert,3001,50300,True,0.9,False,InterfaceError,0.010967254638671875,0
2026-05-11T10:05:30+0000,1778493930.3448591,1778493930.3448672,TiDB,tidb_hot90,tidb_native,853,select,3004,93954,True,0.9,False,InterfaceError,0.008106231689453125,0
2026-05-11T10:05:30+0000,1778493930.3448792,1778493930.3448873,TiDB,tidb_hot90,tidb_native,854,select,3001,33386,True,0.9,False,InterfaceError,0.008106231689453125,0
2026-05-11T10:05:30+0000,1778493930.3448982,1778493930.344906,TiDB,tidb_hot90,tidb_native,855,select,3003,38607,True,0.9,False,InterfaceError,0.007867813110351562,0
2026-05-11T10:05:30+0000,1778493930.3449173,1778493930.3449283,TiDB,tidb_hot90,tidb_native,856,insert,3004,31660,True,0.9,False,InterfaceError,0.010967254638671875,0
2026-05-11T10:05:30+0000,1778493930.3449433,1778493930.3449526,TiDB,tidb_hot90,tidb_native,857,select,3996,92811,False,0.9,False,InterfaceError,0.009298324584960938,0
2026-05-11T10:05:30+0000,1778493930.3449638,1778493930.3449717,TiDB,tidb_hot90,tidb_native,858,select,3004,45287,True,0.9,False,InterfaceError,0.007867813110351562,0
2026-05-11T10:05:30+0000,1778493930.3449824,1778493930.3449924,TiDB,tidb_hot90,tidb_native,859,insert,3000,71287,True,0.9,False,InterfaceError,0.010013580322265625,0
2026-05-11T10:05:30+0000,1778493930.345004,1778493930.345012,TiDB,tidb_hot90,tidb_native,860,select,3003,23169,True,0.9,False,InterfaceError,0.007867813110351562,0
2026-05-11T10:05:30+0000,1778493930.3450236,1778493930.3450341,TiDB,tidb_hot90,tidb_native,861,insert,3001,11547,True,0.9,False,InterfaceError,0.01049041748046875,0
2026-05-11T10:05:30+0000,1778493930.345046,1778493930.3450565,TiDB,tidb_hot90,tidb_native,862,insert,3004,39898,True,0.9,False,InterfaceError,0.01049041748046875,0
2026-05-11T10:05:30+0000,1778493930.345067,1778493930.3450754,TiDB,tidb_hot90,tidb_native,863,update,3003,63248,True,0.9,False,InterfaceError,0.008344650268554688,0
2026-05-11T10:05:30+0000,1778493930.3450873,1778493930.3450952,TiDB,tidb_hot90,tidb_native,864,select,3003,8378,True,0.9,False,InterfaceError,0.007867813110351562,0
2026-05-11T10:05:30+0000,1778493930.3451073,1778493930.3451152,TiDB,tidb_hot90,tidb_native,865,select,3002,90237,True,0.9,False,InterfaceError,0.007867813110351562,0
2026-05-11T10:05:30+0000,1778493930.3451266,1778493930.3451345,TiDB,tidb_hot90,tidb_native,866,select,3003,52299,True,0.9,False,InterfaceError,0.007867813110351562,0
2026-05-11T10:05:30+0000,1778493930.3451462,1778493930.3451567,TiDB,tidb_hot90,tidb_native,867,insert,3004,10413,True,0.9,False,InterfaceError,0.01049041748046875,0
2026-05-11T10:05:30+0000,1778493930.3451686,1778493930.3451765,TiDB,tidb_hot90,tidb_native,868,select,3000,41229,True,0.9,False,InterfaceError,0.007867813110351562,0
2026-05-11T10:05:30+0000,1778493930.3451889,1778493930.3451967,TiDB,tidb_hot90,tidb_native,869,select,3001,88611,True,0.9,False,InterfaceError,0.007867813110351562,0
2026-05-11T10:05:30+0000,1778493930.345215,1778493930.3452237,TiDB,tidb_hot90,tidb_native,870,select,3002,99569,True,0.9,False,InterfaceError,0.00858306884765625,0
2026-05-11T10:05:30+0000,1778493930.345237,1778493930.3452456,TiDB,tidb_hot90,tidb_native,871,update,3002,80470,True,0.9,False,InterfaceError,0.00858306884765625,0
2026-05-11T10:05:30+0000,1778493930.3452601,1778493930.3452685,TiDB,tidb_hot90,tidb_native,872,select,917,51353,False,0.9,False,InterfaceError,0.008344650268554688,0
2026-05-11T10:05:30+0000,1778493930.3452804,1778493930.3452892,TiDB,tidb_hot90,tidb_native,873,select,10895,5696,False,0.9,False,InterfaceError,0.008821487426757812,0
2026-05-11T10:05:30+0000,1778493930.3453019,1778493930.3453126,TiDB,tidb_hot90,tidb_native,874,insert,3004,73471,True,0.9,False,InterfaceError,0.010728836059570312,0
2026-05-11T10:05:30+0000,1778493930.3453264,1778493930.3453393,TiDB,tidb_hot90,tidb_native,875,select,3002,65629,True,0.9,False,InterfaceError,0.012874603271484375,0
2026-05-11T10:05:30+0000,1778493930.3453596,1778493930.3453765,TiDB,tidb_hot90,tidb_native,876,update,3004,28468,True,0.9,False,InterfaceError,0.016927719116210938,0
2026-05-11T10:05:30+0000,1778493930.345399,1778493930.3454144,TiDB,tidb_hot90,tidb_native,877,select,3001,10360,True,0.9,False,InterfaceError,0.015497207641601562,0
2026-05-11T10:05:30+0000,1778493930.34543,1778493930.3454401,TiDB,tidb_hot90,tidb_native,878,select,3000,74443,True,0.9,False,InterfaceError,0.010251998901367188,0
2026-05-11T10:05:30+0000,1778493930.3454547,1778493930.3454673,TiDB,tidb_hot90,tidb_native,879,insert,3004,22130,True,0.9,False,InterfaceError,0.012636184692382812,0
2026-05-11T10:05:30+0000,1778493930.345487,1778493930.3454967,TiDB,tidb_hot90,tidb_native,880,select,3000,90536,True,0.9,False,InterfaceError,0.0095367431640625,0
2026-05-11T10:05:30+0000,1778493930.3455095,1778493930.3455212,TiDB,tidb_hot90,tidb_native,881,insert,3002,52068,True,0.9,False,InterfaceError,0.011682510375976562,0
2026-05-11T10:05:30+0000,1778493930.345533,1778493930.345542,TiDB,tidb_hot90,tidb_native,882,update,3002,68644,True,0.9,False,InterfaceError,0.009059906005859375,0
2026-05-11T10:05:30+0000,1778493930.3455555,1778493930.3455634,TiDB,tidb_hot90,tidb_native,883,select,20713,45219,False,0.9,False,InterfaceError,0.007867813110351562,0
2026-05-11T10:05:30+0000,1778493930.34558,1778493930.3455887,TiDB,tidb_hot90,tidb_native,884,select,3000,93558,True,0.9,False,InterfaceError,0.00858306884765625,0
2026-05-11T10:05:30+0000,1778493930.3456018,1778493930.3456132,TiDB,tidb_hot90,tidb_native,885,insert,27032,17710,False,0.9,False,InterfaceError,0.011444091796875,0
2026-05-11T10:05:30+0000,1778493930.3456273,1778493930.345636,TiDB,tidb_hot90,tidb_native,886,select,4531,4328,False,0.9,False,InterfaceError,0.00858306884765625,0
2026-05-11T10:05:30+0000,1778493930.345648,1778493930.3456562,TiDB,tidb_hot90,tidb_native,887,select,3003,42118,True,0.9,False,InterfaceError,0.008106231689453125,0
2026-05-11T10:05:30+0000,1778493930.3456683,1778493930.345679,TiDB,tidb_hot90,tidb_native,888,insert,3002,76235,True,0.9,False,InterfaceError,0.010728836059570312,0
2026-05-11T10:05:30+0000,1778493930.3456917,1778493930.3456998,TiDB,tidb_hot90,tidb_native,889,select,3004,39965,True,0.9,False,InterfaceError,0.008106231689453125,0
2026-05-11T10:05:30+0000,1778493930.3457117,1778493930.3457196,TiDB,tidb_hot90,tidb_native,890,select,3004,37380,True,0.9,False,InterfaceError,0.007867813110351562,0
2026-05-11T10:05:30+0000,1778493930.3457315,1778493930.3457394,TiDB,tidb_hot90,tidb_native,891,select,3004,51173,True,0.9,False,InterfaceError,0.007867813110351562,0
2026-05-11T10:05:30+0000,1778493930.3457522,1778493930.3457603,TiDB,tidb_hot90,tidb_native,892,select,3001,9814,True,0.9,False,InterfaceError,0.008106231689453125,0
2026-05-11T10:05:30+0000,1778493930.3457723,1778493930.3457801,TiDB,tidb_hot90,tidb_native,893,select,3003,76104,True,0.9,False,InterfaceError,0.007867813110351562,0
2026-05-11T10:05:30+0000,1778493930.3457928,1778493930.3458033,TiDB,tidb_hot90,tidb_native,894,insert,3000,58902,True,0.9,False,InterfaceError,0.01049041748046875,0
2026-05-11T10:05:30+0000,1778493930.3458169,1778493930.3458247,TiDB,tidb_hot90,tidb_native,895,select,3000,54161,True,0.9,False,InterfaceError,0.007867813110351562,0
2026-05-11T10:05:30+0000,1778493930.3458374,1778493930.3458452,TiDB,tidb_hot90,tidb_native,896,select,3002,67893,True,0.9,False,InterfaceError,0.007867813110351562,0
2026-05-11T10:05:30+0000,1778493930.3458576,1778493930.3458657,TiDB,tidb_hot90,tidb_native,897,select,3002,39000,True,0.9,False,InterfaceError,0.008106231689453125,0
2026-05-11T10:05:30+0000,1778493930.3458784,1778493930.3458872,TiDB,tidb_hot90,tidb_native,898,update,3003,37591,True,0.9,False,InterfaceError,0.008821487426757812,0
2026-05-11T10:05:30+0000,1778493930.345901,1778493930.3459094,TiDB,tidb_hot90,tidb_native,899,select,3000,11199,True,0.9,False,InterfaceError,0.008344650268554688,0
2026-05-11T10:05:30+0000,1778493930.1776063,1778493930.5042715,TiDB,tidb_hot90,tidb_native,743,select,3004,50220,True,0.9,False,InterfaceError,326.66516304016113,0
2026-05-11T10:05:30+0000,1778493925.1300638,1778493930.504601,TiDB,tidb_hot90,tidb_native,3,update,3004,39447,True,0.9,False,OperationalError,5374.537229537964,0
2026-05-11T10:05:30+0000,1778493925.140213,1778493930.5068257,TiDB,tidb_hot90,tidb_native,17,update,3004,46561,True,0.9,False,OperationalError,5366.612672805786,0
2026-05-11T10:05:30+0000,1778493925.1622424,1778493930.5073285,TiDB,tidb_hot90,tidb_native,45,update,3003,92993,True,0.9,False,OperationalError,5345.086097717285,0
2026-05-11T10:05:30+0000,1778493925.1825619,1778493930.5078826,TiDB,tidb_hot90,tidb_native,60,update,3003,72839,True,0.9,False,OperationalError,5325.320720672607,0
2026-05-11T10:05:30+0000,1778493925.1527476,1778493930.5081065,TiDB,tidb_hot90,tidb_native,33,update,3000,85113,True,0.9,False,OperationalError,5355.358839035034,0
2026-05-11T10:05:30+0000,1778493930.1656144,1778493930.165631,TiDB,tidb_hot90,tidb_native,485,select,3000,67398,True,0.9,False,InterfaceError,0.016689300537109375,0
2026-05-11T10:05:30+0000,1778493925.2000625,1778493930.5085084,TiDB,tidb_hot90,tidb_native,79,update,3004,56430,True,0.9,False,OperationalError,5308.445930480957,0
2026-05-11T10:05:30+0000,1778493925.1944842,1778493930.5087566,TiDB,tidb_hot90,tidb_native,69,update,3002,47867,True,0.9,False,OperationalError,5314.272403717041,0
2026-05-11T10:05:30+0000,1778493927.844993,1778493930.89714,TiDB,tidb_hot90,tidb_native,345,update,26821,12145,False,0.9,True,,3052.1469116210938,1
2026-05-11T10:05:30+0000,1778493927.9807942,1778493930.9004638,TiDB,tidb_hot90,tidb_native,403,select,3002,9159,True,0.9,True,,2919.6696281433105,1
2026-05-11T10:05:30+0000,1778493927.8572886,1778493930.9008484,TiDB,tidb_hot90,tidb_native,372,select,3001,13809,True,0.9,True,,3043.559789657593,1
2026-05-11T10:05:30+0000,1778493929.4371367,1778493930.902003,TiDB,tidb_hot90,tidb_native,422,select,26802,85076,False,0.9,True,,1464.8663997650146,1
2026-05-11T10:05:30+0000,1778493927.9821293,1778493930.9024963,TiDB,tidb_hot90,tidb_native,405,select,3003,46779,True,0.9,True,,2920.3670024871826,1
2026-05-11T10:05:30+0000,1778493929.455501,1778493930.9040012,TiDB,tidb_hot90,tidb_native,427,select,3000,75053,True,0.9,True,,1448.500156402588,1
2026-05-11T10:05:30+0000,1778493927.8566515,1778493930.9041896,TiDB,tidb_hot90,tidb_native,370,select,3000,74307,True,0.9,True,,3047.5380420684814,1
2026-05-11T10:05:30+0000,1778493927.8517253,1778493930.9043798,TiDB,tidb_hot90,tidb_native,362,select,3001,25000,True,0.9,True,,3052.654504776001,1
2026-05-11T10:05:30+0000,1778493927.9819295,1778493930.9045541,TiDB,tidb_hot90,tidb_native,404,select,3003,89430,True,0.9,True,,2922.6245880126953,1
2026-05-11T10:05:30+0000,1778493927.8512516,1778493930.9055495,TiDB,tidb_hot90,tidb_native,360,select,3001,33568,True,0.9,True,,3054.297924041748,1
2026-05-11T10:05:30+0000,1778493927.9824007,1778493930.9057558,TiDB,tidb_hot90,tidb_native,406,select,3004,63420,True,0.9,True,,2923.3551025390625,1
2026-05-11T10:05:30+0000,1778493928.1019301,1778493930.9881787,TiDB,tidb_hot90,tidb_native,409,select,3001,83794,True,0.9,True,,2886.2485885620117,1
2026-05-11T10:05:30+0000,1778493927.98023,1778493930.9886005,TiDB,tidb_hot90,tidb_native,402,select,3000,7112,True,0.9,True,,3008.3703994750977,1
2026-05-11T10:05:30+0000,1778493927.9779117,1778493930.9889612,TiDB,tidb_hot90,tidb_native,397,select,3003,32291,True,0.9,True,,3011.049509048462,1
2026-05-11T10:05:30+0000,1778493927.9782417,1778493930.9891503,TiDB,tidb_hot90,tidb_native,398,select,3000,43287,True,0.9,True,,3010.908603668213,1
2026-05-11T10:05:30+0000,1778493927.97775,1778493930.9893453,TiDB,tidb_hot90,tidb_native,396,select,3002,24006,True,0.9,True,,3011.5952491760254,1
2026-05-11T10:05:30+0000,1778493928.2669852,1778493930.9895647,TiDB,tidb_hot90,tidb_native,413,select,3000,25984,True,0.9,True,,2722.5794792175293,1
2026-05-11T10:05:30+0000,1778493929.3103852,1778493930.9897761,TiDB,tidb_hot90,tidb_native,419,select,13076,59174,False,0.9,True,,1679.3909072875977,1
2026-05-11T10:05:30+0000,1778493929.4374003,1778493930.9900284,TiDB,tidb_hot90,tidb_native,423,select,3002,77712,True,0.9,True,,1552.6280403137207,1
2026-05-11T10:05:30+0000,1778493929.310173,1778493930.9903212,TiDB,tidb_hot90,tidb_native,418,select,3002,31358,True,0.9,True,,1680.1481246948242,1
2026-05-11T10:05:31+0000,1778493929.4367743,1778493931.0274434,TiDB,tidb_hot90,tidb_native,421,select,3000,37590,True,0.9,True,,1590.6691551208496,1
2026-05-11T10:05:31+0000,1778493929.454768,1778493931.0325038,TiDB,tidb_hot90,tidb_native,425,select,3002,49552,True,0.9,True,,1577.7359008789062,1
2026-05-11T10:05:31+0000,1778493928.1001132,1778493931.0326889,TiDB,tidb_hot90,tidb_native,408,select,3003,67886,True,0.9,True,,2932.5757026672363,1
2026-05-11T10:05:31+0000,1778493929.4635289,1778493931.032859,TiDB,tidb_hot90,tidb_native,429,select,11717,79934,False,0.9,True,,1569.3302154541016,1
2026-05-11T10:05:31+0000,1778493927.9838455,1778493931.0353682,TiDB,tidb_hot90,tidb_native,407,select,3001,62600,True,0.9,True,,3051.522731781006,1
2026-05-11T10:05:31+0000,1778493929.3084395,1778493931.0362608,TiDB,tidb_hot90,tidb_native,416,select,3003,64242,True,0.9,True,,1727.8213500976562,1
2026-05-11T10:05:31+0000,1778493929.3096569,1778493931.0427701,TiDB,tidb_hot90,tidb_native,417,select,3003,90636,True,0.9,True,,1733.1132888793945,1
2026-05-11T10:05:31+0000,1778493927.9799957,1778493931.0460815,TiDB,tidb_hot90,tidb_native,401,insert,3004,98497,True,0.9,True,,3066.0858154296875,1
2026-05-11T10:05:31+0000,1778493927.9190423,1778493931.0465362,TiDB,tidb_hot90,tidb_native,389,insert,3003,20257,True,0.9,True,,3127.4938583374023,1
2026-05-11T10:05:31+0000,1778493927.9208248,1778493931.047481,TiDB,tidb_hot90,tidb_native,394,insert,3004,83051,True,0.9,True,,3126.6562938690186,1
2026-05-11T10:05:31+0000,1778493927.920282,1778493931.0479183,TiDB,tidb_hot90,tidb_native,392,insert,3004,59371,True,0.9,True,,3127.636432647705,1
2026-05-11T10:05:31+0000,1778493927.8679705,1778493931.0482013,TiDB,tidb_hot90,tidb_native,386,insert,3004,70191,True,0.9,True,,3180.2308559417725,1
2026-05-11T10:05:31+0000,1778493927.7851539,1778493931.187341,TiDB,tidb_hot90,tidb_native,251,update,3001,20429,True,0.9,True,,3402.1871089935303,1
2026-05-11T10:05:31+0000,1778493928.3413725,1778493931.1968946,TiDB,tidb_hot90,tidb_native,414,insert,3000,2608,True,0.9,True,,2855.5221557617188,1
2026-05-11T10:05:31+0000,1778493929.4545012,1778493931.217653,TiDB,tidb_hot90,tidb_native,424,update,21384,88044,False,0.9,True,,1763.1518840789795,1
2026-05-11T10:05:31+0000,1778493927.7832448,1778493931.2420468,TiDB,tidb_hot90,tidb_native,246,update,3003,95821,True,0.9,True,,3458.8019847869873,1
2026-05-11T10:05:31+0000,1778493927.709491,1778493931.2426207,TiDB,tidb_hot90,tidb_native,184,update,3002,48297,True,0.9,True,,3533.1296920776367,1
2026-05-11T10:05:31+0000,1778493929.4224598,1778493931.243881,TiDB,tidb_hot90,tidb_native,420,insert,3001,54207,True,0.9,True,,1821.4211463928223,1
2026-05-11T10:05:31+0000,1778493928.2466393,1778493931.2451277,TiDB,tidb_hot90,tidb_native,410,insert,3004,13466,True,0.9,True,,2998.488426208496,1
2026-05-11T10:05:31+0000,1778493927.9789076,1778493931.3382564,TiDB,tidb_hot90,tidb_native,399,insert,3003,69327,True,0.9,True,,3359.348773956299,1
2026-05-11T10:05:31+0000,1778493928.2623758,1778493931.3384705,TiDB,tidb_hot90,tidb_native,412,insert,3001,28369,True,0.9,True,,3076.094627380371,1
2026-05-11T10:05:31+0000,1778493929.3076608,1778493931.3404243,TiDB,tidb_hot90,tidb_native,415,update,15533,32549,False,0.9,True,,2032.7634811401367,1
2026-05-11T10:05:31+0000,1778493927.7867064,1778493931.400676,TiDB,tidb_hot90,tidb_native,255,update,3002,71522,True,0.9,True,,3613.969564437866,1
2026-05-11T10:05:31+0000,1778493927.8096018,1778493931.402564,TiDB,tidb_hot90,tidb_native,278,update,3001,88453,True,0.9,True,,3592.9622650146484,1
2026-05-11T10:05:31+0000,1778493927.8071513,1778493931.4234176,TiDB,tidb_hot90,tidb_native,272,update,3002,11363,True,0.9,True,,3616.2662506103516,1
2026-05-11T10:05:31+0000,1778493927.7912276,1778493931.4236126,TiDB,tidb_hot90,tidb_native,263,update,3001,64645,True,0.9,True,,3632.385015487671,1
2026-05-11T10:05:31+0000,1778493927.4666753,1778493931.4298213,TiDB,tidb_hot90,tidb_native,141,update,3003,44686,True,0.9,True,,3963.145971298218,1
2026-05-11T10:05:31+0000,1778493927.8072834,1778493931.4306874,TiDB,tidb_hot90,tidb_native,273,update,3002,1892,True,0.9,True,,3623.404026031494,1
2026-05-11T10:05:31+0000,1778493927.83067,1778493931.430868,TiDB,tidb_hot90,tidb_native,310,update,3001,53740,True,0.9,True,,3600.1977920532227,1
2026-05-11T10:05:31+0000,1778493927.4553041,1778493931.4392238,TiDB,tidb_hot90,tidb_native,116,update,3000,99100,True,0.9,True,,3983.919620513916,1
2026-05-11T10:05:31+0000,1778493927.4535635,1778493931.441522,TiDB,tidb_hot90,tidb_native,110,update,3004,22599,True,0.9,True,,3987.9584312438965,1
2026-05-11T10:05:31+0000,1778493927.834145,1778493931.4420037,TiDB,tidb_hot90,tidb_native,321,update,3001,96827,True,0.9,True,,3607.858657836914,1
2026-05-11T10:05:31+0000,1778493927.5897286,1778493931.442366,TiDB,tidb_hot90,tidb_native,174,update,3003,63797,True,0.9,True,,3852.63729095459,1
2026-05-11T10:05:31+0000,1778493927.8176663,1778493931.4424722,TiDB,tidb_hot90,tidb_native,288,update,3002,43227,True,0.9,True,,3624.8059272766113,1
2026-05-11T10:05:31+0000,1778493927.4584618,1778493931.4449759,TiDB,tidb_hot90,tidb_native,121,update,3000,43324,True,0.9,True,,3986.514091491699,1
2026-05-11T10:05:31+0000,1778493927.8424573,1778493931.4503353,TiDB,tidb_hot90,tidb_native,338,update,3002,58059,True,0.9,True,,3607.8779697418213,1
2026-05-11T10:05:31+0000,1778493927.7502584,1778493931.450522,TiDB,tidb_hot90,tidb_native,218,update,3003,98668,True,0.9,True,,3700.263500213623,1
2026-05-11T10:05:31+0000,1778493929.4557986,1778493931.4508843,TiDB,tidb_hot90,tidb_native,428,update,3001,32315,True,0.9,True,,1995.0857162475586,1
2026-05-11T10:05:31+0000,1778493927.7423081,1778493931.451091,TiDB,tidb_hot90,tidb_native,189,update,3000,93182,True,0.9,True,,3708.782911300659,1
2026-05-11T10:05:31+0000,1778493927.4640622,1778493931.4512105,TiDB,tidb_hot90,tidb_native,135,update,3004,78597,True,0.9,True,,3987.1482849121094,1
2026-05-11T10:05:31+0000,1778493927.8506753,1778493931.456128,TiDB,tidb_hot90,tidb_native,357,update,3002,55976,True,0.9,True,,3605.452537536621,1
2026-05-11T10:05:31+0000,1778493927.448526,1778493931.5018318,TiDB,tidb_hot90,tidb_native,102,update,3004,92353,True,0.9,True,,4053.3058643341064,1
2026-05-11T10:05:31+0000,1778493927.5724857,1778493931.502253,TiDB,tidb_hot90,tidb_native,156,update,3000,42144,True,0.9,True,,3929.767370223999,1
2026-05-11T10:05:31+0000,1778493927.8187385,1778493931.688576,TiDB,tidb_hot90,tidb_native,290,update,3003,73588,True,0.9,True,,3869.837522506714,1
2026-05-11T10:05:31+0000,1778493927.8487768,1778493931.6971774,TiDB,tidb_hot90,tidb_native,351,update,3002,74487,True,0.9,True,,3848.400592803955,1
2026-05-11T10:05:31+0000,1778493929.690493,1778493931.6976469,TiDB,tidb_hot90,tidb_native,430,update,3001,97591,True,0.9,True,,2007.1537494659424,1
2026-05-11T10:05:31+0000,1778493927.84384,1778493931.7047904,TiDB,tidb_hot90,tidb_native,342,update,3002,70661,True,0.9,True,,3860.950469970703,1
2026-05-11T10:05:31+0000,1778493927.8543124,1778493931.7075875,TiDB,tidb_hot90,tidb_native,368,update,3003,46563,True,0.9,True,,3853.2750606536865,1
2026-05-11T10:05:31+0000,1778493927.573144,1778493931.7077408,TiDB,tidb_hot90,tidb_native,158,update,3000,69185,True,0.9,True,,4134.596824645996,1
2026-05-11T10:05:31+0000,1778493927.4688783,1778493931.7079353,TiDB,tidb_hot90,tidb_native,147,update,3004,68168,True,0.9,True,,4239.0570640563965,1
2026-05-11T10:05:31+0000,1778493927.8389192,1778493931.7105334,TiDB,tidb_hot90,tidb_native,328,update,3002,65101,True,0.9,True,,3871.6142177581787,1
2026-05-11T10:05:31+0000,1778493927.7687192,1778493931.715482,TiDB,tidb_hot90,tidb_native,226,update,3000,29262,True,0.9,True,,3946.762800216675,1
2026-05-11T10:05:31+0000,1778493927.7087064,1778493931.7156112,TiDB,tidb_hot90,tidb_native,182,update,3004,20950,True,0.9,True,,4006.9048404693604,1
2026-05-11T10:05:31+0000,1778493927.7817984,1778493931.7203124,TiDB,tidb_hot90,tidb_native,242,update,3000,71465,True,0.9,True,,3938.513994216919,1
2026-05-11T10:05:31+0000,1778493927.7449632,1778493931.724349,TiDB,tidb_hot90,tidb_native,198,update,3004,32224,True,0.9,True,,3979.3858528137207,1
2026-05-11T10:05:31+0000,1778493927.70976,1778493931.7396827,TiDB,tidb_hot90,tidb_native,185,update,3004,22331,True,0.9,True,,4029.9227237701416,1
2026-05-11T10:05:31+0000,1778493927.8326085,1778493931.9091375,TiDB,tidb_hot90,tidb_native,316,update,3004,84400,True,0.9,True,,4076.529026031494,1
2026-05-11T10:05:32+0000,1778493929.4553683,1778493932.1639283,TiDB,tidb_hot90,tidb_native,426,update,3004,9127,True,0.9,True,,2708.559989929199,1
2026-05-11T10:05:32+0000,1778493927.8382356,1778493932.459522,TiDB,tidb_hot90,tidb_native,326,update,3004,89152,True,0.9,True,,4621.286392211914,1
2026-05-11T10:05:32+0000,1778493927.8290248,1778493932.5279536,TiDB,tidb_hot90,tidb_native,305,update,3000,33508,True,0.9,True,,4698.9288330078125,1
2026-05-11T10:05:32+0000,1778493927.842157,1778493932.5403514,TiDB,tidb_hot90,tidb_native,337,update,3004,33125,True,0.9,True,,4698.19450378418,1
2026-05-11T10:05:32+0000,1778493927.853808,1778493932.5416014,TiDB,tidb_hot90,tidb_native,367,update,3000,74506,True,0.9,True,,4687.793493270874,1
2026-05-11T10:05:32+0000,1778493927.8298385,1778493932.544984,TiDB,tidb_hot90,tidb_native,309,update,3004,25987,True,0.9,True,,4715.145587921143,1
2026-05-11T10:05:32+0000,1778493927.8217494,1778493932.5482411,TiDB,tidb_hot90,tidb_native,300,update,3000,19789,True,0.9,True,,4726.491689682007,1
2026-05-11T10:05:32+0000,1778493927.9791493,1778493932.55147,TiDB,tidb_hot90,tidb_native,400,update,3004,51629,True,0.9,True,,4572.3206996917725,1
2026-05-11T10:05:32+0000,1778493927.8508837,1778493932.5563035,TiDB,tidb_hot90,tidb_native,358,update,3004,83029,True,0.9,True,,4705.4197788238525,1
