timestamp,ts,run_id,system,scenario,phase,relation,shard_id,node_name,node_port,is_hotspot_shard,hot_key
2026-05-11T16:08:20+0000,1778515700.7682579,1,PostgreSQL+Citus,citus_uniform,before,citus_items,102008,citus-worker-0,5432,False,3000
2026-05-11T16:08:20+0000,1778515700.7682662,1,PostgreSQL+Citus,citus_uniform,before,citus_items,102009,citus-worker-1,5432,False,3000
2026-05-11T16:08:20+0000,1778515700.7682686,1,PostgreSQL+Citus,citus_uniform,before,citus_items,102010,citus-worker-2,5432,False,3000
2026-05-11T16:08:20+0000,1778515700.76827,1,PostgreSQL+Citus,citus_uniform,before,citus_items,102011,citus-worker-0,5432,False,3000
2026-05-11T16:08:20+0000,1778515700.7682714,1,PostgreSQL+Citus,citus_uniform,before,citus_items,102012,citus-worker-1,5432,False,3000
2026-05-11T16:08:20+0000,1778515700.768273,1,PostgreSQL+Citus,citus_uniform,before,citus_items,102013,citus-worker-2,5432,False,3000
2026-05-11T16:08:20+0000,1778515700.7682745,1,PostgreSQL+Citus,citus_uniform,before,citus_items,102014,citus-worker-0,5432,False,3000
2026-05-11T16:08:20+0000,1778515700.768276,1,PostgreSQL+Citus,citus_uniform,before,citus_items,102015,citus-worker-1,5432,False,3000
2026-05-11T16:08:20+0000,1778515700.7682772,1,PostgreSQL+Citus,citus_uniform,before,citus_items,102016,citus-worker-2,5432,False,3000
2026-05-11T16:08:20+0000,1778515700.7682788,1,PostgreSQL+Citus,citus_uniform,before,citus_items,102017,citus-worker-0,5432,False,3000
2026-05-11T16:08:20+0000,1778515700.7682798,1,PostgreSQL+Citus,citus_uniform,before,citus_items,102018,citus-worker-1,5432,False,3000
2026-05-11T16:08:20+0000,1778515700.768281,1,PostgreSQL+Citus,citus_uniform,before,citus_items,102019,citus-worker-2,5432,False,3000
2026-05-11T16:08:20+0000,1778515700.7682903,1,PostgreSQL+Citus,citus_uniform,before,citus_items,102020,citus-worker-0,5432,False,3000
2026-05-11T16:08:20+0000,1778515700.768293,1,PostgreSQL+Citus,citus_uniform,before,citus_items,102021,citus-worker-1,5432,False,3000
2026-05-11T16:08:20+0000,1778515700.7682948,1,PostgreSQL+Citus,citus_uniform,before,citus_items,102022,citus-worker-2,5432,False,3000
2026-05-11T16:08:20+0000,1778515700.7682972,1,PostgreSQL+Citus,citus_uniform,before,citus_items,102023,citus-worker-0,5432,True,3000
2026-05-11T16:08:20+0000,1778515700.7682996,1,PostgreSQL+Citus,citus_uniform,before,citus_items,102024,citus-worker-1,5432,False,3000
2026-05-11T16:08:20+0000,1778515700.7683017,1,PostgreSQL+Citus,citus_uniform,before,citus_items,102025,citus-worker-2,5432,False,3000
2026-05-11T16:08:20+0000,1778515700.768304,1,PostgreSQL+Citus,citus_uniform,before,citus_items,102026,citus-worker-0,5432,False,3000
2026-05-11T16:08:20+0000,1778515700.7683063,1,PostgreSQL+Citus,citus_uniform,before,citus_items,102027,citus-worker-1,5432,False,3000
2026-05-11T16:08:20+0000,1778515700.7683082,1,PostgreSQL+Citus,citus_uniform,before,citus_items,102028,citus-worker-2,5432,False,3000
2026-05-11T16:08:20+0000,1778515700.76831,1,PostgreSQL+Citus,citus_uniform,before,citus_items,102029,citus-worker-0,5432,False,3000
2026-05-11T16:08:20+0000,1778515700.7683117,1,PostgreSQL+Citus,citus_uniform,before,citus_items,102030,citus-worker-1,5432,False,3000
2026-05-11T16:08:20+0000,1778515700.7683146,1,PostgreSQL+Citus,citus_uniform,before,citus_items,102031,citus-worker-2,5432,False,3000
2026-05-11T16:08:20+0000,1778515700.768317,1,PostgreSQL+Citus,citus_uniform,before,citus_items,102032,citus-worker-0,5432,False,3000
2026-05-11T16:08:20+0000,1778515700.768319,1,PostgreSQL+Citus,citus_uniform,before,citus_items,102033,citus-worker-1,5432,False,3000
2026-05-11T16:08:20+0000,1778515700.7683206,1,PostgreSQL+Citus,citus_uniform,before,citus_items,102034,citus-worker-2,5432,False,3000
2026-05-11T16:08:20+0000,1778515700.7683227,1,PostgreSQL+Citus,citus_uniform,before,citus_items,102035,citus-worker-0,5432,False,3000
2026-05-11T16:08:20+0000,1778515700.7683256,1,PostgreSQL+Citus,citus_uniform,before,citus_items,102036,citus-worker-1,5432,False,3000
2026-05-11T16:08:20+0000,1778515700.7683284,1,PostgreSQL+Citus,citus_uniform,before,citus_items,102037,citus-worker-2,5432,False,3000
2026-05-11T16:08:20+0000,1778515700.7683308,1,PostgreSQL+Citus,citus_uniform,before,citus_items,102038,citus-worker-0,5432,False,3000
2026-05-11T16:08:20+0000,1778515700.7683327,1,PostgreSQL+Citus,citus_uniform,before,citus_items,102039,citus-worker-1,5432,False,3000
2026-05-11T16:08:24+0000,1778515704.9302175,1,PostgreSQL+Citus,citus_uniform,after,citus_items,102008,citus-worker-0,5432,False,3000
2026-05-11T16:08:24+0000,1778515704.9302275,1,PostgreSQL+Citus,citus_uniform,after,citus_items,102009,citus-worker-1,5432,False,3000
2026-05-11T16:08:24+0000,1778515704.9302309,1,PostgreSQL+Citus,citus_uniform,after,citus_items,102010,citus-worker-2,5432,False,3000
2026-05-11T16:08:24+0000,1778515704.9302328,1,PostgreSQL+Citus,citus_uniform,after,citus_items,102011,citus-worker-0,5432,False,3000
2026-05-11T16:08:24+0000,1778515704.9302344,1,PostgreSQL+Citus,citus_uniform,after,citus_items,102012,citus-worker-1,5432,False,3000
2026-05-11T16:08:24+0000,1778515704.930236,1,PostgreSQL+Citus,citus_uniform,after,citus_items,102013,citus-worker-2,5432,False,3000
2026-05-11T16:08:24+0000,1778515704.930238,1,PostgreSQL+Citus,citus_uniform,after,citus_items,102014,citus-worker-0,5432,False,3000
2026-05-11T16:08:24+0000,1778515704.9302402,1,PostgreSQL+Citus,citus_uniform,after,citus_items,102015,citus-worker-1,5432,False,3000
2026-05-11T16:08:24+0000,1778515704.930242,1,PostgreSQL+Citus,citus_uniform,after,citus_items,102016,citus-worker-2,5432,False,3000
2026-05-11T16:08:24+0000,1778515704.9302447,1,PostgreSQL+Citus,citus_uniform,after,citus_items,102017,citus-worker-0,5432,False,3000
2026-05-11T16:08:24+0000,1778515704.9302466,1,PostgreSQL+Citus,citus_uniform,after,citus_items,102018,citus-worker-1,5432,False,3000
2026-05-11T16:08:24+0000,1778515704.9302487,1,PostgreSQL+Citus,citus_uniform,after,citus_items,102019,citus-worker-2,5432,False,3000
2026-05-11T16:08:24+0000,1778515704.93025,1,PostgreSQL+Citus,citus_uniform,after,citus_items,102020,citus-worker-0,5432,False,3000
2026-05-11T16:08:24+0000,1778515704.9302516,1,PostgreSQL+Citus,citus_uniform,after,citus_items,102021,citus-worker-1,5432,False,3000
2026-05-11T16:08:24+0000,1778515704.930253,1,PostgreSQL+Citus,citus_uniform,after,citus_items,102022,citus-worker-2,5432,False,3000
2026-05-11T16:08:24+0000,1778515704.9302552,1,PostgreSQL+Citus,citus_uniform,after,citus_items,102023,citus-worker-0,5432,True,3000
2026-05-11T16:08:24+0000,1778515704.9302568,1,PostgreSQL+Citus,citus_uniform,after,citus_items,102024,citus-worker-1,5432,False,3000
2026-05-11T16:08:24+0000,1778515704.9302592,1,PostgreSQL+Citus,citus_uniform,after,citus_items,102025,citus-worker-2,5432,False,3000
2026-05-11T16:08:24+0000,1778515704.9302607,1,PostgreSQL+Citus,citus_uniform,after,citus_items,102026,citus-worker-0,5432,False,3000
2026-05-11T16:08:24+0000,1778515704.9302626,1,PostgreSQL+Citus,citus_uniform,after,citus_items,102027,citus-worker-1,5432,False,3000
2026-05-11T16:08:24+0000,1778515704.930264,1,PostgreSQL+Citus,citus_uniform,after,citus_items,102028,citus-worker-2,5432,False,3000
2026-05-11T16:08:24+0000,1778515704.9302657,1,PostgreSQL+Citus,citus_uniform,after,citus_items,102029,citus-worker-0,5432,False,3000
2026-05-11T16:08:24+0000,1778515704.9302673,1,PostgreSQL+Citus,citus_uniform,after,citus_items,102030,citus-worker-1,5432,False,3000
2026-05-11T16:08:24+0000,1778515704.9302692,1,PostgreSQL+Citus,citus_uniform,after,citus_items,102031,citus-worker-2,5432,False,3000
2026-05-11T16:08:24+0000,1778515704.9302707,1,PostgreSQL+Citus,citus_uniform,after,citus_items,102032,citus-worker-0,5432,False,3000
2026-05-11T16:08:24+0000,1778515704.9302726,1,PostgreSQL+Citus,citus_uniform,after,citus_items,102033,citus-worker-1,5432,False,3000
2026-05-11T16:08:24+0000,1778515704.930274,1,PostgreSQL+Citus,citus_uniform,after,citus_items,102034,citus-worker-2,5432,False,3000
2026-05-11T16:08:24+0000,1778515704.930276,1,PostgreSQL+Citus,citus_uniform,after,citus_items,102035,citus-worker-0,5432,False,3000
2026-05-11T16:08:24+0000,1778515704.9302776,1,PostgreSQL+Citus,citus_uniform,after,citus_items,102036,citus-worker-1,5432,False,3000
2026-05-11T16:08:24+0000,1778515704.9302802,1,PostgreSQL+Citus,citus_uniform,after,citus_items,102037,citus-worker-2,5432,False,3000
2026-05-11T16:08:24+0000,1778515704.9302819,1,PostgreSQL+Citus,citus_uniform,after,citus_items,102038,citus-worker-0,5432,False,3000
2026-05-11T16:08:24+0000,1778515704.930284,1,PostgreSQL+Citus,citus_uniform,after,citus_items,102039,citus-worker-1,5432,False,3000
2026-05-11T16:08:24+0000,1778515704.9472215,1,PostgreSQL+Citus,citus_hot70,before,citus_items,102008,citus-worker-0,5432,False,3000
2026-05-11T16:08:24+0000,1778515704.9472315,1,PostgreSQL+Citus,citus_hot70,before,citus_items,102009,citus-worker-1,5432,False,3000
2026-05-11T16:08:24+0000,1778515704.9472344,1,PostgreSQL+Citus,citus_hot70,before,citus_items,102010,citus-worker-2,5432,False,3000
2026-05-11T16:08:24+0000,1778515704.9472363,1,PostgreSQL+Citus,citus_hot70,before,citus_items,102011,citus-worker-0,5432,False,3000
2026-05-11T16:08:24+0000,1778515704.9472384,1,PostgreSQL+Citus,citus_hot70,before,citus_items,102012,citus-worker-1,5432,False,3000
2026-05-11T16:08:24+0000,1778515704.9472406,1,PostgreSQL+Citus,citus_hot70,before,citus_items,102013,citus-worker-2,5432,False,3000
2026-05-11T16:08:24+0000,1778515704.9472423,1,PostgreSQL+Citus,citus_hot70,before,citus_items,102014,citus-worker-0,5432,False,3000
2026-05-11T16:08:24+0000,1778515704.9472437,1,PostgreSQL+Citus,citus_hot70,before,citus_items,102015,citus-worker-1,5432,False,3000
2026-05-11T16:08:24+0000,1778515704.9472458,1,PostgreSQL+Citus,citus_hot70,before,citus_items,102016,citus-worker-2,5432,False,3000
2026-05-11T16:08:24+0000,1778515704.9472482,1,PostgreSQL+Citus,citus_hot70,before,citus_items,102017,citus-worker-0,5432,False,3000
2026-05-11T16:08:24+0000,1778515704.94725,1,PostgreSQL+Citus,citus_hot70,before,citus_items,102018,citus-worker-1,5432,False,3000
2026-05-11T16:08:24+0000,1778515704.9472523,1,PostgreSQL+Citus,citus_hot70,before,citus_items,102019,citus-worker-2,5432,False,3000
2026-05-11T16:08:24+0000,1778515704.947254,1,PostgreSQL+Citus,citus_hot70,before,citus_items,102020,citus-worker-0,5432,False,3000
2026-05-11T16:08:24+0000,1778515704.9472556,1,PostgreSQL+Citus,citus_hot70,before,citus_items,102021,citus-worker-1,5432,False,3000
2026-05-11T16:08:24+0000,1778515704.947257,1,PostgreSQL+Citus,citus_hot70,before,citus_items,102022,citus-worker-2,5432,False,3000
2026-05-11T16:08:24+0000,1778515704.947259,1,PostgreSQL+Citus,citus_hot70,before,citus_items,102023,citus-worker-0,5432,True,3000
2026-05-11T16:08:24+0000,1778515704.9472613,1,PostgreSQL+Citus,citus_hot70,before,citus_items,102024,citus-worker-1,5432,False,3000
2026-05-11T16:08:24+0000,1778515704.9472637,1,PostgreSQL+Citus,citus_hot70,before,citus_items,102025,citus-worker-2,5432,False,3000
2026-05-11T16:08:24+0000,1778515704.9472656,1,PostgreSQL+Citus,citus_hot70,before,citus_items,102026,citus-worker-0,5432,False,3000
2026-05-11T16:08:24+0000,1778515704.9472678,1,PostgreSQL+Citus,citus_hot70,before,citus_items,102027,citus-worker-1,5432,False,3000
2026-05-11T16:08:24+0000,1778515704.94727,1,PostgreSQL+Citus,citus_hot70,before,citus_items,102028,citus-worker-2,5432,False,3000
2026-05-11T16:08:24+0000,1778515704.9472713,1,PostgreSQL+Citus,citus_hot70,before,citus_items,102029,citus-worker-0,5432,False,3000
2026-05-11T16:08:24+0000,1778515704.9472733,1,PostgreSQL+Citus,citus_hot70,before,citus_items,102030,citus-worker-1,5432,False,3000
2026-05-11T16:08:24+0000,1778515704.947275,1,PostgreSQL+Citus,citus_hot70,before,citus_items,102031,citus-worker-2,5432,False,3000
2026-05-11T16:08:24+0000,1778515704.9472768,1,PostgreSQL+Citus,citus_hot70,before,citus_items,102032,citus-worker-0,5432,False,3000
2026-05-11T16:08:24+0000,1778515704.9472792,1,PostgreSQL+Citus,citus_hot70,before,citus_items,102033,citus-worker-1,5432,False,3000
2026-05-11T16:08:24+0000,1778515704.9472806,1,PostgreSQL+Citus,citus_hot70,before,citus_items,102034,citus-worker-2,5432,False,3000
2026-05-11T16:08:24+0000,1778515704.9472823,1,PostgreSQL+Citus,citus_hot70,before,citus_items,102035,citus-worker-0,5432,False,3000
2026-05-11T16:08:24+0000,1778515704.947284,1,PostgreSQL+Citus,citus_hot70,before,citus_items,102036,citus-worker-1,5432,False,3000
2026-05-11T16:08:24+0000,1778515704.9472854,1,PostgreSQL+Citus,citus_hot70,before,citus_items,102037,citus-worker-2,5432,False,3000
2026-05-11T16:08:24+0000,1778515704.9472868,1,PostgreSQL+Citus,citus_hot70,before,citus_items,102038,citus-worker-0,5432,False,3000
2026-05-11T16:08:24+0000,1778515704.9472885,1,PostgreSQL+Citus,citus_hot70,before,citus_items,102039,citus-worker-1,5432,False,3000
2026-05-11T16:08:28+0000,1778515708.9276874,1,PostgreSQL+Citus,citus_hot70,after,citus_items,102008,citus-worker-0,5432,False,3000
2026-05-11T16:08:28+0000,1778515708.9276981,1,PostgreSQL+Citus,citus_hot70,after,citus_items,102009,citus-worker-1,5432,False,3000
2026-05-11T16:08:28+0000,1778515708.9277005,1,PostgreSQL+Citus,citus_hot70,after,citus_items,102010,citus-worker-2,5432,False,3000
2026-05-11T16:08:28+0000,1778515708.927702,1,PostgreSQL+Citus,citus_hot70,after,citus_items,102011,citus-worker-0,5432,False,3000
2026-05-11T16:08:28+0000,1778515708.9277036,1,PostgreSQL+Citus,citus_hot70,after,citus_items,102012,citus-worker-1,5432,False,3000
2026-05-11T16:08:28+0000,1778515708.927705,1,PostgreSQL+Citus,citus_hot70,after,citus_items,102013,citus-worker-2,5432,False,3000
2026-05-11T16:08:28+0000,1778515708.9277067,1,PostgreSQL+Citus,citus_hot70,after,citus_items,102014,citus-worker-0,5432,False,3000
2026-05-11T16:08:28+0000,1778515708.9277081,1,PostgreSQL+Citus,citus_hot70,after,citus_items,102015,citus-worker-1,5432,False,3000
2026-05-11T16:08:28+0000,1778515708.9277096,1,PostgreSQL+Citus,citus_hot70,after,citus_items,102016,citus-worker-2,5432,False,3000
2026-05-11T16:08:28+0000,1778515708.927711,1,PostgreSQL+Citus,citus_hot70,after,citus_items,102017,citus-worker-0,5432,False,3000
2026-05-11T16:08:28+0000,1778515708.9277122,1,PostgreSQL+Citus,citus_hot70,after,citus_items,102018,citus-worker-1,5432,False,3000
2026-05-11T16:08:28+0000,1778515708.9277136,1,PostgreSQL+Citus,citus_hot70,after,citus_items,102019,citus-worker-2,5432,False,3000
2026-05-11T16:08:28+0000,1778515708.927715,1,PostgreSQL+Citus,citus_hot70,after,citus_items,102020,citus-worker-0,5432,False,3000
2026-05-11T16:08:28+0000,1778515708.927716,1,PostgreSQL+Citus,citus_hot70,after,citus_items,102021,citus-worker-1,5432,False,3000
2026-05-11T16:08:28+0000,1778515708.9277174,1,PostgreSQL+Citus,citus_hot70,after,citus_items,102022,citus-worker-2,5432,False,3000
2026-05-11T16:08:28+0000,1778515708.9277189,1,PostgreSQL+Citus,citus_hot70,after,citus_items,102023,citus-worker-0,5432,True,3000
2026-05-11T16:08:28+0000,1778515708.9277203,1,PostgreSQL+Citus,citus_hot70,after,citus_items,102024,citus-worker-1,5432,False,3000
2026-05-11T16:08:28+0000,1778515708.927722,1,PostgreSQL+Citus,citus_hot70,after,citus_items,102025,citus-worker-2,5432,False,3000
2026-05-11T16:08:28+0000,1778515708.9277232,1,PostgreSQL+Citus,citus_hot70,after,citus_items,102026,citus-worker-0,5432,False,3000
2026-05-11T16:08:28+0000,1778515708.9277246,1,PostgreSQL+Citus,citus_hot70,after,citus_items,102027,citus-worker-1,5432,False,3000
2026-05-11T16:08:28+0000,1778515708.9277258,1,PostgreSQL+Citus,citus_hot70,after,citus_items,102028,citus-worker-2,5432,False,3000
2026-05-11T16:08:28+0000,1778515708.9277267,1,PostgreSQL+Citus,citus_hot70,after,citus_items,102029,citus-worker-0,5432,False,3000
2026-05-11T16:08:28+0000,1778515708.927728,1,PostgreSQL+Citus,citus_hot70,after,citus_items,102030,citus-worker-1,5432,False,3000
2026-05-11T16:08:28+0000,1778515708.9277294,1,PostgreSQL+Citus,citus_hot70,after,citus_items,102031,citus-worker-2,5432,False,3000
2026-05-11T16:08:28+0000,1778515708.9277303,1,PostgreSQL+Citus,citus_hot70,after,citus_items,102032,citus-worker-0,5432,False,3000
2026-05-11T16:08:28+0000,1778515708.927732,1,PostgreSQL+Citus,citus_hot70,after,citus_items,102033,citus-worker-1,5432,False,3000
2026-05-11T16:08:28+0000,1778515708.927733,1,PostgreSQL+Citus,citus_hot70,after,citus_items,102034,citus-worker-2,5432,False,3000
2026-05-11T16:08:28+0000,1778515708.9277344,1,PostgreSQL+Citus,citus_hot70,after,citus_items,102035,citus-worker-0,5432,False,3000
2026-05-11T16:08:28+0000,1778515708.9277356,1,PostgreSQL+Citus,citus_hot70,after,citus_items,102036,citus-worker-1,5432,False,3000
2026-05-11T16:08:28+0000,1778515708.9277368,1,PostgreSQL+Citus,citus_hot70,after,citus_items,102037,citus-worker-2,5432,False,3000
2026-05-11T16:08:28+0000,1778515708.927738,1,PostgreSQL+Citus,citus_hot70,after,citus_items,102038,citus-worker-0,5432,False,3000
2026-05-11T16:08:28+0000,1778515708.9277391,1,PostgreSQL+Citus,citus_hot70,after,citus_items,102039,citus-worker-1,5432,False,3000
2026-05-11T16:08:28+0000,1778515708.9455314,1,PostgreSQL+Citus,citus_hot90,before,citus_items,102008,citus-worker-0,5432,False,3000
2026-05-11T16:08:28+0000,1778515708.9455402,1,PostgreSQL+Citus,citus_hot90,before,citus_items,102009,citus-worker-1,5432,False,3000
2026-05-11T16:08:28+0000,1778515708.9455423,1,PostgreSQL+Citus,citus_hot90,before,citus_items,102010,citus-worker-2,5432,False,3000
2026-05-11T16:08:28+0000,1778515708.9455445,1,PostgreSQL+Citus,citus_hot90,before,citus_items,102011,citus-worker-0,5432,False,3000
2026-05-11T16:08:28+0000,1778515708.945546,1,PostgreSQL+Citus,citus_hot90,before,citus_items,102012,citus-worker-1,5432,False,3000
2026-05-11T16:08:28+0000,1778515708.9455476,1,PostgreSQL+Citus,citus_hot90,before,citus_items,102013,citus-worker-2,5432,False,3000
2026-05-11T16:08:28+0000,1778515708.9455488,1,PostgreSQL+Citus,citus_hot90,before,citus_items,102014,citus-worker-0,5432,False,3000
2026-05-11T16:08:28+0000,1778515708.9455504,1,PostgreSQL+Citus,citus_hot90,before,citus_items,102015,citus-worker-1,5432,False,3000
2026-05-11T16:08:28+0000,1778515708.945552,1,PostgreSQL+Citus,citus_hot90,before,citus_items,102016,citus-worker-2,5432,False,3000
2026-05-11T16:08:28+0000,1778515708.9455538,1,PostgreSQL+Citus,citus_hot90,before,citus_items,102017,citus-worker-0,5432,False,3000
2026-05-11T16:08:28+0000,1778515708.945555,1,PostgreSQL+Citus,citus_hot90,before,citus_items,102018,citus-worker-1,5432,False,3000
2026-05-11T16:08:28+0000,1778515708.9455564,1,PostgreSQL+Citus,citus_hot90,before,citus_items,102019,citus-worker-2,5432,False,3000
2026-05-11T16:08:28+0000,1778515708.9455578,1,PostgreSQL+Citus,citus_hot90,before,citus_items,102020,citus-worker-0,5432,False,3000
2026-05-11T16:08:28+0000,1778515708.945559,1,PostgreSQL+Citus,citus_hot90,before,citus_items,102021,citus-worker-1,5432,False,3000
2026-05-11T16:08:28+0000,1778515708.9455602,1,PostgreSQL+Citus,citus_hot90,before,citus_items,102022,citus-worker-2,5432,False,3000
2026-05-11T16:08:28+0000,1778515708.9455614,1,PostgreSQL+Citus,citus_hot90,before,citus_items,102023,citus-worker-0,5432,True,3000
2026-05-11T16:08:28+0000,1778515708.9455628,1,PostgreSQL+Citus,citus_hot90,before,citus_items,102024,citus-worker-1,5432,False,3000
2026-05-11T16:08:28+0000,1778515708.945565,1,PostgreSQL+Citus,citus_hot90,before,citus_items,102025,citus-worker-2,5432,False,3000
2026-05-11T16:08:28+0000,1778515708.9455662,1,PostgreSQL+Citus,citus_hot90,before,citus_items,102026,citus-worker-0,5432,False,3000
2026-05-11T16:08:28+0000,1778515708.9455674,1,PostgreSQL+Citus,citus_hot90,before,citus_items,102027,citus-worker-1,5432,False,3000
2026-05-11T16:08:28+0000,1778515708.9455688,1,PostgreSQL+Citus,citus_hot90,before,citus_items,102028,citus-worker-2,5432,False,3000
2026-05-11T16:08:28+0000,1778515708.94557,1,PostgreSQL+Citus,citus_hot90,before,citus_items,102029,citus-worker-0,5432,False,3000
2026-05-11T16:08:28+0000,1778515708.9455714,1,PostgreSQL+Citus,citus_hot90,before,citus_items,102030,citus-worker-1,5432,False,3000
2026-05-11T16:08:28+0000,1778515708.945573,1,PostgreSQL+Citus,citus_hot90,before,citus_items,102031,citus-worker-2,5432,False,3000
2026-05-11T16:08:28+0000,1778515708.945575,1,PostgreSQL+Citus,citus_hot90,before,citus_items,102032,citus-worker-0,5432,False,3000
2026-05-11T16:08:28+0000,1778515708.9455764,1,PostgreSQL+Citus,citus_hot90,before,citus_items,102033,citus-worker-1,5432,False,3000
2026-05-11T16:08:28+0000,1778515708.945578,1,PostgreSQL+Citus,citus_hot90,before,citus_items,102034,citus-worker-2,5432,False,3000
2026-05-11T16:08:28+0000,1778515708.9455795,1,PostgreSQL+Citus,citus_hot90,before,citus_items,102035,citus-worker-0,5432,False,3000
2026-05-11T16:08:28+0000,1778515708.9455807,1,PostgreSQL+Citus,citus_hot90,before,citus_items,102036,citus-worker-1,5432,False,3000
2026-05-11T16:08:28+0000,1778515708.9455822,1,PostgreSQL+Citus,citus_hot90,before,citus_items,102037,citus-worker-2,5432,False,3000
2026-05-11T16:08:28+0000,1778515708.9455836,1,PostgreSQL+Citus,citus_hot90,before,citus_items,102038,citus-worker-0,5432,False,3000
2026-05-11T16:08:28+0000,1778515708.945585,1,PostgreSQL+Citus,citus_hot90,before,citus_items,102039,citus-worker-1,5432,False,3000
2026-05-11T16:08:32+0000,1778515712.9334838,1,PostgreSQL+Citus,citus_hot90,after,citus_items,102008,citus-worker-0,5432,False,3000
2026-05-11T16:08:32+0000,1778515712.9334967,1,PostgreSQL+Citus,citus_hot90,after,citus_items,102009,citus-worker-1,5432,False,3000
2026-05-11T16:08:32+0000,1778515712.9335008,1,PostgreSQL+Citus,citus_hot90,after,citus_items,102010,citus-worker-2,5432,False,3000
2026-05-11T16:08:32+0000,1778515712.933504,1,PostgreSQL+Citus,citus_hot90,after,citus_items,102011,citus-worker-0,5432,False,3000
2026-05-11T16:08:32+0000,1778515712.9335067,1,PostgreSQL+Citus,citus_hot90,after,citus_items,102012,citus-worker-1,5432,False,3000
2026-05-11T16:08:32+0000,1778515712.9335096,1,PostgreSQL+Citus,citus_hot90,after,citus_items,102013,citus-worker-2,5432,False,3000
2026-05-11T16:08:32+0000,1778515712.9335124,1,PostgreSQL+Citus,citus_hot90,after,citus_items,102014,citus-worker-0,5432,False,3000
2026-05-11T16:08:32+0000,1778515712.9335163,1,PostgreSQL+Citus,citus_hot90,after,citus_items,102015,citus-worker-1,5432,False,3000
2026-05-11T16:08:32+0000,1778515712.9335194,1,PostgreSQL+Citus,citus_hot90,after,citus_items,102016,citus-worker-2,5432,False,3000
2026-05-11T16:08:32+0000,1778515712.9335217,1,PostgreSQL+Citus,citus_hot90,after,citus_items,102017,citus-worker-0,5432,False,3000
2026-05-11T16:08:32+0000,1778515712.9335232,1,PostgreSQL+Citus,citus_hot90,after,citus_items,102018,citus-worker-1,5432,False,3000
2026-05-11T16:08:32+0000,1778515712.933525,1,PostgreSQL+Citus,citus_hot90,after,citus_items,102019,citus-worker-2,5432,False,3000
2026-05-11T16:08:32+0000,1778515712.9335268,1,PostgreSQL+Citus,citus_hot90,after,citus_items,102020,citus-worker-0,5432,False,3000
2026-05-11T16:08:32+0000,1778515712.9335284,1,PostgreSQL+Citus,citus_hot90,after,citus_items,102021,citus-worker-1,5432,False,3000
2026-05-11T16:08:32+0000,1778515712.9335299,1,PostgreSQL+Citus,citus_hot90,after,citus_items,102022,citus-worker-2,5432,False,3000
2026-05-11T16:08:32+0000,1778515712.9335318,1,PostgreSQL+Citus,citus_hot90,after,citus_items,102023,citus-worker-0,5432,True,3000
2026-05-11T16:08:32+0000,1778515712.9335334,1,PostgreSQL+Citus,citus_hot90,after,citus_items,102024,citus-worker-1,5432,False,3000
2026-05-11T16:08:32+0000,1778515712.9335368,1,PostgreSQL+Citus,citus_hot90,after,citus_items,102025,citus-worker-2,5432,False,3000
2026-05-11T16:08:32+0000,1778515712.9335382,1,PostgreSQL+Citus,citus_hot90,after,citus_items,102026,citus-worker-0,5432,False,3000
2026-05-11T16:08:32+0000,1778515712.9335399,1,PostgreSQL+Citus,citus_hot90,after,citus_items,102027,citus-worker-1,5432,False,3000
2026-05-11T16:08:32+0000,1778515712.933541,1,PostgreSQL+Citus,citus_hot90,after,citus_items,102028,citus-worker-2,5432,False,3000
2026-05-11T16:08:32+0000,1778515712.933543,1,PostgreSQL+Citus,citus_hot90,after,citus_items,102029,citus-worker-0,5432,False,3000
2026-05-11T16:08:32+0000,1778515712.9335446,1,PostgreSQL+Citus,citus_hot90,after,citus_items,102030,citus-worker-1,5432,False,3000
2026-05-11T16:08:32+0000,1778515712.9335468,1,PostgreSQL+Citus,citus_hot90,after,citus_items,102031,citus-worker-2,5432,False,3000
2026-05-11T16:08:32+0000,1778515712.9335485,1,PostgreSQL+Citus,citus_hot90,after,citus_items,102032,citus-worker-0,5432,False,3000
2026-05-11T16:08:32+0000,1778515712.9335508,1,PostgreSQL+Citus,citus_hot90,after,citus_items,102033,citus-worker-1,5432,False,3000
2026-05-11T16:08:32+0000,1778515712.9335523,1,PostgreSQL+Citus,citus_hot90,after,citus_items,102034,citus-worker-2,5432,False,3000
2026-05-11T16:08:32+0000,1778515712.933554,1,PostgreSQL+Citus,citus_hot90,after,citus_items,102035,citus-worker-0,5432,False,3000
2026-05-11T16:08:32+0000,1778515712.9335556,1,PostgreSQL+Citus,citus_hot90,after,citus_items,102036,citus-worker-1,5432,False,3000
2026-05-11T16:08:32+0000,1778515712.9335577,1,PostgreSQL+Citus,citus_hot90,after,citus_items,102037,citus-worker-2,5432,False,3000
2026-05-11T16:08:32+0000,1778515712.933559,1,PostgreSQL+Citus,citus_hot90,after,citus_items,102038,citus-worker-0,5432,False,3000
2026-05-11T16:08:32+0000,1778515712.933561,1,PostgreSQL+Citus,citus_hot90,after,citus_items,102039,citus-worker-1,5432,False,3000
2026-05-11T16:08:34+0000,1778515714.392858,2,PostgreSQL+Citus,citus_uniform,before,citus_items,102072,citus-worker-0,5432,False,3000
2026-05-11T16:08:34+0000,1778515714.392872,2,PostgreSQL+Citus,citus_uniform,before,citus_items,102073,citus-worker-1,5432,False,3000
2026-05-11T16:08:34+0000,1778515714.3928757,2,PostgreSQL+Citus,citus_uniform,before,citus_items,102074,citus-worker-2,5432,False,3000
2026-05-11T16:08:34+0000,1778515714.3928788,2,PostgreSQL+Citus,citus_uniform,before,citus_items,102075,citus-worker-0,5432,False,3000
2026-05-11T16:08:34+0000,1778515714.392881,2,PostgreSQL+Citus,citus_uniform,before,citus_items,102076,citus-worker-1,5432,False,3000
2026-05-11T16:08:34+0000,1778515714.3928835,2,PostgreSQL+Citus,citus_uniform,before,citus_items,102077,citus-worker-2,5432,False,3000
2026-05-11T16:08:34+0000,1778515714.3928862,2,PostgreSQL+Citus,citus_uniform,before,citus_items,102078,citus-worker-0,5432,False,3000
2026-05-11T16:08:34+0000,1778515714.3928885,2,PostgreSQL+Citus,citus_uniform,before,citus_items,102079,citus-worker-1,5432,False,3000
2026-05-11T16:08:34+0000,1778515714.3928905,2,PostgreSQL+Citus,citus_uniform,before,citus_items,102080,citus-worker-2,5432,False,3000
2026-05-11T16:08:34+0000,1778515714.3928936,2,PostgreSQL+Citus,citus_uniform,before,citus_items,102081,citus-worker-0,5432,False,3000
2026-05-11T16:08:34+0000,1778515714.3928957,2,PostgreSQL+Citus,citus_uniform,before,citus_items,102082,citus-worker-1,5432,False,3000
2026-05-11T16:08:34+0000,1778515714.3928983,2,PostgreSQL+Citus,citus_uniform,before,citus_items,102083,citus-worker-2,5432,False,3000
2026-05-11T16:08:34+0000,1778515714.3929005,2,PostgreSQL+Citus,citus_uniform,before,citus_items,102084,citus-worker-0,5432,False,3000
2026-05-11T16:08:34+0000,1778515714.3929029,2,PostgreSQL+Citus,citus_uniform,before,citus_items,102085,citus-worker-1,5432,False,3000
2026-05-11T16:08:34+0000,1778515714.3929052,2,PostgreSQL+Citus,citus_uniform,before,citus_items,102086,citus-worker-2,5432,False,3000
2026-05-11T16:08:34+0000,1778515714.3929074,2,PostgreSQL+Citus,citus_uniform,before,citus_items,102087,citus-worker-0,5432,True,3000
2026-05-11T16:08:34+0000,1778515714.3929102,2,PostgreSQL+Citus,citus_uniform,before,citus_items,102088,citus-worker-1,5432,False,3000
2026-05-11T16:08:34+0000,1778515714.3929136,2,PostgreSQL+Citus,citus_uniform,before,citus_items,102089,citus-worker-2,5432,False,3000
2026-05-11T16:08:34+0000,1778515714.392917,2,PostgreSQL+Citus,citus_uniform,before,citus_items,102090,citus-worker-0,5432,False,3000
2026-05-11T16:08:34+0000,1778515714.3929195,2,PostgreSQL+Citus,citus_uniform,before,citus_items,102091,citus-worker-1,5432,False,3000
2026-05-11T16:08:34+0000,1778515714.3929226,2,PostgreSQL+Citus,citus_uniform,before,citus_items,102092,citus-worker-2,5432,False,3000
2026-05-11T16:08:34+0000,1778515714.3929248,2,PostgreSQL+Citus,citus_uniform,before,citus_items,102093,citus-worker-0,5432,False,3000
2026-05-11T16:08:34+0000,1778515714.3929272,2,PostgreSQL+Citus,citus_uniform,before,citus_items,102094,citus-worker-1,5432,False,3000
2026-05-11T16:08:34+0000,1778515714.3929298,2,PostgreSQL+Citus,citus_uniform,before,citus_items,102095,citus-worker-2,5432,False,3000
2026-05-11T16:08:34+0000,1778515714.3929324,2,PostgreSQL+Citus,citus_uniform,before,citus_items,102096,citus-worker-0,5432,False,3000
2026-05-11T16:08:34+0000,1778515714.3929355,2,PostgreSQL+Citus,citus_uniform,before,citus_items,102097,citus-worker-1,5432,False,3000
2026-05-11T16:08:34+0000,1778515714.3929386,2,PostgreSQL+Citus,citus_uniform,before,citus_items,102098,citus-worker-2,5432,False,3000
2026-05-11T16:08:34+0000,1778515714.392941,2,PostgreSQL+Citus,citus_uniform,before,citus_items,102099,citus-worker-0,5432,False,3000
2026-05-11T16:08:34+0000,1778515714.3929434,2,PostgreSQL+Citus,citus_uniform,before,citus_items,102100,citus-worker-1,5432,False,3000
2026-05-11T16:08:34+0000,1778515714.3929465,2,PostgreSQL+Citus,citus_uniform,before,citus_items,102101,citus-worker-2,5432,False,3000
2026-05-11T16:08:34+0000,1778515714.3929484,2,PostgreSQL+Citus,citus_uniform,before,citus_items,102102,citus-worker-0,5432,False,3000
2026-05-11T16:08:34+0000,1778515714.3929508,2,PostgreSQL+Citus,citus_uniform,before,citus_items,102103,citus-worker-1,5432,False,3000
2026-05-11T16:08:38+0000,1778515718.4337475,2,PostgreSQL+Citus,citus_uniform,after,citus_items,102072,citus-worker-0,5432,False,3000
2026-05-11T16:08:38+0000,1778515718.4337587,2,PostgreSQL+Citus,citus_uniform,after,citus_items,102073,citus-worker-1,5432,False,3000
2026-05-11T16:08:38+0000,1778515718.4337616,2,PostgreSQL+Citus,citus_uniform,after,citus_items,102074,citus-worker-2,5432,False,3000
2026-05-11T16:08:38+0000,1778515718.4337633,2,PostgreSQL+Citus,citus_uniform,after,citus_items,102075,citus-worker-0,5432,False,3000
2026-05-11T16:08:38+0000,1778515718.4337661,2,PostgreSQL+Citus,citus_uniform,after,citus_items,102076,citus-worker-1,5432,False,3000
2026-05-11T16:08:38+0000,1778515718.4337687,2,PostgreSQL+Citus,citus_uniform,after,citus_items,102077,citus-worker-2,5432,False,3000
2026-05-11T16:08:38+0000,1778515718.4337707,2,PostgreSQL+Citus,citus_uniform,after,citus_items,102078,citus-worker-0,5432,False,3000
2026-05-11T16:08:38+0000,1778515718.433773,2,PostgreSQL+Citus,citus_uniform,after,citus_items,102079,citus-worker-1,5432,False,3000
2026-05-11T16:08:38+0000,1778515718.4337752,2,PostgreSQL+Citus,citus_uniform,after,citus_items,102080,citus-worker-2,5432,False,3000
2026-05-11T16:08:38+0000,1778515718.4337776,2,PostgreSQL+Citus,citus_uniform,after,citus_items,102081,citus-worker-0,5432,False,3000
2026-05-11T16:08:38+0000,1778515718.4337797,2,PostgreSQL+Citus,citus_uniform,after,citus_items,102082,citus-worker-1,5432,False,3000
2026-05-11T16:08:38+0000,1778515718.433782,2,PostgreSQL+Citus,citus_uniform,after,citus_items,102083,citus-worker-2,5432,False,3000
2026-05-11T16:08:38+0000,1778515718.4337838,2,PostgreSQL+Citus,citus_uniform,after,citus_items,102084,citus-worker-0,5432,False,3000
2026-05-11T16:08:38+0000,1778515718.4337857,2,PostgreSQL+Citus,citus_uniform,after,citus_items,102085,citus-worker-1,5432,False,3000
2026-05-11T16:08:38+0000,1778515718.4337873,2,PostgreSQL+Citus,citus_uniform,after,citus_items,102086,citus-worker-2,5432,False,3000
2026-05-11T16:08:38+0000,1778515718.4337893,2,PostgreSQL+Citus,citus_uniform,after,citus_items,102087,citus-worker-0,5432,True,3000
2026-05-11T16:08:38+0000,1778515718.4337914,2,PostgreSQL+Citus,citus_uniform,after,citus_items,102088,citus-worker-1,5432,False,3000
2026-05-11T16:08:38+0000,1778515718.4337935,2,PostgreSQL+Citus,citus_uniform,after,citus_items,102089,citus-worker-2,5432,False,3000
2026-05-11T16:08:38+0000,1778515718.4337952,2,PostgreSQL+Citus,citus_uniform,after,citus_items,102090,citus-worker-0,5432,False,3000
2026-05-11T16:08:38+0000,1778515718.4337974,2,PostgreSQL+Citus,citus_uniform,after,citus_items,102091,citus-worker-1,5432,False,3000
2026-05-11T16:08:38+0000,1778515718.4337995,2,PostgreSQL+Citus,citus_uniform,after,citus_items,102092,citus-worker-2,5432,False,3000
2026-05-11T16:08:38+0000,1778515718.4338014,2,PostgreSQL+Citus,citus_uniform,after,citus_items,102093,citus-worker-0,5432,False,3000
2026-05-11T16:08:38+0000,1778515718.433804,2,PostgreSQL+Citus,citus_uniform,after,citus_items,102094,citus-worker-1,5432,False,3000
2026-05-11T16:08:38+0000,1778515718.4338064,2,PostgreSQL+Citus,citus_uniform,after,citus_items,102095,citus-worker-2,5432,False,3000
2026-05-11T16:08:38+0000,1778515718.433808,2,PostgreSQL+Citus,citus_uniform,after,citus_items,102096,citus-worker-0,5432,False,3000
2026-05-11T16:08:38+0000,1778515718.4338105,2,PostgreSQL+Citus,citus_uniform,after,citus_items,102097,citus-worker-1,5432,False,3000
2026-05-11T16:08:38+0000,1778515718.4338121,2,PostgreSQL+Citus,citus_uniform,after,citus_items,102098,citus-worker-2,5432,False,3000
2026-05-11T16:08:38+0000,1778515718.433814,2,PostgreSQL+Citus,citus_uniform,after,citus_items,102099,citus-worker-0,5432,False,3000
2026-05-11T16:08:38+0000,1778515718.4338157,2,PostgreSQL+Citus,citus_uniform,after,citus_items,102100,citus-worker-1,5432,False,3000
2026-05-11T16:08:38+0000,1778515718.4338183,2,PostgreSQL+Citus,citus_uniform,after,citus_items,102101,citus-worker-2,5432,False,3000
2026-05-11T16:08:38+0000,1778515718.4338207,2,PostgreSQL+Citus,citus_uniform,after,citus_items,102102,citus-worker-0,5432,False,3000
2026-05-11T16:08:38+0000,1778515718.4338224,2,PostgreSQL+Citus,citus_uniform,after,citus_items,102103,citus-worker-1,5432,False,3000
2026-05-11T16:08:38+0000,1778515718.5168917,2,PostgreSQL+Citus,citus_hot70,before,citus_items,102072,citus-worker-0,5432,False,3000
2026-05-11T16:08:38+0000,1778515718.5169017,2,PostgreSQL+Citus,citus_hot70,before,citus_items,102073,citus-worker-1,5432,False,3000
2026-05-11T16:08:38+0000,1778515718.5169046,2,PostgreSQL+Citus,citus_hot70,before,citus_items,102074,citus-worker-2,5432,False,3000
2026-05-11T16:08:38+0000,1778515718.5169067,2,PostgreSQL+Citus,citus_hot70,before,citus_items,102075,citus-worker-0,5432,False,3000
2026-05-11T16:08:38+0000,1778515718.5169086,2,PostgreSQL+Citus,citus_hot70,before,citus_items,102076,citus-worker-1,5432,False,3000
2026-05-11T16:08:38+0000,1778515718.5169108,2,PostgreSQL+Citus,citus_hot70,before,citus_items,102077,citus-worker-2,5432,False,3000
2026-05-11T16:08:38+0000,1778515718.516913,2,PostgreSQL+Citus,citus_hot70,before,citus_items,102078,citus-worker-0,5432,False,3000
2026-05-11T16:08:38+0000,1778515718.516915,2,PostgreSQL+Citus,citus_hot70,before,citus_items,102079,citus-worker-1,5432,False,3000
2026-05-11T16:08:38+0000,1778515718.516917,2,PostgreSQL+Citus,citus_hot70,before,citus_items,102080,citus-worker-2,5432,False,3000
2026-05-11T16:08:38+0000,1778515718.5169191,2,PostgreSQL+Citus,citus_hot70,before,citus_items,102081,citus-worker-0,5432,False,3000
2026-05-11T16:08:38+0000,1778515718.5169208,2,PostgreSQL+Citus,citus_hot70,before,citus_items,102082,citus-worker-1,5432,False,3000
2026-05-11T16:08:38+0000,1778515718.5169227,2,PostgreSQL+Citus,citus_hot70,before,citus_items,102083,citus-worker-2,5432,False,3000
2026-05-11T16:08:38+0000,1778515718.5169244,2,PostgreSQL+Citus,citus_hot70,before,citus_items,102084,citus-worker-0,5432,False,3000
2026-05-11T16:08:38+0000,1778515718.516926,2,PostgreSQL+Citus,citus_hot70,before,citus_items,102085,citus-worker-1,5432,False,3000
2026-05-11T16:08:38+0000,1778515718.516928,2,PostgreSQL+Citus,citus_hot70,before,citus_items,102086,citus-worker-2,5432,False,3000
2026-05-11T16:08:38+0000,1778515718.5169299,2,PostgreSQL+Citus,citus_hot70,before,citus_items,102087,citus-worker-0,5432,True,3000
2026-05-11T16:08:38+0000,1778515718.5169315,2,PostgreSQL+Citus,citus_hot70,before,citus_items,102088,citus-worker-1,5432,False,3000
2026-05-11T16:08:38+0000,1778515718.5169342,2,PostgreSQL+Citus,citus_hot70,before,citus_items,102089,citus-worker-2,5432,False,3000
2026-05-11T16:08:38+0000,1778515718.5169356,2,PostgreSQL+Citus,citus_hot70,before,citus_items,102090,citus-worker-0,5432,False,3000
2026-05-11T16:08:38+0000,1778515718.5169375,2,PostgreSQL+Citus,citus_hot70,before,citus_items,102091,citus-worker-1,5432,False,3000
2026-05-11T16:08:38+0000,1778515718.5169392,2,PostgreSQL+Citus,citus_hot70,before,citus_items,102092,citus-worker-2,5432,False,3000
2026-05-11T16:08:38+0000,1778515718.516941,2,PostgreSQL+Citus,citus_hot70,before,citus_items,102093,citus-worker-0,5432,False,3000
2026-05-11T16:08:38+0000,1778515718.5169427,2,PostgreSQL+Citus,citus_hot70,before,citus_items,102094,citus-worker-1,5432,False,3000
2026-05-11T16:08:38+0000,1778515718.5169451,2,PostgreSQL+Citus,citus_hot70,before,citus_items,102095,citus-worker-2,5432,False,3000
2026-05-11T16:08:38+0000,1778515718.5169468,2,PostgreSQL+Citus,citus_hot70,before,citus_items,102096,citus-worker-0,5432,False,3000
2026-05-11T16:08:38+0000,1778515718.5169487,2,PostgreSQL+Citus,citus_hot70,before,citus_items,102097,citus-worker-1,5432,False,3000
2026-05-11T16:08:38+0000,1778515718.5169508,2,PostgreSQL+Citus,citus_hot70,before,citus_items,102098,citus-worker-2,5432,False,3000
2026-05-11T16:08:38+0000,1778515718.5169523,2,PostgreSQL+Citus,citus_hot70,before,citus_items,102099,citus-worker-0,5432,False,3000
2026-05-11T16:08:38+0000,1778515718.5169542,2,PostgreSQL+Citus,citus_hot70,before,citus_items,102100,citus-worker-1,5432,False,3000
2026-05-11T16:08:38+0000,1778515718.5169559,2,PostgreSQL+Citus,citus_hot70,before,citus_items,102101,citus-worker-2,5432,False,3000
2026-05-11T16:08:38+0000,1778515718.5169578,2,PostgreSQL+Citus,citus_hot70,before,citus_items,102102,citus-worker-0,5432,False,3000
2026-05-11T16:08:38+0000,1778515718.5169601,2,PostgreSQL+Citus,citus_hot70,before,citus_items,102103,citus-worker-1,5432,False,3000
2026-05-11T16:08:42+0000,1778515722.6300383,2,PostgreSQL+Citus,citus_hot70,after,citus_items,102072,citus-worker-0,5432,False,3000
2026-05-11T16:08:42+0000,1778515722.6300476,2,PostgreSQL+Citus,citus_hot70,after,citus_items,102073,citus-worker-1,5432,False,3000
2026-05-11T16:08:42+0000,1778515722.6300497,2,PostgreSQL+Citus,citus_hot70,after,citus_items,102074,citus-worker-2,5432,False,3000
2026-05-11T16:08:42+0000,1778515722.6300519,2,PostgreSQL+Citus,citus_hot70,after,citus_items,102075,citus-worker-0,5432,False,3000
2026-05-11T16:08:42+0000,1778515722.630054,2,PostgreSQL+Citus,citus_hot70,after,citus_items,102076,citus-worker-1,5432,False,3000
2026-05-11T16:08:42+0000,1778515722.6300557,2,PostgreSQL+Citus,citus_hot70,after,citus_items,102077,citus-worker-2,5432,False,3000
2026-05-11T16:08:42+0000,1778515722.6300578,2,PostgreSQL+Citus,citus_hot70,after,citus_items,102078,citus-worker-0,5432,False,3000
2026-05-11T16:08:42+0000,1778515722.6300595,2,PostgreSQL+Citus,citus_hot70,after,citus_items,102079,citus-worker-1,5432,False,3000
2026-05-11T16:08:42+0000,1778515722.630061,2,PostgreSQL+Citus,citus_hot70,after,citus_items,102080,citus-worker-2,5432,False,3000
2026-05-11T16:08:42+0000,1778515722.6300626,2,PostgreSQL+Citus,citus_hot70,after,citus_items,102081,citus-worker-0,5432,False,3000
2026-05-11T16:08:42+0000,1778515722.6300638,2,PostgreSQL+Citus,citus_hot70,after,citus_items,102082,citus-worker-1,5432,False,3000
2026-05-11T16:08:42+0000,1778515722.630066,2,PostgreSQL+Citus,citus_hot70,after,citus_items,102083,citus-worker-2,5432,False,3000
2026-05-11T16:08:42+0000,1778515722.6300669,2,PostgreSQL+Citus,citus_hot70,after,citus_items,102084,citus-worker-0,5432,False,3000
2026-05-11T16:08:42+0000,1778515722.6300685,2,PostgreSQL+Citus,citus_hot70,after,citus_items,102085,citus-worker-1,5432,False,3000
2026-05-11T16:08:42+0000,1778515722.6300697,2,PostgreSQL+Citus,citus_hot70,after,citus_items,102086,citus-worker-2,5432,False,3000
2026-05-11T16:08:42+0000,1778515722.630071,2,PostgreSQL+Citus,citus_hot70,after,citus_items,102087,citus-worker-0,5432,True,3000
2026-05-11T16:08:42+0000,1778515722.6300724,2,PostgreSQL+Citus,citus_hot70,after,citus_items,102088,citus-worker-1,5432,False,3000
2026-05-11T16:08:42+0000,1778515722.6300738,2,PostgreSQL+Citus,citus_hot70,after,citus_items,102089,citus-worker-2,5432,False,3000
2026-05-11T16:08:42+0000,1778515722.6300752,2,PostgreSQL+Citus,citus_hot70,after,citus_items,102090,citus-worker-0,5432,False,3000
2026-05-11T16:08:42+0000,1778515722.6300762,2,PostgreSQL+Citus,citus_hot70,after,citus_items,102091,citus-worker-1,5432,False,3000
2026-05-11T16:08:42+0000,1778515722.6300774,2,PostgreSQL+Citus,citus_hot70,after,citus_items,102092,citus-worker-2,5432,False,3000
2026-05-11T16:08:42+0000,1778515722.6300788,2,PostgreSQL+Citus,citus_hot70,after,citus_items,102093,citus-worker-0,5432,False,3000
2026-05-11T16:08:42+0000,1778515722.6300797,2,PostgreSQL+Citus,citus_hot70,after,citus_items,102094,citus-worker-1,5432,False,3000
2026-05-11T16:08:42+0000,1778515722.630081,2,PostgreSQL+Citus,citus_hot70,after,citus_items,102095,citus-worker-2,5432,False,3000
2026-05-11T16:08:42+0000,1778515722.6300826,2,PostgreSQL+Citus,citus_hot70,after,citus_items,102096,citus-worker-0,5432,False,3000
2026-05-11T16:08:42+0000,1778515722.630084,2,PostgreSQL+Citus,citus_hot70,after,citus_items,102097,citus-worker-1,5432,False,3000
2026-05-11T16:08:42+0000,1778515722.6300855,2,PostgreSQL+Citus,citus_hot70,after,citus_items,102098,citus-worker-2,5432,False,3000
2026-05-11T16:08:42+0000,1778515722.630087,2,PostgreSQL+Citus,citus_hot70,after,citus_items,102099,citus-worker-0,5432,False,3000
2026-05-11T16:08:42+0000,1778515722.6300893,2,PostgreSQL+Citus,citus_hot70,after,citus_items,102100,citus-worker-1,5432,False,3000
2026-05-11T16:08:42+0000,1778515722.6300907,2,PostgreSQL+Citus,citus_hot70,after,citus_items,102101,citus-worker-2,5432,False,3000
2026-05-11T16:08:42+0000,1778515722.6300924,2,PostgreSQL+Citus,citus_hot70,after,citus_items,102102,citus-worker-0,5432,False,3000
2026-05-11T16:08:42+0000,1778515722.6300938,2,PostgreSQL+Citus,citus_hot70,after,citus_items,102103,citus-worker-1,5432,False,3000
2026-05-11T16:08:42+0000,1778515722.6477687,2,PostgreSQL+Citus,citus_hot90,before,citus_items,102072,citus-worker-0,5432,False,3000
2026-05-11T16:08:42+0000,1778515722.647778,2,PostgreSQL+Citus,citus_hot90,before,citus_items,102073,citus-worker-1,5432,False,3000
2026-05-11T16:08:42+0000,1778515722.6477807,2,PostgreSQL+Citus,citus_hot90,before,citus_items,102074,citus-worker-2,5432,False,3000
2026-05-11T16:08:42+0000,1778515722.6477833,2,PostgreSQL+Citus,citus_hot90,before,citus_items,102075,citus-worker-0,5432,False,3000
2026-05-11T16:08:42+0000,1778515722.6477847,2,PostgreSQL+Citus,citus_hot90,before,citus_items,102076,citus-worker-1,5432,False,3000
2026-05-11T16:08:42+0000,1778515722.647787,2,PostgreSQL+Citus,citus_hot90,before,citus_items,102077,citus-worker-2,5432,False,3000
2026-05-11T16:08:42+0000,1778515722.6477885,2,PostgreSQL+Citus,citus_hot90,before,citus_items,102078,citus-worker-0,5432,False,3000
2026-05-11T16:08:42+0000,1778515722.6477904,2,PostgreSQL+Citus,citus_hot90,before,citus_items,102079,citus-worker-1,5432,False,3000
2026-05-11T16:08:42+0000,1778515722.6477914,2,PostgreSQL+Citus,citus_hot90,before,citus_items,102080,citus-worker-2,5432,False,3000
2026-05-11T16:08:42+0000,1778515722.6477928,2,PostgreSQL+Citus,citus_hot90,before,citus_items,102081,citus-worker-0,5432,False,3000
2026-05-11T16:08:42+0000,1778515722.6477945,2,PostgreSQL+Citus,citus_hot90,before,citus_items,102082,citus-worker-1,5432,False,3000
2026-05-11T16:08:42+0000,1778515722.6477957,2,PostgreSQL+Citus,citus_hot90,before,citus_items,102083,citus-worker-2,5432,False,3000
2026-05-11T16:08:42+0000,1778515722.6477973,2,PostgreSQL+Citus,citus_hot90,before,citus_items,102084,citus-worker-0,5432,False,3000
2026-05-11T16:08:42+0000,1778515722.6477985,2,PostgreSQL+Citus,citus_hot90,before,citus_items,102085,citus-worker-1,5432,False,3000
2026-05-11T16:08:42+0000,1778515722.6477997,2,PostgreSQL+Citus,citus_hot90,before,citus_items,102086,citus-worker-2,5432,False,3000
2026-05-11T16:08:42+0000,1778515722.6478012,2,PostgreSQL+Citus,citus_hot90,before,citus_items,102087,citus-worker-0,5432,True,3000
2026-05-11T16:08:42+0000,1778515722.647802,2,PostgreSQL+Citus,citus_hot90,before,citus_items,102088,citus-worker-1,5432,False,3000
2026-05-11T16:08:42+0000,1778515722.647804,2,PostgreSQL+Citus,citus_hot90,before,citus_items,102089,citus-worker-2,5432,False,3000
2026-05-11T16:08:42+0000,1778515722.6478055,2,PostgreSQL+Citus,citus_hot90,before,citus_items,102090,citus-worker-0,5432,False,3000
2026-05-11T16:08:42+0000,1778515722.6478066,2,PostgreSQL+Citus,citus_hot90,before,citus_items,102091,citus-worker-1,5432,False,3000
2026-05-11T16:08:42+0000,1778515722.6478078,2,PostgreSQL+Citus,citus_hot90,before,citus_items,102092,citus-worker-2,5432,False,3000
2026-05-11T16:08:42+0000,1778515722.6478093,2,PostgreSQL+Citus,citus_hot90,before,citus_items,102093,citus-worker-0,5432,False,3000
2026-05-11T16:08:42+0000,1778515722.6478102,2,PostgreSQL+Citus,citus_hot90,before,citus_items,102094,citus-worker-1,5432,False,3000
2026-05-11T16:08:42+0000,1778515722.647812,2,PostgreSQL+Citus,citus_hot90,before,citus_items,102095,citus-worker-2,5432,False,3000
2026-05-11T16:08:42+0000,1778515722.647813,2,PostgreSQL+Citus,citus_hot90,before,citus_items,102096,citus-worker-0,5432,False,3000
2026-05-11T16:08:42+0000,1778515722.6478148,2,PostgreSQL+Citus,citus_hot90,before,citus_items,102097,citus-worker-1,5432,False,3000
2026-05-11T16:08:42+0000,1778515722.6478162,2,PostgreSQL+Citus,citus_hot90,before,citus_items,102098,citus-worker-2,5432,False,3000
2026-05-11T16:08:42+0000,1778515722.6478174,2,PostgreSQL+Citus,citus_hot90,before,citus_items,102099,citus-worker-0,5432,False,3000
2026-05-11T16:08:42+0000,1778515722.647819,2,PostgreSQL+Citus,citus_hot90,before,citus_items,102100,citus-worker-1,5432,False,3000
2026-05-11T16:08:42+0000,1778515722.6478202,2,PostgreSQL+Citus,citus_hot90,before,citus_items,102101,citus-worker-2,5432,False,3000
2026-05-11T16:08:42+0000,1778515722.6478217,2,PostgreSQL+Citus,citus_hot90,before,citus_items,102102,citus-worker-0,5432,False,3000
2026-05-11T16:08:42+0000,1778515722.6478229,2,PostgreSQL+Citus,citus_hot90,before,citus_items,102103,citus-worker-1,5432,False,3000
2026-05-11T16:08:46+0000,1778515726.7336216,2,PostgreSQL+Citus,citus_hot90,after,citus_items,102072,citus-worker-0,5432,False,3000
2026-05-11T16:08:46+0000,1778515726.7336373,2,PostgreSQL+Citus,citus_hot90,after,citus_items,102073,citus-worker-1,5432,False,3000
2026-05-11T16:08:46+0000,1778515726.733641,2,PostgreSQL+Citus,citus_hot90,after,citus_items,102074,citus-worker-2,5432,False,3000
2026-05-11T16:08:46+0000,1778515726.733644,2,PostgreSQL+Citus,citus_hot90,after,citus_items,102075,citus-worker-0,5432,False,3000
2026-05-11T16:08:46+0000,1778515726.733647,2,PostgreSQL+Citus,citus_hot90,after,citus_items,102076,citus-worker-1,5432,False,3000
2026-05-11T16:08:46+0000,1778515726.7336504,2,PostgreSQL+Citus,citus_hot90,after,citus_items,102077,citus-worker-2,5432,False,3000
2026-05-11T16:08:46+0000,1778515726.7336533,2,PostgreSQL+Citus,citus_hot90,after,citus_items,102078,citus-worker-0,5432,False,3000
2026-05-11T16:08:46+0000,1778515726.733657,2,PostgreSQL+Citus,citus_hot90,after,citus_items,102079,citus-worker-1,5432,False,3000
2026-05-11T16:08:46+0000,1778515726.7336588,2,PostgreSQL+Citus,citus_hot90,after,citus_items,102080,citus-worker-2,5432,False,3000
2026-05-11T16:08:46+0000,1778515726.7336617,2,PostgreSQL+Citus,citus_hot90,after,citus_items,102081,citus-worker-0,5432,False,3000
2026-05-11T16:08:46+0000,1778515726.7336643,2,PostgreSQL+Citus,citus_hot90,after,citus_items,102082,citus-worker-1,5432,False,3000
2026-05-11T16:08:46+0000,1778515726.733667,2,PostgreSQL+Citus,citus_hot90,after,citus_items,102083,citus-worker-2,5432,False,3000
2026-05-11T16:08:46+0000,1778515726.7336686,2,PostgreSQL+Citus,citus_hot90,after,citus_items,102084,citus-worker-0,5432,False,3000
2026-05-11T16:08:46+0000,1778515726.7336714,2,PostgreSQL+Citus,citus_hot90,after,citus_items,102085,citus-worker-1,5432,False,3000
2026-05-11T16:08:46+0000,1778515726.7336738,2,PostgreSQL+Citus,citus_hot90,after,citus_items,102086,citus-worker-2,5432,False,3000
2026-05-11T16:08:46+0000,1778515726.7336762,2,PostgreSQL+Citus,citus_hot90,after,citus_items,102087,citus-worker-0,5432,True,3000
2026-05-11T16:08:46+0000,1778515726.7336786,2,PostgreSQL+Citus,citus_hot90,after,citus_items,102088,citus-worker-1,5432,False,3000
2026-05-11T16:08:46+0000,1778515726.733682,2,PostgreSQL+Citus,citus_hot90,after,citus_items,102089,citus-worker-2,5432,False,3000
2026-05-11T16:08:46+0000,1778515726.7336845,2,PostgreSQL+Citus,citus_hot90,after,citus_items,102090,citus-worker-0,5432,False,3000
2026-05-11T16:08:46+0000,1778515726.7336874,2,PostgreSQL+Citus,citus_hot90,after,citus_items,102091,citus-worker-1,5432,False,3000
2026-05-11T16:08:46+0000,1778515726.7336898,2,PostgreSQL+Citus,citus_hot90,after,citus_items,102092,citus-worker-2,5432,False,3000
2026-05-11T16:08:46+0000,1778515726.733693,2,PostgreSQL+Citus,citus_hot90,after,citus_items,102093,citus-worker-0,5432,False,3000
2026-05-11T16:08:46+0000,1778515726.7336955,2,PostgreSQL+Citus,citus_hot90,after,citus_items,102094,citus-worker-1,5432,False,3000
2026-05-11T16:08:46+0000,1778515726.7336986,2,PostgreSQL+Citus,citus_hot90,after,citus_items,102095,citus-worker-2,5432,False,3000
2026-05-11T16:08:46+0000,1778515726.7337008,2,PostgreSQL+Citus,citus_hot90,after,citus_items,102096,citus-worker-0,5432,False,3000
2026-05-11T16:08:46+0000,1778515726.7337039,2,PostgreSQL+Citus,citus_hot90,after,citus_items,102097,citus-worker-1,5432,False,3000
2026-05-11T16:08:46+0000,1778515726.7337062,2,PostgreSQL+Citus,citus_hot90,after,citus_items,102098,citus-worker-2,5432,False,3000
2026-05-11T16:08:46+0000,1778515726.7337093,2,PostgreSQL+Citus,citus_hot90,after,citus_items,102099,citus-worker-0,5432,False,3000
2026-05-11T16:08:46+0000,1778515726.7337122,2,PostgreSQL+Citus,citus_hot90,after,citus_items,102100,citus-worker-1,5432,False,3000
2026-05-11T16:08:46+0000,1778515726.7337143,2,PostgreSQL+Citus,citus_hot90,after,citus_items,102101,citus-worker-2,5432,False,3000
2026-05-11T16:08:46+0000,1778515726.7337172,2,PostgreSQL+Citus,citus_hot90,after,citus_items,102102,citus-worker-0,5432,False,3000
2026-05-11T16:08:46+0000,1778515726.7337198,2,PostgreSQL+Citus,citus_hot90,after,citus_items,102103,citus-worker-1,5432,False,3000
2026-05-11T16:08:48+0000,1778515728.0838418,3,PostgreSQL+Citus,citus_uniform,before,citus_items,102136,citus-worker-0,5432,False,3000
2026-05-11T16:08:48+0000,1778515728.0838516,3,PostgreSQL+Citus,citus_uniform,before,citus_items,102137,citus-worker-1,5432,False,3000
2026-05-11T16:08:48+0000,1778515728.0838532,3,PostgreSQL+Citus,citus_uniform,before,citus_items,102138,citus-worker-2,5432,False,3000
2026-05-11T16:08:48+0000,1778515728.0838552,3,PostgreSQL+Citus,citus_uniform,before,citus_items,102139,citus-worker-0,5432,False,3000
2026-05-11T16:08:48+0000,1778515728.0838566,3,PostgreSQL+Citus,citus_uniform,before,citus_items,102140,citus-worker-1,5432,False,3000
2026-05-11T16:08:48+0000,1778515728.0838585,3,PostgreSQL+Citus,citus_uniform,before,citus_items,102141,citus-worker-2,5432,False,3000
2026-05-11T16:08:48+0000,1778515728.08386,3,PostgreSQL+Citus,citus_uniform,before,citus_items,102142,citus-worker-0,5432,False,3000
2026-05-11T16:08:48+0000,1778515728.0838616,3,PostgreSQL+Citus,citus_uniform,before,citus_items,102143,citus-worker-1,5432,False,3000
2026-05-11T16:08:48+0000,1778515728.0838628,3,PostgreSQL+Citus,citus_uniform,before,citus_items,102144,citus-worker-2,5432,False,3000
2026-05-11T16:08:48+0000,1778515728.0838647,3,PostgreSQL+Citus,citus_uniform,before,citus_items,102145,citus-worker-0,5432,False,3000
2026-05-11T16:08:48+0000,1778515728.0838661,3,PostgreSQL+Citus,citus_uniform,before,citus_items,102146,citus-worker-1,5432,False,3000
2026-05-11T16:08:48+0000,1778515728.0838673,3,PostgreSQL+Citus,citus_uniform,before,citus_items,102147,citus-worker-2,5432,False,3000
2026-05-11T16:08:48+0000,1778515728.0838687,3,PostgreSQL+Citus,citus_uniform,before,citus_items,102148,citus-worker-0,5432,False,3000
2026-05-11T16:08:48+0000,1778515728.0838697,3,PostgreSQL+Citus,citus_uniform,before,citus_items,102149,citus-worker-1,5432,False,3000
2026-05-11T16:08:48+0000,1778515728.0838706,3,PostgreSQL+Citus,citus_uniform,before,citus_items,102150,citus-worker-2,5432,False,3000
2026-05-11T16:08:48+0000,1778515728.083872,3,PostgreSQL+Citus,citus_uniform,before,citus_items,102151,citus-worker-0,5432,True,3000
2026-05-11T16:08:48+0000,1778515728.0838735,3,PostgreSQL+Citus,citus_uniform,before,citus_items,102152,citus-worker-1,5432,False,3000
2026-05-11T16:08:48+0000,1778515728.0838754,3,PostgreSQL+Citus,citus_uniform,before,citus_items,102153,citus-worker-2,5432,False,3000
2026-05-11T16:08:48+0000,1778515728.0838766,3,PostgreSQL+Citus,citus_uniform,before,citus_items,102154,citus-worker-0,5432,False,3000
2026-05-11T16:08:48+0000,1778515728.0838778,3,PostgreSQL+Citus,citus_uniform,before,citus_items,102155,citus-worker-1,5432,False,3000
2026-05-11T16:08:48+0000,1778515728.083879,3,PostgreSQL+Citus,citus_uniform,before,citus_items,102156,citus-worker-2,5432,False,3000
2026-05-11T16:08:48+0000,1778515728.0838802,3,PostgreSQL+Citus,citus_uniform,before,citus_items,102157,citus-worker-0,5432,False,3000
2026-05-11T16:08:48+0000,1778515728.0838814,3,PostgreSQL+Citus,citus_uniform,before,citus_items,102158,citus-worker-1,5432,False,3000
2026-05-11T16:08:48+0000,1778515728.0838835,3,PostgreSQL+Citus,citus_uniform,before,citus_items,102159,citus-worker-2,5432,False,3000
2026-05-11T16:08:48+0000,1778515728.083885,3,PostgreSQL+Citus,citus_uniform,before,citus_items,102160,citus-worker-0,5432,False,3000
2026-05-11T16:08:48+0000,1778515728.0838866,3,PostgreSQL+Citus,citus_uniform,before,citus_items,102161,citus-worker-1,5432,False,3000
2026-05-11T16:08:48+0000,1778515728.083888,3,PostgreSQL+Citus,citus_uniform,before,citus_items,102162,citus-worker-2,5432,False,3000
2026-05-11T16:08:48+0000,1778515728.0838895,3,PostgreSQL+Citus,citus_uniform,before,citus_items,102163,citus-worker-0,5432,False,3000
2026-05-11T16:08:48+0000,1778515728.0838907,3,PostgreSQL+Citus,citus_uniform,before,citus_items,102164,citus-worker-1,5432,False,3000
2026-05-11T16:08:48+0000,1778515728.0838919,3,PostgreSQL+Citus,citus_uniform,before,citus_items,102165,citus-worker-2,5432,False,3000
2026-05-11T16:08:48+0000,1778515728.0838933,3,PostgreSQL+Citus,citus_uniform,before,citus_items,102166,citus-worker-0,5432,False,3000
2026-05-11T16:08:48+0000,1778515728.083895,3,PostgreSQL+Citus,citus_uniform,before,citus_items,102167,citus-worker-1,5432,False,3000
2026-05-11T16:08:52+0000,1778515732.223,3,PostgreSQL+Citus,citus_uniform,after,citus_items,102136,citus-worker-0,5432,False,3000
2026-05-11T16:08:52+0000,1778515732.2230127,3,PostgreSQL+Citus,citus_uniform,after,citus_items,102137,citus-worker-1,5432,False,3000
2026-05-11T16:08:52+0000,1778515732.2230146,3,PostgreSQL+Citus,citus_uniform,after,citus_items,102138,citus-worker-2,5432,False,3000
2026-05-11T16:08:52+0000,1778515732.223017,3,PostgreSQL+Citus,citus_uniform,after,citus_items,102139,citus-worker-0,5432,False,3000
2026-05-11T16:08:52+0000,1778515732.2230194,3,PostgreSQL+Citus,citus_uniform,after,citus_items,102140,citus-worker-1,5432,False,3000
2026-05-11T16:08:52+0000,1778515732.223021,3,PostgreSQL+Citus,citus_uniform,after,citus_items,102141,citus-worker-2,5432,False,3000
2026-05-11T16:08:52+0000,1778515732.2230234,3,PostgreSQL+Citus,citus_uniform,after,citus_items,102142,citus-worker-0,5432,False,3000
2026-05-11T16:08:52+0000,1778515732.223026,3,PostgreSQL+Citus,citus_uniform,after,citus_items,102143,citus-worker-1,5432,False,3000
2026-05-11T16:08:52+0000,1778515732.2230277,3,PostgreSQL+Citus,citus_uniform,after,citus_items,102144,citus-worker-2,5432,False,3000
2026-05-11T16:08:52+0000,1778515732.2230303,3,PostgreSQL+Citus,citus_uniform,after,citus_items,102145,citus-worker-0,5432,False,3000
2026-05-11T16:08:52+0000,1778515732.223032,3,PostgreSQL+Citus,citus_uniform,after,citus_items,102146,citus-worker-1,5432,False,3000
2026-05-11T16:08:52+0000,1778515732.223034,3,PostgreSQL+Citus,citus_uniform,after,citus_items,102147,citus-worker-2,5432,False,3000
2026-05-11T16:08:52+0000,1778515732.2230353,3,PostgreSQL+Citus,citus_uniform,after,citus_items,102148,citus-worker-0,5432,False,3000
2026-05-11T16:08:52+0000,1778515732.2230375,3,PostgreSQL+Citus,citus_uniform,after,citus_items,102149,citus-worker-1,5432,False,3000
2026-05-11T16:08:52+0000,1778515732.223039,3,PostgreSQL+Citus,citus_uniform,after,citus_items,102150,citus-worker-2,5432,False,3000
2026-05-11T16:08:52+0000,1778515732.2230415,3,PostgreSQL+Citus,citus_uniform,after,citus_items,102151,citus-worker-0,5432,True,3000
2026-05-11T16:08:52+0000,1778515732.2230442,3,PostgreSQL+Citus,citus_uniform,after,citus_items,102152,citus-worker-1,5432,False,3000
2026-05-11T16:08:52+0000,1778515732.2230463,3,PostgreSQL+Citus,citus_uniform,after,citus_items,102153,citus-worker-2,5432,False,3000
2026-05-11T16:08:52+0000,1778515732.2230482,3,PostgreSQL+Citus,citus_uniform,after,citus_items,102154,citus-worker-0,5432,False,3000
2026-05-11T16:08:52+0000,1778515732.2230496,3,PostgreSQL+Citus,citus_uniform,after,citus_items,102155,citus-worker-1,5432,False,3000
2026-05-11T16:08:52+0000,1778515732.2230515,3,PostgreSQL+Citus,citus_uniform,after,citus_items,102156,citus-worker-2,5432,False,3000
2026-05-11T16:08:52+0000,1778515732.223053,3,PostgreSQL+Citus,citus_uniform,after,citus_items,102157,citus-worker-0,5432,False,3000
2026-05-11T16:08:52+0000,1778515732.223055,3,PostgreSQL+Citus,citus_uniform,after,citus_items,102158,citus-worker-1,5432,False,3000
2026-05-11T16:08:52+0000,1778515732.2230575,3,PostgreSQL+Citus,citus_uniform,after,citus_items,102159,citus-worker-2,5432,False,3000
2026-05-11T16:08:52+0000,1778515732.2230592,3,PostgreSQL+Citus,citus_uniform,after,citus_items,102160,citus-worker-0,5432,False,3000
2026-05-11T16:08:52+0000,1778515732.223061,3,PostgreSQL+Citus,citus_uniform,after,citus_items,102161,citus-worker-1,5432,False,3000
2026-05-11T16:08:52+0000,1778515732.2230625,3,PostgreSQL+Citus,citus_uniform,after,citus_items,102162,citus-worker-2,5432,False,3000
2026-05-11T16:08:52+0000,1778515732.223064,3,PostgreSQL+Citus,citus_uniform,after,citus_items,102163,citus-worker-0,5432,False,3000
2026-05-11T16:08:52+0000,1778515732.2230656,3,PostgreSQL+Citus,citus_uniform,after,citus_items,102164,citus-worker-1,5432,False,3000
2026-05-11T16:08:52+0000,1778515732.2230673,3,PostgreSQL+Citus,citus_uniform,after,citus_items,102165,citus-worker-2,5432,False,3000
2026-05-11T16:08:52+0000,1778515732.2230694,3,PostgreSQL+Citus,citus_uniform,after,citus_items,102166,citus-worker-0,5432,False,3000
2026-05-11T16:08:52+0000,1778515732.2230737,3,PostgreSQL+Citus,citus_uniform,after,citus_items,102167,citus-worker-1,5432,False,3000
2026-05-11T16:08:52+0000,1778515732.2428741,3,PostgreSQL+Citus,citus_hot70,before,citus_items,102136,citus-worker-0,5432,False,3000
2026-05-11T16:08:52+0000,1778515732.2428873,3,PostgreSQL+Citus,citus_hot70,before,citus_items,102137,citus-worker-1,5432,False,3000
2026-05-11T16:08:52+0000,1778515732.2428896,3,PostgreSQL+Citus,citus_hot70,before,citus_items,102138,citus-worker-2,5432,False,3000
2026-05-11T16:08:52+0000,1778515732.2428918,3,PostgreSQL+Citus,citus_hot70,before,citus_items,102139,citus-worker-0,5432,False,3000
2026-05-11T16:08:52+0000,1778515732.2428954,3,PostgreSQL+Citus,citus_hot70,before,citus_items,102140,citus-worker-1,5432,False,3000
2026-05-11T16:08:52+0000,1778515732.242898,3,PostgreSQL+Citus,citus_hot70,before,citus_items,102141,citus-worker-2,5432,False,3000
2026-05-11T16:08:52+0000,1778515732.2429004,3,PostgreSQL+Citus,citus_hot70,before,citus_items,102142,citus-worker-0,5432,False,3000
2026-05-11T16:08:52+0000,1778515732.2429023,3,PostgreSQL+Citus,citus_hot70,before,citus_items,102143,citus-worker-1,5432,False,3000
2026-05-11T16:08:52+0000,1778515732.242904,3,PostgreSQL+Citus,citus_hot70,before,citus_items,102144,citus-worker-2,5432,False,3000
2026-05-11T16:08:52+0000,1778515732.2429066,3,PostgreSQL+Citus,citus_hot70,before,citus_items,102145,citus-worker-0,5432,False,3000
2026-05-11T16:08:52+0000,1778515732.242909,3,PostgreSQL+Citus,citus_hot70,before,citus_items,102146,citus-worker-1,5432,False,3000
2026-05-11T16:08:52+0000,1778515732.2429109,3,PostgreSQL+Citus,citus_hot70,before,citus_items,102147,citus-worker-2,5432,False,3000
2026-05-11T16:08:52+0000,1778515732.2429132,3,PostgreSQL+Citus,citus_hot70,before,citus_items,102148,citus-worker-0,5432,False,3000
2026-05-11T16:08:52+0000,1778515732.2429152,3,PostgreSQL+Citus,citus_hot70,before,citus_items,102149,citus-worker-1,5432,False,3000
2026-05-11T16:08:52+0000,1778515732.2429166,3,PostgreSQL+Citus,citus_hot70,before,citus_items,102150,citus-worker-2,5432,False,3000
2026-05-11T16:08:52+0000,1778515732.2429187,3,PostgreSQL+Citus,citus_hot70,before,citus_items,102151,citus-worker-0,5432,True,3000
2026-05-11T16:08:52+0000,1778515732.2429204,3,PostgreSQL+Citus,citus_hot70,before,citus_items,102152,citus-worker-1,5432,False,3000
2026-05-11T16:08:52+0000,1778515732.242923,3,PostgreSQL+Citus,citus_hot70,before,citus_items,102153,citus-worker-2,5432,False,3000
2026-05-11T16:08:52+0000,1778515732.2429252,3,PostgreSQL+Citus,citus_hot70,before,citus_items,102154,citus-worker-0,5432,False,3000
2026-05-11T16:08:52+0000,1778515732.242927,3,PostgreSQL+Citus,citus_hot70,before,citus_items,102155,citus-worker-1,5432,False,3000
2026-05-11T16:08:52+0000,1778515732.2429287,3,PostgreSQL+Citus,citus_hot70,before,citus_items,102156,citus-worker-2,5432,False,3000
2026-05-11T16:08:52+0000,1778515732.2429307,3,PostgreSQL+Citus,citus_hot70,before,citus_items,102157,citus-worker-0,5432,False,3000
2026-05-11T16:08:52+0000,1778515732.242933,3,PostgreSQL+Citus,citus_hot70,before,citus_items,102158,citus-worker-1,5432,False,3000
2026-05-11T16:08:52+0000,1778515732.2429352,3,PostgreSQL+Citus,citus_hot70,before,citus_items,102159,citus-worker-2,5432,False,3000
2026-05-11T16:08:52+0000,1778515732.242937,3,PostgreSQL+Citus,citus_hot70,before,citus_items,102160,citus-worker-0,5432,False,3000
2026-05-11T16:08:52+0000,1778515732.2429397,3,PostgreSQL+Citus,citus_hot70,before,citus_items,102161,citus-worker-1,5432,False,3000
2026-05-11T16:08:52+0000,1778515732.242942,3,PostgreSQL+Citus,citus_hot70,before,citus_items,102162,citus-worker-2,5432,False,3000
2026-05-11T16:08:52+0000,1778515732.2429447,3,PostgreSQL+Citus,citus_hot70,before,citus_items,102163,citus-worker-0,5432,False,3000
2026-05-11T16:08:52+0000,1778515732.2429476,3,PostgreSQL+Citus,citus_hot70,before,citus_items,102164,citus-worker-1,5432,False,3000
2026-05-11T16:08:52+0000,1778515732.24295,3,PostgreSQL+Citus,citus_hot70,before,citus_items,102165,citus-worker-2,5432,False,3000
2026-05-11T16:08:52+0000,1778515732.242952,3,PostgreSQL+Citus,citus_hot70,before,citus_items,102166,citus-worker-0,5432,False,3000
2026-05-11T16:08:52+0000,1778515732.2429543,3,PostgreSQL+Citus,citus_hot70,before,citus_items,102167,citus-worker-1,5432,False,3000
2026-05-11T16:08:56+0000,1778515736.2320483,3,PostgreSQL+Citus,citus_hot70,after,citus_items,102136,citus-worker-0,5432,False,3000
2026-05-11T16:08:56+0000,1778515736.2320561,3,PostgreSQL+Citus,citus_hot70,after,citus_items,102137,citus-worker-1,5432,False,3000
2026-05-11T16:08:56+0000,1778515736.2320726,3,PostgreSQL+Citus,citus_hot70,after,citus_items,102138,citus-worker-2,5432,False,3000
2026-05-11T16:08:56+0000,1778515736.2320774,3,PostgreSQL+Citus,citus_hot70,after,citus_items,102139,citus-worker-0,5432,False,3000
2026-05-11T16:08:56+0000,1778515736.232086,3,PostgreSQL+Citus,citus_hot70,after,citus_items,102140,citus-worker-1,5432,False,3000
2026-05-11T16:08:56+0000,1778515736.2320926,3,PostgreSQL+Citus,citus_hot70,after,citus_items,102141,citus-worker-2,5432,False,3000
2026-05-11T16:08:56+0000,1778515736.232095,3,PostgreSQL+Citus,citus_hot70,after,citus_items,102142,citus-worker-0,5432,False,3000
2026-05-11T16:08:56+0000,1778515736.2320974,3,PostgreSQL+Citus,citus_hot70,after,citus_items,102143,citus-worker-1,5432,False,3000
2026-05-11T16:08:56+0000,1778515736.232099,3,PostgreSQL+Citus,citus_hot70,after,citus_items,102144,citus-worker-2,5432,False,3000
2026-05-11T16:08:56+0000,1778515736.232101,3,PostgreSQL+Citus,citus_hot70,after,citus_items,102145,citus-worker-0,5432,False,3000
2026-05-11T16:08:56+0000,1778515736.2321033,3,PostgreSQL+Citus,citus_hot70,after,citus_items,102146,citus-worker-1,5432,False,3000
2026-05-11T16:08:56+0000,1778515736.232106,3,PostgreSQL+Citus,citus_hot70,after,citus_items,102147,citus-worker-2,5432,False,3000
2026-05-11T16:08:56+0000,1778515736.2321074,3,PostgreSQL+Citus,citus_hot70,after,citus_items,102148,citus-worker-0,5432,False,3000
2026-05-11T16:08:56+0000,1778515736.2321093,3,PostgreSQL+Citus,citus_hot70,after,citus_items,102149,citus-worker-1,5432,False,3000
2026-05-11T16:08:56+0000,1778515736.2321105,3,PostgreSQL+Citus,citus_hot70,after,citus_items,102150,citus-worker-2,5432,False,3000
2026-05-11T16:08:56+0000,1778515736.232113,3,PostgreSQL+Citus,citus_hot70,after,citus_items,102151,citus-worker-0,5432,True,3000
2026-05-11T16:08:56+0000,1778515736.232114,3,PostgreSQL+Citus,citus_hot70,after,citus_items,102152,citus-worker-1,5432,False,3000
2026-05-11T16:08:56+0000,1778515736.2321162,3,PostgreSQL+Citus,citus_hot70,after,citus_items,102153,citus-worker-2,5432,False,3000
2026-05-11T16:08:56+0000,1778515736.2321177,3,PostgreSQL+Citus,citus_hot70,after,citus_items,102154,citus-worker-0,5432,False,3000
2026-05-11T16:08:56+0000,1778515736.232119,3,PostgreSQL+Citus,citus_hot70,after,citus_items,102155,citus-worker-1,5432,False,3000
2026-05-11T16:08:56+0000,1778515736.2321205,3,PostgreSQL+Citus,citus_hot70,after,citus_items,102156,citus-worker-2,5432,False,3000
2026-05-11T16:08:56+0000,1778515736.2321217,3,PostgreSQL+Citus,citus_hot70,after,citus_items,102157,citus-worker-0,5432,False,3000
2026-05-11T16:08:56+0000,1778515736.232123,3,PostgreSQL+Citus,citus_hot70,after,citus_items,102158,citus-worker-1,5432,False,3000
2026-05-11T16:08:56+0000,1778515736.232124,3,PostgreSQL+Citus,citus_hot70,after,citus_items,102159,citus-worker-2,5432,False,3000
2026-05-11T16:08:56+0000,1778515736.232126,3,PostgreSQL+Citus,citus_hot70,after,citus_items,102160,citus-worker-0,5432,False,3000
2026-05-11T16:08:56+0000,1778515736.2321272,3,PostgreSQL+Citus,citus_hot70,after,citus_items,102161,citus-worker-1,5432,False,3000
2026-05-11T16:08:56+0000,1778515736.2321289,3,PostgreSQL+Citus,citus_hot70,after,citus_items,102162,citus-worker-2,5432,False,3000
2026-05-11T16:08:56+0000,1778515736.23213,3,PostgreSQL+Citus,citus_hot70,after,citus_items,102163,citus-worker-0,5432,False,3000
2026-05-11T16:08:56+0000,1778515736.232131,3,PostgreSQL+Citus,citus_hot70,after,citus_items,102164,citus-worker-1,5432,False,3000
2026-05-11T16:08:56+0000,1778515736.2321327,3,PostgreSQL+Citus,citus_hot70,after,citus_items,102165,citus-worker-2,5432,False,3000
2026-05-11T16:08:56+0000,1778515736.2321339,3,PostgreSQL+Citus,citus_hot70,after,citus_items,102166,citus-worker-0,5432,False,3000
2026-05-11T16:08:56+0000,1778515736.2321358,3,PostgreSQL+Citus,citus_hot70,after,citus_items,102167,citus-worker-1,5432,False,3000
2026-05-11T16:08:56+0000,1778515736.3317974,3,PostgreSQL+Citus,citus_hot90,before,citus_items,102136,citus-worker-0,5432,False,3000
2026-05-11T16:08:56+0000,1778515736.3318055,3,PostgreSQL+Citus,citus_hot90,before,citus_items,102137,citus-worker-1,5432,False,3000
2026-05-11T16:08:56+0000,1778515736.3318079,3,PostgreSQL+Citus,citus_hot90,before,citus_items,102138,citus-worker-2,5432,False,3000
2026-05-11T16:08:56+0000,1778515736.3318107,3,PostgreSQL+Citus,citus_hot90,before,citus_items,102139,citus-worker-0,5432,False,3000
2026-05-11T16:08:56+0000,1778515736.3318129,3,PostgreSQL+Citus,citus_hot90,before,citus_items,102140,citus-worker-1,5432,False,3000
2026-05-11T16:08:56+0000,1778515736.3318162,3,PostgreSQL+Citus,citus_hot90,before,citus_items,102141,citus-worker-2,5432,False,3000
2026-05-11T16:08:56+0000,1778515736.3318179,3,PostgreSQL+Citus,citus_hot90,before,citus_items,102142,citus-worker-0,5432,False,3000
2026-05-11T16:08:56+0000,1778515736.3318193,3,PostgreSQL+Citus,citus_hot90,before,citus_items,102143,citus-worker-1,5432,False,3000
2026-05-11T16:08:56+0000,1778515736.3318202,3,PostgreSQL+Citus,citus_hot90,before,citus_items,102144,citus-worker-2,5432,False,3000
2026-05-11T16:08:56+0000,1778515736.331822,3,PostgreSQL+Citus,citus_hot90,before,citus_items,102145,citus-worker-0,5432,False,3000
2026-05-11T16:08:56+0000,1778515736.3318236,3,PostgreSQL+Citus,citus_hot90,before,citus_items,102146,citus-worker-1,5432,False,3000
2026-05-11T16:08:56+0000,1778515736.3318257,3,PostgreSQL+Citus,citus_hot90,before,citus_items,102147,citus-worker-2,5432,False,3000
2026-05-11T16:08:56+0000,1778515736.3318272,3,PostgreSQL+Citus,citus_hot90,before,citus_items,102148,citus-worker-0,5432,False,3000
2026-05-11T16:08:56+0000,1778515736.3318286,3,PostgreSQL+Citus,citus_hot90,before,citus_items,102149,citus-worker-1,5432,False,3000
2026-05-11T16:08:56+0000,1778515736.3318295,3,PostgreSQL+Citus,citus_hot90,before,citus_items,102150,citus-worker-2,5432,False,3000
2026-05-11T16:08:56+0000,1778515736.331831,3,PostgreSQL+Citus,citus_hot90,before,citus_items,102151,citus-worker-0,5432,True,3000
2026-05-11T16:08:56+0000,1778515736.3318324,3,PostgreSQL+Citus,citus_hot90,before,citus_items,102152,citus-worker-1,5432,False,3000
2026-05-11T16:08:56+0000,1778515736.3318338,3,PostgreSQL+Citus,citus_hot90,before,citus_items,102153,citus-worker-2,5432,False,3000
2026-05-11T16:08:56+0000,1778515736.3318357,3,PostgreSQL+Citus,citus_hot90,before,citus_items,102154,citus-worker-0,5432,False,3000
2026-05-11T16:08:56+0000,1778515736.331837,3,PostgreSQL+Citus,citus_hot90,before,citus_items,102155,citus-worker-1,5432,False,3000
2026-05-11T16:08:56+0000,1778515736.3318381,3,PostgreSQL+Citus,citus_hot90,before,citus_items,102156,citus-worker-2,5432,False,3000
2026-05-11T16:08:56+0000,1778515736.3318398,3,PostgreSQL+Citus,citus_hot90,before,citus_items,102157,citus-worker-0,5432,False,3000
2026-05-11T16:08:56+0000,1778515736.3318412,3,PostgreSQL+Citus,citus_hot90,before,citus_items,102158,citus-worker-1,5432,False,3000
2026-05-11T16:08:56+0000,1778515736.3318431,3,PostgreSQL+Citus,citus_hot90,before,citus_items,102159,citus-worker-2,5432,False,3000
2026-05-11T16:08:56+0000,1778515736.3318443,3,PostgreSQL+Citus,citus_hot90,before,citus_items,102160,citus-worker-0,5432,False,3000
2026-05-11T16:08:56+0000,1778515736.3318465,3,PostgreSQL+Citus,citus_hot90,before,citus_items,102161,citus-worker-1,5432,False,3000
2026-05-11T16:08:56+0000,1778515736.3318474,3,PostgreSQL+Citus,citus_hot90,before,citus_items,102162,citus-worker-2,5432,False,3000
2026-05-11T16:08:56+0000,1778515736.3318486,3,PostgreSQL+Citus,citus_hot90,before,citus_items,102163,citus-worker-0,5432,False,3000
2026-05-11T16:08:56+0000,1778515736.3318498,3,PostgreSQL+Citus,citus_hot90,before,citus_items,102164,citus-worker-1,5432,False,3000
2026-05-11T16:08:56+0000,1778515736.331851,3,PostgreSQL+Citus,citus_hot90,before,citus_items,102165,citus-worker-2,5432,False,3000
2026-05-11T16:08:56+0000,1778515736.331852,3,PostgreSQL+Citus,citus_hot90,before,citus_items,102166,citus-worker-0,5432,False,3000
2026-05-11T16:08:56+0000,1778515736.3318536,3,PostgreSQL+Citus,citus_hot90,before,citus_items,102167,citus-worker-1,5432,False,3000
2026-05-11T16:09:00+0000,1778515740.6345143,3,PostgreSQL+Citus,citus_hot90,after,citus_items,102136,citus-worker-0,5432,False,3000
2026-05-11T16:09:00+0000,1778515740.634523,3,PostgreSQL+Citus,citus_hot90,after,citus_items,102137,citus-worker-1,5432,False,3000
2026-05-11T16:09:00+0000,1778515740.6345248,3,PostgreSQL+Citus,citus_hot90,after,citus_items,102138,citus-worker-2,5432,False,3000
2026-05-11T16:09:00+0000,1778515740.6345277,3,PostgreSQL+Citus,citus_hot90,after,citus_items,102139,citus-worker-0,5432,False,3000
2026-05-11T16:09:00+0000,1778515740.6345298,3,PostgreSQL+Citus,citus_hot90,after,citus_items,102140,citus-worker-1,5432,False,3000
2026-05-11T16:09:00+0000,1778515740.6345317,3,PostgreSQL+Citus,citus_hot90,after,citus_items,102141,citus-worker-2,5432,False,3000
2026-05-11T16:09:00+0000,1778515740.6345341,3,PostgreSQL+Citus,citus_hot90,after,citus_items,102142,citus-worker-0,5432,False,3000
2026-05-11T16:09:00+0000,1778515740.6345367,3,PostgreSQL+Citus,citus_hot90,after,citus_items,102143,citus-worker-1,5432,False,3000
2026-05-11T16:09:00+0000,1778515740.6345384,3,PostgreSQL+Citus,citus_hot90,after,citus_items,102144,citus-worker-2,5432,False,3000
2026-05-11T16:09:00+0000,1778515740.6345403,3,PostgreSQL+Citus,citus_hot90,after,citus_items,102145,citus-worker-0,5432,False,3000
2026-05-11T16:09:00+0000,1778515740.634542,3,PostgreSQL+Citus,citus_hot90,after,citus_items,102146,citus-worker-1,5432,False,3000
2026-05-11T16:09:00+0000,1778515740.6345434,3,PostgreSQL+Citus,citus_hot90,after,citus_items,102147,citus-worker-2,5432,False,3000
2026-05-11T16:09:00+0000,1778515740.6345448,3,PostgreSQL+Citus,citus_hot90,after,citus_items,102148,citus-worker-0,5432,False,3000
2026-05-11T16:09:00+0000,1778515740.634547,3,PostgreSQL+Citus,citus_hot90,after,citus_items,102149,citus-worker-1,5432,False,3000
2026-05-11T16:09:00+0000,1778515740.634549,3,PostgreSQL+Citus,citus_hot90,after,citus_items,102150,citus-worker-2,5432,False,3000
2026-05-11T16:09:00+0000,1778515740.6345508,3,PostgreSQL+Citus,citus_hot90,after,citus_items,102151,citus-worker-0,5432,True,3000
2026-05-11T16:09:00+0000,1778515740.6345527,3,PostgreSQL+Citus,citus_hot90,after,citus_items,102152,citus-worker-1,5432,False,3000
2026-05-11T16:09:00+0000,1778515740.6345546,3,PostgreSQL+Citus,citus_hot90,after,citus_items,102153,citus-worker-2,5432,False,3000
2026-05-11T16:09:00+0000,1778515740.634556,3,PostgreSQL+Citus,citus_hot90,after,citus_items,102154,citus-worker-0,5432,False,3000
2026-05-11T16:09:00+0000,1778515740.6345575,3,PostgreSQL+Citus,citus_hot90,after,citus_items,102155,citus-worker-1,5432,False,3000
2026-05-11T16:09:00+0000,1778515740.634559,3,PostgreSQL+Citus,citus_hot90,after,citus_items,102156,citus-worker-2,5432,False,3000
2026-05-11T16:09:00+0000,1778515740.6345603,3,PostgreSQL+Citus,citus_hot90,after,citus_items,102157,citus-worker-0,5432,False,3000
2026-05-11T16:09:00+0000,1778515740.6345623,3,PostgreSQL+Citus,citus_hot90,after,citus_items,102158,citus-worker-1,5432,False,3000
2026-05-11T16:09:00+0000,1778515740.6345642,3,PostgreSQL+Citus,citus_hot90,after,citus_items,102159,citus-worker-2,5432,False,3000
2026-05-11T16:09:00+0000,1778515740.6345658,3,PostgreSQL+Citus,citus_hot90,after,citus_items,102160,citus-worker-0,5432,False,3000
2026-05-11T16:09:00+0000,1778515740.6345677,3,PostgreSQL+Citus,citus_hot90,after,citus_items,102161,citus-worker-1,5432,False,3000
2026-05-11T16:09:00+0000,1778515740.6345692,3,PostgreSQL+Citus,citus_hot90,after,citus_items,102162,citus-worker-2,5432,False,3000
2026-05-11T16:09:00+0000,1778515740.6345708,3,PostgreSQL+Citus,citus_hot90,after,citus_items,102163,citus-worker-0,5432,False,3000
2026-05-11T16:09:00+0000,1778515740.6345727,3,PostgreSQL+Citus,citus_hot90,after,citus_items,102164,citus-worker-1,5432,False,3000
2026-05-11T16:09:00+0000,1778515740.6345742,3,PostgreSQL+Citus,citus_hot90,after,citus_items,102165,citus-worker-2,5432,False,3000
2026-05-11T16:09:00+0000,1778515740.6345756,3,PostgreSQL+Citus,citus_hot90,after,citus_items,102166,citus-worker-0,5432,False,3000
2026-05-11T16:09:00+0000,1778515740.6345775,3,PostgreSQL+Citus,citus_hot90,after,citus_items,102167,citus-worker-1,5432,False,3000
2026-05-11T16:09:01+0000,1778515741.8643022,4,PostgreSQL+Citus,citus_uniform,before,citus_items,102200,citus-worker-0,5432,False,3000
2026-05-11T16:09:01+0000,1778515741.8643122,4,PostgreSQL+Citus,citus_uniform,before,citus_items,102201,citus-worker-1,5432,False,3000
2026-05-11T16:09:01+0000,1778515741.8643155,4,PostgreSQL+Citus,citus_uniform,before,citus_items,102202,citus-worker-2,5432,False,3000
2026-05-11T16:09:01+0000,1778515741.8643177,4,PostgreSQL+Citus,citus_uniform,before,citus_items,102203,citus-worker-0,5432,False,3000
2026-05-11T16:09:01+0000,1778515741.8643205,4,PostgreSQL+Citus,citus_uniform,before,citus_items,102204,citus-worker-1,5432,False,3000
2026-05-11T16:09:01+0000,1778515741.8643234,4,PostgreSQL+Citus,citus_uniform,before,citus_items,102205,citus-worker-2,5432,False,3000
2026-05-11T16:09:01+0000,1778515741.8643265,4,PostgreSQL+Citus,citus_uniform,before,citus_items,102206,citus-worker-0,5432,False,3000
2026-05-11T16:09:01+0000,1778515741.8643284,4,PostgreSQL+Citus,citus_uniform,before,citus_items,102207,citus-worker-1,5432,False,3000
2026-05-11T16:09:01+0000,1778515741.86433,4,PostgreSQL+Citus,citus_uniform,before,citus_items,102208,citus-worker-2,5432,False,3000
2026-05-11T16:09:01+0000,1778515741.864332,4,PostgreSQL+Citus,citus_uniform,before,citus_items,102209,citus-worker-0,5432,False,3000
2026-05-11T16:09:01+0000,1778515741.864334,4,PostgreSQL+Citus,citus_uniform,before,citus_items,102210,citus-worker-1,5432,False,3000
2026-05-11T16:09:01+0000,1778515741.864336,4,PostgreSQL+Citus,citus_uniform,before,citus_items,102211,citus-worker-2,5432,False,3000
2026-05-11T16:09:01+0000,1778515741.8643386,4,PostgreSQL+Citus,citus_uniform,before,citus_items,102212,citus-worker-0,5432,False,3000
2026-05-11T16:09:01+0000,1778515741.8643405,4,PostgreSQL+Citus,citus_uniform,before,citus_items,102213,citus-worker-1,5432,False,3000
2026-05-11T16:09:01+0000,1778515741.8643427,4,PostgreSQL+Citus,citus_uniform,before,citus_items,102214,citus-worker-2,5432,False,3000
2026-05-11T16:09:01+0000,1778515741.8643444,4,PostgreSQL+Citus,citus_uniform,before,citus_items,102215,citus-worker-0,5432,True,3000
2026-05-11T16:09:01+0000,1778515741.8643463,4,PostgreSQL+Citus,citus_uniform,before,citus_items,102216,citus-worker-1,5432,False,3000
2026-05-11T16:09:01+0000,1778515741.8643484,4,PostgreSQL+Citus,citus_uniform,before,citus_items,102217,citus-worker-2,5432,False,3000
2026-05-11T16:09:01+0000,1778515741.8643503,4,PostgreSQL+Citus,citus_uniform,before,citus_items,102218,citus-worker-0,5432,False,3000
2026-05-11T16:09:01+0000,1778515741.8643517,4,PostgreSQL+Citus,citus_uniform,before,citus_items,102219,citus-worker-1,5432,False,3000
2026-05-11T16:09:01+0000,1778515741.8643532,4,PostgreSQL+Citus,citus_uniform,before,citus_items,102220,citus-worker-2,5432,False,3000
2026-05-11T16:09:01+0000,1778515741.8643553,4,PostgreSQL+Citus,citus_uniform,before,citus_items,102221,citus-worker-0,5432,False,3000
2026-05-11T16:09:01+0000,1778515741.8643572,4,PostgreSQL+Citus,citus_uniform,before,citus_items,102222,citus-worker-1,5432,False,3000
2026-05-11T16:09:01+0000,1778515741.8643594,4,PostgreSQL+Citus,citus_uniform,before,citus_items,102223,citus-worker-2,5432,False,3000
2026-05-11T16:09:01+0000,1778515741.8643622,4,PostgreSQL+Citus,citus_uniform,before,citus_items,102224,citus-worker-0,5432,False,3000
2026-05-11T16:09:01+0000,1778515741.8643641,4,PostgreSQL+Citus,citus_uniform,before,citus_items,102225,citus-worker-1,5432,False,3000
2026-05-11T16:09:01+0000,1778515741.8643656,4,PostgreSQL+Citus,citus_uniform,before,citus_items,102226,citus-worker-2,5432,False,3000
2026-05-11T16:09:01+0000,1778515741.8643672,4,PostgreSQL+Citus,citus_uniform,before,citus_items,102227,citus-worker-0,5432,False,3000
2026-05-11T16:09:01+0000,1778515741.8643694,4,PostgreSQL+Citus,citus_uniform,before,citus_items,102228,citus-worker-1,5432,False,3000
2026-05-11T16:09:01+0000,1778515741.8643713,4,PostgreSQL+Citus,citus_uniform,before,citus_items,102229,citus-worker-2,5432,False,3000
2026-05-11T16:09:01+0000,1778515741.8643732,4,PostgreSQL+Citus,citus_uniform,before,citus_items,102230,citus-worker-0,5432,False,3000
2026-05-11T16:09:01+0000,1778515741.8643754,4,PostgreSQL+Citus,citus_uniform,before,citus_items,102231,citus-worker-1,5432,False,3000
2026-05-11T16:09:05+0000,1778515745.9359324,4,PostgreSQL+Citus,citus_uniform,after,citus_items,102200,citus-worker-0,5432,False,3000
2026-05-11T16:09:05+0000,1778515745.935945,4,PostgreSQL+Citus,citus_uniform,after,citus_items,102201,citus-worker-1,5432,False,3000
2026-05-11T16:09:05+0000,1778515745.9359486,4,PostgreSQL+Citus,citus_uniform,after,citus_items,102202,citus-worker-2,5432,False,3000
2026-05-11T16:09:05+0000,1778515745.9359515,4,PostgreSQL+Citus,citus_uniform,after,citus_items,102203,citus-worker-0,5432,False,3000
2026-05-11T16:09:05+0000,1778515745.9359536,4,PostgreSQL+Citus,citus_uniform,after,citus_items,102204,citus-worker-1,5432,False,3000
2026-05-11T16:09:05+0000,1778515745.935956,4,PostgreSQL+Citus,citus_uniform,after,citus_items,102205,citus-worker-2,5432,False,3000
2026-05-11T16:09:05+0000,1778515745.9359577,4,PostgreSQL+Citus,citus_uniform,after,citus_items,102206,citus-worker-0,5432,False,3000
2026-05-11T16:09:05+0000,1778515745.9359598,4,PostgreSQL+Citus,citus_uniform,after,citus_items,102207,citus-worker-1,5432,False,3000
2026-05-11T16:09:05+0000,1778515745.9359622,4,PostgreSQL+Citus,citus_uniform,after,citus_items,102208,citus-worker-2,5432,False,3000
2026-05-11T16:09:05+0000,1778515745.9359653,4,PostgreSQL+Citus,citus_uniform,after,citus_items,102209,citus-worker-0,5432,False,3000
2026-05-11T16:09:05+0000,1778515745.9359674,4,PostgreSQL+Citus,citus_uniform,after,citus_items,102210,citus-worker-1,5432,False,3000
2026-05-11T16:09:05+0000,1778515745.9359696,4,PostgreSQL+Citus,citus_uniform,after,citus_items,102211,citus-worker-2,5432,False,3000
2026-05-11T16:09:05+0000,1778515745.9359713,4,PostgreSQL+Citus,citus_uniform,after,citus_items,102212,citus-worker-0,5432,False,3000
2026-05-11T16:09:05+0000,1778515745.9359732,4,PostgreSQL+Citus,citus_uniform,after,citus_items,102213,citus-worker-1,5432,False,3000
2026-05-11T16:09:05+0000,1778515745.9359748,4,PostgreSQL+Citus,citus_uniform,after,citus_items,102214,citus-worker-2,5432,False,3000
2026-05-11T16:09:05+0000,1778515745.9359765,4,PostgreSQL+Citus,citus_uniform,after,citus_items,102215,citus-worker-0,5432,True,3000
2026-05-11T16:09:05+0000,1778515745.9359784,4,PostgreSQL+Citus,citus_uniform,after,citus_items,102216,citus-worker-1,5432,False,3000
2026-05-11T16:09:05+0000,1778515745.9359813,4,PostgreSQL+Citus,citus_uniform,after,citus_items,102217,citus-worker-2,5432,False,3000
2026-05-11T16:09:05+0000,1778515745.935983,4,PostgreSQL+Citus,citus_uniform,after,citus_items,102218,citus-worker-0,5432,False,3000
2026-05-11T16:09:05+0000,1778515745.9359848,4,PostgreSQL+Citus,citus_uniform,after,citus_items,102219,citus-worker-1,5432,False,3000
2026-05-11T16:09:05+0000,1778515745.9359868,4,PostgreSQL+Citus,citus_uniform,after,citus_items,102220,citus-worker-2,5432,False,3000
2026-05-11T16:09:05+0000,1778515745.9359884,4,PostgreSQL+Citus,citus_uniform,after,citus_items,102221,citus-worker-0,5432,False,3000
2026-05-11T16:09:05+0000,1778515745.93599,4,PostgreSQL+Citus,citus_uniform,after,citus_items,102222,citus-worker-1,5432,False,3000
2026-05-11T16:09:05+0000,1778515745.9359915,4,PostgreSQL+Citus,citus_uniform,after,citus_items,102223,citus-worker-2,5432,False,3000
2026-05-11T16:09:05+0000,1778515745.935994,4,PostgreSQL+Citus,citus_uniform,after,citus_items,102224,citus-worker-0,5432,False,3000
2026-05-11T16:09:05+0000,1778515745.9359958,4,PostgreSQL+Citus,citus_uniform,after,citus_items,102225,citus-worker-1,5432,False,3000
2026-05-11T16:09:05+0000,1778515745.9359975,4,PostgreSQL+Citus,citus_uniform,after,citus_items,102226,citus-worker-2,5432,False,3000
2026-05-11T16:09:05+0000,1778515745.935999,4,PostgreSQL+Citus,citus_uniform,after,citus_items,102227,citus-worker-0,5432,False,3000
2026-05-11T16:09:05+0000,1778515745.9360006,4,PostgreSQL+Citus,citus_uniform,after,citus_items,102228,citus-worker-1,5432,False,3000
2026-05-11T16:09:05+0000,1778515745.9360023,4,PostgreSQL+Citus,citus_uniform,after,citus_items,102229,citus-worker-2,5432,False,3000
2026-05-11T16:09:05+0000,1778515745.9360044,4,PostgreSQL+Citus,citus_uniform,after,citus_items,102230,citus-worker-0,5432,False,3000
2026-05-11T16:09:05+0000,1778515745.9360065,4,PostgreSQL+Citus,citus_uniform,after,citus_items,102231,citus-worker-1,5432,False,3000
2026-05-11T16:09:05+0000,1778515745.9536526,4,PostgreSQL+Citus,citus_hot70,before,citus_items,102200,citus-worker-0,5432,False,3000
2026-05-11T16:09:05+0000,1778515745.9536614,4,PostgreSQL+Citus,citus_hot70,before,citus_items,102201,citus-worker-1,5432,False,3000
2026-05-11T16:09:05+0000,1778515745.953664,4,PostgreSQL+Citus,citus_hot70,before,citus_items,102202,citus-worker-2,5432,False,3000
2026-05-11T16:09:05+0000,1778515745.953666,4,PostgreSQL+Citus,citus_hot70,before,citus_items,102203,citus-worker-0,5432,False,3000
2026-05-11T16:09:05+0000,1778515745.9536679,4,PostgreSQL+Citus,citus_hot70,before,citus_items,102204,citus-worker-1,5432,False,3000
2026-05-11T16:09:05+0000,1778515745.9536695,4,PostgreSQL+Citus,citus_hot70,before,citus_items,102205,citus-worker-2,5432,False,3000
2026-05-11T16:09:05+0000,1778515745.9536712,4,PostgreSQL+Citus,citus_hot70,before,citus_items,102206,citus-worker-0,5432,False,3000
2026-05-11T16:09:05+0000,1778515745.953673,4,PostgreSQL+Citus,citus_hot70,before,citus_items,102207,citus-worker-1,5432,False,3000
2026-05-11T16:09:05+0000,1778515745.9536746,4,PostgreSQL+Citus,citus_hot70,before,citus_items,102208,citus-worker-2,5432,False,3000
2026-05-11T16:09:05+0000,1778515745.9536767,4,PostgreSQL+Citus,citus_hot70,before,citus_items,102209,citus-worker-0,5432,False,3000
2026-05-11T16:09:05+0000,1778515745.9536784,4,PostgreSQL+Citus,citus_hot70,before,citus_items,102210,citus-worker-1,5432,False,3000
2026-05-11T16:09:05+0000,1778515745.95368,4,PostgreSQL+Citus,citus_hot70,before,citus_items,102211,citus-worker-2,5432,False,3000
2026-05-11T16:09:05+0000,1778515745.9536815,4,PostgreSQL+Citus,citus_hot70,before,citus_items,102212,citus-worker-0,5432,False,3000
2026-05-11T16:09:05+0000,1778515745.9536827,4,PostgreSQL+Citus,citus_hot70,before,citus_items,102213,citus-worker-1,5432,False,3000
2026-05-11T16:09:05+0000,1778515745.9536839,4,PostgreSQL+Citus,citus_hot70,before,citus_items,102214,citus-worker-2,5432,False,3000
2026-05-11T16:09:05+0000,1778515745.9536858,4,PostgreSQL+Citus,citus_hot70,before,citus_items,102215,citus-worker-0,5432,True,3000
2026-05-11T16:09:05+0000,1778515745.9536877,4,PostgreSQL+Citus,citus_hot70,before,citus_items,102216,citus-worker-1,5432,False,3000
2026-05-11T16:09:05+0000,1778515745.9536893,4,PostgreSQL+Citus,citus_hot70,before,citus_items,102217,citus-worker-2,5432,False,3000
2026-05-11T16:09:05+0000,1778515745.9536908,4,PostgreSQL+Citus,citus_hot70,before,citus_items,102218,citus-worker-0,5432,False,3000
2026-05-11T16:09:05+0000,1778515745.9536924,4,PostgreSQL+Citus,citus_hot70,before,citus_items,102219,citus-worker-1,5432,False,3000
2026-05-11T16:09:05+0000,1778515745.9536939,4,PostgreSQL+Citus,citus_hot70,before,citus_items,102220,citus-worker-2,5432,False,3000
2026-05-11T16:09:05+0000,1778515745.9536953,4,PostgreSQL+Citus,citus_hot70,before,citus_items,102221,citus-worker-0,5432,False,3000
2026-05-11T16:09:05+0000,1778515745.9536965,4,PostgreSQL+Citus,citus_hot70,before,citus_items,102222,citus-worker-1,5432,False,3000
2026-05-11T16:09:05+0000,1778515745.9536982,4,PostgreSQL+Citus,citus_hot70,before,citus_items,102223,citus-worker-2,5432,False,3000
2026-05-11T16:09:05+0000,1778515745.9536998,4,PostgreSQL+Citus,citus_hot70,before,citus_items,102224,citus-worker-0,5432,False,3000
2026-05-11T16:09:05+0000,1778515745.9537017,4,PostgreSQL+Citus,citus_hot70,before,citus_items,102225,citus-worker-1,5432,False,3000
2026-05-11T16:09:05+0000,1778515745.9537032,4,PostgreSQL+Citus,citus_hot70,before,citus_items,102226,citus-worker-2,5432,False,3000
2026-05-11T16:09:05+0000,1778515745.9537046,4,PostgreSQL+Citus,citus_hot70,before,citus_items,102227,citus-worker-0,5432,False,3000
2026-05-11T16:09:05+0000,1778515745.953706,4,PostgreSQL+Citus,citus_hot70,before,citus_items,102228,citus-worker-1,5432,False,3000
2026-05-11T16:09:05+0000,1778515745.9537072,4,PostgreSQL+Citus,citus_hot70,before,citus_items,102229,citus-worker-2,5432,False,3000
2026-05-11T16:09:05+0000,1778515745.9537091,4,PostgreSQL+Citus,citus_hot70,before,citus_items,102230,citus-worker-0,5432,False,3000
2026-05-11T16:09:05+0000,1778515745.9537108,4,PostgreSQL+Citus,citus_hot70,before,citus_items,102231,citus-worker-1,5432,False,3000
2026-05-11T16:09:10+0000,1778515750.0306704,4,PostgreSQL+Citus,citus_hot70,after,citus_items,102200,citus-worker-0,5432,False,3000
2026-05-11T16:09:10+0000,1778515750.030686,4,PostgreSQL+Citus,citus_hot70,after,citus_items,102201,citus-worker-1,5432,False,3000
2026-05-11T16:09:10+0000,1778515750.0306895,4,PostgreSQL+Citus,citus_hot70,after,citus_items,102202,citus-worker-2,5432,False,3000
2026-05-11T16:09:10+0000,1778515750.030692,4,PostgreSQL+Citus,citus_hot70,after,citus_items,102203,citus-worker-0,5432,False,3000
2026-05-11T16:09:10+0000,1778515750.0306945,4,PostgreSQL+Citus,citus_hot70,after,citus_items,102204,citus-worker-1,5432,False,3000
2026-05-11T16:09:10+0000,1778515750.0306969,4,PostgreSQL+Citus,citus_hot70,after,citus_items,102205,citus-worker-2,5432,False,3000
2026-05-11T16:09:10+0000,1778515750.030699,4,PostgreSQL+Citus,citus_hot70,after,citus_items,102206,citus-worker-0,5432,False,3000
2026-05-11T16:09:10+0000,1778515750.0307012,4,PostgreSQL+Citus,citus_hot70,after,citus_items,102207,citus-worker-1,5432,False,3000
2026-05-11T16:09:10+0000,1778515750.0307033,4,PostgreSQL+Citus,citus_hot70,after,citus_items,102208,citus-worker-2,5432,False,3000
2026-05-11T16:09:10+0000,1778515750.0307055,4,PostgreSQL+Citus,citus_hot70,after,citus_items,102209,citus-worker-0,5432,False,3000
2026-05-11T16:09:10+0000,1778515750.030707,4,PostgreSQL+Citus,citus_hot70,after,citus_items,102210,citus-worker-1,5432,False,3000
2026-05-11T16:09:10+0000,1778515750.0307088,4,PostgreSQL+Citus,citus_hot70,after,citus_items,102211,citus-worker-2,5432,False,3000
2026-05-11T16:09:10+0000,1778515750.03071,4,PostgreSQL+Citus,citus_hot70,after,citus_items,102212,citus-worker-0,5432,False,3000
2026-05-11T16:09:10+0000,1778515750.0307114,4,PostgreSQL+Citus,citus_hot70,after,citus_items,102213,citus-worker-1,5432,False,3000
2026-05-11T16:09:10+0000,1778515750.030713,4,PostgreSQL+Citus,citus_hot70,after,citus_items,102214,citus-worker-2,5432,False,3000
2026-05-11T16:09:10+0000,1778515750.0307145,4,PostgreSQL+Citus,citus_hot70,after,citus_items,102215,citus-worker-0,5432,True,3000
2026-05-11T16:09:10+0000,1778515750.0307171,4,PostgreSQL+Citus,citus_hot70,after,citus_items,102216,citus-worker-1,5432,False,3000
2026-05-11T16:09:10+0000,1778515750.03072,4,PostgreSQL+Citus,citus_hot70,after,citus_items,102217,citus-worker-2,5432,False,3000
2026-05-11T16:09:10+0000,1778515750.0307224,4,PostgreSQL+Citus,citus_hot70,after,citus_items,102218,citus-worker-0,5432,False,3000
2026-05-11T16:09:10+0000,1778515750.0307243,4,PostgreSQL+Citus,citus_hot70,after,citus_items,102219,citus-worker-1,5432,False,3000
2026-05-11T16:09:10+0000,1778515750.0307274,4,PostgreSQL+Citus,citus_hot70,after,citus_items,102220,citus-worker-2,5432,False,3000
2026-05-11T16:09:10+0000,1778515750.0307293,4,PostgreSQL+Citus,citus_hot70,after,citus_items,102221,citus-worker-0,5432,False,3000
2026-05-11T16:09:10+0000,1778515750.0307312,4,PostgreSQL+Citus,citus_hot70,after,citus_items,102222,citus-worker-1,5432,False,3000
2026-05-11T16:09:10+0000,1778515750.0307338,4,PostgreSQL+Citus,citus_hot70,after,citus_items,102223,citus-worker-2,5432,False,3000
2026-05-11T16:09:10+0000,1778515750.030736,4,PostgreSQL+Citus,citus_hot70,after,citus_items,102224,citus-worker-0,5432,False,3000
2026-05-11T16:09:10+0000,1778515750.0307388,4,PostgreSQL+Citus,citus_hot70,after,citus_items,102225,citus-worker-1,5432,False,3000
2026-05-11T16:09:10+0000,1778515750.0307417,4,PostgreSQL+Citus,citus_hot70,after,citus_items,102226,citus-worker-2,5432,False,3000
2026-05-11T16:09:10+0000,1778515750.0307434,4,PostgreSQL+Citus,citus_hot70,after,citus_items,102227,citus-worker-0,5432,False,3000
2026-05-11T16:09:10+0000,1778515750.0307453,4,PostgreSQL+Citus,citus_hot70,after,citus_items,102228,citus-worker-1,5432,False,3000
2026-05-11T16:09:10+0000,1778515750.0307472,4,PostgreSQL+Citus,citus_hot70,after,citus_items,102229,citus-worker-2,5432,False,3000
2026-05-11T16:09:10+0000,1778515750.0307484,4,PostgreSQL+Citus,citus_hot70,after,citus_items,102230,citus-worker-0,5432,False,3000
2026-05-11T16:09:10+0000,1778515750.0307505,4,PostgreSQL+Citus,citus_hot70,after,citus_items,102231,citus-worker-1,5432,False,3000
2026-05-11T16:09:10+0000,1778515750.0477574,4,PostgreSQL+Citus,citus_hot90,before,citus_items,102200,citus-worker-0,5432,False,3000
2026-05-11T16:09:10+0000,1778515750.0477695,4,PostgreSQL+Citus,citus_hot90,before,citus_items,102201,citus-worker-1,5432,False,3000
2026-05-11T16:09:10+0000,1778515750.0477731,4,PostgreSQL+Citus,citus_hot90,before,citus_items,102202,citus-worker-2,5432,False,3000
2026-05-11T16:09:10+0000,1778515750.0477757,4,PostgreSQL+Citus,citus_hot90,before,citus_items,102203,citus-worker-0,5432,False,3000
2026-05-11T16:09:10+0000,1778515750.0477784,4,PostgreSQL+Citus,citus_hot90,before,citus_items,102204,citus-worker-1,5432,False,3000
2026-05-11T16:09:10+0000,1778515750.0477805,4,PostgreSQL+Citus,citus_hot90,before,citus_items,102205,citus-worker-2,5432,False,3000
2026-05-11T16:09:10+0000,1778515750.0477824,4,PostgreSQL+Citus,citus_hot90,before,citus_items,102206,citus-worker-0,5432,False,3000
2026-05-11T16:09:10+0000,1778515750.0477846,4,PostgreSQL+Citus,citus_hot90,before,citus_items,102207,citus-worker-1,5432,False,3000
2026-05-11T16:09:10+0000,1778515750.0477867,4,PostgreSQL+Citus,citus_hot90,before,citus_items,102208,citus-worker-2,5432,False,3000
2026-05-11T16:09:10+0000,1778515750.0477896,4,PostgreSQL+Citus,citus_hot90,before,citus_items,102209,citus-worker-0,5432,False,3000
2026-05-11T16:09:10+0000,1778515750.047791,4,PostgreSQL+Citus,citus_hot90,before,citus_items,102210,citus-worker-1,5432,False,3000
2026-05-11T16:09:10+0000,1778515750.047793,4,PostgreSQL+Citus,citus_hot90,before,citus_items,102211,citus-worker-2,5432,False,3000
2026-05-11T16:09:10+0000,1778515750.0477943,4,PostgreSQL+Citus,citus_hot90,before,citus_items,102212,citus-worker-0,5432,False,3000
2026-05-11T16:09:10+0000,1778515750.0477962,4,PostgreSQL+Citus,citus_hot90,before,citus_items,102213,citus-worker-1,5432,False,3000
2026-05-11T16:09:10+0000,1778515750.0477982,4,PostgreSQL+Citus,citus_hot90,before,citus_items,102214,citus-worker-2,5432,False,3000
2026-05-11T16:09:10+0000,1778515750.0478,4,PostgreSQL+Citus,citus_hot90,before,citus_items,102215,citus-worker-0,5432,True,3000
2026-05-11T16:09:10+0000,1778515750.047802,4,PostgreSQL+Citus,citus_hot90,before,citus_items,102216,citus-worker-1,5432,False,3000
2026-05-11T16:09:10+0000,1778515750.0478039,4,PostgreSQL+Citus,citus_hot90,before,citus_items,102217,citus-worker-2,5432,False,3000
2026-05-11T16:09:10+0000,1778515750.0478055,4,PostgreSQL+Citus,citus_hot90,before,citus_items,102218,citus-worker-0,5432,False,3000
2026-05-11T16:09:10+0000,1778515750.0478075,4,PostgreSQL+Citus,citus_hot90,before,citus_items,102219,citus-worker-1,5432,False,3000
2026-05-11T16:09:10+0000,1778515750.0478094,4,PostgreSQL+Citus,citus_hot90,before,citus_items,102220,citus-worker-2,5432,False,3000
2026-05-11T16:09:10+0000,1778515750.0478108,4,PostgreSQL+Citus,citus_hot90,before,citus_items,102221,citus-worker-0,5432,False,3000
2026-05-11T16:09:10+0000,1778515750.0478127,4,PostgreSQL+Citus,citus_hot90,before,citus_items,102222,citus-worker-1,5432,False,3000
2026-05-11T16:09:10+0000,1778515750.0478144,4,PostgreSQL+Citus,citus_hot90,before,citus_items,102223,citus-worker-2,5432,False,3000
2026-05-11T16:09:10+0000,1778515750.047816,4,PostgreSQL+Citus,citus_hot90,before,citus_items,102224,citus-worker-0,5432,False,3000
2026-05-11T16:09:10+0000,1778515750.047818,4,PostgreSQL+Citus,citus_hot90,before,citus_items,102225,citus-worker-1,5432,False,3000
2026-05-11T16:09:10+0000,1778515750.0478199,4,PostgreSQL+Citus,citus_hot90,before,citus_items,102226,citus-worker-2,5432,False,3000
2026-05-11T16:09:10+0000,1778515750.0478213,4,PostgreSQL+Citus,citus_hot90,before,citus_items,102227,citus-worker-0,5432,False,3000
2026-05-11T16:09:10+0000,1778515750.0479438,4,PostgreSQL+Citus,citus_hot90,before,citus_items,102228,citus-worker-1,5432,False,3000
2026-05-11T16:09:10+0000,1778515750.0479608,4,PostgreSQL+Citus,citus_hot90,before,citus_items,102229,citus-worker-2,5432,False,3000
2026-05-11T16:09:10+0000,1778515750.0479643,4,PostgreSQL+Citus,citus_hot90,before,citus_items,102230,citus-worker-0,5432,False,3000
2026-05-11T16:09:10+0000,1778515750.047968,4,PostgreSQL+Citus,citus_hot90,before,citus_items,102231,citus-worker-1,5432,False,3000
2026-05-11T16:09:14+0000,1778515754.0349894,4,PostgreSQL+Citus,citus_hot90,after,citus_items,102200,citus-worker-0,5432,False,3000
2026-05-11T16:09:14+0000,1778515754.035001,4,PostgreSQL+Citus,citus_hot90,after,citus_items,102201,citus-worker-1,5432,False,3000
2026-05-11T16:09:14+0000,1778515754.0350037,4,PostgreSQL+Citus,citus_hot90,after,citus_items,102202,citus-worker-2,5432,False,3000
2026-05-11T16:09:14+0000,1778515754.035005,4,PostgreSQL+Citus,citus_hot90,after,citus_items,102203,citus-worker-0,5432,False,3000
2026-05-11T16:09:14+0000,1778515754.035007,4,PostgreSQL+Citus,citus_hot90,after,citus_items,102204,citus-worker-1,5432,False,3000
2026-05-11T16:09:14+0000,1778515754.0350084,4,PostgreSQL+Citus,citus_hot90,after,citus_items,102205,citus-worker-2,5432,False,3000
2026-05-11T16:09:14+0000,1778515754.0350099,4,PostgreSQL+Citus,citus_hot90,after,citus_items,102206,citus-worker-0,5432,False,3000
2026-05-11T16:09:14+0000,1778515754.0350115,4,PostgreSQL+Citus,citus_hot90,after,citus_items,102207,citus-worker-1,5432,False,3000
2026-05-11T16:09:14+0000,1778515754.0350132,4,PostgreSQL+Citus,citus_hot90,after,citus_items,102208,citus-worker-2,5432,False,3000
2026-05-11T16:09:14+0000,1778515754.0350149,4,PostgreSQL+Citus,citus_hot90,after,citus_items,102209,citus-worker-0,5432,False,3000
2026-05-11T16:09:14+0000,1778515754.0350165,4,PostgreSQL+Citus,citus_hot90,after,citus_items,102210,citus-worker-1,5432,False,3000
2026-05-11T16:09:14+0000,1778515754.0350177,4,PostgreSQL+Citus,citus_hot90,after,citus_items,102211,citus-worker-2,5432,False,3000
2026-05-11T16:09:14+0000,1778515754.0350192,4,PostgreSQL+Citus,citus_hot90,after,citus_items,102212,citus-worker-0,5432,False,3000
2026-05-11T16:09:14+0000,1778515754.0350208,4,PostgreSQL+Citus,citus_hot90,after,citus_items,102213,citus-worker-1,5432,False,3000
2026-05-11T16:09:14+0000,1778515754.035022,4,PostgreSQL+Citus,citus_hot90,after,citus_items,102214,citus-worker-2,5432,False,3000
2026-05-11T16:09:14+0000,1778515754.0350237,4,PostgreSQL+Citus,citus_hot90,after,citus_items,102215,citus-worker-0,5432,True,3000
2026-05-11T16:09:14+0000,1778515754.0350251,4,PostgreSQL+Citus,citus_hot90,after,citus_items,102216,citus-worker-1,5432,False,3000
2026-05-11T16:09:14+0000,1778515754.0350268,4,PostgreSQL+Citus,citus_hot90,after,citus_items,102217,citus-worker-2,5432,False,3000
2026-05-11T16:09:14+0000,1778515754.035028,4,PostgreSQL+Citus,citus_hot90,after,citus_items,102218,citus-worker-0,5432,False,3000
2026-05-11T16:09:14+0000,1778515754.0350294,4,PostgreSQL+Citus,citus_hot90,after,citus_items,102219,citus-worker-1,5432,False,3000
2026-05-11T16:09:14+0000,1778515754.035031,4,PostgreSQL+Citus,citus_hot90,after,citus_items,102220,citus-worker-2,5432,False,3000
2026-05-11T16:09:14+0000,1778515754.0350325,4,PostgreSQL+Citus,citus_hot90,after,citus_items,102221,citus-worker-0,5432,False,3000
2026-05-11T16:09:14+0000,1778515754.035034,4,PostgreSQL+Citus,citus_hot90,after,citus_items,102222,citus-worker-1,5432,False,3000
2026-05-11T16:09:14+0000,1778515754.0350351,4,PostgreSQL+Citus,citus_hot90,after,citus_items,102223,citus-worker-2,5432,False,3000
2026-05-11T16:09:14+0000,1778515754.0350363,4,PostgreSQL+Citus,citus_hot90,after,citus_items,102224,citus-worker-0,5432,False,3000
2026-05-11T16:09:14+0000,1778515754.0350382,4,PostgreSQL+Citus,citus_hot90,after,citus_items,102225,citus-worker-1,5432,False,3000
2026-05-11T16:09:14+0000,1778515754.0350394,4,PostgreSQL+Citus,citus_hot90,after,citus_items,102226,citus-worker-2,5432,False,3000
2026-05-11T16:09:14+0000,1778515754.035041,4,PostgreSQL+Citus,citus_hot90,after,citus_items,102227,citus-worker-0,5432,False,3000
2026-05-11T16:09:14+0000,1778515754.0350423,4,PostgreSQL+Citus,citus_hot90,after,citus_items,102228,citus-worker-1,5432,False,3000
2026-05-11T16:09:14+0000,1778515754.0350435,4,PostgreSQL+Citus,citus_hot90,after,citus_items,102229,citus-worker-2,5432,False,3000
2026-05-11T16:09:14+0000,1778515754.0350451,4,PostgreSQL+Citus,citus_hot90,after,citus_items,102230,citus-worker-0,5432,False,3000
2026-05-11T16:09:14+0000,1778515754.0350466,4,PostgreSQL+Citus,citus_hot90,after,citus_items,102231,citus-worker-1,5432,False,3000
2026-05-11T16:09:15+0000,1778515755.381979,5,PostgreSQL+Citus,citus_uniform,before,citus_items,102264,citus-worker-0,5432,False,3000
2026-05-11T16:09:15+0000,1778515755.3819878,5,PostgreSQL+Citus,citus_uniform,before,citus_items,102265,citus-worker-1,5432,False,3000
2026-05-11T16:09:15+0000,1778515755.381993,5,PostgreSQL+Citus,citus_uniform,before,citus_items,102266,citus-worker-2,5432,False,3000
2026-05-11T16:09:15+0000,1778515755.3819945,5,PostgreSQL+Citus,citus_uniform,before,citus_items,102267,citus-worker-0,5432,False,3000
2026-05-11T16:09:15+0000,1778515755.3819966,5,PostgreSQL+Citus,citus_uniform,before,citus_items,102268,citus-worker-1,5432,False,3000
2026-05-11T16:09:15+0000,1778515755.3819983,5,PostgreSQL+Citus,citus_uniform,before,citus_items,102269,citus-worker-2,5432,False,3000
2026-05-11T16:09:15+0000,1778515755.3820002,5,PostgreSQL+Citus,citus_uniform,before,citus_items,102270,citus-worker-0,5432,False,3000
2026-05-11T16:09:15+0000,1778515755.3820014,5,PostgreSQL+Citus,citus_uniform,before,citus_items,102271,citus-worker-1,5432,False,3000
2026-05-11T16:09:15+0000,1778515755.3820026,5,PostgreSQL+Citus,citus_uniform,before,citus_items,102272,citus-worker-2,5432,False,3000
2026-05-11T16:09:15+0000,1778515755.3820043,5,PostgreSQL+Citus,citus_uniform,before,citus_items,102273,citus-worker-0,5432,False,3000
2026-05-11T16:09:15+0000,1778515755.3820055,5,PostgreSQL+Citus,citus_uniform,before,citus_items,102274,citus-worker-1,5432,False,3000
2026-05-11T16:09:15+0000,1778515755.3820071,5,PostgreSQL+Citus,citus_uniform,before,citus_items,102275,citus-worker-2,5432,False,3000
2026-05-11T16:09:15+0000,1778515755.3820083,5,PostgreSQL+Citus,citus_uniform,before,citus_items,102276,citus-worker-0,5432,False,3000
2026-05-11T16:09:15+0000,1778515755.3820107,5,PostgreSQL+Citus,citus_uniform,before,citus_items,102277,citus-worker-1,5432,False,3000
2026-05-11T16:09:15+0000,1778515755.3820117,5,PostgreSQL+Citus,citus_uniform,before,citus_items,102278,citus-worker-2,5432,False,3000
2026-05-11T16:09:15+0000,1778515755.3820128,5,PostgreSQL+Citus,citus_uniform,before,citus_items,102279,citus-worker-0,5432,True,3000
2026-05-11T16:09:15+0000,1778515755.3820143,5,PostgreSQL+Citus,citus_uniform,before,citus_items,102280,citus-worker-1,5432,False,3000
2026-05-11T16:09:15+0000,1778515755.3820155,5,PostgreSQL+Citus,citus_uniform,before,citus_items,102281,citus-worker-2,5432,False,3000
2026-05-11T16:09:15+0000,1778515755.3820167,5,PostgreSQL+Citus,citus_uniform,before,citus_items,102282,citus-worker-0,5432,False,3000
2026-05-11T16:09:15+0000,1778515755.382018,5,PostgreSQL+Citus,citus_uniform,before,citus_items,102283,citus-worker-1,5432,False,3000
2026-05-11T16:09:15+0000,1778515755.3820193,5,PostgreSQL+Citus,citus_uniform,before,citus_items,102284,citus-worker-2,5432,False,3000
2026-05-11T16:09:15+0000,1778515755.3820207,5,PostgreSQL+Citus,citus_uniform,before,citus_items,102285,citus-worker-0,5432,False,3000
2026-05-11T16:09:15+0000,1778515755.3820224,5,PostgreSQL+Citus,citus_uniform,before,citus_items,102286,citus-worker-1,5432,False,3000
2026-05-11T16:09:15+0000,1778515755.382024,5,PostgreSQL+Citus,citus_uniform,before,citus_items,102287,citus-worker-2,5432,False,3000
2026-05-11T16:09:15+0000,1778515755.3820255,5,PostgreSQL+Citus,citus_uniform,before,citus_items,102288,citus-worker-0,5432,False,3000
2026-05-11T16:09:15+0000,1778515755.3820267,5,PostgreSQL+Citus,citus_uniform,before,citus_items,102289,citus-worker-1,5432,False,3000
2026-05-11T16:09:15+0000,1778515755.382028,5,PostgreSQL+Citus,citus_uniform,before,citus_items,102290,citus-worker-2,5432,False,3000
2026-05-11T16:09:15+0000,1778515755.3820293,5,PostgreSQL+Citus,citus_uniform,before,citus_items,102291,citus-worker-0,5432,False,3000
2026-05-11T16:09:15+0000,1778515755.382031,5,PostgreSQL+Citus,citus_uniform,before,citus_items,102292,citus-worker-1,5432,False,3000
2026-05-11T16:09:15+0000,1778515755.3820322,5,PostgreSQL+Citus,citus_uniform,before,citus_items,102293,citus-worker-2,5432,False,3000
2026-05-11T16:09:15+0000,1778515755.3820333,5,PostgreSQL+Citus,citus_uniform,before,citus_items,102294,citus-worker-0,5432,False,3000
2026-05-11T16:09:15+0000,1778515755.382035,5,PostgreSQL+Citus,citus_uniform,before,citus_items,102295,citus-worker-1,5432,False,3000
2026-05-11T16:09:19+0000,1778515759.4285145,5,PostgreSQL+Citus,citus_uniform,after,citus_items,102264,citus-worker-0,5432,False,3000
2026-05-11T16:09:19+0000,1778515759.4285252,5,PostgreSQL+Citus,citus_uniform,after,citus_items,102265,citus-worker-1,5432,False,3000
2026-05-11T16:09:19+0000,1778515759.4285274,5,PostgreSQL+Citus,citus_uniform,after,citus_items,102266,citus-worker-2,5432,False,3000
2026-05-11T16:09:19+0000,1778515759.4285293,5,PostgreSQL+Citus,citus_uniform,after,citus_items,102267,citus-worker-0,5432,False,3000
2026-05-11T16:09:19+0000,1778515759.42853,5,PostgreSQL+Citus,citus_uniform,after,citus_items,102268,citus-worker-1,5432,False,3000
2026-05-11T16:09:19+0000,1778515759.428532,5,PostgreSQL+Citus,citus_uniform,after,citus_items,102269,citus-worker-2,5432,False,3000
2026-05-11T16:09:19+0000,1778515759.4285333,5,PostgreSQL+Citus,citus_uniform,after,citus_items,102270,citus-worker-0,5432,False,3000
2026-05-11T16:09:19+0000,1778515759.4285345,5,PostgreSQL+Citus,citus_uniform,after,citus_items,102271,citus-worker-1,5432,False,3000
2026-05-11T16:09:19+0000,1778515759.4285383,5,PostgreSQL+Citus,citus_uniform,after,citus_items,102272,citus-worker-2,5432,False,3000
2026-05-11T16:09:19+0000,1778515759.4285407,5,PostgreSQL+Citus,citus_uniform,after,citus_items,102273,citus-worker-0,5432,False,3000
2026-05-11T16:09:19+0000,1778515759.4285421,5,PostgreSQL+Citus,citus_uniform,after,citus_items,102274,citus-worker-1,5432,False,3000
2026-05-11T16:09:19+0000,1778515759.4285438,5,PostgreSQL+Citus,citus_uniform,after,citus_items,102275,citus-worker-2,5432,False,3000
2026-05-11T16:09:19+0000,1778515759.4285455,5,PostgreSQL+Citus,citus_uniform,after,citus_items,102276,citus-worker-0,5432,False,3000
2026-05-11T16:09:19+0000,1778515759.4285471,5,PostgreSQL+Citus,citus_uniform,after,citus_items,102277,citus-worker-1,5432,False,3000
2026-05-11T16:09:19+0000,1778515759.4285488,5,PostgreSQL+Citus,citus_uniform,after,citus_items,102278,citus-worker-2,5432,False,3000
2026-05-11T16:09:19+0000,1778515759.4285505,5,PostgreSQL+Citus,citus_uniform,after,citus_items,102279,citus-worker-0,5432,True,3000
2026-05-11T16:09:19+0000,1778515759.428552,5,PostgreSQL+Citus,citus_uniform,after,citus_items,102280,citus-worker-1,5432,False,3000
2026-05-11T16:09:19+0000,1778515759.4285538,5,PostgreSQL+Citus,citus_uniform,after,citus_items,102281,citus-worker-2,5432,False,3000
2026-05-11T16:09:19+0000,1778515759.428555,5,PostgreSQL+Citus,citus_uniform,after,citus_items,102282,citus-worker-0,5432,False,3000
2026-05-11T16:09:19+0000,1778515759.4285572,5,PostgreSQL+Citus,citus_uniform,after,citus_items,102283,citus-worker-1,5432,False,3000
2026-05-11T16:09:19+0000,1778515759.4285583,5,PostgreSQL+Citus,citus_uniform,after,citus_items,102284,citus-worker-2,5432,False,3000
2026-05-11T16:09:19+0000,1778515759.4285598,5,PostgreSQL+Citus,citus_uniform,after,citus_items,102285,citus-worker-0,5432,False,3000
2026-05-11T16:09:19+0000,1778515759.4285614,5,PostgreSQL+Citus,citus_uniform,after,citus_items,102286,citus-worker-1,5432,False,3000
2026-05-11T16:09:19+0000,1778515759.4285626,5,PostgreSQL+Citus,citus_uniform,after,citus_items,102287,citus-worker-2,5432,False,3000
2026-05-11T16:09:19+0000,1778515759.4285645,5,PostgreSQL+Citus,citus_uniform,after,citus_items,102288,citus-worker-0,5432,False,3000
2026-05-11T16:09:19+0000,1778515759.4285657,5,PostgreSQL+Citus,citus_uniform,after,citus_items,102289,citus-worker-1,5432,False,3000
2026-05-11T16:09:19+0000,1778515759.4285674,5,PostgreSQL+Citus,citus_uniform,after,citus_items,102290,citus-worker-2,5432,False,3000
2026-05-11T16:09:19+0000,1778515759.4285688,5,PostgreSQL+Citus,citus_uniform,after,citus_items,102291,citus-worker-0,5432,False,3000
2026-05-11T16:09:19+0000,1778515759.42857,5,PostgreSQL+Citus,citus_uniform,after,citus_items,102292,citus-worker-1,5432,False,3000
2026-05-11T16:09:19+0000,1778515759.4285715,5,PostgreSQL+Citus,citus_uniform,after,citus_items,102293,citus-worker-2,5432,False,3000
2026-05-11T16:09:19+0000,1778515759.4285731,5,PostgreSQL+Citus,citus_uniform,after,citus_items,102294,citus-worker-0,5432,False,3000
2026-05-11T16:09:19+0000,1778515759.4285748,5,PostgreSQL+Citus,citus_uniform,after,citus_items,102295,citus-worker-1,5432,False,3000
2026-05-11T16:09:19+0000,1778515759.4462998,5,PostgreSQL+Citus,citus_hot70,before,citus_items,102264,citus-worker-0,5432,False,3000
2026-05-11T16:09:19+0000,1778515759.4463108,5,PostgreSQL+Citus,citus_hot70,before,citus_items,102265,citus-worker-1,5432,False,3000
2026-05-11T16:09:19+0000,1778515759.4463134,5,PostgreSQL+Citus,citus_hot70,before,citus_items,102266,citus-worker-2,5432,False,3000
2026-05-11T16:09:19+0000,1778515759.446316,5,PostgreSQL+Citus,citus_hot70,before,citus_items,102267,citus-worker-0,5432,False,3000
2026-05-11T16:09:19+0000,1778515759.4463177,5,PostgreSQL+Citus,citus_hot70,before,citus_items,102268,citus-worker-1,5432,False,3000
2026-05-11T16:09:19+0000,1778515759.44632,5,PostgreSQL+Citus,citus_hot70,before,citus_items,102269,citus-worker-2,5432,False,3000
2026-05-11T16:09:19+0000,1778515759.4463222,5,PostgreSQL+Citus,citus_hot70,before,citus_items,102270,citus-worker-0,5432,False,3000
2026-05-11T16:09:19+0000,1778515759.4463248,5,PostgreSQL+Citus,citus_hot70,before,citus_items,102271,citus-worker-1,5432,False,3000
2026-05-11T16:09:19+0000,1778515759.4463265,5,PostgreSQL+Citus,citus_hot70,before,citus_items,102272,citus-worker-2,5432,False,3000
2026-05-11T16:09:19+0000,1778515759.4463294,5,PostgreSQL+Citus,citus_hot70,before,citus_items,102273,citus-worker-0,5432,False,3000
2026-05-11T16:09:19+0000,1778515759.4463308,5,PostgreSQL+Citus,citus_hot70,before,citus_items,102274,citus-worker-1,5432,False,3000
2026-05-11T16:09:19+0000,1778515759.4463327,5,PostgreSQL+Citus,citus_hot70,before,citus_items,102275,citus-worker-2,5432,False,3000
2026-05-11T16:09:19+0000,1778515759.4463344,5,PostgreSQL+Citus,citus_hot70,before,citus_items,102276,citus-worker-0,5432,False,3000
2026-05-11T16:09:19+0000,1778515759.4463363,5,PostgreSQL+Citus,citus_hot70,before,citus_items,102277,citus-worker-1,5432,False,3000
2026-05-11T16:09:19+0000,1778515759.4463384,5,PostgreSQL+Citus,citus_hot70,before,citus_items,102278,citus-worker-2,5432,False,3000
2026-05-11T16:09:19+0000,1778515759.4463398,5,PostgreSQL+Citus,citus_hot70,before,citus_items,102279,citus-worker-0,5432,True,3000
2026-05-11T16:09:19+0000,1778515759.4463427,5,PostgreSQL+Citus,citus_hot70,before,citus_items,102280,citus-worker-1,5432,False,3000
2026-05-11T16:09:19+0000,1778515759.4463446,5,PostgreSQL+Citus,citus_hot70,before,citus_items,102281,citus-worker-2,5432,False,3000
2026-05-11T16:09:19+0000,1778515759.4463465,5,PostgreSQL+Citus,citus_hot70,before,citus_items,102282,citus-worker-0,5432,False,3000
2026-05-11T16:09:19+0000,1778515759.446349,5,PostgreSQL+Citus,citus_hot70,before,citus_items,102283,citus-worker-1,5432,False,3000
2026-05-11T16:09:19+0000,1778515759.446351,5,PostgreSQL+Citus,citus_hot70,before,citus_items,102284,citus-worker-2,5432,False,3000
2026-05-11T16:09:19+0000,1778515759.446353,5,PostgreSQL+Citus,citus_hot70,before,citus_items,102285,citus-worker-0,5432,False,3000
2026-05-11T16:09:19+0000,1778515759.4463546,5,PostgreSQL+Citus,citus_hot70,before,citus_items,102286,citus-worker-1,5432,False,3000
2026-05-11T16:09:19+0000,1778515759.446357,5,PostgreSQL+Citus,citus_hot70,before,citus_items,102287,citus-worker-2,5432,False,3000
2026-05-11T16:09:19+0000,1778515759.4463592,5,PostgreSQL+Citus,citus_hot70,before,citus_items,102288,citus-worker-0,5432,False,3000
2026-05-11T16:09:19+0000,1778515759.446361,5,PostgreSQL+Citus,citus_hot70,before,citus_items,102289,citus-worker-1,5432,False,3000
2026-05-11T16:09:19+0000,1778515759.446363,5,PostgreSQL+Citus,citus_hot70,before,citus_items,102290,citus-worker-2,5432,False,3000
2026-05-11T16:09:19+0000,1778515759.4463656,5,PostgreSQL+Citus,citus_hot70,before,citus_items,102291,citus-worker-0,5432,False,3000
2026-05-11T16:09:19+0000,1778515759.4463677,5,PostgreSQL+Citus,citus_hot70,before,citus_items,102292,citus-worker-1,5432,False,3000
2026-05-11T16:09:19+0000,1778515759.44637,5,PostgreSQL+Citus,citus_hot70,before,citus_items,102293,citus-worker-2,5432,False,3000
2026-05-11T16:09:19+0000,1778515759.4463716,5,PostgreSQL+Citus,citus_hot70,before,citus_items,102294,citus-worker-0,5432,False,3000
2026-05-11T16:09:19+0000,1778515759.446374,5,PostgreSQL+Citus,citus_hot70,before,citus_items,102295,citus-worker-1,5432,False,3000
2026-05-11T16:09:23+0000,1778515763.528647,5,PostgreSQL+Citus,citus_hot70,after,citus_items,102264,citus-worker-0,5432,False,3000
2026-05-11T16:09:23+0000,1778515763.5286572,5,PostgreSQL+Citus,citus_hot70,after,citus_items,102265,citus-worker-1,5432,False,3000
2026-05-11T16:09:23+0000,1778515763.5286593,5,PostgreSQL+Citus,citus_hot70,after,citus_items,102266,citus-worker-2,5432,False,3000
2026-05-11T16:09:23+0000,1778515763.5286615,5,PostgreSQL+Citus,citus_hot70,after,citus_items,102267,citus-worker-0,5432,False,3000
2026-05-11T16:09:23+0000,1778515763.5286634,5,PostgreSQL+Citus,citus_hot70,after,citus_items,102268,citus-worker-1,5432,False,3000
2026-05-11T16:09:23+0000,1778515763.5286653,5,PostgreSQL+Citus,citus_hot70,after,citus_items,102269,citus-worker-2,5432,False,3000
2026-05-11T16:09:23+0000,1778515763.5286672,5,PostgreSQL+Citus,citus_hot70,after,citus_items,102270,citus-worker-0,5432,False,3000
2026-05-11T16:09:23+0000,1778515763.5286686,5,PostgreSQL+Citus,citus_hot70,after,citus_items,102271,citus-worker-1,5432,False,3000
2026-05-11T16:09:23+0000,1778515763.5286698,5,PostgreSQL+Citus,citus_hot70,after,citus_items,102272,citus-worker-2,5432,False,3000
2026-05-11T16:09:23+0000,1778515763.5286715,5,PostgreSQL+Citus,citus_hot70,after,citus_items,102273,citus-worker-0,5432,False,3000
2026-05-11T16:09:23+0000,1778515763.5286727,5,PostgreSQL+Citus,citus_hot70,after,citus_items,102274,citus-worker-1,5432,False,3000
2026-05-11T16:09:23+0000,1778515763.5286741,5,PostgreSQL+Citus,citus_hot70,after,citus_items,102275,citus-worker-2,5432,False,3000
2026-05-11T16:09:23+0000,1778515763.5286756,5,PostgreSQL+Citus,citus_hot70,after,citus_items,102276,citus-worker-0,5432,False,3000
2026-05-11T16:09:23+0000,1778515763.5286772,5,PostgreSQL+Citus,citus_hot70,after,citus_items,102277,citus-worker-1,5432,False,3000
2026-05-11T16:09:23+0000,1778515763.5286782,5,PostgreSQL+Citus,citus_hot70,after,citus_items,102278,citus-worker-2,5432,False,3000
2026-05-11T16:09:23+0000,1778515763.5286794,5,PostgreSQL+Citus,citus_hot70,after,citus_items,102279,citus-worker-0,5432,True,3000
2026-05-11T16:09:23+0000,1778515763.5286808,5,PostgreSQL+Citus,citus_hot70,after,citus_items,102280,citus-worker-1,5432,False,3000
2026-05-11T16:09:23+0000,1778515763.5286825,5,PostgreSQL+Citus,citus_hot70,after,citus_items,102281,citus-worker-2,5432,False,3000
2026-05-11T16:09:23+0000,1778515763.5286834,5,PostgreSQL+Citus,citus_hot70,after,citus_items,102282,citus-worker-0,5432,False,3000
2026-05-11T16:09:23+0000,1778515763.5286849,5,PostgreSQL+Citus,citus_hot70,after,citus_items,102283,citus-worker-1,5432,False,3000
2026-05-11T16:09:23+0000,1778515763.5286863,5,PostgreSQL+Citus,citus_hot70,after,citus_items,102284,citus-worker-2,5432,False,3000
2026-05-11T16:09:23+0000,1778515763.5286875,5,PostgreSQL+Citus,citus_hot70,after,citus_items,102285,citus-worker-0,5432,False,3000
2026-05-11T16:09:23+0000,1778515763.5286887,5,PostgreSQL+Citus,citus_hot70,after,citus_items,102286,citus-worker-1,5432,False,3000
2026-05-11T16:09:23+0000,1778515763.52869,5,PostgreSQL+Citus,citus_hot70,after,citus_items,102287,citus-worker-2,5432,False,3000
2026-05-11T16:09:23+0000,1778515763.5286913,5,PostgreSQL+Citus,citus_hot70,after,citus_items,102288,citus-worker-0,5432,False,3000
2026-05-11T16:09:23+0000,1778515763.5286927,5,PostgreSQL+Citus,citus_hot70,after,citus_items,102289,citus-worker-1,5432,False,3000
2026-05-11T16:09:23+0000,1778515763.5286937,5,PostgreSQL+Citus,citus_hot70,after,citus_items,102290,citus-worker-2,5432,False,3000
2026-05-11T16:09:23+0000,1778515763.528695,5,PostgreSQL+Citus,citus_hot70,after,citus_items,102291,citus-worker-0,5432,False,3000
2026-05-11T16:09:23+0000,1778515763.528696,5,PostgreSQL+Citus,citus_hot70,after,citus_items,102292,citus-worker-1,5432,False,3000
2026-05-11T16:09:23+0000,1778515763.5286973,5,PostgreSQL+Citus,citus_hot70,after,citus_items,102293,citus-worker-2,5432,False,3000
2026-05-11T16:09:23+0000,1778515763.5286984,5,PostgreSQL+Citus,citus_hot70,after,citus_items,102294,citus-worker-0,5432,False,3000
2026-05-11T16:09:23+0000,1778515763.5286996,5,PostgreSQL+Citus,citus_hot70,after,citus_items,102295,citus-worker-1,5432,False,3000
2026-05-11T16:09:23+0000,1778515763.5461097,5,PostgreSQL+Citus,citus_hot90,before,citus_items,102264,citus-worker-0,5432,False,3000
2026-05-11T16:09:23+0000,1778515763.5461214,5,PostgreSQL+Citus,citus_hot90,before,citus_items,102265,citus-worker-1,5432,False,3000
2026-05-11T16:09:23+0000,1778515763.5461242,5,PostgreSQL+Citus,citus_hot90,before,citus_items,102266,citus-worker-2,5432,False,3000
2026-05-11T16:09:23+0000,1778515763.546126,5,PostgreSQL+Citus,citus_hot90,before,citus_items,102267,citus-worker-0,5432,False,3000
2026-05-11T16:09:23+0000,1778515763.5461278,5,PostgreSQL+Citus,citus_hot90,before,citus_items,102268,citus-worker-1,5432,False,3000
2026-05-11T16:09:23+0000,1778515763.5461295,5,PostgreSQL+Citus,citus_hot90,before,citus_items,102269,citus-worker-2,5432,False,3000
2026-05-11T16:09:23+0000,1778515763.546131,5,PostgreSQL+Citus,citus_hot90,before,citus_items,102270,citus-worker-0,5432,False,3000
2026-05-11T16:09:23+0000,1778515763.5461326,5,PostgreSQL+Citus,citus_hot90,before,citus_items,102271,citus-worker-1,5432,False,3000
2026-05-11T16:09:23+0000,1778515763.5461335,5,PostgreSQL+Citus,citus_hot90,before,citus_items,102272,citus-worker-2,5432,False,3000
2026-05-11T16:09:23+0000,1778515763.5461357,5,PostgreSQL+Citus,citus_hot90,before,citus_items,102273,citus-worker-0,5432,False,3000
2026-05-11T16:09:23+0000,1778515763.5461369,5,PostgreSQL+Citus,citus_hot90,before,citus_items,102274,citus-worker-1,5432,False,3000
2026-05-11T16:09:23+0000,1778515763.5461383,5,PostgreSQL+Citus,citus_hot90,before,citus_items,102275,citus-worker-2,5432,False,3000
2026-05-11T16:09:23+0000,1778515763.5461402,5,PostgreSQL+Citus,citus_hot90,before,citus_items,102276,citus-worker-0,5432,False,3000
2026-05-11T16:09:23+0000,1778515763.5461416,5,PostgreSQL+Citus,citus_hot90,before,citus_items,102277,citus-worker-1,5432,False,3000
2026-05-11T16:09:23+0000,1778515763.546143,5,PostgreSQL+Citus,citus_hot90,before,citus_items,102278,citus-worker-2,5432,False,3000
2026-05-11T16:09:23+0000,1778515763.5461447,5,PostgreSQL+Citus,citus_hot90,before,citus_items,102279,citus-worker-0,5432,True,3000
2026-05-11T16:09:23+0000,1778515763.5461464,5,PostgreSQL+Citus,citus_hot90,before,citus_items,102280,citus-worker-1,5432,False,3000
2026-05-11T16:09:23+0000,1778515763.546148,5,PostgreSQL+Citus,citus_hot90,before,citus_items,102281,citus-worker-2,5432,False,3000
2026-05-11T16:09:23+0000,1778515763.5461495,5,PostgreSQL+Citus,citus_hot90,before,citus_items,102282,citus-worker-0,5432,False,3000
2026-05-11T16:09:23+0000,1778515763.546151,5,PostgreSQL+Citus,citus_hot90,before,citus_items,102283,citus-worker-1,5432,False,3000
2026-05-11T16:09:23+0000,1778515763.5461524,5,PostgreSQL+Citus,citus_hot90,before,citus_items,102284,citus-worker-2,5432,False,3000
2026-05-11T16:09:23+0000,1778515763.5461545,5,PostgreSQL+Citus,citus_hot90,before,citus_items,102285,citus-worker-0,5432,False,3000
2026-05-11T16:09:23+0000,1778515763.5461557,5,PostgreSQL+Citus,citus_hot90,before,citus_items,102286,citus-worker-1,5432,False,3000
2026-05-11T16:09:23+0000,1778515763.5461576,5,PostgreSQL+Citus,citus_hot90,before,citus_items,102287,citus-worker-2,5432,False,3000
2026-05-11T16:09:23+0000,1778515763.546159,5,PostgreSQL+Citus,citus_hot90,before,citus_items,102288,citus-worker-0,5432,False,3000
2026-05-11T16:09:23+0000,1778515763.546161,5,PostgreSQL+Citus,citus_hot90,before,citus_items,102289,citus-worker-1,5432,False,3000
2026-05-11T16:09:23+0000,1778515763.5461621,5,PostgreSQL+Citus,citus_hot90,before,citus_items,102290,citus-worker-2,5432,False,3000
2026-05-11T16:09:23+0000,1778515763.5461636,5,PostgreSQL+Citus,citus_hot90,before,citus_items,102291,citus-worker-0,5432,False,3000
2026-05-11T16:09:23+0000,1778515763.5461648,5,PostgreSQL+Citus,citus_hot90,before,citus_items,102292,citus-worker-1,5432,False,3000
2026-05-11T16:09:23+0000,1778515763.546166,5,PostgreSQL+Citus,citus_hot90,before,citus_items,102293,citus-worker-2,5432,False,3000
2026-05-11T16:09:23+0000,1778515763.5461679,5,PostgreSQL+Citus,citus_hot90,before,citus_items,102294,citus-worker-0,5432,False,3000
2026-05-11T16:09:23+0000,1778515763.546169,5,PostgreSQL+Citus,citus_hot90,before,citus_items,102295,citus-worker-1,5432,False,3000
2026-05-11T16:09:27+0000,1778515767.6317852,5,PostgreSQL+Citus,citus_hot90,after,citus_items,102264,citus-worker-0,5432,False,3000
2026-05-11T16:09:27+0000,1778515767.631797,5,PostgreSQL+Citus,citus_hot90,after,citus_items,102265,citus-worker-1,5432,False,3000
2026-05-11T16:09:27+0000,1778515767.6317992,5,PostgreSQL+Citus,citus_hot90,after,citus_items,102266,citus-worker-2,5432,False,3000
2026-05-11T16:09:27+0000,1778515767.631801,5,PostgreSQL+Citus,citus_hot90,after,citus_items,102267,citus-worker-0,5432,False,3000
2026-05-11T16:09:27+0000,1778515767.6318026,5,PostgreSQL+Citus,citus_hot90,after,citus_items,102268,citus-worker-1,5432,False,3000
2026-05-11T16:09:27+0000,1778515767.6318042,5,PostgreSQL+Citus,citus_hot90,after,citus_items,102269,citus-worker-2,5432,False,3000
2026-05-11T16:09:27+0000,1778515767.631806,5,PostgreSQL+Citus,citus_hot90,after,citus_items,102270,citus-worker-0,5432,False,3000
2026-05-11T16:09:27+0000,1778515767.6318083,5,PostgreSQL+Citus,citus_hot90,after,citus_items,102271,citus-worker-1,5432,False,3000
2026-05-11T16:09:27+0000,1778515767.6318126,5,PostgreSQL+Citus,citus_hot90,after,citus_items,102272,citus-worker-2,5432,False,3000
2026-05-11T16:09:27+0000,1778515767.6318154,5,PostgreSQL+Citus,citus_hot90,after,citus_items,102273,citus-worker-0,5432,False,3000
2026-05-11T16:09:27+0000,1778515767.6318176,5,PostgreSQL+Citus,citus_hot90,after,citus_items,102274,citus-worker-1,5432,False,3000
2026-05-11T16:09:27+0000,1778515767.6318195,5,PostgreSQL+Citus,citus_hot90,after,citus_items,102275,citus-worker-2,5432,False,3000
2026-05-11T16:09:27+0000,1778515767.6318219,5,PostgreSQL+Citus,citus_hot90,after,citus_items,102276,citus-worker-0,5432,False,3000
2026-05-11T16:09:27+0000,1778515767.6318238,5,PostgreSQL+Citus,citus_hot90,after,citus_items,102277,citus-worker-1,5432,False,3000
2026-05-11T16:09:27+0000,1778515767.6318257,5,PostgreSQL+Citus,citus_hot90,after,citus_items,102278,citus-worker-2,5432,False,3000
2026-05-11T16:09:27+0000,1778515767.6318274,5,PostgreSQL+Citus,citus_hot90,after,citus_items,102279,citus-worker-0,5432,True,3000
2026-05-11T16:09:27+0000,1778515767.6318293,5,PostgreSQL+Citus,citus_hot90,after,citus_items,102280,citus-worker-1,5432,False,3000
2026-05-11T16:09:27+0000,1778515767.6318324,5,PostgreSQL+Citus,citus_hot90,after,citus_items,102281,citus-worker-2,5432,False,3000
2026-05-11T16:09:27+0000,1778515767.631834,5,PostgreSQL+Citus,citus_hot90,after,citus_items,102282,citus-worker-0,5432,False,3000
2026-05-11T16:09:27+0000,1778515767.6318362,5,PostgreSQL+Citus,citus_hot90,after,citus_items,102283,citus-worker-1,5432,False,3000
2026-05-11T16:09:27+0000,1778515767.6318376,5,PostgreSQL+Citus,citus_hot90,after,citus_items,102284,citus-worker-2,5432,False,3000
2026-05-11T16:09:27+0000,1778515767.6318395,5,PostgreSQL+Citus,citus_hot90,after,citus_items,102285,citus-worker-0,5432,False,3000
2026-05-11T16:09:27+0000,1778515767.631841,5,PostgreSQL+Citus,citus_hot90,after,citus_items,102286,citus-worker-1,5432,False,3000
2026-05-11T16:09:27+0000,1778515767.6318429,5,PostgreSQL+Citus,citus_hot90,after,citus_items,102287,citus-worker-2,5432,False,3000
2026-05-11T16:09:27+0000,1778515767.6318443,5,PostgreSQL+Citus,citus_hot90,after,citus_items,102288,citus-worker-0,5432,False,3000
2026-05-11T16:09:27+0000,1778515767.6318464,5,PostgreSQL+Citus,citus_hot90,after,citus_items,102289,citus-worker-1,5432,False,3000
2026-05-11T16:09:27+0000,1778515767.6318483,5,PostgreSQL+Citus,citus_hot90,after,citus_items,102290,citus-worker-2,5432,False,3000
2026-05-11T16:09:27+0000,1778515767.6318512,5,PostgreSQL+Citus,citus_hot90,after,citus_items,102291,citus-worker-0,5432,False,3000
2026-05-11T16:09:27+0000,1778515767.6318529,5,PostgreSQL+Citus,citus_hot90,after,citus_items,102292,citus-worker-1,5432,False,3000
2026-05-11T16:09:27+0000,1778515767.631855,5,PostgreSQL+Citus,citus_hot90,after,citus_items,102293,citus-worker-2,5432,False,3000
2026-05-11T16:09:27+0000,1778515767.6318572,5,PostgreSQL+Citus,citus_hot90,after,citus_items,102294,citus-worker-0,5432,False,3000
2026-05-11T16:09:27+0000,1778515767.6318595,5,PostgreSQL+Citus,citus_hot90,after,citus_items,102295,citus-worker-1,5432,False,3000
