run_id,seed,scenario,defense,pair_id,item_id,victim_txn_id,attacker_txn_id,victim_success,attacker_success,victim_latency_ms,attacker_latency_ms,victim_inventory_commit_ts,attacker_inventory_commit_ts,victim_order_commit_ts,attacker_order_commit_ts,front_run_success,order_violation,consistency_violation,rollback_count,committed_count,final_stock_estimated,oversell
1,20360514,cross_shard_frontrun,baseline,0,800000,r1-baseline-p0-victim,r1-baseline-p0-attacker,True,True,88.5629653930664,390.61975479125977,1778557846.1259108,1778557846.4458988,1778557846.127443,1778557846.446134,False,False,False,0,2,0,False
1,20360514,cross_shard_frontrun,baseline,1,800001,r1-baseline-p1-victim,r1-baseline-p1-attacker,True,True,151.75127983093262,589.0941619873047,1778557846.1974545,1778557846.6024559,1778557846.197667,1778557846.602816,False,False,False,0,2,0,False
1,20360514,cross_shard_frontrun,baseline,2,800002,r1-baseline-p2-victim,r1-baseline-p2-attacker,True,True,147.42684364318848,589.0316963195801,1778557846.1938326,1778557846.6026113,1778557846.194111,1778557846.610439,False,False,False,0,2,0,False
1,20360514,cross_shard_frontrun,baseline,3,800003,r1-baseline-p3-victim,r1-baseline-p3-attacker,True,True,283.0193042755127,589.0836715698242,1778557846.3298066,1778557846.6028752,1778557846.330102,1778557846.622603,False,False,False,0,2,0,False
1,20360514,cross_shard_frontrun,baseline,4,800004,r1-baseline-p4-victim,r1-baseline-p4-attacker,True,True,349.2569923400879,588.5088443756104,1778557846.3965642,1778557846.6027842,1778557846.396865,1778557846.616542,False,False,False,0,2,0,False
1,20360514,cross_shard_frontrun,baseline,5,800005,r1-baseline-p5-victim,r1-baseline-p5-attacker,True,True,1032.625436782837,588.4180068969727,1778557846.7523873,1778557846.602996,1778557846.942157,1778557846.629046,True,True,True,0,2,0,False
1,20360514,cross_shard_frontrun,baseline,6,800006,r1-baseline-p6-victim,r1-baseline-p6-attacker,True,True,1030.0655364990234,587.2476100921631,1778557846.752,1778557846.6031523,1778557846.912079,1778557846.634908,True,True,True,0,2,0,False
1,20360514,cross_shard_frontrun,baseline,7,800007,r1-baseline-p7-victim,r1-baseline-p7-attacker,True,True,1029.3514728546143,587.2352123260498,1778557846.7518103,1778557846.6032815,1778557846.900354,1778557846.640934,True,True,True,0,2,0,False
1,20360514,cross_shard_frontrun,baseline,8,800008,r1-baseline-p8-victim,r1-baseline-p8-attacker,True,True,1031.2533378601074,592.5517082214355,1778557846.8504767,1778557846.603412,1778557846.97486,1778557846.647011,True,True,True,0,2,0,False
1,20360514,cross_shard_frontrun,baseline,9,800009,r1-baseline-p9-victim,r1-baseline-p9-attacker,True,True,1027.56929397583,588.1848335266113,1778557846.7509067,1778557846.6099043,1778557846.869339,1778557846.646931,True,True,True,0,2,0,False
1,20360514,cross_shard_frontrun,baseline,10,800010,r1-baseline-p10-victim,r1-baseline-p10-attacker,True,True,1029.8717021942139,591.7143821716309,1778557846.8501542,1778557846.6277268,1778557846.952829,1778557846.647719,True,True,True,0,2,0,False
1,20360514,cross_shard_frontrun,baseline,11,800011,r1-baseline-p11-victim,r1-baseline-p11-attacker,True,True,1029.8550128936768,614.046573638916,1778557846.850317,1778557846.675339,1778557846.964253,1778557846.675625,True,True,True,0,2,0,False
1,20360514,cross_shard_frontrun,baseline,12,800012,r1-baseline-p12-victim,r1-baseline-p12-attacker,True,True,1027.5499820709229,638.9222145080566,1778557846.7518978,1778557846.700701,1778557846.906038,1778557846.701002,True,True,True,0,2,0,False
1,20360514,cross_shard_frontrun,baseline,13,800013,r1-baseline-p13-victim,r1-baseline-p13-attacker,True,True,1029.4983386993408,655.4806232452393,1778557846.8506281,1778557846.7183025,1778557846.985003,1778557846.718549,True,True,True,0,2,0,False
1,20360514,cross_shard_frontrun,baseline,14,800014,r1-baseline-p14-victim,r1-baseline-p14-attacker,True,True,1026.9830226898193,708.0609798431396,1778557846.752322,1778557846.7476869,1778557846.935639,1778557846.747938,True,True,True,0,2,0,False
1,20360514,cross_shard_frontrun,baseline,15,800015,r1-baseline-p15-victim,r1-baseline-p15-attacker,True,True,942.81005859375,881.908655166626,1778557846.750474,1778557846.7478752,1778557846.851625,1778557846.757235,True,True,True,0,2,0,False
1,20360514,cross_shard_frontrun,baseline,16,800016,r1-baseline-p16-victim,r1-baseline-p16-attacker,True,True,1007.6010227203369,881.9801807403564,1778557846.7507572,1778557846.748168,1778557846.863327,1778557846.762364,True,True,True,0,2,0,False
1,20360514,cross_shard_frontrun,baseline,17,800017,r1-baseline-p17-victim,r1-baseline-p17-attacker,True,True,1024.9462127685547,881.5956115722656,1778557846.7521126,1778557846.7482774,1778557846.91768,1778557846.76813,True,True,True,0,2,0,False
1,20360514,cross_shard_frontrun,baseline,18,800018,r1-baseline-p18-victim,r1-baseline-p18-attacker,True,True,1025.965929031372,880.5804252624512,1778557846.850412,1778557846.7483983,1778557846.96962,1778557846.773273,True,True,True,0,2,0,False
1,20360514,cross_shard_frontrun,baseline,19,800019,r1-baseline-p19-victim,r1-baseline-p19-attacker,True,True,1025.031328201294,880.3496360778809,1778557846.7524345,1778557846.7486398,1778557846.947704,1778557846.7788,True,True,True,0,2,0,False
1,20360514,cross_shard_frontrun,baseline,20,800020,r1-baseline-p20-victim,r1-baseline-p20-attacker,True,True,1025.015115737915,880.1114559173584,1778557846.8502395,1778557846.748523,1778557846.958561,1778557846.773027,True,True,True,0,2,0,False
1,20360514,cross_shard_frontrun,baseline,21,800021,r1-baseline-p21-victim,r1-baseline-p21-attacker,True,True,1025.5720615386963,880.7985782623291,1778557846.8507288,1778557846.7487543,1778557846.995304,1778557846.784019,True,True,True,0,2,0,False
1,20360514,cross_shard_frontrun,baseline,22,800022,r1-baseline-p22-victim,r1-baseline-p22-attacker,True,True,1024.9037742614746,880.8939456939697,1778557846.8506773,1778557846.7488909,1778557846.990208,1778557846.789149,True,True,True,0,2,0,False
1,20360514,cross_shard_frontrun,baseline,23,800023,r1-baseline-p23-victim,r1-baseline-p23-attacker,True,True,1024.80149269104,880.8953762054443,1778557846.8508117,1778557846.7489848,1778557847.000251,1778557846.793906,True,True,True,0,2,0,False
1,20360514,cross_shard_frontrun,baseline,24,800024,r1-baseline-p24-victim,r1-baseline-p24-attacker,True,True,1020.5078125,880.596399307251,1778557846.751155,1778557846.749311,1778557846.881895,1778557846.804731,True,True,True,0,2,0,False
1,20360514,cross_shard_frontrun,baseline,25,800025,r1-baseline-p25-victim,r1-baseline-p25-attacker,True,True,1019.6995735168457,879.2109489440918,1778557846.7510264,1778557846.7491646,1778557846.875176,1778557846.799407,True,True,True,0,2,0,False
1,20360514,cross_shard_frontrun,baseline,26,800026,r1-baseline-p26-victim,r1-baseline-p26-attacker,True,True,1018.9914703369141,878.8125514984131,1778557846.751368,1778557846.7494223,1778557846.888374,1778557846.809724,True,True,True,0,2,0,False
1,20360514,cross_shard_frontrun,baseline,27,800027,r1-baseline-p27-victim,r1-baseline-p27-attacker,True,True,1019.420862197876,878.058910369873,1778557846.752171,1778557846.7495322,1778557846.923791,1778557846.814636,True,True,True,0,2,0,False
1,20360514,cross_shard_frontrun,baseline,28,800028,r1-baseline-p28-victim,r1-baseline-p28-attacker,True,True,1019.9394226074219,877.6073455810547,1778557846.8505447,1778557846.749669,1778557846.980012,1778557846.819881,True,True,True,0,2,0,False
1,20360514,cross_shard_frontrun,baseline,29,800029,r1-baseline-p29-victim,r1-baseline-p29-attacker,True,True,1019.8876857757568,877.4087429046631,1778557846.8570437,1778557846.7497694,1778557847.000037,1778557846.825436,True,True,True,0,2,0,False
1,20360514,cross_shard_frontrun,baseline,30,800030,r1-baseline-p30-victim,r1-baseline-p30-attacker,True,True,1016.2613391876221,877.324104309082,1778557846.7515416,1778557846.7500505,1778557846.89426,1778557846.835708,True,True,True,0,2,0,False
1,20360514,cross_shard_frontrun,baseline,31,800031,r1-baseline-p31-victim,r1-baseline-p31-attacker,True,True,1019.4141864776611,876.6400814056396,1778557846.8573604,1778557846.7499158,1778557847.016662,1778557846.830546,True,True,True,0,2,0,False
1,20360514,cross_shard_frontrun,baseline,32,800032,r1-baseline-p32-victim,r1-baseline-p32-attacker,True,True,948.8098621368408,746.610164642334,1778557846.85725,1778557846.7501779,1778557847.01154,1778557846.841096,True,True,True,0,2,0,False
1,20360514,cross_shard_frontrun,baseline,33,800033,r1-baseline-p33-victim,r1-baseline-p33-attacker,True,True,882.6513290405273,610.8367443084717,1778557846.7522576,1778557846.7503343,1778557846.929763,1778557846.846598,True,True,True,0,2,0,False
1,20360514,cross_shard_frontrun,baseline,34,800034,r1-baseline-p34-victim,r1-baseline-p34-attacker,True,True,685.5077743530273,571.3739395141602,1778557846.8571315,1778557846.7506173,1778557847.006277,1778557846.857088,True,True,True,0,2,0,False
1,20360514,cross_shard_frontrun,baseline,35,800035,r1-baseline-p35-victim,r1-baseline-p35-attacker,True,True,440.0467872619629,430.7863712310791,1778557846.865142,1778557846.8576543,1778557847.048388,1778557847.022154,True,True,True,0,2,0,False
1,20360514,cross_shard_frontrun,baseline,36,800036,r1-baseline-p36-victim,r1-baseline-p36-attacker,True,True,439.12601470947266,430.6221008300781,1778557846.864965,1778557846.857826,1778557847.037644,1778557847.027248,True,True,True,0,2,0,False
1,20360514,cross_shard_frontrun,baseline,37,800037,r1-baseline-p37-victim,r1-baseline-p37-attacker,True,True,438.87901306152344,429.8217296600342,1778557846.865058,1778557846.864798,1778557847.04286,1778557847.027063,True,True,True,0,2,0,False
1,20360514,cross_shard_frontrun,baseline,38,800038,r1-baseline-p38-victim,r1-baseline-p38-attacker,True,True,439.0223026275635,428.80916595458984,1778557846.8654199,1778557846.8652132,1778557847.065431,1778557847.053439,True,True,True,0,2,0,False
1,20360514,cross_shard_frontrun,baseline,39,800039,r1-baseline-p39-victim,r1-baseline-p39-attacker,True,True,433.1624507904053,424.14188385009766,1778557846.865592,1778557846.864889,1778557847.065222,1778557847.032646,True,True,True,0,2,0,False
1,20360514,cross_shard_frontrun,baseline,40,800040,r1-baseline-p40-victim,r1-baseline-p40-attacker,True,True,411.23485565185547,376.71685218811035,1778557846.8657594,1778557846.8653274,1778557847.075726,1778557847.060012,True,True,True,0,2,0,False
1,20360514,cross_shard_frontrun,baseline,41,800041,r1-baseline-p41-victim,r1-baseline-p41-attacker,True,True,368.6537742614746,329.7922611236572,1778557846.8656816,1778557846.8685584,1778557847.070641,1778557847.081883,False,False,False,0,2,0,False
1,20360514,cross_shard_frontrun,baseline,42,800042,r1-baseline-p42-victim,r1-baseline-p42-attacker,True,True,194.89574432373047,187.1349811553955,1778557847.0201142,1778557847.0805576,1778557847.085936,1778557847.100036,False,False,False,0,2,0,False
1,20360514,cross_shard_frontrun,baseline,43,800043,r1-baseline-p43-victim,r1-baseline-p43-attacker,True,True,234.45916175842285,186.2790584564209,1778557847.1032586,1778557847.0804174,1778557847.154946,1778557847.088513,True,True,True,0,2,0,False
1,20360514,cross_shard_frontrun,baseline,44,800044,r1-baseline-p44-victim,r1-baseline-p44-attacker,True,True,233.2754135131836,186.13266944885254,1778557847.0884948,1778557847.080488,1778557847.137364,1778557847.09457,True,True,True,0,2,0,False
1,20360514,cross_shard_frontrun,baseline,45,800045,r1-baseline-p45-victim,r1-baseline-p45-attacker,True,True,233.60943794250488,202.36802101135254,1778557847.108686,1778557847.0806284,1778557847.165642,1778557847.105773,True,True,True,0,2,0,False
1,20360514,cross_shard_frontrun,baseline,46,800046,r1-baseline-p46-victim,r1-baseline-p46-attacker,True,True,232.76376724243164,223.40154647827148,1778557847.1031945,1778557847.08071,1778557847.149496,1778557847.11126,True,True,True,0,2,0,False
1,20360514,cross_shard_frontrun,baseline,47,800047,r1-baseline-p47-victim,r1-baseline-p47-attacker,True,True,234.56406593322754,222.7487564086914,1778557847.1123583,1778557847.0874548,1778557847.181472,1778557847.110966,True,True,True,0,2,0,False
1,20360514,cross_shard_frontrun,baseline,48,800048,r1-baseline-p48-victim,r1-baseline-p48-attacker,True,True,232.24449157714844,222.56040573120117,1778557847.108848,1778557847.087671,1778557847.176155,1778557847.116964,True,True,True,0,2,0,False
1,20360514,cross_shard_frontrun,baseline,49,800049,r1-baseline-p49-victim,r1-baseline-p49-attacker,True,True,230.95703125,222.10407257080078,1778557847.1031253,1778557847.0879972,1778557847.143176,1778557847.122229,True,True,True,0,2,0,False
1,20360514,cross_shard_frontrun,baseline,50,800050,r1-baseline-p50-victim,r1-baseline-p50-attacker,True,True,230.9114933013916,221.55308723449707,1778557847.1033368,1778557847.088227,1778557847.160077,1778557847.131921,True,True,True,0,2,0,False
1,20360514,cross_shard_frontrun,baseline,51,800051,r1-baseline-p51-victim,r1-baseline-p51-attacker,True,True,230.5004596710205,173.9366054534912,1778557847.1087773,1778557847.0886254,1778557847.170787,1778557847.142963,True,True,True,0,2,0,False
1,20360514,cross_shard_frontrun,baseline,52,800052,r1-baseline-p52-victim,r1-baseline-p52-attacker,True,True,155.46607971191406,108.8871955871582,1778557847.1086328,1778557847.0912087,1778557847.159785,1778557847.143108,True,True,True,0,2,0,False
1,20360514,cross_shard_frontrun,baseline,53,800053,r1-baseline-p53-victim,r1-baseline-p53-attacker,True,True,105.96489906311035,212.74232864379883,1778557847.1445005,1778557847.2990863,1778557847.181827,1778557847.299317,False,False,False,0,2,0,False
1,20360514,cross_shard_frontrun,baseline,54,800054,r1-baseline-p54-victim,r1-baseline-p54-attacker,True,True,170.6845760345459,259.92298126220703,1778557847.249163,1778557847.3468592,1778557847.249376,1778557847.347095,False,False,False,0,2,0,False
1,20360514,cross_shard_frontrun,baseline,55,800055,r1-baseline-p55-victim,r1-baseline-p55-attacker,True,True,166.5670871734619,568.1335926055908,1778557847.2453752,1778557847.5857697,1778557847.245708,1778557847.620345,False,False,False,0,2,0,False
1,20360514,cross_shard_frontrun,baseline,56,800056,r1-baseline-p56-victim,r1-baseline-p56-attacker,True,True,250.9632110595703,568.3693885803223,1778557847.332436,1778557847.5860534,1778557847.332671,1778557847.63084,False,False,False,0,2,0,False
1,20360514,cross_shard_frontrun,baseline,57,800057,r1-baseline-p57-victim,r1-baseline-p57-attacker,True,True,318.59469413757324,568.0217742919922,1778557847.3984609,1778557847.586165,1778557847.398682,1778557847.63625,False,False,False,0,2,0,False
1,20360514,cross_shard_frontrun,baseline,58,800058,r1-baseline-p58-victim,r1-baseline-p58-attacker,True,True,569.0991878509521,568.0127143859863,1778557847.5853865,1778557847.5864532,1778557847.604285,1778557847.641466,False,False,False,0,2,0,False
1,20360514,cross_shard_frontrun,baseline,59,800059,r1-baseline-p59-victim,r1-baseline-p59-attacker,True,True,568.4206485748291,567.962646484375,1778557847.5850966,1778557847.5867066,1778557847.593573,1778557847.646856,False,False,False,0,2,0,False
1,20360514,cross_shard_frontrun,baseline,60,800060,r1-baseline-p60-victim,r1-baseline-p60-attacker,True,True,490.27085304260254,567.8222179412842,1778557847.5730906,1778557847.5869222,1778557847.573343,1778557847.652301,False,False,False,0,2,0,False
1,20360514,cross_shard_frontrun,baseline,61,800061,r1-baseline-p61-victim,r1-baseline-p61-attacker,True,True,353.6498546600342,639.8513317108154,1778557847.4203143,1778557847.6147013,1778557847.432373,1778557847.652684,False,False,False,0,2,0,False
1,20360514,cross_shard_frontrun,baseline,62,800062,r1-baseline-p62-victim,r1-baseline-p62-attacker,True,True,567.6605701446533,779.644250869751,1778557847.5852652,1778557847.6147852,1778557847.599005,1778557847.658525,False,False,False,0,2,0,False
1,20360514,cross_shard_frontrun,baseline,63,800063,r1-baseline-p63-victim,r1-baseline-p63-attacker,True,True,309.00049209594727,797.6438999176025,1778557847.387024,1778557847.6567898,1778557847.387304,1778557847.67185,False,False,False,0,2,0,False
1,20360514,cross_shard_frontrun,baseline,64,800064,r1-baseline-p64-victim,r1-baseline-p64-attacker,True,True,332.5533866882324,796.1483001708984,1778557847.4146674,1778557847.656669,1778557847.414905,1778557847.660048,False,False,False,0,2,0,False
1,20360514,cross_shard_frontrun,baseline,65,800065,r1-baseline-p65-victim,r1-baseline-p65-attacker,True,True,355.69047927856445,796.0128784179688,1778557847.4204075,1778557847.6402652,1778557847.437962,1778557847.659492,False,False,False,0,2,0,False
1,20360514,cross_shard_frontrun,baseline,66,800066,r1-baseline-p66-victim,r1-baseline-p66-attacker,True,True,351.85980796813965,796.1962223052979,1778557847.42,1778557847.6567333,1778557847.420221,1778557847.666489,False,False,False,0,2,0,False
1,20360514,cross_shard_frontrun,baseline,67,800067,r1-baseline-p67-victim,r1-baseline-p67-attacker,True,True,565.781831741333,796.6077327728271,1778557847.5849607,1778557847.6569345,1778557847.585184,1778557847.682284,False,False,False,0,2,0,False
1,20360514,cross_shard_frontrun,baseline,68,800068,r1-baseline-p68-victim,r1-baseline-p68-attacker,True,True,351.3033390045166,796.2784767150879,1778557847.420124,1778557847.6568742,1778557847.426685,1778557847.677254,False,False,False,0,2,0,False
1,20360514,cross_shard_frontrun,baseline,69,800069,r1-baseline-p69-victim,r1-baseline-p69-attacker,True,True,572.2551345825195,796.4982986450195,1778557847.5858762,1778557847.6569922,1778557847.625698,1778557847.687414,False,False,False,0,2,0,False
1,20360514,cross_shard_frontrun,baseline,70,800070,r1-baseline-p70-victim,r1-baseline-p70-attacker,True,True,387.3419761657715,796.5068817138672,1778557847.4685495,1778557847.6570663,1778557847.468757,1778557847.692866,False,False,False,0,2,0,False
1,20360514,cross_shard_frontrun,baseline,71,800071,r1-baseline-p71-victim,r1-baseline-p71-attacker,True,True,390.5460834503174,796.4816093444824,1778557847.4686754,1778557847.6571343,1778557847.4747,1778557847.697784,False,False,False,0,2,0,False
1,20360514,cross_shard_frontrun,baseline,72,800072,r1-baseline-p72-victim,r1-baseline-p72-attacker,True,True,570.5924034118652,796.3733673095703,1778557847.5856233,1778557847.6572611,1778557847.61485,1778557847.707892,False,False,False,0,2,0,False
1,20360514,cross_shard_frontrun,baseline,73,800073,r1-baseline-p73-victim,r1-baseline-p73-attacker,True,True,564.2855167388916,773.1001377105713,1778557847.5855212,1778557847.6571906,1778557847.609513,1778557847.703045,False,False,False,0,2,0,False
1,20360514,cross_shard_frontrun,baseline,74,800074,r1-baseline-p74-victim,r1-baseline-p74-attacker,True,True,802.7338981628418,741.9276237487793,1778557847.660799,1778557847.6573274,1778557847.841789,1778557847.712825,True,True,True,0,2,0,False
1,20360514,cross_shard_frontrun,baseline,75,800075,r1-baseline-p75-victim,r1-baseline-p75-attacker,True,True,801.447868347168,741.8298721313477,1778557847.6603053,1778557847.657385,1778557847.806012,1778557847.717696,True,True,True,0,2,0,False
1,20360514,cross_shard_frontrun,baseline,76,800076,r1-baseline-p76-victim,r1-baseline-p76-attacker,True,True,785.722017288208,703.9756774902344,1778557847.6609275,1778557847.6574414,1778557847.851759,1778557847.722809,True,True,True,0,2,0,False
1,20360514,cross_shard_frontrun,baseline,77,800077,r1-baseline-p77-victim,r1-baseline-p77-attacker,True,True,763.5719776153564,729.8178672790527,1778557847.6605952,1778557847.6574917,1778557847.826019,1778557847.727897,True,True,True,0,2,0,False
1,20360514,cross_shard_frontrun,baseline,78,800078,r1-baseline-p78-victim,r1-baseline-p78-attacker,True,True,762.2818946838379,741.6737079620361,1778557847.6597729,1778557847.6575477,1778557847.790958,1778557847.732642,True,True,True,0,2,0,False
1,20360514,cross_shard_frontrun,baseline,79,800079,r1-baseline-p79-victim,r1-baseline-p79-attacker,True,True,763.2169723510742,741.1983013153076,1778557847.6606493,1778557847.657612,1778557847.83156,1778557847.732506,True,True,True,0,2,0,False
1,20360514,cross_shard_frontrun,baseline,80,800080,r1-baseline-p80-victim,r1-baseline-p80-attacker,True,True,763.6690139770508,741.2674427032471,1778557847.6610358,1778557847.6576715,1778557847.861581,1778557847.737874,True,True,True,0,2,0,False
1,20360514,cross_shard_frontrun,baseline,81,800081,r1-baseline-p81-victim,r1-baseline-p81-attacker,True,True,762.3686790466309,752.0413398742676,1778557847.6604564,1778557847.6578224,1778557847.815929,1778557847.749028,True,True,True,0,2,0,False
1,20360514,cross_shard_frontrun,baseline,82,800082,r1-baseline-p82-victim,r1-baseline-p82-attacker,True,True,762.2966766357422,746.563196182251,1778557847.6605258,1778557847.6577458,1778557847.821101,1778557847.743146,True,True,True,0,2,0,False
1,20360514,cross_shard_frontrun,baseline,83,800083,r1-baseline-p83-victim,r1-baseline-p83-attacker,True,True,763.7877464294434,751.8820762634277,1778557847.6631496,1778557847.658244,1778557847.884556,1778557847.754801,True,True,True,0,2,0,False
1,20360514,cross_shard_frontrun,baseline,84,800084,r1-baseline-p84-victim,r1-baseline-p84-attacker,True,True,762.2551918029785,750.3020763397217,1778557847.6607423,1778557847.6585774,1778557847.836653,1778557847.760462,True,True,True,0,2,0,False
1,20360514,cross_shard_frontrun,baseline,85,800085,r1-baseline-p85-victim,r1-baseline-p85-attacker,True,True,758.0978870391846,686.3114833831787,1778557847.6608512,1778557847.6587875,1778557847.8467,1778557847.766125,True,True,True,0,2,0,False
1,20360514,cross_shard_frontrun,baseline,86,800086,r1-baseline-p86-victim,r1-baseline-p86-attacker,True,True,693.2308673858643,633.037805557251,1778557847.6609883,1778557847.6590073,1778557847.856687,1778557847.775031,True,True,True,0,2,0,False
1,20360514,cross_shard_frontrun,baseline,87,800087,r1-baseline-p87-victim,r1-baseline-p87-attacker,True,True,611.0734939575195,585.716962814331,1778557847.6603625,1778557847.6595788,1778557847.810833,1778557847.785664,True,True,True,0,2,0,False
1,20360514,cross_shard_frontrun,baseline,88,800088,r1-baseline-p88-victim,r1-baseline-p88-attacker,True,True,552.0920753479004,533.9670181274414,1778557847.661133,1778557847.6592188,1778557847.86705,1778557847.779955,True,True,True,0,2,0,False
1,20360514,cross_shard_frontrun,baseline,89,800089,r1-baseline-p89-victim,r1-baseline-p89-attacker,True,True,528.6350250244141,498.31151962280273,1778557847.6630542,1778557847.6601143,1778557847.878847,1778557847.795969,True,True,True,0,2,0,False
1,20360514,cross_shard_frontrun,baseline,90,800090,r1-baseline-p90-victim,r1-baseline-p90-attacker,True,True,508.3346366882324,498.2116222381592,1778557847.6628518,1778557847.660251,1778557847.872597,1778557847.801166,True,True,True,0,2,0,False
1,20360514,cross_shard_frontrun,baseline,91,800091,r1-baseline-p91-victim,r1-baseline-p91-attacker,True,True,505.8164596557617,463.909387588501,1778557847.665588,1778557847.6612172,1778557847.890005,1778557847.872753,True,True,True,0,2,0,False
1,20360514,cross_shard_frontrun,baseline,92,800092,r1-baseline-p92-victim,r1-baseline-p92-attacker,True,True,468.8234329223633,364.43424224853516,1778557847.663237,1778557847.672521,1778557847.889741,1778557847.890572,False,False,False,0,2,0,False
1,20360514,cross_shard_frontrun,baseline,93,800093,r1-baseline-p93-victim,r1-baseline-p93-attacker,True,True,318.2563781738281,286.70620918273926,1778557847.7319868,1778557847.7264473,1778557847.931567,1778557847.893439,True,True,True,0,2,0,False
1,20360514,cross_shard_frontrun,baseline,94,800094,r1-baseline-p94-victim,r1-baseline-p94-attacker,True,True,295.3512668609619,286.6804599761963,1778557847.7294843,1778557847.7265549,1778557847.919532,1778557847.907813,True,True,True,0,2,0,False
1,20360514,cross_shard_frontrun,baseline,95,800095,r1-baseline-p95-victim,r1-baseline-p95-attacker,True,True,317.3689842224121,280.86185455322266,1778557847.7396245,1778557847.7265031,1778557847.931689,1778557847.901753,True,True,True,0,2,0,False
1,20360514,cross_shard_frontrun,baseline,96,800096,r1-baseline-p96-victim,r1-baseline-p96-attacker,True,True,317.5511360168457,280.4608345031738,1778557847.7532208,1778557847.726642,1778557847.942704,1778557847.913669,True,True,True,0,2,0,False
1,20360514,cross_shard_frontrun,baseline,97,800097,r1-baseline-p97-victim,r1-baseline-p97-attacker,True,True,317.30008125305176,280.34305572509766,1778557847.748164,1778557847.726719,1778557847.942965,1778557847.92005,True,True,True,0,2,0,False
1,20360514,cross_shard_frontrun,baseline,98,800098,r1-baseline-p98-victim,r1-baseline-p98-attacker,True,True,316.3034915924072,280.0109386444092,1778557847.7431664,1778557847.7319255,1778557847.937661,1778557847.92623,True,True,True,0,2,0,False
1,20360514,cross_shard_frontrun,baseline,99,800099,r1-baseline-p99-victim,r1-baseline-p99-attacker,True,True,316.2682056427002,235.16845703125,1778557847.7684615,1778557847.745588,1778557847.943383,1778557847.937279,True,True,True,0,2,0,False
1,20360514,cross_shard_frontrun,baseline,100,800100,r1-baseline-p100-victim,r1-baseline-p100-attacker,True,True,122.1623420715332,78.95445823669434,1778557847.9382622,1778557847.9070907,1778557847.970327,1778557847.947299,True,True,True,0,2,0,False
1,20360514,cross_shard_frontrun,baseline,101,800101,r1-baseline-p101-victim,r1-baseline-p101-attacker,True,True,108.04986953735352,78.45878601074219,1778557847.967979,1778557847.9325068,1778557847.994554,1778557847.954563,True,True,True,0,2,0,False
1,20360514,cross_shard_frontrun,baseline,102,800102,r1-baseline-p102-victim,r1-baseline-p102-attacker,True,True,104.48098182678223,77.77857780456543,1778557847.9530356,1778557847.9324436,1778557847.976672,1778557847.948188,True,True,True,0,2,0,False
1,20360514,cross_shard_frontrun,baseline,103,800103,r1-baseline-p103-victim,r1-baseline-p103-attacker,True,True,104.62760925292969,77.55327224731445,1778557847.9678805,1778557847.9325662,1778557847.988487,1778557847.959888,True,True,True,0,2,0,False
1,20360514,cross_shard_frontrun,baseline,104,800104,r1-baseline-p104-victim,r1-baseline-p104-attacker,True,True,103.2419204711914,88.41323852539062,1778557847.9625,1778557847.932629,1778557847.977292,1778557847.965082,True,True,True,0,2,0,False
1,20360514,cross_shard_frontrun,baseline,105,800105,r1-baseline-p105-victim,r1-baseline-p105-attacker,True,True,103.62839698791504,93.69611740112305,1778557847.9653163,1778557847.932701,1778557847.988765,1778557847.970379,True,True,True,0,2,0,False
1,20360514,cross_shard_frontrun,baseline,106,800106,r1-baseline-p106-victim,r1-baseline-p106-attacker,True,True,102.49829292297363,94.33412551879883,1778557847.9556434,1778557847.93838,1778557847.976858,1778557847.976029,True,True,True,0,2,0,False
1,20360514,cross_shard_frontrun,baseline,107,800107,r1-baseline-p107-victim,r1-baseline-p107-attacker,True,True,102.3244857788086,66.72382354736328,1778557847.962582,1778557847.9354734,1778557847.983383,1778557847.9701,True,True,True,0,2,0,False
1,20360514,cross_shard_frontrun,baseline,108,800108,r1-baseline-p108-victim,r1-baseline-p108-attacker,True,True,71.79760932922363,55.28616905212402,1778557848.0000467,1778557847.9442806,1778557848.000289,1778557847.97604,True,True,True,0,2,0,False
1,20360514,cross_shard_frontrun,baseline,109,800109,r1-baseline-p109-victim,r1-baseline-p109-attacker,True,True,79.9102783203125,213.42873573303223,1778557848.003387,1778557848.0851996,1778557848.003553,1778557848.091414,False,False,False,0,2,0,False
1,20360514,cross_shard_frontrun,baseline,110,800110,r1-baseline-p110-victim,r1-baseline-p110-attacker,True,True,93.46556663513184,182.7986240386963,1778557848.0156987,1778557848.0850945,1778557848.033067,1778557848.085297,False,False,False,0,2,0,False
1,20360514,cross_shard_frontrun,baseline,111,800111,r1-baseline-p111-victim,r1-baseline-p111-attacker,True,True,90.07382392883301,213.3638858795166,1778557848.0058455,1778557848.0853508,1778557848.01187,1778557848.096922,False,False,False,0,2,0,False
1,20360514,cross_shard_frontrun,baseline,112,800112,r1-baseline-p112-victim,r1-baseline-p112-attacker,True,True,89.55955505371094,213.2720947265625,1778557848.0083616,1778557848.085439,1778557848.01156,1778557848.101816,False,False,False,0,2,0,False
1,20360514,cross_shard_frontrun,baseline,113,800113,r1-baseline-p113-victim,r1-baseline-p113-attacker,True,True,98.61111640930176,213.13118934631348,1778557848.012083,1778557848.0855093,1778557848.033521,1778557848.106879,False,False,False,0,2,0,False
1,20360514,cross_shard_frontrun,baseline,114,800114,r1-baseline-p114-victim,r1-baseline-p114-attacker,True,True,222.19109535217285,212.8744125366211,1778557848.0932283,1778557848.0855687,1778557848.153513,1778557848.112012,True,True,True,0,2,0,False
1,20360514,cross_shard_frontrun,baseline,115,800115,r1-baseline-p115-victim,r1-baseline-p115-attacker,True,True,221.3118076324463,212.65912055969238,1778557848.0930173,1778557848.085612,1778557848.133837,1778557848.117663,True,True,True,0,2,0,False
1,20360514,cross_shard_frontrun,baseline,116,800116,r1-baseline-p116-victim,r1-baseline-p116-attacker,True,True,222.14674949645996,212.57686614990234,1778557848.095993,1778557848.085667,1778557848.158938,1778557848.123207,True,True,True,0,2,0,False
1,20360514,cross_shard_frontrun,baseline,117,800117,r1-baseline-p117-victim,r1-baseline-p117-attacker,True,True,224.77126121520996,212.48245239257812,1778557848.0932884,1778557848.0857127,1778557848.15912,1778557848.128535,True,True,True,0,2,0,False
1,20360514,cross_shard_frontrun,baseline,118,800118,r1-baseline-p118-victim,r1-baseline-p118-attacker,True,True,220.81875801086426,212.5403881072998,1778557848.0930886,1778557848.085771,1778557848.14073,1778557848.134047,True,True,True,0,2,0,False
1,20360514,cross_shard_frontrun,baseline,119,800119,r1-baseline-p119-victim,r1-baseline-p119-attacker,True,True,224.0774631500244,212.50510215759277,1778557848.0984976,1778557848.0931492,1778557848.165043,1778557848.147745,True,True,True,0,2,0,False
1,20361514,cross_shard_frontrun,global_sequence,0,810000,r1-global_sequence-p0-victim,r1-global_sequence-p0-attacker,True,True,76.91407203674316,367.0225143432617,1778557849.2970169,1778557849.591899,1778557849.298239,1778557849.592336,False,False,False,0,2,0,False
1,20361514,cross_shard_frontrun,global_sequence,1,810001,r1-global_sequence-p1-victim,r1-global_sequence-p1-attacker,True,True,189.79668617248535,371.9520568847656,1778557849.411885,1778557849.5920243,1778557849.412358,1778557849.598661,False,False,False,0,2,0,False
1,20361514,cross_shard_frontrun,global_sequence,2,810002,r1-global_sequence-p2-victim,r1-global_sequence-p2-attacker,True,True,347.78809547424316,368.7615394592285,1778557849.568277,1778557849.5955904,1778557849.568789,1778557849.59841,False,False,False,0,2,0,False
1,20361514,cross_shard_frontrun,global_sequence,3,810003,r1-global_sequence-p3-victim,r1-global_sequence-p3-attacker,True,True,436.276912689209,742.9890632629395,1778557849.6576116,1778557849.7885585,1778557849.657928,1778557849.932151,False,False,False,0,2,0,False
1,20361514,cross_shard_frontrun,global_sequence,4,810004,r1-global_sequence-p4-victim,r1-global_sequence-p4-attacker,True,True,741.2841320037842,1073.176622390747,1778557849.7856812,1778557850.1379647,1778557849.826118,1778557850.16112,False,False,False,0,2,0,False
1,20361514,cross_shard_frontrun,global_sequence,5,810005,r1-global_sequence-p5-victim,r1-global_sequence-p5-attacker,True,True,736.2501621246338,850.5747318267822,1778557849.7850978,1778557850.0812309,1778557849.798759,1778557850.081497,False,False,False,0,2,0,False
1,20361514,cross_shard_frontrun,global_sequence,6,810006,r1-global_sequence-p6-victim,r1-global_sequence-p6-attacker,True,True,741.187334060669,1073.3234882354736,1778557849.785846,1778557850.13804,1778557849.831599,1778557850.166058,False,False,False,0,2,0,False
1,20361514,cross_shard_frontrun,global_sequence,7,810007,r1-global_sequence-p7-victim,r1-global_sequence-p7-attacker,True,True,747.3409175872803,1116.8484687805176,1778557849.7871678,1778557850.144144,1778557849.902238,1778557850.226064,False,False,False,0,2,0,False
1,20361514,cross_shard_frontrun,global_sequence,8,810008,r1-global_sequence-p8-victim,r1-global_sequence-p8-attacker,True,True,745.5441951751709,1078.7937641143799,1778557849.7869225,1778557850.143937,1778557849.884918,1778557850.215407,False,False,False,0,2,0,False
1,20361514,cross_shard_frontrun,global_sequence,9,810009,r1-global_sequence-p9-victim,r1-global_sequence-p9-attacker,True,True,462.1570110321045,742.2716617584229,1778557849.6855938,1778557849.7911098,1778557849.685901,1778557849.960818,False,False,False,0,2,0,False
1,20361514,cross_shard_frontrun,global_sequence,10,810010,r1-global_sequence-p10-victim,r1-global_sequence-p10-attacker,True,True,531.9859981536865,740.318775177002,1778557849.7558317,1778557849.7907338,1778557849.756216,1778557849.938001,False,False,False,0,2,0,False
1,20361514,cross_shard_frontrun,global_sequence,11,810011,r1-global_sequence-p11-victim,r1-global_sequence-p11-attacker,True,True,739.3145561218262,1071.5000629425049,1778557849.7860074,1778557850.1381028,1778557849.836836,1778557850.17129,False,False,False,0,2,0,False
1,20361514,cross_shard_frontrun,global_sequence,12,810012,r1-global_sequence-p12-victim,r1-global_sequence-p12-attacker,True,True,746.0486888885498,1121.5143203735352,1778557849.7875006,1778557850.1496503,1778557849.913771,1778557850.236909,False,False,False,0,2,0,False
1,20361514,cross_shard_frontrun,global_sequence,13,810013,r1-global_sequence-p13-victim,r1-global_sequence-p13-attacker,True,True,745.1779842376709,1120.3889846801758,1778557849.7873614,1778557850.1442757,1778557849.908188,1778557850.236869,False,False,False,0,2,0,False
1,20361514,cross_shard_frontrun,global_sequence,14,810014,r1-global_sequence-p14-victim,r1-global_sequence-p14-attacker,True,True,739.2807006835938,1071.0878372192383,1778557849.7862153,1778557850.1382625,1778557849.847958,1778557850.181818,False,False,False,0,2,0,False
1,20361514,cross_shard_frontrun,global_sequence,15,810015,r1-global_sequence-p15-victim,r1-global_sequence-p15-attacker,True,True,740.4589653015137,1072.906255722046,1778557849.7865248,1778557850.1436398,1778557849.863399,1778557850.19375,False,False,False,0,2,0,False
1,20361514,cross_shard_frontrun,global_sequence,16,810016,r1-global_sequence-p16-victim,r1-global_sequence-p16-attacker,True,True,736.4513874053955,1067.9118633270264,1778557849.7855546,1778557850.1378872,1778557849.820998,1778557850.155604,False,False,False,0,2,0,False
1,20361514,cross_shard_frontrun,global_sequence,17,810017,r1-global_sequence-p17-victim,r1-global_sequence-p17-attacker,True,True,739.0575408935547,1071.8507766723633,1778557849.7864258,1778557850.1435657,1778557849.857986,1778557850.188387,False,False,False,0,2,0,False
1,20361514,cross_shard_frontrun,global_sequence,18,810018,r1-global_sequence-p18-victim,r1-global_sequence-p18-attacker,True,True,744.7128295898438,1121.9027042388916,1778557849.7876816,1778557850.1498222,1778557849.925032,1778557850.249178,False,False,False,0,2,0,False
1,20361514,cross_shard_frontrun,global_sequence,19,810019,r1-global_sequence-p19-victim,r1-global_sequence-p19-attacker,True,True,729.4573783874512,754.1544437408447,1778557849.7848468,1778557849.983194,1778557849.793285,1778557849.983479,False,False,False,0,2,0,False
1,20361514,cross_shard_frontrun,global_sequence,20,810020,r1-global_sequence-p20-victim,r1-global_sequence-p20-attacker,True,True,740.900993347168,1074.3181705474854,1778557849.7869868,1778557850.1440232,1778557849.890329,1778557850.220953,False,False,False,0,2,0,False
1,20361514,cross_shard_frontrun,global_sequence,21,810021,r1-global_sequence-p21-victim,r1-global_sequence-p21-attacker,True,True,730.9939861297607,941.3552284240723,1778557849.7852285,1778557850.1375546,1778557849.80448,1778557850.137752,False,False,False,0,2,0,False
1,20361514,cross_shard_frontrun,global_sequence,22,810022,r1-global_sequence-p22-victim,r1-global_sequence-p22-attacker,True,True,742.3133850097656,1119.518756866455,1778557849.787597,1778557850.1497433,1778557849.919195,1778557850.243059,False,False,False,0,2,0,False
1,20361514,cross_shard_frontrun,global_sequence,23,810023,r1-global_sequence-p23-victim,r1-global_sequence-p23-attacker,True,True,732.1960926055908,995.4853057861328,1778557849.7854433,1778557850.1376781,1778557849.815102,1778557850.143976,False,False,False,0,2,0,False
1,20361514,cross_shard_frontrun,global_sequence,24,810024,r1-global_sequence-p24-victim,r1-global_sequence-p24-attacker,True,True,739.7639751434326,1116.121530532837,1778557849.7870646,1778557850.144201,1778557849.896668,1778557850.231426,False,False,False,0,2,0,False
1,20361514,cross_shard_frontrun,global_sequence,25,810025,r1-global_sequence-p25-victim,r1-global_sequence-p25-attacker,True,True,691.1437511444092,736.5617752075195,1778557849.784684,1778557849.9284806,1778557849.785031,1778557849.97551,False,False,False,0,2,0,False
1,20361514,cross_shard_frontrun,global_sequence,26,810026,r1-global_sequence-p26-victim,r1-global_sequence-p26-attacker,True,True,737.1351718902588,1069.901704788208,1778557849.7867663,1778557850.1437988,1778557849.874237,1778557850.204429,False,False,False,0,2,0,False
1,20361514,cross_shard_frontrun,global_sequence,27,810027,r1-global_sequence-p27-victim,r1-global_sequence-p27-attacker,True,True,734.583854675293,1067.1491622924805,1778557849.7863028,1778557850.1434705,1778557849.852927,1778557850.182146,False,False,False,0,2,0,False
1,20361514,cross_shard_frontrun,global_sequence,28,810028,r1-global_sequence-p28-victim,r1-global_sequence-p28-attacker,True,True,735.7847690582275,1068.4010982513428,1778557849.7866194,1778557850.1437032,1778557849.868874,1778557850.199152,False,False,False,0,2,0,False
1,20361514,cross_shard_frontrun,global_sequence,29,810029,r1-global_sequence-p29-victim,r1-global_sequence-p29-attacker,True,True,740.5376434326172,1118.3860301971436,1778557849.7878022,1778557850.1498947,1778557849.925863,1778557850.254661,False,False,False,0,2,0,False
1,20361514,cross_shard_frontrun,global_sequence,30,810030,r1-global_sequence-p30-victim,r1-global_sequence-p30-attacker,True,True,728.4507751464844,1061.4309310913086,1778557849.785349,1778557850.1378179,1778557849.809903,1778557850.149482,False,False,False,0,2,0,False
1,20361514,cross_shard_frontrun,global_sequence,31,810031,r1-global_sequence-p31-victim,r1-global_sequence-p31-attacker,True,True,740.4694557189941,1118.1066036224365,1778557849.7909389,1778557850.1499527,1778557849.944155,1778557850.260161,False,False,False,0,2,0,False
1,20361514,cross_shard_frontrun,global_sequence,32,810032,r1-global_sequence-p32-victim,r1-global_sequence-p32-attacker,True,True,671.7655658721924,891.4222717285156,1778557849.7868392,1778557850.143855,1778557849.879688,1778557850.210073,False,False,False,0,2,0,False
1,20361514,cross_shard_frontrun,global_sequence,33,810033,r1-global_sequence-p33-victim,r1-global_sequence-p33-attacker,True,True,396.1062431335449,701.9243240356445,1778557849.7861164,1778557850.1381862,1778557849.842011,1778557850.176518,False,False,False,0,2,0,False
1,20361514,cross_shard_frontrun,global_sequence,34,810034,r1-global_sequence-p34-victim,r1-global_sequence-p34-attacker,True,True,375.66184997558594,751.3461112976074,1778557849.791057,1778557850.1500566,1778557849.955155,1778557850.27147,False,False,False,0,2,0,False
1,20361514,cross_shard_frontrun,global_sequence,35,810035,r1-global_sequence-p35-victim,r1-global_sequence-p35-attacker,True,True,315.77205657958984,665.5035018920898,1778557849.7910063,1778557850.1500065,1778557849.949862,1778557850.266009,False,False,False,0,2,0,False
1,20361514,cross_shard_frontrun,global_sequence,36,810036,r1-global_sequence-p36-victim,r1-global_sequence-p36-attacker,True,True,218.31917762756348,431.3046932220459,1778557849.8157609,1778557850.1501172,1778557849.964353,1778557850.277451,False,False,False,0,2,0,False
1,20361514,cross_shard_frontrun,global_sequence,37,810037,r1-global_sequence-p37-victim,r1-global_sequence-p37-attacker,True,True,403.806209564209,575.1950740814209,1778557850.1501725,1778557850.5128965,1778557850.282811,1778557850.513155,False,False,False,0,2,0,False
1,20361514,cross_shard_frontrun,global_sequence,38,810038,r1-global_sequence-p38-victim,r1-global_sequence-p38-attacker,True,True,402.4333953857422,704.7727108001709,1778557850.1502151,1778557850.513223,1778557850.288399,1778557850.530023,False,False,False,0,2,0,False
1,20361514,cross_shard_frontrun,global_sequence,39,810039,r1-global_sequence-p39-victim,r1-global_sequence-p39-attacker,True,True,402.2631645202637,702.0297050476074,1778557850.1503792,1778557850.5131357,1778557850.305639,1778557850.524898,False,False,False,0,2,0,False
1,20361514,cross_shard_frontrun,global_sequence,40,810040,r1-global_sequence-p40-victim,r1-global_sequence-p40-attacker,True,True,399.16133880615234,702.3694515228271,1778557850.1502676,1778557850.5133245,1778557850.293771,1778557850.535115,False,False,False,0,2,0,False
1,20361514,cross_shard_frontrun,global_sequence,41,810041,r1-global_sequence-p41-victim,r1-global_sequence-p41-attacker,True,True,399.25599098205566,699.3265151977539,1778557850.1503263,1778557850.513015,1778557850.29985,1778557850.519664,False,False,False,0,2,0,False
1,20361514,cross_shard_frontrun,global_sequence,42,810042,r1-global_sequence-p42-victim,r1-global_sequence-p42-attacker,True,True,399.1978168487549,700.8445262908936,1778557850.153545,1778557850.5134068,1778557850.305679,1778557850.540536,False,False,False,0,2,0,False
1,20361514,cross_shard_frontrun,global_sequence,43,810043,r1-global_sequence-p43-victim,r1-global_sequence-p43-attacker,True,True,399.40595626831055,701.3819217681885,1778557850.1688197,1778557850.5134792,1778557850.307234,1778557850.546128,False,False,False,0,2,0,False
1,20361514,cross_shard_frontrun,global_sequence,44,810044,r1-global_sequence-p44-victim,r1-global_sequence-p44-attacker,True,True,398.95057678222656,699.9111175537109,1778557850.1849363,1778557850.5135748,1778557850.309597,1778557850.545853,False,False,False,0,2,0,False
1,20361514,cross_shard_frontrun,global_sequence,45,810045,r1-global_sequence-p45-victim,r1-global_sequence-p45-attacker,True,True,400.47597885131836,734.9951267242432,1778557850.2258267,1778557850.5140996,1778557850.333215,1778557850.589179,False,False,False,0,2,0,False
1,20361514,cross_shard_frontrun,global_sequence,46,810046,r1-global_sequence-p46-victim,r1-global_sequence-p46-attacker,True,True,397.95756340026855,698.819637298584,1778557850.1982565,1778557850.5136423,1778557850.311041,1778557850.551882,False,False,False,0,2,0,False
1,20361514,cross_shard_frontrun,global_sequence,47,810047,r1-global_sequence-p47-victim,r1-global_sequence-p47-attacker,True,True,399.08456802368164,734.2739105224609,1778557850.2259276,1778557850.514196,1778557850.344894,1778557850.600438,False,False,False,0,2,0,False
1,20361514,cross_shard_frontrun,global_sequence,48,810048,r1-global_sequence-p48-victim,r1-global_sequence-p48-attacker,True,True,398.6315727233887,734.2054843902588,1778557850.225965,1778557850.51426,1778557850.351897,1778557850.606026,False,False,False,0,2,0,False
1,20361514,cross_shard_frontrun,global_sequence,49,810049,r1-global_sequence-p49-victim,r1-global_sequence-p49-attacker,True,True,395.9188461303711,729.5081615447998,1778557850.225718,1778557850.5138981,1778557850.321918,1778557850.573241,False,False,False,0,2,0,False
1,20361514,cross_shard_frontrun,global_sequence,50,810050,r1-global_sequence-p50-victim,r1-global_sequence-p50-attacker,True,True,394.63210105895996,697.3018646240234,1778557850.2256448,1778557850.5137808,1778557850.314849,1778557850.562394,False,False,False,0,2,0,False
1,20361514,cross_shard_frontrun,global_sequence,51,810051,r1-global_sequence-p51-victim,r1-global_sequence-p51-attacker,True,True,396.6653347015381,732.703685760498,1778557850.2275698,1778557850.5143294,1778557850.352184,1778557850.611779,False,False,False,0,2,0,False
1,20361514,cross_shard_frontrun,global_sequence,52,810052,r1-global_sequence-p52-victim,r1-global_sequence-p52-attacker,True,True,394.5927619934082,728.3203601837158,1778557850.2257786,1778557850.5139735,1778557850.327766,1778557850.578256,False,False,False,0,2,0,False
1,20361514,cross_shard_frontrun,global_sequence,53,810053,r1-global_sequence-p53-victim,r1-global_sequence-p53-attacker,True,True,394.7792053222656,729.2025089263916,1778557850.2258706,1778557850.514154,1778557850.33911,1778557850.594354,False,False,False,0,2,0,False
1,20361514,cross_shard_frontrun,global_sequence,54,810054,r1-global_sequence-p54-victim,r1-global_sequence-p54-attacker,True,True,380.0320625305176,625.8478164672852,1778557850.2291267,1778557850.5144203,1778557850.357956,1778557850.617261,False,False,False,0,2,0,False
1,20361514,cross_shard_frontrun,global_sequence,55,810055,r1-global_sequence-p55-victim,r1-global_sequence-p55-attacker,True,True,192.22545623779297,474.0786552429199,1778557850.2421417,1778557850.514505,1778557850.359988,1778557850.622729,False,False,False,0,2,0,False
1,20361514,cross_shard_frontrun,global_sequence,56,810056,r1-global_sequence-p56-victim,r1-global_sequence-p56-attacker,True,True,409.04760360717773,416.76878929138184,1778557850.5140464,1778557850.7174387,1778557850.583662,1778557850.728372,False,False,False,0,2,0,False
1,20361514,cross_shard_frontrun,global_sequence,57,810057,r1-global_sequence-p57-victim,r1-global_sequence-p57-attacker,True,True,375.64635276794434,415.94910621643066,1778557850.513845,1778557850.6992123,1778557850.56784,1778557850.726839,False,False,False,0,2,0,False
1,20361514,cross_shard_frontrun,global_sequence,58,810058,r1-global_sequence-p58-victim,r1-global_sequence-p58-attacker,True,True,373.1353282928467,412.4283790588379,1778557850.5137107,1778557850.6887908,1778557850.557121,1778557850.726019,False,False,False,0,2,0,False
1,20361514,cross_shard_frontrun,global_sequence,59,810059,r1-global_sequence-p59-victim,r1-global_sequence-p59-attacker,True,True,411.1976623535156,516.1144733428955,1778557850.5146627,1778557850.8328612,1778557850.639916,1778557850.833193,False,False,False,0,2,0,False
1,20361514,cross_shard_frontrun,global_sequence,60,810060,r1-global_sequence-p60-victim,r1-global_sequence-p60-attacker,True,True,409.3022346496582,437.29138374328613,1778557850.514564,1778557850.752988,1778557850.628564,1778557850.753456,False,False,False,0,2,0,False
1,20361514,cross_shard_frontrun,global_sequence,61,810061,r1-global_sequence-p61-victim,r1-global_sequence-p61-attacker,True,True,408.2226753234863,570.6400871276855,1778557850.514619,1778557850.8511689,1778557850.63395,1778557850.851425,False,False,False,0,2,0,False
1,20361514,cross_shard_frontrun,global_sequence,62,810062,r1-global_sequence-p62-victim,r1-global_sequence-p62-attacker,True,True,408.43915939331055,569.7402954101562,1778557850.5147274,1778557850.8513453,1778557850.645681,1778557850.859802,False,False,False,0,2,0,False
1,20361514,cross_shard_frontrun,global_sequence,63,810063,r1-global_sequence-p63-victim,r1-global_sequence-p63-attacker,True,True,407.7606201171875,531.4700603485107,1778557850.5163798,1778557850.851636,1778557850.65143,1778557850.865543,False,False,False,0,2,0,False
1,20361514,cross_shard_frontrun,global_sequence,64,810064,r1-global_sequence-p64-victim,r1-global_sequence-p64-attacker,True,True,366.22166633605957,644.1128253936768,1778557850.5221114,1778557850.8520186,1778557850.669477,1778557850.881081,False,False,False,0,2,0,False
1,20361514,cross_shard_frontrun,global_sequence,65,810065,r1-global_sequence-p65-victim,r1-global_sequence-p65-attacker,True,True,364.06707763671875,635.9474658966064,1778557850.5220444,1778557850.8517694,1778557850.663937,1778557850.870696,False,False,False,0,2,0,False
1,20361514,cross_shard_frontrun,global_sequence,66,810066,r1-global_sequence-p66-victim,r1-global_sequence-p66-attacker,True,True,361.936092376709,640.3775215148926,1778557850.5218966,1778557850.8518744,1778557850.656954,1778557850.875901,False,False,False,0,2,0,False
1,20361514,cross_shard_frontrun,global_sequence,67,810067,r1-global_sequence-p67-victim,r1-global_sequence-p67-attacker,True,True,361.59729957580566,640.9096717834473,1778557850.522194,1778557850.8521507,1778557850.676181,1778557850.886192,False,False,False,0,2,0,False
1,20361514,cross_shard_frontrun,global_sequence,68,810068,r1-global_sequence-p68-victim,r1-global_sequence-p68-attacker,True,True,361.18173599243164,640.4833793640137,1778557850.5303843,1778557850.8522556,1778557850.676827,1778557850.891155,False,False,False,0,2,0,False
1,20361514,cross_shard_frontrun,global_sequence,69,810069,r1-global_sequence-p69-victim,r1-global_sequence-p69-attacker,True,True,360.3389263153076,640.42067527771,1778557850.5390418,1778557850.865425,1778557850.678075,1778557850.892136,False,False,False,0,2,0,False
1,20361514,cross_shard_frontrun,global_sequence,70,810070,r1-global_sequence-p70-victim,r1-global_sequence-p70-attacker,True,True,360.17704010009766,640.5389308929443,1778557850.5696166,1778557850.871124,1778557850.682261,1778557850.902735,False,False,False,0,2,0,False
1,20361514,cross_shard_frontrun,global_sequence,71,810071,r1-global_sequence-p71-victim,r1-global_sequence-p71-attacker,True,True,359.73215103149414,641.2200927734375,1778557850.575021,1778557850.871326,1778557850.701867,1778557850.919114,False,False,False,0,2,0,False
1,20361514,cross_shard_frontrun,global_sequence,72,810072,r1-global_sequence-p72-victim,r1-global_sequence-p72-attacker,True,True,357.64122009277344,638.669490814209,1778557850.5748787,1778557850.8712652,1778557850.690642,1778557850.913755,False,False,False,0,2,0,False
1,20361514,cross_shard_frontrun,global_sequence,73,810073,r1-global_sequence-p73-victim,r1-global_sequence-p73-attacker,True,True,355.9856414794922,636.9600296020508,1778557850.5749712,1778557850.871193,1778557850.696184,1778557850.907979,False,False,False,0,2,0,False
1,20361514,cross_shard_frontrun,global_sequence,74,810074,r1-global_sequence-p74-victim,r1-global_sequence-p74-attacker,True,True,354.0234565734863,634.7110271453857,1778557850.5581338,1778557850.8710518,1778557850.680365,1778557850.897641,False,False,False,0,2,0,False
1,20361514,cross_shard_frontrun,global_sequence,75,810075,r1-global_sequence-p75-victim,r1-global_sequence-p75-attacker,True,True,356.4114570617676,637.1138095855713,1778557850.5751123,1778557850.871452,1778557850.713574,1778557850.929894,False,False,False,0,2,0,False
1,20361514,cross_shard_frontrun,global_sequence,76,810076,r1-global_sequence-p76-victim,r1-global_sequence-p76-attacker,True,True,352.80442237854004,632.396936416626,1778557850.5748224,1778557850.8709693,1778557850.683033,1778557850.892245,False,False,False,0,2,0,False
1,20361514,cross_shard_frontrun,global_sequence,77,810077,r1-global_sequence-p77-victim,r1-global_sequence-p77-attacker,True,True,354.94351387023926,637.176513671875,1778557850.5781987,1778557850.8716068,1778557850.713495,1778557850.940986,False,False,False,0,2,0,False
1,20361514,cross_shard_frontrun,global_sequence,78,810078,r1-global_sequence-p78-victim,r1-global_sequence-p78-attacker,True,True,353.5029888153076,463.7603759765625,1778557850.5750751,1778557850.871383,1778557850.70781,1778557850.924566,False,False,False,0,2,0,False
1,20361514,cross_shard_frontrun,global_sequence,79,810079,r1-global_sequence-p79-victim,r1-global_sequence-p79-attacker,True,True,384.77206230163574,555.1817417144775,1778557850.8720455,1778557851.1583269,1778557850.974445,1778557851.165834,False,False,False,0,2,0,False
1,20361514,cross_shard_frontrun,global_sequence,80,810080,r1-global_sequence-p80-victim,r1-global_sequence-p80-attacker,True,True,340.9121036529541,386.87634468078613,1778557850.8715286,1778557851.0305934,1778557850.935477,1778557851.064596,False,False,False,0,2,0,False
1,20361514,cross_shard_frontrun,global_sequence,81,810081,r1-global_sequence-p81-victim,r1-global_sequence-p81-attacker,True,True,375.07081031799316,387.8297805786133,1778557850.8717873,1778557851.057271,1778557850.956542,1778557851.072318,False,False,False,0,2,0,False
1,20361514,cross_shard_frontrun,global_sequence,82,810082,r1-global_sequence-p82-victim,r1-global_sequence-p82-attacker,True,True,340.5916690826416,384.58895683288574,1778557850.871733,1778557851.0543447,1778557850.951198,1778557851.065774,False,False,False,0,2,0,False
1,20361514,cross_shard_frontrun,global_sequence,83,810083,r1-global_sequence-p83-victim,r1-global_sequence-p83-attacker,True,True,338.076114654541,382.91072845458984,1778557850.8716753,1778557851.0517619,1778557850.946126,1778557851.065459,False,False,False,0,2,0,False
1,20361514,cross_shard_frontrun,global_sequence,84,810084,r1-global_sequence-p84-victim,r1-global_sequence-p84-attacker,True,True,377.99596786499023,423.997163772583,1778557850.8719444,1778557851.145121,1778557850.969156,1778557851.145388,False,False,False,0,2,0,False
1,20361514,cross_shard_frontrun,global_sequence,85,810085,r1-global_sequence-p85-victim,r1-global_sequence-p85-attacker,True,True,348.9091396331787,574.7482776641846,1778557850.8776677,1778557851.1589959,1778557851.011268,1778557851.192483,False,False,False,0,2,0,False
1,20361514,cross_shard_frontrun,global_sequence,86,810086,r1-global_sequence-p86-victim,r1-global_sequence-p86-attacker,True,True,345.980167388916,494.46988105773926,1778557850.8721554,1778557851.1581569,1778557850.980457,1778557851.158457,False,False,False,0,2,0,False
1,20361514,cross_shard_frontrun,global_sequence,87,810087,r1-global_sequence-p87-victim,r1-global_sequence-p87-attacker,True,True,345.7791805267334,571.7949867248535,1778557850.8722854,1778557851.1588304,1778557850.99233,1778557851.181936,False,False,False,0,2,0,False
1,20361514,cross_shard_frontrun,global_sequence,88,810088,r1-global_sequence-p88-victim,r1-global_sequence-p88-attacker,True,True,344.5711135864258,514.1608715057373,1778557850.8723352,1778557851.158738,1778557851.004433,1778557851.176917,False,False,False,0,2,0,False
1,20361514,cross_shard_frontrun,global_sequence,89,810089,r1-global_sequence-p89-victim,r1-global_sequence-p89-attacker,True,True,342.76890754699707,512.2694969177246,1778557850.8722265,1778557851.158515,1778557850.986115,1778557851.171524,False,False,False,0,2,0,False
1,20361514,cross_shard_frontrun,global_sequence,90,810090,r1-global_sequence-p90-victim,r1-global_sequence-p90-attacker,True,True,339.8704528808594,349.06458854675293,1778557850.8718667,1778557851.0709875,1778557850.963034,1778557851.072908,False,False,False,0,2,0,False
1,20361514,cross_shard_frontrun,global_sequence,91,810091,r1-global_sequence-p91-victim,r1-global_sequence-p91-attacker,True,True,341.3057327270508,567.1713352203369,1778557850.874777,1778557851.158915,1778557851.004462,1778557851.18718,False,False,False,0,2,0,False
1,20361514,cross_shard_frontrun,global_sequence,92,810092,r1-global_sequence-p92-victim,r1-global_sequence-p92-attacker,True,True,340.3053283691406,566.5287971496582,1778557850.91253,1778557851.1592252,1778557851.015359,1778557851.20284,False,False,False,0,2,0,False
1,20361514,cross_shard_frontrun,global_sequence,93,810093,r1-global_sequence-p93-victim,r1-global_sequence-p93-attacker,True,True,339.42151069641113,565.6337738037109,1778557850.921828,1778557851.1591122,1778557851.016488,1778557851.197975,False,False,False,0,2,0,False
1,20361514,cross_shard_frontrun,global_sequence,94,810094,r1-global_sequence-p94-victim,r1-global_sequence-p94-attacker,True,True,347.2938537597656,585.2673053741455,1778557850.9542735,1778557851.1784148,1778557851.053772,1778557851.240923,False,False,False,0,2,0,False
1,20361514,cross_shard_frontrun,global_sequence,95,810095,r1-global_sequence-p95-victim,r1-global_sequence-p95-attacker,True,True,339.078426361084,565.2174949645996,1778557850.9539752,1778557851.1594179,1778557851.026285,1778557851.213197,False,False,False,0,2,0,False
1,20361514,cross_shard_frontrun,global_sequence,96,810096,r1-global_sequence-p96-victim,r1-global_sequence-p96-attacker,True,True,339.69736099243164,582.6690196990967,1778557850.9542115,1778557851.1597958,1778557851.048221,1778557851.230065,False,False,False,0,2,0,False
1,20361514,cross_shard_frontrun,global_sequence,97,810097,r1-global_sequence-p97-victim,r1-global_sequence-p97-attacker,True,True,345.2935218811035,582.1421146392822,1778557850.9636257,1778557851.1670098,1778557851.053551,1778557851.23512,False,False,False,0,2,0,False
1,20361514,cross_shard_frontrun,global_sequence,98,810098,r1-global_sequence-p98-victim,r1-global_sequence-p98-attacker,True,True,337.5821113586426,569.5984363555908,1778557850.9540808,1778557851.1597435,1778557851.037464,1778557851.224728,False,False,False,0,2,0,False
1,20361514,cross_shard_frontrun,global_sequence,99,810099,r1-global_sequence-p99-victim,r1-global_sequence-p99-attacker,True,True,335.2334499359131,561.7449283599854,1778557850.9539173,1778557851.159316,1778557851.020739,1778557851.207951,False,False,False,0,2,0,False
1,20361514,cross_shard_frontrun,global_sequence,100,810100,r1-global_sequence-p100-victim,r1-global_sequence-p100-attacker,True,True,333.3926200866699,559.7031116485596,1778557850.9540343,1778557851.1595128,1778557851.031728,1778557851.21884,False,False,False,0,2,0,False
1,20361514,cross_shard_frontrun,global_sequence,101,810101,r1-global_sequence-p101-victim,r1-global_sequence-p101-attacker,True,True,308.9461326599121,456.9554328918457,1778557850.9541337,1778557851.1596682,1778557851.043165,1778557851.218873,False,False,False,0,2,0,False
1,20361514,cross_shard_frontrun,global_sequence,102,810102,r1-global_sequence-p102-victim,r1-global_sequence-p102-attacker,True,True,181.4746856689453,418.89333724975586,1778557850.966017,1778557851.1784768,1778557851.059812,1778557851.246578,False,False,False,0,2,0,False
1,20361514,cross_shard_frontrun,global_sequence,103,810103,r1-global_sequence-p103-victim,r1-global_sequence-p103-attacker,True,True,180.51624298095703,307.293176651001,1778557850.9637086,1778557851.1787603,1778557851.059954,1778557851.267815,False,False,False,0,2,0,False
1,20361514,cross_shard_frontrun,global_sequence,104,810104,r1-global_sequence-p104-victim,r1-global_sequence-p104-attacker,True,True,306.87761306762695,306.25104904174805,1778557851.167091,1778557851.318794,1778557851.240278,1778557851.322213,False,False,False,0,2,0,False
1,20361514,cross_shard_frontrun,global_sequence,105,810105,r1-global_sequence-p105-victim,r1-global_sequence-p105-attacker,True,True,307.29198455810547,441.41554832458496,1778557851.178676,1778557851.3916454,1778557851.261945,1778557851.397789,False,False,False,0,2,0,False
1,20361514,cross_shard_frontrun,global_sequence,106,810106,r1-global_sequence-p106-victim,r1-global_sequence-p106-attacker,True,True,305.18174171447754,361.30809783935547,1778557851.178544,1778557851.3801985,1778557851.251605,1778557851.380472,False,False,False,0,2,0,False
1,20361514,cross_shard_frontrun,global_sequence,107,810107,r1-global_sequence-p107-victim,r1-global_sequence-p107-attacker,True,True,305.6321144104004,439.5420551300049,1778557851.1789029,1778557851.3918777,1778557851.279851,1778557851.410183,False,False,False,0,2,0,False
1,20361514,cross_shard_frontrun,global_sequence,108,810108,r1-global_sequence-p108-victim,r1-global_sequence-p108-attacker,True,True,304.9440383911133,438.7969970703125,1778557851.1790385,1778557851.3920293,1778557851.291155,1778557851.422049,False,False,False,0,2,0,False
1,20361514,cross_shard_frontrun,global_sequence,109,810109,r1-global_sequence-p109-victim,r1-global_sequence-p109-attacker,True,True,303.57837677001953,437.3629093170166,1778557851.1789699,1778557851.3919683,1778557851.285721,1778557851.416156,False,False,False,0,2,0,False
1,20361514,cross_shard_frontrun,global_sequence,110,810110,r1-global_sequence-p110-victim,r1-global_sequence-p110-attacker,True,True,302.2584915161133,436.2637996673584,1778557851.1788402,1778557851.3918047,1778557851.273784,1778557851.403993,False,False,False,0,2,0,False
1,20361514,cross_shard_frontrun,global_sequence,111,810111,r1-global_sequence-p111-victim,r1-global_sequence-p111-attacker,True,True,302.0603656768799,436.1104965209961,1778557851.181983,1778557851.392097,1778557851.297252,1778557851.42808,False,False,False,0,2,0,False
1,20361514,cross_shard_frontrun,global_sequence,112,810112,r1-global_sequence-p112-victim,r1-global_sequence-p112-attacker,True,True,299.1485595703125,400.5389213562012,1778557851.1786058,1778557851.3915064,1778557851.256821,1778557851.391708,False,False,False,0,2,0,False
1,20361514,cross_shard_frontrun,global_sequence,113,810113,r1-global_sequence-p113-victim,r1-global_sequence-p113-attacker,True,True,261.4789009094238,395.11704444885254,1778557851.2100806,1778557851.3921733,1778557851.29851,1778557851.433439,False,False,False,0,2,0,False
1,20361514,cross_shard_frontrun,global_sequence,114,810114,r1-global_sequence-p114-victim,r1-global_sequence-p114-attacker,True,True,260.81275939941406,394.5801258087158,1778557851.2276976,1778557851.3923264,1778557851.306211,1778557851.445109,False,False,False,0,2,0,False
1,20361514,cross_shard_frontrun,global_sequence,115,810115,r1-global_sequence-p115-victim,r1-global_sequence-p115-attacker,True,True,260.50662994384766,398.2377052307129,1778557851.2313628,1778557851.3925302,1778557851.31719,1778557851.462638,False,False,False,0,2,0,False
1,20361514,cross_shard_frontrun,global_sequence,116,810116,r1-global_sequence-p116-victim,r1-global_sequence-p116-attacker,True,True,259.3410015106201,393.22853088378906,1778557851.222375,1778557851.392459,1778557851.306388,1778557851.456553,False,False,False,0,2,0,False
1,20361514,cross_shard_frontrun,global_sequence,117,810117,r1-global_sequence-p117-victim,r1-global_sequence-p117-attacker,True,True,258.9390277862549,392.58360862731934,1778557851.2277741,1778557851.3923967,1778557851.312148,1778557851.450844,False,False,False,0,2,0,False
1,20361514,cross_shard_frontrun,global_sequence,118,810118,r1-global_sequence-p118-victim,r1-global_sequence-p118-attacker,True,True,260.97869873046875,393.92614364624023,1778557851.2278328,1778557851.3961055,1778557851.31737,1778557851.462439,False,False,False,0,2,0,False
1,20361514,cross_shard_frontrun,global_sequence,119,810119,r1-global_sequence-p119-victim,r1-global_sequence-p119-attacker,True,True,256.84571266174316,390.765905380249,1778557851.2223063,1778557851.392249,1778557851.299755,1778557851.439558,False,False,False,0,2,0,False
1,20362514,cross_shard_frontrun,occ,0,820000,r1-occ-p0-victim,r1-occ-p0-attacker,True,True,75.76608657836914,509.5100402832031,1778557852.6108012,1778557852.900357,1778557852.612114,1778557853.033873,False,False,False,0,2,0,False
1,20362514,cross_shard_frontrun,occ,1,820001,r1-occ-p1-victim,r1-occ-p1-attacker,True,True,157.42945671081543,510.120153427124,1778557852.6948593,1778557852.903471,1778557852.695144,1778557853.052414,False,False,False,0,2,0,False
1,20362514,cross_shard_frontrun,occ,2,820002,r1-occ-p2-victim,r1-occ-p2-attacker,True,True,166.36204719543457,508.5330009460449,1778557852.70473,1778557852.9004207,1778557852.704938,1778557853.040644,False,False,False,0,2,0,False
1,20362514,cross_shard_frontrun,occ,3,820003,r1-occ-p3-victim,r1-occ-p3-attacker,True,True,274.11580085754395,508.4373950958252,1778557852.8130975,1778557852.900477,1778557852.813332,1778557853.046669,False,False,False,0,2,0,False
1,20362514,cross_shard_frontrun,occ,4,820004,r1-occ-p4-victim,r1-occ-p4-attacker,True,False,516.488790512085,350.53491592407227,1778557852.905972,,1778557853.052228,,False,False,False,1,1,1,False
1,20362514,cross_shard_frontrun,occ,5,820005,r1-occ-p5-victim,r1-occ-p5-attacker,True,False,654.7446250915527,481.5652370452881,1778557853.073507,,1778557853.073813,,False,False,False,1,1,1,False
1,20362514,cross_shard_frontrun,occ,6,820006,r1-occ-p6-victim,r1-occ-p6-attacker,True,False,663.006067276001,481.18114471435547,1778557853.0747857,,1778557853.158068,,False,False,False,1,1,1,False
1,20362514,cross_shard_frontrun,occ,7,820007,r1-occ-p7-victim,r1-occ-p7-attacker,True,False,659.6689224243164,499.54676628112793,1778557853.0737665,,1778557853.079867,,False,False,False,1,1,1,False
1,20362514,cross_shard_frontrun,occ,8,820008,r1-occ-p8-victim,r1-occ-p8-attacker,True,False,659.4772338867188,498.72541427612305,1778557853.0738957,,1778557853.084973,,False,False,False,1,1,1,False
1,20362514,cross_shard_frontrun,occ,9,820009,r1-occ-p9-victim,r1-occ-p9-attacker,True,False,658.2138538360596,498.5654354095459,1778557853.0625498,,1778557853.073705,,False,False,False,1,1,1,False
1,20362514,cross_shard_frontrun,occ,10,820010,r1-occ-p10-victim,r1-occ-p10-attacker,True,False,659.8424911499023,498.32987785339355,1778557853.074356,,1778557853.121678,,False,False,False,1,1,1,False
1,20362514,cross_shard_frontrun,occ,11,820011,r1-occ-p11-victim,r1-occ-p11-attacker,True,False,660.1722240447998,497.93219566345215,1778557853.0746548,,1778557853.147769,,False,False,False,1,1,1,False
1,20362514,cross_shard_frontrun,occ,12,820012,r1-occ-p12-victim,r1-occ-p12-attacker,True,False,660.3899002075195,497.9054927825928,1778557853.0748832,,1778557853.16983,,False,False,False,1,1,1,False
1,20362514,cross_shard_frontrun,occ,13,820013,r1-occ-p13-victim,r1-occ-p13-attacker,True,False,657.217264175415,497.2686767578125,1778557853.0739455,,1778557853.089701,,False,False,False,1,1,1,False
1,20362514,cross_shard_frontrun,occ,14,820014,r1-occ-p14-victim,r1-occ-p14-attacker,True,False,525.7408618927002,496.7327117919922,1778557853.0624053,,1778557853.068444,,False,False,False,1,1,1,False
1,20362514,cross_shard_frontrun,occ,15,820015,r1-occ-p15-victim,r1-occ-p15-attacker,True,False,656.0070514678955,495.8972930908203,1778557853.0740597,,1778557853.100236,,False,False,False,1,1,1,False
1,20362514,cross_shard_frontrun,occ,16,820016,r1-occ-p16-victim,r1-occ-p16-attacker,True,False,523.6861705780029,493.5567378997803,1778557853.0622475,,1778557853.062512,,False,False,False,1,1,1,False
1,20362514,cross_shard_frontrun,occ,17,820017,r1-occ-p17-victim,r1-occ-p17-attacker,True,False,655.545711517334,493.78323554992676,1778557853.0744421,,1778557853.131689,,False,False,False,1,1,1,False
1,20362514,cross_shard_frontrun,occ,18,820018,r1-occ-p18-victim,r1-occ-p18-attacker,True,False,656.3758850097656,493.9713478088379,1778557853.0749302,,1778557853.175564,,False,False,False,1,1,1,False
1,20362514,cross_shard_frontrun,occ,19,820019,r1-occ-p19-victim,r1-occ-p19-attacker,True,False,508.99195671081543,494.1754341125488,1778557853.0134456,,1778557853.057147,,False,False,False,1,1,1,False
1,20362514,cross_shard_frontrun,occ,20,820020,r1-occ-p20-victim,r1-occ-p20-attacker,True,False,506.86192512512207,494.13466453552246,1778557852.9520397,,1778557853.054135,,False,False,False,1,1,1,False
1,20362514,cross_shard_frontrun,occ,21,820021,r1-occ-p21-victim,r1-occ-p21-attacker,True,False,652.714729309082,494.2319393157959,1778557853.074211,,1778557853.110999,,False,False,False,1,1,1,False
1,20362514,cross_shard_frontrun,occ,22,820022,r1-occ-p22-victim,r1-occ-p22-attacker,True,False,651.630163192749,493.50619316101074,1778557853.0740058,,1778557853.09496,,False,False,False,1,1,1,False
1,20362514,cross_shard_frontrun,occ,23,820023,r1-occ-p23-victim,r1-occ-p23-attacker,True,False,653.925895690918,493.44921112060547,1778557853.0749872,,1778557853.181479,,False,False,False,1,1,1,False
1,20362514,cross_shard_frontrun,occ,24,820024,r1-occ-p24-victim,r1-occ-p24-attacker,True,False,651.3681411743164,493.1068420410156,1778557853.0742757,,1778557853.116544,,False,False,False,1,1,1,False
1,20362514,cross_shard_frontrun,occ,25,820025,r1-occ-p25-victim,r1-occ-p25-attacker,True,False,651.6919136047363,492.66958236694336,1778557853.0745866,,1778557853.14279,,False,False,False,1,1,1,False
1,20362514,cross_shard_frontrun,occ,26,820026,r1-occ-p26-victim,r1-occ-p26-attacker,True,False,651.695966720581,492.3436641693115,1778557853.0748308,,1778557853.164149,,False,False,False,1,1,1,False
1,20362514,cross_shard_frontrun,occ,27,820027,r1-occ-p27-victim,r1-occ-p27-attacker,True,False,651.928186416626,492.4349784851074,1778557853.0750663,,1778557853.187171,,False,False,False,1,1,1,False
1,20362514,cross_shard_frontrun,occ,28,820028,r1-occ-p28-victim,r1-occ-p28-attacker,True,False,652.122974395752,492.1722412109375,1778557853.0752053,,1778557853.19835,,False,False,False,1,1,1,False
1,20362514,cross_shard_frontrun,occ,29,820029,r1-occ-p29-victim,r1-occ-p29-attacker,True,False,651.4332294464111,492.0046329498291,1778557853.0765364,,1778557853.198273,,False,False,False,1,1,1,False
1,20362514,cross_shard_frontrun,occ,30,820030,r1-occ-p30-victim,r1-occ-p30-attacker,True,False,650.7172584533691,491.7929172515869,1778557853.0751383,,1778557853.192824,,False,False,False,1,1,1,False
1,20362514,cross_shard_frontrun,occ,31,820031,r1-occ-p31-victim,r1-occ-p31-attacker,True,False,648.921012878418,491.32704734802246,1778557853.0747254,,1778557853.152981,,False,False,False,1,1,1,False
1,20362514,cross_shard_frontrun,occ,32,820032,r1-occ-p32-victim,r1-occ-p32-attacker,True,False,589.6522998809814,352.27179527282715,1778557853.0741353,,1778557853.105693,,False,False,False,1,1,1,False
1,20362514,cross_shard_frontrun,occ,33,820033,r1-occ-p33-victim,r1-occ-p33-attacker,True,False,498.4393119812012,233.73675346374512,1778557853.0745144,,1778557853.136822,,False,False,False,1,1,1,False
1,20362514,cross_shard_frontrun,occ,34,820034,r1-occ-p34-victim,r1-occ-p34-attacker,True,False,307.21211433410645,31.7232608795166,1778557853.0789907,,1778557853.204155,,False,False,False,1,1,1,False
1,20362514,cross_shard_frontrun,occ,35,820035,r1-occ-p35-victim,r1-occ-p35-attacker,True,True,176.4068603515625,229.93135452270508,1778557853.0955944,1778557853.2459335,1778557853.204751,1778557853.27833,False,False,False,0,2,0,False
1,20362514,cross_shard_frontrun,occ,36,820036,r1-occ-p36-victim,r1-occ-p36-attacker,True,True,157.9904556274414,233.92677307128906,1778557853.1261964,1778557853.246015,1778557853.206038,1778557853.289263,False,False,False,0,2,0,False
1,20362514,cross_shard_frontrun,occ,37,820037,r1-occ-p37-victim,r1-occ-p37-attacker,True,True,163.23089599609375,229.52985763549805,1778557853.205428,1778557853.245977,1778557853.208749,1778557853.283978,False,False,False,0,2,0,False
1,20362514,cross_shard_frontrun,occ,38,820038,r1-occ-p38-victim,r1-occ-p38-attacker,True,True,159.18993949890137,230.30662536621094,1778557853.1950076,1778557853.2496274,1778557853.208168,1778557853.288959,False,False,False,0,2,0,False
1,20362514,cross_shard_frontrun,occ,39,820039,r1-occ-p39-victim,r1-occ-p39-attacker,True,False,240.6761646270752,216.04585647583008,1778557853.2776423,,1778557853.290072,,False,False,False,1,1,1,False
1,20362514,cross_shard_frontrun,occ,40,820040,r1-occ-p40-victim,r1-occ-p40-attacker,True,False,259.8729133605957,215.55304527282715,1778557853.3076322,,1778557853.307851,,False,False,False,1,1,1,False
1,20362514,cross_shard_frontrun,occ,41,820041,r1-occ-p41-victim,r1-occ-p41-attacker,True,False,326.6890048980713,215.38138389587402,1778557853.3362389,,1778557853.336432,,False,False,False,1,1,1,False
1,20362514,cross_shard_frontrun,occ,42,820042,r1-occ-p42-victim,r1-occ-p42-attacker,True,False,260.64538955688477,225.663423538208,1778557853.3077555,,1778557853.31433,,False,False,False,1,1,1,False
1,20362514,cross_shard_frontrun,occ,43,820043,r1-occ-p43-victim,r1-occ-p43-attacker,True,False,343.09983253479004,225.4159450531006,1778557853.3367362,,1778557853.370485,,False,False,False,1,1,1,False
1,20362514,cross_shard_frontrun,occ,44,820044,r1-occ-p44-victim,r1-occ-p44-attacker,True,False,276.275634765625,225.11553764343262,1778557853.3307192,,1778557853.33092,,False,False,False,1,1,1,False
1,20362514,cross_shard_frontrun,occ,45,820045,r1-occ-p45-victim,r1-occ-p45-attacker,True,False,342.4372673034668,224.55978393554688,1778557853.3367925,,1778557853.376327,,False,False,False,1,1,1,False
1,20362514,cross_shard_frontrun,occ,46,820046,r1-occ-p46-victim,r1-occ-p46-attacker,True,False,324.41115379333496,224.1508960723877,1778557853.3363745,,1778557853.342301,,False,False,False,1,1,1,False
1,20362514,cross_shard_frontrun,occ,47,820047,r1-occ-p47-victim,r1-occ-p47-attacker,True,False,340.85869789123535,223.8905429840088,1778557853.336695,,1778557853.365174,,False,False,False,1,1,1,False
1,20362514,cross_shard_frontrun,occ,48,820048,r1-occ-p48-victim,r1-occ-p48-attacker,True,False,340.20519256591797,224.00355339050293,1778557853.3366492,,1778557853.358869,,False,False,False,1,1,1,False
1,20362514,cross_shard_frontrun,occ,49,820049,r1-occ-p49-victim,r1-occ-p49-attacker,True,False,323.270320892334,227.66447067260742,1778557853.3365934,,1778557853.353565,,False,False,False,1,1,1,False
1,20362514,cross_shard_frontrun,occ,50,820050,r1-occ-p50-victim,r1-occ-p50-attacker,True,False,340.1484489440918,331.7761421203613,1778557853.336838,,1778557853.381574,,False,False,False,1,1,1,False
1,20362514,cross_shard_frontrun,occ,51,820051,r1-occ-p51-victim,r1-occ-p51-attacker,True,False,339.5862579345703,332.08441734313965,1778557853.3396423,,1778557853.38129,,False,False,False,1,1,1,False
1,20362514,cross_shard_frontrun,occ,52,820052,r1-occ-p52-victim,r1-occ-p52-attacker,True,False,320.9199905395508,317.8243637084961,1778557853.3365197,,1778557853.348189,,False,False,False,1,1,1,False
1,20362514,cross_shard_frontrun,occ,53,820053,r1-occ-p53-victim,r1-occ-p53-attacker,True,False,606.4112186431885,320.8880424499512,1778557853.4712896,,1778557853.520553,,False,False,False,1,1,1,False
1,20362514,cross_shard_frontrun,occ,54,820054,r1-occ-p54-victim,r1-occ-p54-attacker,True,False,506.34765625,192.38710403442383,1778557853.4714375,,1778557853.53203,,False,False,False,1,1,1,False
1,20362514,cross_shard_frontrun,occ,55,820055,r1-occ-p55-victim,r1-occ-p55-attacker,True,False,296.7381477355957,211.9276523590088,1778557853.4195392,,1778557853.424936,,False,False,False,1,1,1,False
1,20362514,cross_shard_frontrun,occ,56,820056,r1-occ-p56-victim,r1-occ-p56-attacker,True,False,500.781774520874,288.25831413269043,1778557853.4717348,,1778557853.556352,,False,False,False,1,1,1,False
1,20362514,cross_shard_frontrun,occ,57,820057,r1-occ-p57-victim,r1-occ-p57-attacker,True,False,499.7553825378418,288.10691833496094,1778557853.4716,,1778557853.544289,,False,False,False,1,1,1,False
1,20362514,cross_shard_frontrun,occ,58,820058,r1-occ-p58-victim,r1-occ-p58-attacker,True,False,499.64118003845215,288.0597114562988,1778557853.471668,,1778557853.550045,,False,False,False,1,1,1,False
1,20362514,cross_shard_frontrun,occ,59,820059,r1-occ-p59-victim,r1-occ-p59-attacker,True,False,499.9244213104248,287.89353370666504,1778557853.4751961,,1778557853.567948,,False,False,False,1,1,1,False
1,20362514,cross_shard_frontrun,occ,60,820060,r1-occ-p60-victim,r1-occ-p60-attacker,True,False,473.38056564331055,293.2248115539551,1778557853.4712179,,1778557853.514947,,False,False,False,1,1,1,False
1,20362514,cross_shard_frontrun,occ,61,820061,r1-occ-p61-victim,r1-occ-p61-attacker,True,False,294.4478988647461,293.11323165893555,1778557853.4173393,,1778557853.42511,,False,False,False,1,1,1,False
1,20362514,cross_shard_frontrun,occ,62,820062,r1-occ-p62-victim,r1-occ-p62-attacker,True,False,452.91614532470703,292.94610023498535,1778557853.4278502,,1778557853.501226,,False,False,False,1,1,1,False
1,20362514,cross_shard_frontrun,occ,63,820063,r1-occ-p63-victim,r1-occ-p63-attacker,True,False,472.95570373535156,292.7846908569336,1778557853.4713664,,1778557853.526147,,False,False,False,1,1,1,False
1,20362514,cross_shard_frontrun,occ,64,820064,r1-occ-p64-victim,r1-occ-p64-attacker,True,False,496.9937801361084,370.0563907623291,1778557853.47152,,1778557853.537891,,False,False,False,1,1,1,False
1,20362514,cross_shard_frontrun,occ,65,820065,r1-occ-p65-victim,r1-occ-p65-attacker,True,False,471.04644775390625,442.31247901916504,1778557853.4711576,,1778557853.508755,,False,False,False,1,1,1,False
1,20362514,cross_shard_frontrun,occ,66,820066,r1-occ-p66-victim,r1-occ-p66-attacker,True,False,497.0102310180664,442.61693954467773,1778557853.4731445,,1778557853.561776,,False,False,False,1,1,1,False
1,20362514,cross_shard_frontrun,occ,67,820067,r1-occ-p67-victim,r1-occ-p67-attacker,True,False,540.6897068023682,440.54627418518066,1778557853.4754314,,1778557853.579918,,False,False,False,1,1,1,False
1,20362514,cross_shard_frontrun,occ,68,820068,r1-occ-p68-victim,r1-occ-p68-attacker,True,False,521.5528011322021,435.2583885192871,1778557853.4753046,,1778557853.574121,,False,False,False,1,1,1,False
1,20362514,cross_shard_frontrun,occ,69,820069,r1-occ-p69-victim,r1-occ-p69-attacker,True,False,475.77857971191406,374.0668296813965,1778557853.4783008,,1778557853.659157,,False,False,False,1,1,1,False
1,20362514,cross_shard_frontrun,occ,70,820070,r1-occ-p70-victim,r1-occ-p70-attacker,True,False,489.6121025085449,363.1129264831543,1778557853.5099509,,1778557853.679116,,False,False,False,1,1,1,False
1,20362514,cross_shard_frontrun,occ,71,820071,r1-occ-p71-victim,r1-occ-p71-attacker,True,False,465.3477668762207,381.09731674194336,1778557853.507102,,1778557853.667092,,False,False,False,1,1,1,False
1,20362514,cross_shard_frontrun,occ,72,820072,r1-occ-p72-victim,r1-occ-p72-attacker,True,False,478.17516326904297,381.1614513397217,1778557853.5072489,,1778557853.678885,,False,False,False,1,1,1,False
1,20362514,cross_shard_frontrun,occ,73,820073,r1-occ-p73-victim,r1-occ-p73-attacker,True,False,464.30110931396484,452.9533386230469,1778557853.5070407,,1778557853.660542,,False,False,False,1,1,1,False
1,20362514,cross_shard_frontrun,occ,74,820074,r1-occ-p74-victim,r1-occ-p74-attacker,True,False,464.28489685058594,452.7144432067871,1778557853.5071828,,1778557853.673232,,False,False,False,1,1,1,False
1,20362514,cross_shard_frontrun,occ,75,820075,r1-occ-p75-victim,r1-occ-p75-attacker,True,False,462.1927738189697,448.63438606262207,1778557853.4911783,,1778557853.659347,,False,False,False,1,1,1,False
1,20362514,cross_shard_frontrun,occ,76,820076,r1-occ-p76-victim,r1-occ-p76-attacker,True,False,472.97215461730957,449.22733306884766,1778557853.5086546,,1778557853.678833,,False,False,False,1,1,1,False
1,20362514,cross_shard_frontrun,occ,77,820077,r1-occ-p77-victim,r1-occ-p77-attacker,True,False,477.39338874816895,427.92296409606934,1778557853.5720537,,1778557853.712313,,False,False,False,1,1,1,False
1,20362514,cross_shard_frontrun,occ,78,820078,r1-occ-p78-victim,r1-occ-p78-attacker,True,False,442.21973419189453,362.84613609313965,1778557853.5719678,,1778557853.705957,,False,False,False,1,1,1,False
1,20362514,cross_shard_frontrun,occ,79,820079,r1-occ-p79-victim,r1-occ-p79-attacker,True,False,386.29674911499023,362.75482177734375,1778557853.5321255,,1778557853.680653,,False,False,False,1,1,1,False
1,20362514,cross_shard_frontrun,occ,80,820080,r1-occ-p80-victim,r1-occ-p80-attacker,True,False,392.9247856140137,346.240758895874,1778557853.559077,,1778557853.705594,,False,False,False,1,1,1,False
1,20362514,cross_shard_frontrun,occ,81,820081,r1-occ-p81-victim,r1-occ-p81-attacker,True,False,393.41115951538086,346.15445137023926,1778557853.5723586,,1778557853.728834,,False,False,False,1,1,1,False
1,20362514,cross_shard_frontrun,occ,82,820082,r1-occ-p82-victim,r1-occ-p82-attacker,True,False,393.00990104675293,346.03095054626465,1778557853.5722742,,1778557853.723253,,False,False,False,1,1,1,False
1,20362514,cross_shard_frontrun,occ,83,820083,r1-occ-p83-victim,r1-occ-p83-attacker,True,False,393.113374710083,345.87860107421875,1778557853.572433,,1778557853.734388,,False,False,False,1,1,1,False
1,20362514,cross_shard_frontrun,occ,84,820084,r1-occ-p84-victim,r1-occ-p84-attacker,True,False,374.88722801208496,345.96967697143555,1778557853.5339744,,1778557853.704675,,False,False,False,1,1,1,False
1,20362514,cross_shard_frontrun,occ,85,820085,r1-occ-p85-victim,r1-occ-p85-attacker,True,False,388.7345790863037,340.93284606933594,1778557853.5722048,,1778557853.717799,,False,False,False,1,1,1,False
1,20362514,cross_shard_frontrun,occ,86,820086,r1-occ-p86-victim,r1-occ-p86-attacker,True,False,379.69470024108887,258.9833736419678,1778557853.5783489,,1778557853.751173,,False,False,False,1,1,1,False
1,20362514,cross_shard_frontrun,occ,87,820087,r1-occ-p87-victim,r1-occ-p87-attacker,True,False,291.10121726989746,264.146089553833,1778557853.5781388,,1778557853.74024,,False,False,False,1,1,1,False
1,20362514,cross_shard_frontrun,occ,88,820088,r1-occ-p88-victim,r1-occ-p88-attacker,True,False,290.36974906921387,264.0500068664551,1778557853.5753844,,1778557853.734252,,False,False,False,1,1,1,False
1,20362514,cross_shard_frontrun,occ,89,820089,r1-occ-p89-victim,r1-occ-p89-attacker,True,False,290.22693634033203,257.96008110046387,1778557853.578219,,1778557853.745763,,False,False,False,1,1,1,False
1,20362514,cross_shard_frontrun,occ,90,820090,r1-occ-p90-victim,r1-occ-p90-attacker,True,False,295.73726654052734,258.2087516784668,1778557853.5855236,,1778557853.750966,,False,False,False,1,1,1,False
1,20362514,cross_shard_frontrun,occ,91,820091,r1-occ-p91-victim,r1-occ-p91-attacker,True,False,295.6867218017578,209.71155166625977,1778557853.5884516,,1778557853.7512,,False,False,False,1,1,1,False
1,20362514,cross_shard_frontrun,occ,92,820092,r1-occ-p92-victim,r1-occ-p92-attacker,True,False,146.78645133972168,137.1634006500244,1778557853.7240548,,1778557853.791651,,False,False,False,1,1,1,False
1,20362514,cross_shard_frontrun,occ,93,820093,r1-occ-p93-victim,r1-occ-p93-attacker,True,False,146.5132236480713,136.72304153442383,1778557853.7431812,,1778557853.792405,,False,False,False,1,1,1,False
1,20362514,cross_shard_frontrun,occ,94,820094,r1-occ-p94-victim,r1-occ-p94-attacker,True,False,146.12650871276855,136.36112213134766,1778557853.7501814,,1778557853.798695,,False,False,False,1,1,1,False
1,20362514,cross_shard_frontrun,occ,95,820095,r1-occ-p95-victim,r1-occ-p95-attacker,True,False,148.43034744262695,118.22509765625,1778557853.7555745,,1778557853.803903,,False,False,False,1,1,1,False
1,20362514,cross_shard_frontrun,occ,96,820096,r1-occ-p96-victim,r1-occ-p96-attacker,True,False,130.27405738830566,117.83003807067871,1778557853.753103,,1778557853.804185,,False,False,False,1,1,1,False
1,20362514,cross_shard_frontrun,occ,97,820097,r1-occ-p97-victim,r1-occ-p97-attacker,True,False,126.01757049560547,116.79267883300781,1778557853.7500873,,1778557853.792498,,False,False,False,1,1,1,False
1,20362514,cross_shard_frontrun,occ,98,820098,r1-occ-p98-victim,r1-occ-p98-attacker,True,False,128.68809700012207,92.53859519958496,1778557853.758896,,1778557853.804496,,False,False,False,1,1,1,False
1,20362514,cross_shard_frontrun,occ,99,820099,r1-occ-p99-victim,r1-occ-p99-attacker,True,False,103.79934310913086,92.31042861938477,1778557853.7837057,,1778557853.805488,,False,False,False,1,1,1,False
1,20362514,cross_shard_frontrun,occ,100,820100,r1-occ-p100-victim,r1-occ-p100-attacker,True,False,104.08687591552734,92.00572967529297,1778557853.7769005,,1778557853.805099,,False,False,False,1,1,1,False
1,20362514,cross_shard_frontrun,occ,101,820101,r1-occ-p101-victim,r1-occ-p101-attacker,True,False,103.27601432800293,92.06938743591309,1778557853.780688,,1778557853.805324,,False,False,False,1,1,1,False
1,20362514,cross_shard_frontrun,occ,102,820102,r1-occ-p102-victim,r1-occ-p102-attacker,True,True,76.99322700500488,131.7143440246582,1778557853.798749,1778557853.8873425,1778557853.807006,1778557853.887625,False,False,False,0,2,0,False
1,20362514,cross_shard_frontrun,occ,103,820103,r1-occ-p103-victim,r1-occ-p103-attacker,True,True,69.2899227142334,226.31263732910156,1778557853.8174002,1778557853.904259,1778557853.817584,1778557853.978602,False,False,False,0,2,0,False
1,20362514,cross_shard_frontrun,occ,104,820104,r1-occ-p104-victim,r1-occ-p104-attacker,True,True,102.93912887573242,225.77810287475586,1778557853.8512778,1778557853.9040518,1778557853.85149,1778557853.973343,False,False,False,0,2,0,False
1,20362514,cross_shard_frontrun,occ,105,820105,r1-occ-p105-victim,r1-occ-p105-attacker,True,True,105.78799247741699,252.91895866394043,1778557853.8548121,1778557853.9076002,1778557853.854973,1778557853.983935,False,False,False,0,2,0,False
1,20362514,cross_shard_frontrun,occ,106,820106,r1-occ-p106-victim,r1-occ-p106-attacker,True,False,231.0643196105957,201.28178596496582,1778557853.8967752,,1778557853.905447,,False,False,False,1,1,1,False
1,20362514,cross_shard_frontrun,occ,107,820107,r1-occ-p107-victim,r1-occ-p107-attacker,True,False,260.0855827331543,222.7013111114502,1778557853.9104218,,1778557853.983773,,False,False,False,1,1,1,False
1,20362514,cross_shard_frontrun,occ,108,820108,r1-occ-p108-victim,r1-occ-p108-attacker,True,False,260.0672245025635,222.4118709564209,1778557853.923172,,1778557853.983983,,False,False,False,1,1,1,False
1,20362514,cross_shard_frontrun,occ,109,820109,r1-occ-p109-victim,r1-occ-p109-attacker,True,False,259.9492073059082,222.06568717956543,1778557853.9294653,,1778557853.984145,,False,False,False,1,1,1,False
1,20362514,cross_shard_frontrun,occ,110,820110,r1-occ-p110-victim,r1-occ-p110-attacker,True,False,259.85193252563477,221.7564582824707,1778557853.9567206,,1778557853.984886,,False,False,False,1,1,1,False
1,20362514,cross_shard_frontrun,occ,111,820111,r1-occ-p111-victim,r1-occ-p111-attacker,True,False,259.2480182647705,221.48752212524414,1778557853.9744303,,1778557853.985529,,False,False,False,1,1,1,False
1,20362514,cross_shard_frontrun,occ,112,820112,r1-occ-p112-victim,r1-occ-p112-attacker,True,False,253.29113006591797,208.71448516845703,1778557853.985858,,1778557854.007728,,False,False,False,1,1,1,False
1,20362514,cross_shard_frontrun,occ,113,820113,r1-occ-p113-victim,r1-occ-p113-attacker,True,False,253.13472747802734,208.63652229309082,1778557853.985809,,1778557854.013328,,False,False,False,1,1,1,False
1,20362514,cross_shard_frontrun,occ,114,820114,r1-occ-p114-victim,r1-occ-p114-attacker,True,False,258.3777904510498,202.82864570617676,1778557853.9916382,,1778557854.020997,,False,False,False,1,1,1,False
1,20362514,cross_shard_frontrun,occ,115,820115,r1-occ-p115-victim,r1-occ-p115-attacker,True,False,246.77395820617676,202.63433456420898,1778557853.9857137,,1778557854.002202,,False,False,False,1,1,1,False
1,20362514,cross_shard_frontrun,occ,116,820116,r1-occ-p116-victim,r1-occ-p116-attacker,True,False,246.2921142578125,202.47483253479004,1778557853.985505,,1778557853.997133,,False,False,False,1,1,1,False
1,20362514,cross_shard_frontrun,occ,117,820117,r1-occ-p117-victim,r1-occ-p117-attacker,True,False,246.5381622314453,202.39734649658203,1778557853.9892387,,1778557854.014211,,False,False,False,1,1,1,False
1,20362514,cross_shard_frontrun,occ,118,820118,r1-occ-p118-victim,r1-occ-p118-attacker,True,False,221.67086601257324,185.43553352355957,1778557853.985141,,1778557853.985774,,False,False,False,1,1,1,False
1,20362514,cross_shard_frontrun,occ,119,820119,r1-occ-p119-victim,r1-occ-p119-attacker,True,False,228.65724563598633,185.40143966674805,1778557853.9852967,,1778557853.992165,,False,False,False,1,1,1,False
1,20363514,cross_shard_frontrun,conflict_key_queue,0,830000,r1-conflict_key_queue-p0-victim,r1-conflict_key_queue-p0-attacker,True,True,81.81452751159668,184.7372055053711,1778557855.2165458,1778557855.3298123,1778557855.217592,1778557855.330001,False,False,False,0,2,0,False
1,20363514,cross_shard_frontrun,conflict_key_queue,1,830001,r1-conflict_key_queue-p1-victim,r1-conflict_key_queue-p1-attacker,True,True,168.80416870117188,189.10884857177734,1778557855.3057976,1778557855.3333187,1778557855.306049,1778557855.333444,False,False,False,0,2,0,False
1,20363514,cross_shard_frontrun,conflict_key_queue,2,830002,r1-conflict_key_queue-p2-victim,r1-conflict_key_queue-p2-attacker,True,True,355.91769218444824,550.0874519348145,1778557855.4931202,1778557855.5278816,1778557855.493336,1778557855.690514,False,False,False,0,2,0,False
1,20363514,cross_shard_frontrun,conflict_key_queue,3,830003,r1-conflict_key_queue-p3-victim,r1-conflict_key_queue-p3-attacker,True,True,348.8476276397705,549.220085144043,1778557855.4873302,1778557855.5374212,1778557855.4876,1778557855.690404,False,False,False,0,2,0,False
1,20363514,cross_shard_frontrun,conflict_key_queue,4,830004,r1-conflict_key_queue-p4-victim,r1-conflict_key_queue-p4-attacker,True,True,260.19883155822754,547.5156307220459,1778557855.3992743,1778557855.527574,1778557855.39945,1778557855.672379,False,False,False,0,2,0,False
1,20363514,cross_shard_frontrun,conflict_key_queue,5,830005,r1-conflict_key_queue-p5-victim,r1-conflict_key_queue-p5-attacker,True,True,234.50589179992676,543.2033538818359,1778557855.372145,1778557855.519425,1778557855.372347,1778557855.575263,False,False,False,0,2,0,False
1,20363514,cross_shard_frontrun,conflict_key_queue,6,830006,r1-conflict_key_queue-p6-victim,r1-conflict_key_queue-p6-attacker,True,True,552.4196624755859,1190.53316116333,1778557855.5197935,1778557856.1432383,1778557855.605857,1778557856.149471,False,False,False,0,2,0,False
1,20363514,cross_shard_frontrun,conflict_key_queue,7,830007,r1-conflict_key_queue-p7-victim,r1-conflict_key_queue-p7-attacker,True,True,302.3865222930908,545.9489822387695,1778557855.4422624,1778557855.5273933,1778557855.442463,1778557855.666198,False,False,False,0,2,0,False
1,20363514,cross_shard_frontrun,conflict_key_queue,8,830008,r1-conflict_key_queue-p8-victim,r1-conflict_key_queue-p8-attacker,True,True,523.8852500915527,557.2159290313721,1778557855.5115812,1778557855.6826234,1778557855.52606,1778557855.697147,False,False,False,0,2,0,False
1,20363514,cross_shard_frontrun,conflict_key_queue,9,830009,r1-conflict_key_queue-p9-victim,r1-conflict_key_queue-p9-attacker,True,True,548.5191345214844,877.108097076416,1778557855.5119076,1778557856.0265682,1778557855.54525,1778557856.026901,False,False,False,0,2,0,False
1,20363514,cross_shard_frontrun,conflict_key_queue,10,830010,r1-conflict_key_queue-p10-victim,r1-conflict_key_queue-p10-attacker,True,True,550.9257316589355,1189.3463134765625,1778557855.519994,1778557856.143484,1778557855.618639,1778557856.160161,False,False,False,0,2,0,False
1,20363514,cross_shard_frontrun,conflict_key_queue,11,830011,r1-conflict_key_queue-p11-victim,r1-conflict_key_queue-p11-attacker,True,True,548.7151145935059,943.7322616577148,1778557855.5125556,1778557856.058892,1778557855.575103,1778557856.08621,False,False,False,0,2,0,False
1,20363514,cross_shard_frontrun,conflict_key_queue,12,830012,r1-conflict_key_queue-p12-victim,r1-conflict_key_queue-p12-attacker,True,True,546.5545654296875,558.6497783660889,1778557855.5116856,1778557855.7083786,1778557855.532654,1778557855.708613,False,False,False,0,2,0,False
1,20363514,cross_shard_frontrun,conflict_key_queue,13,830013,r1-conflict_key_queue-p13-victim,r1-conflict_key_queue-p13-attacker,True,True,242.09094047546387,541.1708354949951,1778557855.3836048,1778557855.5269873,1778557855.383756,1778557855.642514,False,False,False,0,2,0,False
1,20363514,cross_shard_frontrun,conflict_key_queue,14,830014,r1-conflict_key_queue-p14-victim,r1-conflict_key_queue-p14-attacker,True,True,547.2016334533691,943.2175159454346,1778557855.5123281,1778557856.0587103,1778557855.563587,1778557856.075416,False,False,False,0,2,0,False
1,20363514,cross_shard_frontrun,conflict_key_queue,15,830015,r1-conflict_key_queue-p15-victim,r1-conflict_key_queue-p15-attacker,True,True,547.6553440093994,943.7093734741211,1778557855.519503,1778557856.058978,1778557855.582003,1778557856.091035,False,False,False,0,2,0,False
1,20363514,cross_shard_frontrun,conflict_key_queue,16,830016,r1-conflict_key_queue-p16-victim,r1-conflict_key_queue-p16-attacker,True,True,547.9850769042969,1074.4450092315674,1778557855.5197222,1778557856.1430893,1778557855.599931,1778557856.143411,False,False,False,0,2,0,False
1,20363514,cross_shard_frontrun,conflict_key_queue,17,830017,r1-conflict_key_queue-p17-victim,r1-conflict_key_queue-p17-attacker,True,True,546.9717979431152,974.1573333740234,1778557855.5196447,1778557856.1265595,1778557855.59422,1778557856.126993,False,False,False,0,2,0,False
1,20363514,cross_shard_frontrun,conflict_key_queue,18,830018,r1-conflict_key_queue-p18-victim,r1-conflict_key_queue-p18-attacker,True,True,549.2634773254395,1194.7839260101318,1778557855.527494,1778557856.1440465,1778557855.666132,1778557856.203637,False,False,False,0,2,0,False
1,20363514,cross_shard_frontrun,conflict_key_queue,19,830019,r1-conflict_key_queue-p19-victim,r1-conflict_key_queue-p19-attacker,True,True,547.5485324859619,1186.7082118988037,1778557855.5269008,1778557856.1437173,1778557855.63645,1778557856.176647,False,False,False,0,2,0,False
1,20363514,cross_shard_frontrun,conflict_key_queue,20,830020,r1-conflict_key_queue-p20-victim,r1-conflict_key_queue-p20-attacker,True,True,547.52516746521,1192.6860809326172,1778557855.5204067,1778557856.1437843,1778557855.636603,1778557856.181813,False,False,False,0,2,0,False
1,20363514,cross_shard_frontrun,conflict_key_queue,21,830021,r1-conflict_key_queue-p21-victim,r1-conflict_key_queue-p21-attacker,True,True,488.79146575927734,545.9249019622803,1778557855.511369,1778557855.6405575,1778557855.519476,1778557855.694472,False,False,False,0,2,0,False
1,20363514,cross_shard_frontrun,conflict_key_queue,22,830022,r1-conflict_key_queue-p22-victim,r1-conflict_key_queue-p22-attacker,True,True,546.410322189331,1185.2922439575195,1778557855.5203142,1778557856.1436403,1778557855.630762,1778557856.171496,False,False,False,0,2,0,False
1,20363514,cross_shard_frontrun,conflict_key_queue,23,830023,r1-conflict_key_queue-p23-victim,r1-conflict_key_queue-p23-attacker,True,True,545.3739166259766,1183.7127208709717,1778557855.519853,1778557856.1434126,1778557855.612957,1778557856.154767,False,False,False,0,2,0,False
1,20363514,cross_shard_frontrun,conflict_key_queue,24,830024,r1-conflict_key_queue-p24-victim,r1-conflict_key_queue-p24-attacker,True,True,542.5722599029541,939.650297164917,1778557855.5120034,1778557856.058624,1778557855.551151,1778557856.070267,False,False,False,0,2,0,False
1,20363514,cross_shard_frontrun,conflict_key_queue,25,830025,r1-conflict_key_queue-p25-victim,r1-conflict_key_queue-p25-attacker,True,True,544.867992401123,1183.912754058838,1778557855.520149,1778557856.1435475,1778557855.624876,1778557856.165754,False,False,False,0,2,0,False
1,20363514,cross_shard_frontrun,conflict_key_queue,26,830026,r1-conflict_key_queue-p26-victim,r1-conflict_key_queue-p26-attacker,True,True,543.3125495910645,940.5717849731445,1778557855.5195746,1778557856.059046,1778557855.587953,1778557856.096723,False,False,False,0,2,0,False
1,20363514,cross_shard_frontrun,conflict_key_queue,27,830027,r1-conflict_key_queue-p27-victim,r1-conflict_key_queue-p27-attacker,True,True,542.1226024627686,939.0935897827148,1778557855.5124269,1778557856.0588,1778557855.569366,1778557856.080876,False,False,False,0,2,0,False
1,20363514,cross_shard_frontrun,conflict_key_queue,28,830028,r1-conflict_key_queue-p28-victim,r1-conflict_key_queue-p28-attacker,True,True,541.4421558380127,938.2431507110596,1778557855.5122516,1778557856.0584486,1778557855.557522,1778557856.064917,False,False,False,0,2,0,False
1,20363514,cross_shard_frontrun,conflict_key_queue,29,830029,r1-conflict_key_queue-p29-victim,r1-conflict_key_queue-p29-attacker,True,True,424.4825839996338,539.1724109649658,1778557855.5112214,1778557855.5861087,1778557855.511461,1778557855.692668,False,False,False,0,2,0,False
1,20363514,cross_shard_frontrun,conflict_key_queue,30,830030,r1-conflict_key_queue-p30-victim,r1-conflict_key_queue-p30-attacker,True,True,539.980411529541,937.3817443847656,1778557855.511825,1778557856.0583098,1778557855.53876,1778557856.05854,False,False,False,0,2,0,False
1,20363514,cross_shard_frontrun,conflict_key_queue,31,830031,r1-conflict_key_queue-p31-victim,r1-conflict_key_queue-p31-attacker,True,True,544.0487861633301,1189.3506050109863,1778557855.5271306,1778557856.143846,1778557855.648345,1778557856.187077,False,False,False,0,2,0,False
1,20363514,cross_shard_frontrun,conflict_key_queue,32,830032,r1-conflict_key_queue-p32-victim,r1-conflict_key_queue-p32-attacker,True,True,475.19445419311523,1033.491849899292,1778557855.527223,1778557856.143979,1778557855.654101,1778557856.198206,False,False,False,0,2,0,False
1,20363514,cross_shard_frontrun,conflict_key_queue,33,830033,r1-conflict_key_queue-p33-victim,r1-conflict_key_queue-p33-attacker,True,True,363.83867263793945,1004.3487548828125,1778557855.5273225,1778557856.14391,1778557855.6603,1778557856.193209,False,False,False,0,2,0,False
1,20363514,cross_shard_frontrun,conflict_key_queue,34,830034,r1-conflict_key_queue-p34-victim,r1-conflict_key_queue-p34-attacker,True,True,321.4905261993408,955.5325508117676,1778557855.527685,1778557856.1441758,1778557855.67847,1778557856.210223,False,False,False,0,2,0,False
1,20363514,cross_shard_frontrun,conflict_key_queue,35,830035,r1-conflict_key_queue-p35-victim,r1-conflict_key_queue-p35-attacker,True,True,296.56505584716797,897.7808952331543,1778557855.5277922,1778557856.1442466,1778557855.685002,1778557856.216432,False,False,False,0,2,0,False
1,20363514,cross_shard_frontrun,conflict_key_queue,36,830036,r1-conflict_key_queue-p36-victim,r1-conflict_key_queue-p36-attacker,True,True,209.3193531036377,846.8003273010254,1778557855.5533447,1778557856.1443148,1778557855.691118,1778557856.222427,False,False,False,0,2,0,False
1,20363514,cross_shard_frontrun,conflict_key_queue,37,830037,r1-conflict_key_queue-p37-victim,r1-conflict_key_queue-p37-attacker,True,True,126.7862319946289,706.1798572540283,1778557855.6452932,1778557856.1443925,1778557855.694922,1778557856.228575,False,False,False,0,2,0,False
1,20363514,cross_shard_frontrun,conflict_key_queue,38,830038,r1-conflict_key_queue-p38-victim,r1-conflict_key_queue-p38-attacker,True,True,80.83128929138184,651.9761085510254,1778557855.7436163,1778557856.1445599,1778557855.743873,1778557856.228457,False,False,False,0,2,0,False
1,20363514,cross_shard_frontrun,conflict_key_queue,39,830039,r1-conflict_key_queue-p39-victim,r1-conflict_key_queue-p39-attacker,True,True,661.3736152648926,1043.3557033538818,1778557856.1449268,1778557856.6987748,1778557856.258443,1778557856.705257,False,False,False,0,2,0,False
1,20363514,cross_shard_frontrun,conflict_key_queue,40,830040,r1-conflict_key_queue-p40-victim,r1-conflict_key_queue-p40-attacker,True,True,663.0983352661133,1054.9864768981934,1778557856.1453993,1778557856.7154548,1778557856.30536,1778557856.748477,False,False,False,0,2,0,False
1,20363514,cross_shard_frontrun,conflict_key_queue,41,830041,r1-conflict_key_queue-p41-victim,r1-conflict_key_queue-p41-attacker,True,True,664.1063690185547,1236.9942665100098,1778557856.1475081,1778557856.7642803,1778557856.340507,1778557856.775462,False,False,False,0,2,0,False
1,20363514,cross_shard_frontrun,conflict_key_queue,42,830042,r1-conflict_key_queue-p42-victim,r1-conflict_key_queue-p42-attacker,True,True,659.2090129852295,899.5559215545654,1778557856.1446788,1778557856.5935986,1778557856.240509,1778557856.593818,False,False,False,0,2,0,False
1,20363514,cross_shard_frontrun,conflict_key_queue,43,830043,r1-conflict_key_queue-p43-victim,r1-conflict_key_queue-p43-attacker,True,True,662.3775959014893,1055.8640956878662,1778557856.1455317,1778557856.7312045,1778557856.316515,1778557856.753886,False,False,False,0,2,0,False
1,20363514,cross_shard_frontrun,conflict_key_queue,44,830044,r1-conflict_key_queue-p44-victim,r1-conflict_key_queue-p44-attacker,True,True,659.7354412078857,1052.2210597991943,1778557856.1450188,1778557856.6989293,1778557856.270052,1778557856.715915,False,False,False,0,2,0,False
1,20363514,cross_shard_frontrun,conflict_key_queue,45,830045,r1-conflict_key_queue-p45-victim,r1-conflict_key_queue-p45-attacker,True,True,657.5353145599365,888.9234066009521,1778557856.1446142,1778557856.588205,1778557856.234462,1778557856.588548,False,False,False,0,2,0,False
1,20363514,cross_shard_frontrun,conflict_key_queue,46,830046,r1-conflict_key_queue-p46-victim,r1-conflict_key_queue-p46-attacker,True,True,659.2872142791748,1051.2688159942627,1778557856.1450655,1778557856.6990976,1778557856.275745,1778557856.726443,False,False,False,0,2,0,False
1,20363514,cross_shard_frontrun,conflict_key_queue,47,830047,r1-conflict_key_queue-p47-victim,r1-conflict_key_queue-p47-attacker,True,True,660.4344844818115,1056.92458152771,1778557856.1454477,1778557856.7155433,1778557856.310651,1778557856.753943,False,False,False,0,2,0,False
1,20363514,cross_shard_frontrun,conflict_key_queue,48,830048,r1-conflict_key_queue-p48-victim,r1-conflict_key_queue-p48-attacker,True,True,658.7278842926025,1051.0430335998535,1778557856.1451218,1778557856.6991808,1778557856.281616,1778557856.731522,False,False,False,0,2,0,False
1,20363514,cross_shard_frontrun,conflict_key_queue,49,830049,r1-conflict_key_queue-p49-victim,r1-conflict_key_queue-p49-attacker,True,True,659.1532230377197,1050.9557723999023,1778557856.1453397,1778557856.7153633,1778557856.299458,1778557856.742697,False,False,False,0,2,0,False
1,20363514,cross_shard_frontrun,conflict_key_queue,50,830050,r1-conflict_key_queue-p50-victim,r1-conflict_key_queue-p50-attacker,True,True,659.9686145782471,1219.8548316955566,1778557856.1456087,1778557856.7640007,1778557856.322488,1778557856.764248,False,False,False,0,2,0,False
1,20363514,cross_shard_frontrun,conflict_key_queue,51,830051,r1-conflict_key_queue-p51-victim,r1-conflict_key_queue-p51-attacker,True,True,655.719518661499,1037.7075672149658,1778557856.144764,1778557856.6986878,1778557856.246414,1778557856.698895,False,False,False,0,2,0,False
1,20363514,cross_shard_frontrun,conflict_key_queue,52,830052,r1-conflict_key_queue-p52-victim,r1-conflict_key_queue-p52-attacker,True,True,657.200813293457,1049.0338802337646,1778557856.1452708,1778557856.699326,1778557856.293776,1778557856.742571,False,False,False,0,2,0,False
1,20363514,cross_shard_frontrun,conflict_key_queue,53,830053,r1-conflict_key_queue-p53-victim,r1-conflict_key_queue-p53-attacker,True,True,655.0250053405762,1047.8334426879883,1778557856.144972,1778557856.698985,1778557856.264079,1778557856.721151,False,False,False,0,2,0,False
1,20363514,cross_shard_frontrun,conflict_key_queue,54,830054,r1-conflict_key_queue-p54-victim,r1-conflict_key_queue-p54-attacker,True,True,655.698299407959,1047.9254722595215,1778557856.145179,1778557856.6992607,1778557856.287267,1778557856.736961,False,False,False,0,2,0,False
1,20363514,cross_shard_frontrun,conflict_key_queue,55,830055,r1-conflict_key_queue-p55-victim,r1-conflict_key_queue-p55-attacker,True,True,653.9618968963623,1226.7625331878662,1778557856.147313,1778557856.764126,1778557856.32826,1778557856.769917,False,False,False,0,2,0,False
1,20363514,cross_shard_frontrun,conflict_key_queue,56,830056,r1-conflict_key_queue-p56-victim,r1-conflict_key_queue-p56-attacker,True,True,644.2461013793945,1022.3844051361084,1778557856.144838,1778557856.698873,1778557856.252638,1778557856.710697,False,False,False,0,2,0,False
1,20363514,cross_shard_frontrun,conflict_key_queue,57,830057,r1-conflict_key_queue-p57-victim,r1-conflict_key_queue-p57-attacker,True,True,608.370304107666,902.7867317199707,1778557856.1474247,1778557856.7647479,1778557856.334087,1778557856.821115,False,False,False,0,2,0,False
1,20363514,cross_shard_frontrun,conflict_key_queue,58,830058,r1-conflict_key_queue-p58-victim,r1-conflict_key_queue-p58-attacker,True,True,260.60962677001953,833.5680961608887,1778557856.1837876,1778557856.764587,1778557856.348444,1778557856.803931,False,False,False,0,2,0,False
1,20363514,cross_shard_frontrun,conflict_key_queue,59,830059,r1-conflict_key_queue-p59-victim,r1-conflict_key_queue-p59-attacker,True,True,259.7770690917969,833.1558704376221,1778557856.1871314,1778557856.7645347,1778557856.34854,1778557856.798077,False,False,False,0,2,0,False
1,20363514,cross_shard_frontrun,conflict_key_queue,60,830060,r1-conflict_key_queue-p60-victim,r1-conflict_key_queue-p60-attacker,True,True,259.24062728881836,832.2837352752686,1778557856.1836638,1778557856.7644172,1778557856.341927,1778557856.785783,False,False,False,0,2,0,False
1,20363514,cross_shard_frontrun,conflict_key_queue,61,830061,r1-conflict_key_queue-p61-victim,r1-conflict_key_queue-p61-attacker,True,True,258.69250297546387,830.8684825897217,1778557856.1781564,1778557856.764349,1778557856.341651,1778557856.780937,False,False,False,0,2,0,False
1,20363514,cross_shard_frontrun,conflict_key_queue,62,830062,r1-conflict_key_queue-p62-victim,r1-conflict_key_queue-p62-attacker,True,True,228.2094955444336,701.3123035430908,1778557856.1979828,1778557856.7644737,1778557856.349156,1778557856.79148,False,False,False,0,2,0,False
1,20363514,cross_shard_frontrun,conflict_key_queue,63,830063,r1-conflict_key_queue-p63-victim,r1-conflict_key_queue-p63-attacker,True,True,67.02733039855957,590.2307033538818,1778557856.4059,1778557856.764697,1778557856.406192,1778557856.815066,False,False,False,0,2,0,False
1,20363514,cross_shard_frontrun,conflict_key_queue,64,830064,r1-conflict_key_queue-p64-victim,r1-conflict_key_queue-p64-attacker,True,True,88.26994895935059,409.64436531066895,1778557856.4258287,1778557856.7527547,1778557856.426103,1778557856.754604,False,False,False,0,2,0,False
1,20363514,cross_shard_frontrun,conflict_key_queue,65,830065,r1-conflict_key_queue-p65-victim,r1-conflict_key_queue-p65-attacker,True,True,78.56059074401855,588.5584354400635,1778557856.4171212,1778557856.7646446,1778557856.417347,1778557856.809605,False,False,False,0,2,0,False
1,20363514,cross_shard_frontrun,conflict_key_queue,66,830066,r1-conflict_key_queue-p66-victim,r1-conflict_key_queue-p66-attacker,True,True,603.7530899047852,1002.521276473999,1778557856.7653012,1778557857.3309784,1778557856.852203,1778557857.337465,False,False,False,0,2,0,False
1,20363514,cross_shard_frontrun,conflict_key_queue,67,830067,r1-conflict_key_queue-p67-victim,r1-conflict_key_queue-p67-attacker,True,True,590.5981063842773,901.2129306793213,1778557856.7651427,1778557857.245533,1778557856.839933,1778557857.257143,False,False,False,0,2,0,False
1,20363514,cross_shard_frontrun,conflict_key_queue,68,830068,r1-conflict_key_queue-p68-victim,r1-conflict_key_queue-p68-attacker,True,True,589.7290706634521,899.101972579956,1778557856.7650619,1778557857.2453845,1778557856.833499,1778557857.251822,False,False,False,0,2,0,False
1,20363514,cross_shard_frontrun,conflict_key_queue,69,830069,r1-conflict_key_queue-p69-victim,r1-conflict_key_queue-p69-attacker,True,True,607.5334548950195,1001.3458728790283,1778557856.7654467,1778557857.331146,1778557856.865227,1778557857.34338,False,False,False,0,2,0,False
1,20363514,cross_shard_frontrun,conflict_key_queue,70,830070,r1-conflict_key_queue-p70-victim,r1-conflict_key_queue-p70-attacker,True,True,588.6170864105225,897.8829383850098,1778557856.7648437,1778557857.2452676,1778557856.82721,1778557857.245512,False,False,False,0,2,0,False
1,20363514,cross_shard_frontrun,conflict_key_queue,71,830071,r1-conflict_key_queue-p71-victim,r1-conflict_key_queue-p71-attacker,True,True,606.2462329864502,999.6740818023682,1778557856.7653809,1778557857.3308332,1778557856.859353,1778557857.331105,False,False,False,0,2,0,False
1,20363514,cross_shard_frontrun,conflict_key_queue,72,830072,r1-conflict_key_queue-p72-victim,r1-conflict_key_queue-p72-attacker,True,True,588.0804061889648,950.3970146179199,1778557856.76523,1778557857.3088512,1778557856.846494,1778557857.309106,False,False,False,0,2,0,False
1,20363514,cross_shard_frontrun,conflict_key_queue,73,830073,r1-conflict_key_queue-p73-victim,r1-conflict_key_queue-p73-attacker,True,True,605.6947708129883,1016.075611114502,1778557856.7656572,1778557857.337449,1778557856.883866,1778557857.359278,False,False,False,0,2,0,False
1,20363514,cross_shard_frontrun,conflict_key_queue,74,830074,r1-conflict_key_queue-p74-victim,r1-conflict_key_queue-p74-attacker,True,True,604.6807765960693,1015.0823593139648,1778557856.765516,1778557857.331297,1778557856.870971,1778557857.353981,False,False,False,0,2,0,False
1,20363514,cross_shard_frontrun,conflict_key_queue,75,830075,r1-conflict_key_queue-p75-victim,r1-conflict_key_queue-p75-attacker,True,True,604.6254634857178,1015.5248641967773,1778557856.765782,1778557857.3538413,1778557856.895337,1778557857.365856,False,False,False,0,2,0,False
1,20363514,cross_shard_frontrun,conflict_key_queue,76,830076,r1-conflict_key_queue-p76-victim,r1-conflict_key_queue-p76-attacker,True,True,604.1686534881592,1014.6150588989258,1778557856.7658434,1778557857.3537657,1778557856.901057,1778557857.359971,False,False,False,0,2,0,False
1,20363514,cross_shard_frontrun,conflict_key_queue,77,830077,r1-conflict_key_queue-p77-victim,r1-conflict_key_queue-p77-attacker,True,True,603.3554077148438,1014.4188404083252,1778557856.765578,1778557857.3313677,1778557856.87714,1778557857.359608,False,False,False,0,2,0,False
1,20363514,cross_shard_frontrun,conflict_key_queue,78,830078,r1-conflict_key_queue-p78-victim,r1-conflict_key_queue-p78-attacker,True,True,604.0003299713135,1163.0630493164062,1778557856.769542,1778557857.3874059,1778557856.930932,1778557857.395714,False,False,False,0,2,0,False
1,20363514,cross_shard_frontrun,conflict_key_queue,79,830079,r1-conflict_key_queue-p79-victim,r1-conflict_key_queue-p79-attacker,True,True,603.1534671783447,1015.4528617858887,1778557856.7660437,1778557857.3651156,1778557856.918326,1778557857.377177,False,False,False,0,2,0,False
1,20363514,cross_shard_frontrun,conflict_key_queue,80,830080,r1-conflict_key_queue-p80-victim,r1-conflict_key_queue-p80-attacker,True,True,602.5941371917725,1014.2829418182373,1778557856.765974,1778557857.3539646,1778557856.913035,1778557857.376944,False,False,False,0,2,0,False
1,20363514,cross_shard_frontrun,conflict_key_queue,81,830081,r1-conflict_key_queue-p81-victim,r1-conflict_key_queue-p81-attacker,True,True,602.5023460388184,1140.2101516723633,1778557856.7661037,1778557857.3873107,1778557856.923905,1778557857.387541,False,False,False,0,2,0,False
1,20363514,cross_shard_frontrun,conflict_key_queue,82,830082,r1-conflict_key_queue-p82-victim,r1-conflict_key_queue-p82-attacker,True,True,601.5725135803223,1012.4132633209229,1778557856.7659125,1778557857.35391,1778557856.907276,1778557857.371458,False,False,False,0,2,0,False
1,20363514,cross_shard_frontrun,conflict_key_queue,83,830083,r1-conflict_key_queue-p83-victim,r1-conflict_key_queue-p83-attacker,True,True,550.8348941802979,948.845624923706,1778557856.7657154,1778557857.3485045,1778557856.889846,1778557857.359807,False,False,False,0,2,0,False
1,20363514,cross_shard_frontrun,conflict_key_queue,84,830084,r1-conflict_key_queue-p84-victim,r1-conflict_key_queue-p84-attacker,True,True,529.6969413757324,779.7391414642334,1778557856.7669885,1778557857.3706825,1778557856.92387,1778557857.377381,False,False,False,0,2,0,False
1,20363514,cross_shard_frontrun,conflict_key_queue,85,830085,r1-conflict_key_queue-p85-victim,r1-conflict_key_queue-p85-attacker,True,True,359.1885566711426,797.4069118499756,1778557856.7695932,1778557857.3875315,1778557856.936946,1778557857.400973,False,False,False,0,2,0,False
1,20363514,cross_shard_frontrun,conflict_key_queue,86,830086,r1-conflict_key_queue-p86-victim,r1-conflict_key_queue-p86-attacker,True,True,216.97306632995605,797.278881072998,1778557856.7981794,1778557857.387697,1778557856.938003,1778557857.411786,False,False,False,0,2,0,False
1,20363514,cross_shard_frontrun,conflict_key_queue,87,830087,r1-conflict_key_queue-p87-victim,r1-conflict_key_queue-p87-attacker,True,True,205.7502269744873,786.1077785491943,1778557856.8146381,1778557857.3876252,1778557856.938645,1778557857.406332,False,False,False,0,2,0,False
1,20363514,cross_shard_frontrun,conflict_key_queue,88,830088,r1-conflict_key_queue-p88-victim,r1-conflict_key_queue-p88-attacker,True,True,205.88207244873047,786.1850261688232,1778557856.8512218,1778557857.3878365,1778557856.9467,1778557857.423257,False,False,False,0,2,0,False
1,20363514,cross_shard_frontrun,conflict_key_queue,89,830089,r1-conflict_key_queue-p89-victim,r1-conflict_key_queue-p89-attacker,True,True,205.63602447509766,786.1299514770508,1778557856.8550415,1778557857.387911,1778557856.951856,1778557857.428605,False,False,False,0,2,0,False
1,20363514,cross_shard_frontrun,conflict_key_queue,90,830090,r1-conflict_key_queue-p90-victim,r1-conflict_key_queue-p90-attacker,True,True,205.06906509399414,785.4313850402832,1778557856.8511693,1778557857.3877752,1778557856.939847,1778557857.41761,False,False,False,0,2,0,False
1,20363514,cross_shard_frontrun,conflict_key_queue,91,830091,r1-conflict_key_queue-p91-victim,r1-conflict_key_queue-p91-attacker,True,True,203.2778263092041,781.4736366271973,1778557856.8512633,1778557857.3880358,1778557856.952154,1778557857.439562,False,False,False,0,2,0,False
1,20363514,cross_shard_frontrun,conflict_key_queue,92,830092,r1-conflict_key_queue-p92-victim,r1-conflict_key_queue-p92-attacker,True,True,201.51519775390625,427.9792308807373,1778557856.8575332,1778557857.3312256,1778557856.957891,1778557857.34887,False,False,False,0,2,0,False
1,20363514,cross_shard_frontrun,conflict_key_queue,93,830093,r1-conflict_key_queue-p93-victim,r1-conflict_key_queue-p93-attacker,True,True,72.47328758239746,610.1183891296387,1778557857.0061684,1778557857.3883743,1778557857.006395,1778557857.461111,False,False,False,0,2,0,False
1,20363514,cross_shard_frontrun,conflict_key_queue,94,830094,r1-conflict_key_queue-p94-victim,r1-conflict_key_queue-p94-attacker,True,True,109.94935035705566,609.0335845947266,1778557857.0458379,1778557857.3881533,1778557857.046004,1778557857.444779,False,False,False,0,2,0,False
1,20363514,cross_shard_frontrun,conflict_key_queue,95,830095,r1-conflict_key_queue-p95-victim,r1-conflict_key_queue-p95-attacker,True,True,121.43826484680176,608.7310314178467,1778557857.0579984,1778557857.3882992,1778557857.058174,1778557857.455932,False,False,False,0,2,0,False
1,20363514,cross_shard_frontrun,conflict_key_queue,96,830096,r1-conflict_key_queue-p96-victim,r1-conflict_key_queue-p96-attacker,True,True,118.10970306396484,602.1180152893066,1778557857.055001,1778557857.38798,1778557857.055204,1778557857.433827,False,False,False,0,2,0,False
1,20363514,cross_shard_frontrun,conflict_key_queue,97,830097,r1-conflict_key_queue-p97-victim,r1-conflict_key_queue-p97-attacker,True,True,125.47540664672852,607.933759689331,1778557857.0600286,1778557857.38823,1778557857.06031,1778557857.450206,False,False,False,0,2,0,False
1,20363514,cross_shard_frontrun,conflict_key_queue,98,830098,r1-conflict_key_queue-p98-victim,r1-conflict_key_queue-p98-attacker,True,True,617.1987056732178,926.3105392456055,1778557857.3887093,1778557857.7749279,1778557857.486938,1778557857.815394,False,False,False,0,2,0,False
1,20363514,cross_shard_frontrun,conflict_key_queue,99,830099,r1-conflict_key_queue-p99-victim,r1-conflict_key_queue-p99-attacker,True,True,617.4991130828857,925.3075122833252,1778557857.388884,1778557857.774633,1778557857.505154,1778557857.793594,False,False,False,0,2,0,False
1,20363514,cross_shard_frontrun,conflict_key_queue,100,830100,r1-conflict_key_queue-p100-victim,r1-conflict_key_queue-p100-attacker,True,True,604.233980178833,907.3565006256104,1778557857.3886359,1778557857.7744417,1778557857.481918,1778557857.782872,False,False,False,0,2,0,False
1,20363514,cross_shard_frontrun,conflict_key_queue,101,830101,r1-conflict_key_queue-p101-victim,r1-conflict_key_queue-p101-attacker,True,True,597.9695320129395,768.5248851776123,1778557857.3885126,1778557857.7328932,1778557857.471714,1778557857.733088,False,False,False,0,2,0,False
1,20363514,cross_shard_frontrun,conflict_key_queue,102,830102,r1-conflict_key_queue-p102-victim,r1-conflict_key_queue-p102-attacker,True,True,597.5840091705322,616.2114143371582,1778557857.388446,1778557857.5807586,1778557857.466237,1778557857.581049,False,False,False,0,2,0,False
1,20363514,cross_shard_frontrun,conflict_key_queue,103,830103,r1-conflict_key_queue-p103-victim,r1-conflict_key_queue-p103-attacker,True,True,597.7945327758789,906.4059257507324,1778557857.388567,1778557857.7743328,1778557857.476865,1778557857.774545,False,False,False,0,2,0,False
1,20363514,cross_shard_frontrun,conflict_key_queue,104,830104,r1-conflict_key_queue-p104-victim,r1-conflict_key_queue-p104-attacker,True,True,598.308801651001,906.5976142883301,1778557857.388759,1778557857.7745864,1778557857.492776,1778557857.78807,False,False,False,0,2,0,False
1,20363514,cross_shard_frontrun,conflict_key_queue,105,830105,r1-conflict_key_queue-p105-victim,r1-conflict_key_queue-p105-attacker,True,True,598.9964008331299,907.2670936584473,1778557857.3891957,1778557857.7750337,1778557857.521169,1778557857.825999,False,False,False,0,2,0,False
1,20363514,cross_shard_frontrun,conflict_key_queue,106,830106,r1-conflict_key_queue-p106-victim,r1-conflict_key_queue-p106-attacker,True,True,597.9962348937988,906.5084457397461,1778557857.3888252,1778557857.774766,1778557857.49851,1778557857.804047,False,False,False,0,2,0,False
1,20363514,cross_shard_frontrun,conflict_key_queue,107,830107,r1-conflict_key_queue-p107-victim,r1-conflict_key_queue-p107-attacker,True,True,599.4777679443359,907.1471691131592,1778557857.3978324,1778557857.7752676,1778557857.548038,1778557857.857903,False,False,False,0,2,0,False
1,20363514,cross_shard_frontrun,conflict_key_queue,108,830108,r1-conflict_key_queue-p108-victim,r1-conflict_key_queue-p108-attacker,True,True,599.0695953369141,906.9690704345703,1778557857.3977568,1778557857.7752316,1778557857.542904,1778557857.852613,False,False,False,0,2,0,False
1,20363514,cross_shard_frontrun,conflict_key_queue,109,830109,r1-conflict_key_queue-p109-victim,r1-conflict_key_queue-p109-attacker,True,True,597.602367401123,905.5829048156738,1778557857.389136,1778557857.7746894,1778557857.515957,1778557857.798905,False,False,False,0,2,0,False
1,20363514,cross_shard_frontrun,conflict_key_queue,110,830110,r1-conflict_key_queue-p110-victim,r1-conflict_key_queue-p110-attacker,True,True,597.4774360656738,905.4815769195557,1778557857.3960114,1778557857.7748666,1778557857.526765,1778557857.809496,False,False,False,0,2,0,False
1,20363514,cross_shard_frontrun,conflict_key_queue,111,830111,r1-conflict_key_queue-p111-victim,r1-conflict_key_queue-p111-attacker,True,True,595.911979675293,856.4713001251221,1778557857.3889737,1778557857.7749944,1778557857.504948,1778557857.820733,False,False,False,0,2,0,False
1,20363514,cross_shard_frontrun,conflict_key_queue,112,830112,r1-conflict_key_queue-p112-victim,r1-conflict_key_queue-p112-attacker,True,True,510.5626583099365,809.4358444213867,1778557857.389067,1778557857.7750826,1778557857.510367,1778557857.831354,False,False,False,0,2,0,False
1,20363514,cross_shard_frontrun,conflict_key_queue,113,830113,r1-conflict_key_queue-p113-victim,r1-conflict_key_queue-p113-attacker,True,True,498.89373779296875,802.0310401916504,1778557857.397668,1778557857.7751937,1778557857.537832,1778557857.847222,False,False,False,0,2,0,False
1,20363514,cross_shard_frontrun,conflict_key_queue,114,830114,r1-conflict_key_queue-p114-victim,r1-conflict_key_queue-p114-attacker,True,True,301.23305320739746,609.1611385345459,1778557857.3975675,1778557857.775159,1778557857.532112,1778557857.841937,False,False,False,0,2,0,False
1,20363514,cross_shard_frontrun,conflict_key_queue,115,830115,r1-conflict_key_queue-p115-victim,r1-conflict_key_queue-p115-attacker,True,True,299.14188385009766,555.7494163513184,1778557857.397464,1778557857.7751179,1778557857.526569,1778557857.836409,False,False,False,0,2,0,False
1,20363514,cross_shard_frontrun,conflict_key_queue,116,830116,r1-conflict_key_queue-p116-victim,r1-conflict_key_queue-p116-attacker,True,True,199.8138427734375,510.73670387268066,1778557857.429552,1778557857.7753756,1778557857.548455,1778557857.872948,False,False,False,0,2,0,False
1,20363514,cross_shard_frontrun,conflict_key_queue,117,830117,r1-conflict_key_queue-p117-victim,r1-conflict_key_queue-p117-attacker,True,True,199.19252395629883,506.8531036376953,1778557857.4356852,1778557857.7753422,1778557857.548619,1778557857.868003,False,False,False,0,2,0,False
1,20363514,cross_shard_frontrun,conflict_key_queue,118,830118,r1-conflict_key_queue-p118-victim,r1-conflict_key_queue-p118-attacker,True,True,182.27148056030273,489.8641109466553,1778557857.442963,1778557857.7753026,1778557857.549006,1778557857.862958,False,False,False,0,2,0,False
1,20363514,cross_shard_frontrun,conflict_key_queue,119,830119,r1-conflict_key_queue-p119-victim,r1-conflict_key_queue-p119-attacker,True,True,185.38331985473633,490.50140380859375,1778557857.444363,1778557857.7778416,1778557857.556311,1778557857.872852,False,False,False,0,2,0,False
1,20364514,cross_shard_frontrun,two_phase_commit,0,840000,r1-two_phase_commit-p0-victim,r1-two_phase_commit-p0-attacker,True,True,73.99821281433105,1028.6734104156494,1778557858.991507,1778557859.6320312,1778557858.992691,1778557859.647095,False,False,False,0,2,0,False
1,20364514,cross_shard_frontrun,two_phase_commit,1,840001,r1-two_phase_commit-p1-victim,r1-two_phase_commit-p1-attacker,True,True,196.06924057006836,1029.306173324585,1778557859.1082435,1778557859.632992,1778557859.115523,1778557859.667843,False,False,False,0,2,0,False
1,20364514,cross_shard_frontrun,two_phase_commit,2,840002,r1-two_phase_commit-p2-victim,r1-two_phase_commit-p2-attacker,True,True,191.62344932556152,1035.6292724609375,1778557859.1064649,1778557859.6333833,1778557859.106776,1778557859.684377,False,False,False,0,2,0,False
1,20364514,cross_shard_frontrun,two_phase_commit,3,840003,r1-two_phase_commit-p3-victim,r1-two_phase_commit-p3-attacker,True,True,342.52262115478516,1035.4890823364258,1778557859.2634327,1778557859.6339242,1778557859.26373,1778557859.70497,False,False,False,0,2,0,False
1,20364514,cross_shard_frontrun,two_phase_commit,4,840004,r1-two_phase_commit-p4-victim,r1-two_phase_commit-p4-attacker,True,True,743.0529594421387,1035.3507995605469,1778557859.63146,1778557859.6340625,1778557859.631929,1778557859.709915,False,False,False,0,2,0,False
1,20364514,cross_shard_frontrun,two_phase_commit,5,840005,r1-two_phase_commit-p5-victim,r1-two_phase_commit-p5-attacker,True,True,1034.1205596923828,1035.2520942687988,1778557859.631684,1778557859.6347885,1778557859.641385,1778557859.7299,False,False,False,0,2,0,False
1,20364514,cross_shard_frontrun,two_phase_commit,6,840006,r1-two_phase_commit-p6-victim,r1-two_phase_commit-p6-attacker,True,True,1034.3539714813232,1035.3784561157227,1778557859.6322324,1778557859.6351333,1778557859.652417,1778557859.74115,False,False,False,0,2,0,False
1,20364514,cross_shard_frontrun,two_phase_commit,7,840007,r1-two_phase_commit-p7-victim,r1-two_phase_commit-p7-attacker,True,True,1034.1989994049072,1035.2184772491455,1778557859.6323621,1778557859.6354287,1778557859.657598,1778557859.752095,False,False,False,0,2,0,False
1,20364514,cross_shard_frontrun,two_phase_commit,8,840008,r1-two_phase_commit-p8-victim,r1-two_phase_commit-p8-attacker,True,True,1034.2867374420166,1034.9009037017822,1778557859.6325588,1778557859.6356106,1778557859.662669,1778557859.763178,False,False,False,0,2,0,False
1,20364514,cross_shard_frontrun,two_phase_commit,9,840009,r1-two_phase_commit-p9-victim,r1-two_phase_commit-p9-attacker,True,True,1034.1389179229736,1034.3973636627197,1778557859.6327708,1778557859.63591,1778557859.668035,1778557859.769563,False,False,False,0,2,0,False
1,20364514,cross_shard_frontrun,two_phase_commit,10,840010,r1-two_phase_commit-p10-victim,r1-two_phase_commit-p10-attacker,True,True,1040.3618812561035,1034.113883972168,1778557859.6335006,1778557859.6365025,1778557859.689337,1778557859.786193,False,False,False,0,2,0,False
1,20364514,cross_shard_frontrun,two_phase_commit,11,840011,r1-two_phase_commit-p11-victim,r1-two_phase_commit-p11-attacker,True,True,1033.4510803222656,1033.9629650115967,1778557859.6331265,1778557859.6369388,1778557859.673936,1778557859.797311,False,False,False,0,2,0,False
1,20364514,cross_shard_frontrun,two_phase_commit,12,840012,r1-two_phase_commit-p12-victim,r1-two_phase_commit-p12-attacker,True,True,1039.1523838043213,1033.8923931121826,1778557859.6332555,1778557859.637125,1778557859.679025,1778557859.808589,False,False,False,0,2,0,False
1,20364514,cross_shard_frontrun,two_phase_commit,13,840013,r1-two_phase_commit-p13-victim,r1-two_phase_commit-p13-attacker,True,True,1039.9959087371826,1033.9317321777344,1778557859.6343222,1778557859.637408,1778557859.719862,1778557859.825987,False,False,False,0,2,0,False
1,20364514,cross_shard_frontrun,two_phase_commit,14,840014,r1-two_phase_commit-p14-victim,r1-two_phase_commit-p14-attacker,True,True,1039.7346019744873,1032.20796585083,1778557859.6346,1778557859.6375227,1778557859.72494,1778557859.831862,False,False,False,0,2,0,False
1,20364514,cross_shard_frontrun,two_phase_commit,15,840015,r1-two_phase_commit-p15-victim,r1-two_phase_commit-p15-attacker,True,True,1039.6482944488525,1032.339096069336,1778557859.6349998,1778557859.637744,1778557859.735186,1778557859.848823,False,False,False,0,2,0,False
1,20364514,cross_shard_frontrun,two_phase_commit,16,840016,r1-two_phase_commit-p16-victim,r1-two_phase_commit-p16-attacker,True,True,1038.1529331207275,1032.2010517120361,1778557859.6336858,1778557859.63767,1778557859.694726,1778557859.842955,False,False,False,0,2,0,False
1,20364514,cross_shard_frontrun,two_phase_commit,17,840017,r1-two_phase_commit-p17-victim,r1-two_phase_commit-p17-attacker,True,True,1037.3072624206543,1032.3724746704102,1778557859.6338086,1778557859.6381345,1778557859.700044,1778557859.861171,False,False,False,0,2,0,False
1,20364514,cross_shard_frontrun,two_phase_commit,18,840018,r1-two_phase_commit-p18-victim,r1-two_phase_commit-p18-attacker,True,True,1037.0488166809082,1032.3677062988281,1778557859.6341915,1778557859.6384022,1778557859.714939,1778557859.879519,False,False,False,0,2,0,False
1,20364514,cross_shard_frontrun,two_phase_commit,19,840019,r1-two_phase_commit-p19-victim,r1-two_phase_commit-p19-attacker,True,True,1037.407398223877,1031.7003726959229,1778557859.635288,1778557859.6382914,1778557859.746876,1778557859.867301,False,False,False,0,2,0,False
1,20364514,cross_shard_frontrun,two_phase_commit,20,840020,r1-two_phase_commit-p20-victim,r1-two_phase_commit-p20-attacker,True,True,1037.2819900512695,1031.747817993164,1778557859.635522,1778557859.638472,1778557859.757942,1778557859.885684,False,False,False,0,2,0,False
1,20364514,cross_shard_frontrun,two_phase_commit,21,840021,r1-two_phase_commit-p21-victim,r1-two_phase_commit-p21-attacker,True,True,1037.088394165039,1031.2750339508057,1778557859.6357632,1778557859.638546,1778557859.77526,1778557859.891406,False,False,False,0,2,0,False
1,20364514,cross_shard_frontrun,two_phase_commit,22,840022,r1-two_phase_commit-p22-victim,r1-two_phase_commit-p22-attacker,True,True,1036.5254878997803,1030.9083461761475,1778557859.6362169,1778557859.638661,1778557859.780651,1778557859.903917,False,False,False,0,2,0,False
1,20364514,cross_shard_frontrun,two_phase_commit,23,840023,r1-two_phase_commit-p23-victim,r1-two_phase_commit-p23-attacker,True,True,1036.3190174102783,1030.7881832122803,1778557859.6368408,1778557859.6388142,1778557859.79177,1778557859.914911,False,False,False,0,2,0,False
1,20364514,cross_shard_frontrun,two_phase_commit,24,840024,r1-two_phase_commit-p24-victim,r1-two_phase_commit-p24-attacker,True,True,1036.1597537994385,1030.4973125457764,1778557859.6370173,1778557859.6388967,1778557859.803121,1778557859.920798,False,False,False,0,2,0,False
1,20364514,cross_shard_frontrun,two_phase_commit,25,840025,r1-two_phase_commit-p25-victim,r1-two_phase_commit-p25-attacker,True,True,1036.1828804016113,1030.2693843841553,1778557859.6375954,1778557859.6389735,1778557859.837308,1778557859.926217,False,False,False,0,2,0,False
1,20364514,cross_shard_frontrun,two_phase_commit,26,840026,r1-two_phase_commit-p26-victim,r1-two_phase_commit-p26-attacker,True,True,1035.712480545044,1030.0629138946533,1778557859.637187,1778557859.639043,1778557859.814022,1778557859.931872,False,False,False,0,2,0,False
1,20364514,cross_shard_frontrun,two_phase_commit,27,840027,r1-two_phase_commit-p27-victim,r1-two_phase_commit-p27-attacker,True,True,1035.7608795166016,1029.8690795898438,1778557859.6373355,1778557859.6391227,1778557859.819814,1778557859.937295,False,False,False,0,2,0,False
1,20364514,cross_shard_frontrun,two_phase_commit,28,840028,r1-two_phase_commit-p28-victim,r1-two_phase_commit-p28-attacker,True,True,1036.0658168792725,1029.7706127166748,1778557859.6378536,1778557859.6391795,1778557859.855702,1778557859.94261,False,False,False,0,2,0,False
1,20364514,cross_shard_frontrun,two_phase_commit,29,840029,r1-two_phase_commit-p29-victim,r1-two_phase_commit-p29-attacker,True,True,1036.055326461792,1029.407262802124,1778557859.6382248,1778557859.639235,1778557859.872785,1778557859.94818,False,False,False,0,2,0,False
1,20364514,cross_shard_frontrun,two_phase_commit,30,840030,r1-two_phase_commit-p30-victim,r1-two_phase_commit-p30-attacker,True,True,1036.3497734069824,1029.1380882263184,1778557859.638725,1778557859.6392975,1778557859.909346,1778557859.953805,False,False,False,0,2,0,False
1,20364514,cross_shard_frontrun,two_phase_commit,31,840031,r1-two_phase_commit-p31-victim,r1-two_phase_commit-p31-attacker,True,True,1035.6130599975586,1028.9509296417236,1778557859.6386034,1778557859.6393514,1778557859.898048,1778557859.959436,False,False,False,0,2,0,False
1,20364514,cross_shard_frontrun,two_phase_commit,32,840032,r1-two_phase_commit-p32-victim,r1-two_phase_commit-p32-attacker,True,True,978.081226348877,850.9809970855713,1778557859.6739113,1778557859.6786404,1778557859.960917,1778557859.96142,False,False,False,0,2,0,False
1,20364514,cross_shard_frontrun,two_phase_commit,33,840033,r1-two_phase_commit-p33-victim,r1-two_phase_commit-p33-attacker,True,True,855.7562828063965,699.8291015625,1778557859.6812358,1778557859.7390728,1778557859.967708,1778557859.969012,False,False,False,0,2,0,False
1,20364514,cross_shard_frontrun,two_phase_commit,34,840034,r1-two_phase_commit-p34-victim,r1-two_phase_commit-p34-attacker,True,True,306.73742294311523,174.82995986938477,1778557859.7365487,1778557860.1409693,1778557859.968842,1778557860.141154,False,False,False,0,2,0,False
1,20364514,cross_shard_frontrun,two_phase_commit,35,840035,r1-two_phase_commit-p35-victim,r1-two_phase_commit-p35-attacker,True,True,74.50342178344727,706.9361209869385,1778557860.0325909,1778557860.6379356,1778557860.03283,1778557860.638313,False,False,False,0,2,0,False
1,20364514,cross_shard_frontrun,two_phase_commit,36,840036,r1-two_phase_commit-p36-victim,r1-two_phase_commit-p36-attacker,True,True,108.7648868560791,1011.486291885376,1778557860.0673943,1778557860.6381376,1778557860.067608,1778557860.647573,False,False,False,0,2,0,False
1,20364514,cross_shard_frontrun,two_phase_commit,37,840037,r1-two_phase_commit-p37-victim,r1-two_phase_commit-p37-attacker,True,True,89.09177780151367,1011.4543437957764,1778557860.0483644,1778557860.6384578,1778557860.048621,1778557860.658464,False,False,False,0,2,0,False
1,20364514,cross_shard_frontrun,two_phase_commit,38,840038,r1-two_phase_commit-p38-victim,r1-two_phase_commit-p38-attacker,True,True,237.8532886505127,1010.932207107544,1778557860.197803,1778557860.6403797,1778557860.198013,1778557860.753403,False,False,False,0,2,0,False
1,20364514,cross_shard_frontrun,two_phase_commit,39,840039,r1-two_phase_commit-p39-victim,r1-two_phase_commit-p39-attacker,True,True,1012.7573013305664,1010.6556415557861,1778557860.6383412,1778557860.6405485,1778557860.652988,1778557860.759032,False,False,False,0,2,0,False
1,20364514,cross_shard_frontrun,two_phase_commit,40,840040,r1-two_phase_commit-p40-victim,r1-two_phase_commit-p40-attacker,True,True,1012.8777027130127,1010.8883380889893,1778557860.6385536,1778557860.6411636,1778557860.664329,1778557860.783,False,False,False,0,2,0,False
1,20364514,cross_shard_frontrun,two_phase_commit,41,840041,r1-two_phase_commit-p41-victim,r1-two_phase_commit-p41-attacker,True,True,1012.8481388092041,1010.4491710662842,1778557860.6386273,1778557860.6408446,1778557860.67031,1778557860.77198,False,False,False,0,2,0,False
1,20364514,cross_shard_frontrun,two_phase_commit,42,840042,r1-two_phase_commit-p42-victim,r1-two_phase_commit-p42-attacker,True,True,1013.0159854888916,1010.6141567230225,1778557860.6387722,1778557860.6414707,1778557860.675179,1778557860.795166,False,False,False,0,2,0,False
1,20364514,cross_shard_frontrun,two_phase_commit,43,840043,r1-two_phase_commit-p43-victim,r1-two_phase_commit-p43-attacker,True,True,1012.5424861907959,1010.547399520874,1778557860.6389482,1778557860.6417942,1778557860.675117,1778557860.807442,False,False,False,0,2,0,False
1,20364514,cross_shard_frontrun,two_phase_commit,44,840044,r1-two_phase_commit-p44-victim,r1-two_phase_commit-p44-attacker,True,True,1013.2417678833008,1010.7729434967041,1778557860.6391816,1778557860.642506,1778557860.686764,1778557860.836815,False,False,False,0,2,0,False
1,20364514,cross_shard_frontrun,two_phase_commit,45,840045,r1-two_phase_commit-p45-victim,r1-two_phase_commit-p45-attacker,True,True,1013.6654376983643,1010.263204574585,1778557860.6392753,1778557860.6420903,1778557860.692207,1778557860.819647,False,False,False,0,2,0,False
1,20364514,cross_shard_frontrun,two_phase_commit,46,840046,r1-two_phase_commit-p46-victim,r1-two_phase_commit-p46-attacker,True,True,1012.2983455657959,1010.6377601623535,1778557860.6390753,1778557860.642882,1778557860.680988,1778557860.854552,False,False,False,0,2,0,False
1,20364514,cross_shard_frontrun,two_phase_commit,47,840047,r1-two_phase_commit-p47-victim,r1-two_phase_commit-p47-attacker,True,True,1013.5085582733154,1010.6563568115234,1778557860.6393514,1778557860.6431212,1778557860.698009,1778557860.859868,False,False,False,0,2,0,False
1,20364514,cross_shard_frontrun,two_phase_commit,48,840048,r1-two_phase_commit-p48-victim,r1-two_phase_commit-p48-attacker,True,True,1014.1432285308838,1010.685920715332,1778557860.6396124,1778557860.6439002,1778557860.714767,1778557860.872198,False,False,False,0,2,0,False
1,20364514,cross_shard_frontrun,two_phase_commit,49,840049,r1-two_phase_commit-p49-victim,r1-two_phase_commit-p49-attacker,True,True,1013.3328437805176,1010.5862617492676,1778557860.639436,1778557860.6439872,1778557860.703975,1778557860.878141,False,False,False,0,2,0,False
1,20364514,cross_shard_frontrun,two_phase_commit,50,840050,r1-two_phase_commit-p50-victim,r1-two_phase_commit-p50-attacker,True,True,1013.4468078613281,1010.5159282684326,1778557860.6395164,1778557860.6440845,1778557860.709184,1778557860.884444,False,False,False,0,2,0,False
1,20364514,cross_shard_frontrun,two_phase_commit,51,840051,r1-two_phase_commit-p51-victim,r1-two_phase_commit-p51-attacker,True,True,1013.8752460479736,1010.4851722717285,1778557860.6396976,1778557860.6441715,1778557860.720349,1778557860.895431,False,False,False,0,2,0,False
1,20364514,cross_shard_frontrun,two_phase_commit,52,840052,r1-two_phase_commit-p52-victim,r1-two_phase_commit-p52-attacker,True,True,1013.969898223877,1010.1587772369385,1778557860.63977,1778557860.644235,1778557860.725612,1778557860.890139,False,False,False,0,2,0,False
1,20364514,cross_shard_frontrun,two_phase_commit,53,840053,r1-two_phase_commit-p53-victim,r1-two_phase_commit-p53-attacker,True,True,1014.0867233276367,1009.9904537200928,1778557860.6398458,1778557860.6442924,1778557860.730552,1778557860.900825,False,False,False,0,2,0,False
1,20364514,cross_shard_frontrun,two_phase_commit,54,840054,r1-two_phase_commit-p54-victim,r1-two_phase_commit-p54-attacker,True,True,1014.1863822937012,1009.8528861999512,1778557860.6399126,1778557860.6443384,1778557860.736001,1778557860.906276,False,False,False,0,2,0,False
1,20364514,cross_shard_frontrun,two_phase_commit,55,840055,r1-two_phase_commit-p55-victim,r1-two_phase_commit-p55-attacker,True,True,1014.4538879394531,1009.7291469573975,1778557860.639998,1778557860.6444042,1778557860.741513,1778557860.912609,False,False,False,0,2,0,False
1,20364514,cross_shard_frontrun,two_phase_commit,56,840056,r1-two_phase_commit-p56-victim,r1-two_phase_commit-p56-attacker,True,True,1014.3527984619141,1009.7177028656006,1778557860.6402285,1778557860.644477,1778557860.747633,1778557860.918206,False,False,False,0,2,0,False
1,20364514,cross_shard_frontrun,two_phase_commit,57,840057,r1-two_phase_commit-p57-victim,r1-two_phase_commit-p57-attacker,True,True,1014.5285129547119,1009.5703601837158,1778557860.6407092,1778557860.6445208,1778557860.765396,1778557860.923462,False,False,False,0,2,0,False
1,20364514,cross_shard_frontrun,two_phase_commit,58,840058,r1-two_phase_commit-p58-victim,r1-two_phase_commit-p58-attacker,True,True,1014.5177841186523,1009.5624923706055,1778557860.6410258,1778557860.6445632,1778557860.777825,1778557860.928808,False,False,False,0,2,0,False
1,20364514,cross_shard_frontrun,two_phase_commit,59,840059,r1-two_phase_commit-p59-victim,r1-two_phase_commit-p59-attacker,True,True,1014.4948959350586,1009.6993446350098,1778557860.6413312,1778557860.6446512,1778557860.789326,1778557860.940467,False,False,False,0,2,0,False
1,20364514,cross_shard_frontrun,two_phase_commit,60,840060,r1-two_phase_commit-p60-victim,r1-two_phase_commit-p60-attacker,True,True,1014.4824981689453,1009.3426704406738,1778557860.64167,1778557860.6446054,1778557860.801257,1778557860.934702,False,False,False,0,2,0,False
1,20364514,cross_shard_frontrun,two_phase_commit,61,840061,r1-two_phase_commit-p61-victim,r1-two_phase_commit-p61-attacker,True,True,1014.4531726837158,1009.4254016876221,1778557860.6419358,1778557860.6447418,1778557860.813319,1778557860.946189,False,False,False,0,2,0,False
1,20364514,cross_shard_frontrun,two_phase_commit,62,840062,r1-two_phase_commit-p62-victim,r1-two_phase_commit-p62-attacker,True,True,1014.3129825592041,1009.1903209686279,1778557860.6422253,1778557860.6448367,1778557860.825113,1778557860.951946,False,False,False,0,2,0,False
1,20364514,cross_shard_frontrun,two_phase_commit,63,840063,r1-two_phase_commit-p63-victim,r1-two_phase_commit-p63-attacker,True,True,1014.0860080718994,1008.8746547698975,1778557860.6423793,1778557860.6449306,1778557860.830822,1778557860.95798,False,False,False,0,2,0,False
1,20364514,cross_shard_frontrun,two_phase_commit,64,840064,r1-two_phase_commit-p64-victim,r1-two_phase_commit-p64-attacker,True,True,1013.8401985168457,1008.7401866912842,1778557860.6426601,1778557860.644986,1778557860.842848,1778557860.963834,False,False,False,0,2,0,False
1,20364514,cross_shard_frontrun,two_phase_commit,65,840065,r1-two_phase_commit-p65-victim,r1-two_phase_commit-p65-attacker,True,True,1013.6110782623291,1008.72802734375,1778557860.6427848,1778557860.6450415,1778557860.848639,1778557860.969175,False,False,False,0,2,0,False
1,20364514,cross_shard_frontrun,two_phase_commit,66,840066,r1-two_phase_commit-p66-victim,r1-two_phase_commit-p66-attacker,True,True,1013.8790607452393,949.3694305419922,1778557860.643333,1778557860.6451876,1778557860.865923,1778557860.975054,False,False,False,0,2,0,False
1,20364514,cross_shard_frontrun,two_phase_commit,67,840067,r1-two_phase_commit-p67-victim,r1-two_phase_commit-p67-attacker,True,True,941.8940544128418,914.9610996246338,1778557860.6816213,1778557860.6848037,1778557860.98175,1778557860.982213,False,False,False,0,2,0,False
1,20364514,cross_shard_frontrun,two_phase_commit,68,840068,r1-two_phase_commit-p68-victim,r1-two_phase_commit-p68-attacker,True,True,849.8103618621826,784.3313217163086,1778557860.7382762,1778557860.6452668,1778557860.986018,1778557860.98047,True,True,True,0,2,0,False
1,20364514,cross_shard_frontrun,two_phase_commit,69,840069,r1-two_phase_commit-p69-victim,r1-two_phase_commit-p69-attacker,True,True,317.05427169799805,1023.1428146362305,1778557860.732102,1778557861.665204,1778557860.985548,1778557861.699729,False,False,False,0,2,0,False
1,20364514,cross_shard_frontrun,two_phase_commit,70,840070,r1-two_phase_commit-p70-victim,r1-two_phase_commit-p70-attacker,True,True,84.59067344665527,1023.5543251037598,1778557861.0573828,1778557861.6659436,1778557861.057627,1778557861.724893,False,False,False,0,2,0,False
1,20364514,cross_shard_frontrun,two_phase_commit,71,840071,r1-two_phase_commit-p71-victim,r1-two_phase_commit-p71-attacker,True,True,235.11600494384766,1022.4430561065674,1778557861.2128496,1778557861.665489,1778557861.213114,1778557861.704317,False,False,False,0,2,0,False
1,20364514,cross_shard_frontrun,two_phase_commit,72,840072,r1-two_phase_commit-p72-victim,r1-two_phase_commit-p72-attacker,True,True,722.8074073791504,1023.4019756317139,1778557861.6642985,1778557861.6665578,1778557861.664674,1778557861.746396,False,False,False,0,2,0,False
1,20364514,cross_shard_frontrun,two_phase_commit,73,840073,r1-two_phase_commit-p73-victim,r1-two_phase_commit-p73-attacker,True,True,362.3542785644531,1023.3287811279297,1778557861.3431604,1778557861.6674523,1778557861.343457,1778557861.772506,False,False,False,0,2,0,False
1,20364514,cross_shard_frontrun,two_phase_commit,74,840074,r1-two_phase_commit-p74-victim,r1-two_phase_commit-p74-attacker,True,True,1027.3551940917969,1023.3151912689209,1778557861.6645834,1778557861.6678514,1778557861.673425,1778557861.783891,False,False,False,0,2,0,False
1,20364514,cross_shard_frontrun,two_phase_commit,75,840075,r1-two_phase_commit-p75-victim,r1-two_phase_commit-p75-attacker,True,True,1027.4021625518799,1023.2062339782715,1778557861.6649346,1778557861.6681302,1778557861.684275,1778557861.801447,False,False,False,0,2,0,False
1,20364514,cross_shard_frontrun,two_phase_commit,76,840076,r1-two_phase_commit-p76-victim,r1-two_phase_commit-p76-attacker,True,True,1026.911973953247,1022.636890411377,1778557861.6650321,1778557861.6682036,1778557861.689549,1778557861.807003,False,False,False,0,2,0,False
1,20364514,cross_shard_frontrun,two_phase_commit,77,840077,r1-two_phase_commit-p77-victim,r1-two_phase_commit-p77-attacker,True,True,1025.8111953735352,1022.247314453125,1778557861.6648302,1778557861.668335,1778557861.679021,1778557861.818506,False,False,False,0,2,0,False
1,20364514,cross_shard_frontrun,two_phase_commit,78,840078,r1-two_phase_commit-p78-victim,r1-two_phase_commit-p78-attacker,True,True,1026.4251232147217,1021.6662883758545,1778557861.665697,1778557861.6686094,1778557861.714831,1778557861.842201,False,False,False,0,2,0,False
1,20364514,cross_shard_frontrun,two_phase_commit,79,840079,r1-two_phase_commit-p79-victim,r1-two_phase_commit-p79-attacker,True,True,1025.545358657837,1021.3613510131836,1778557861.6653235,1778557861.6686912,1778557861.704378,1778557861.849056,False,False,False,0,2,0,False
1,20364514,cross_shard_frontrun,two_phase_commit,80,840080,r1-two_phase_commit-p80-victim,r1-two_phase_commit-p80-attacker,True,True,1024.63698387146,1021.2962627410889,1778557861.6651056,1778557861.6688204,1778557861.694735,1778557861.854584,False,False,False,0,2,0,False
1,20364514,cross_shard_frontrun,two_phase_commit,81,840081,r1-two_phase_commit-p81-victim,r1-two_phase_commit-p81-attacker,True,True,1025.1026153564453,1021.3019847869873,1778557861.665587,1778557861.6688921,1778557861.709842,1778557861.860591,False,False,False,0,2,0,False
1,20364514,cross_shard_frontrun,two_phase_commit,82,840082,r1-two_phase_commit-p82-victim,r1-two_phase_commit-p82-attacker,True,True,1025.1564979553223,1021.6522216796875,1778557861.6657965,1778557861.6692982,1778557861.719637,1778557861.888734,False,False,False,0,2,0,False
1,20364514,cross_shard_frontrun,two_phase_commit,83,840083,r1-two_phase_commit-p83-victim,r1-two_phase_commit-p83-attacker,True,True,1026.273488998413,1021.0974216461182,1778557861.6671214,1778557861.6690454,1778557861.762011,1778557861.866376,False,False,False,0,2,0,False
1,20364514,cross_shard_frontrun,two_phase_commit,84,840084,r1-two_phase_commit-p84-victim,r1-two_phase_commit-p84-attacker,True,True,1025.3193378448486,1021.5847492218018,1778557861.6662834,1778557861.6694496,1778557861.735045,1778557861.900109,False,False,False,0,2,0,False
1,20364514,cross_shard_frontrun,two_phase_commit,85,840085,r1-two_phase_commit-p85-victim,r1-two_phase_commit-p85-attacker,True,True,1025.7408618927002,1021.5332508087158,1778557861.6668952,1778557861.6695404,1778557861.757187,1778557861.905348,False,False,False,0,2,0,False
1,20364514,cross_shard_frontrun,two_phase_commit,86,840086,r1-two_phase_commit-p86-victim,r1-two_phase_commit-p86-attacker,True,True,1025.1052379608154,1021.5902328491211,1778557861.66644,1778557861.6697052,1778557861.741168,1778557861.917529,False,False,False,0,2,0,False
1,20364514,cross_shard_frontrun,two_phase_commit,87,840087,r1-two_phase_commit-p87-victim,r1-two_phase_commit-p87-attacker,True,True,1025.1860618591309,1021.2385654449463,1778557861.6667395,1778557861.6695979,1778557861.751744,1778557861.911353,False,False,False,0,2,0,False
1,20364514,cross_shard_frontrun,two_phase_commit,88,840088,r1-two_phase_commit-p88-victim,r1-two_phase_commit-p88-attacker,True,True,1024.2836475372314,1021.6362476348877,1778557861.66615,1778557861.669967,1778557861.73004,1778557861.940142,False,False,False,0,2,0,False
1,20364514,cross_shard_frontrun,two_phase_commit,89,840089,r1-two_phase_commit-p89-victim,r1-two_phase_commit-p89-attacker,True,True,1025.1250267028809,1020.9240913391113,1778557861.667294,1778557861.669807,1778557861.767327,1778557861.922913,False,False,False,0,2,0,False
1,20364514,cross_shard_frontrun,two_phase_commit,90,840090,r1-two_phase_commit-p90-victim,r1-two_phase_commit-p90-attacker,True,True,1025.5966186523438,1021.0120677947998,1778557861.6677685,1778557861.6700366,1778557861.778428,1778557861.934868,False,False,False,0,2,0,False
1,20364514,cross_shard_frontrun,two_phase_commit,91,840091,r1-two_phase_commit-p91-victim,r1-two_phase_commit-p91-attacker,True,True,1025.6831645965576,1021.0769176483154,1778557861.6679416,1778557861.670085,1778557861.790024,1778557861.945962,False,False,False,0,2,0,False
1,20364514,cross_shard_frontrun,two_phase_commit,92,840092,r1-two_phase_commit-p92-victim,r1-two_phase_commit-p92-attacker,True,True,1025.7515907287598,1020.9822654724121,1778557861.668029,1778557861.6701715,1778557861.795733,1778557861.951868,False,False,False,0,2,0,False
1,20364514,cross_shard_frontrun,two_phase_commit,93,840093,r1-two_phase_commit-p93-victim,r1-two_phase_commit-p93-attacker,True,True,1025.7055759429932,1020.6506252288818,1778557861.6682706,1778557861.6702454,1778557861.812965,1778557861.957233,False,False,False,0,2,0,False
1,20364514,cross_shard_frontrun,two_phase_commit,94,840094,r1-two_phase_commit-p94-victim,r1-two_phase_commit-p94-attacker,True,True,1025.7363319396973,1020.4238891601562,1778557861.6685386,1778557861.6703007,1778557861.836267,1778557861.964278,False,False,False,0,2,0,False
1,20364514,cross_shard_frontrun,two_phase_commit,95,840095,r1-two_phase_commit-p95-victim,r1-two_phase_commit-p95-attacker,True,True,1025.130033493042,1020.1823711395264,1778557861.6684027,1778557861.6703727,1778557861.824321,1778557861.969805,False,False,False,0,2,0,False
1,20364514,cross_shard_frontrun,two_phase_commit,96,840096,r1-two_phase_commit-p96-victim,r1-two_phase_commit-p96-attacker,True,True,1024.9221324920654,1020.033597946167,1778557861.6684775,1778557861.6704519,1778557861.830997,1778557861.97679,False,False,False,0,2,0,False
1,20364514,cross_shard_frontrun,two_phase_commit,97,840097,r1-two_phase_commit-p97-victim,r1-two_phase_commit-p97-attacker,True,True,1025.7601737976074,1019.855260848999,1778557861.6689768,1778557861.6705081,1778557861.871911,1778557861.98215,False,False,False,0,2,0,False
1,20364514,cross_shard_frontrun,two_phase_commit,98,840098,r1-two_phase_commit-p98-victim,r1-two_phase_commit-p98-attacker,True,True,1024.9574184417725,1019.5143222808838,1778557861.669209,1778557861.6705618,1778557861.882952,1778557861.987686,False,False,False,0,2,0,False
1,20364514,cross_shard_frontrun,two_phase_commit,99,840099,r1-two_phase_commit-p99-victim,r1-two_phase_commit-p99-attacker,True,True,1024.895429611206,1019.4134712219238,1778557861.6691084,1778557861.6706817,1778557861.877502,1778557861.99375,False,False,False,0,2,0,False
1,20364514,cross_shard_frontrun,two_phase_commit,100,840100,r1-two_phase_commit-p100-victim,r1-two_phase_commit-p100-attacker,True,True,1025.1078605651855,1019.3278789520264,1778557861.6693637,1778557861.6708634,1778557861.894136,1778557862.004939,False,False,False,0,2,0,False
1,20364514,cross_shard_frontrun,two_phase_commit,101,840101,r1-two_phase_commit-p101-victim,r1-two_phase_commit-p101-attacker,True,True,1025.6450176239014,946.1796283721924,1778557861.6698766,1778557861.6707628,1778557861.928802,1778557861.999201,False,False,False,0,2,0,False
1,20364514,cross_shard_frontrun,two_phase_commit,102,840102,r1-two_phase_commit-p102-victim,r1-two_phase_commit-p102-attacker,True,True,813.8463497161865,667.2484874725342,1778557861.728303,1778557861.671096,1778557862.01269,1778557862.010802,True,True,True,0,2,0,False
1,20364514,cross_shard_frontrun,two_phase_commit,103,840103,r1-two_phase_commit-p103-victim,r1-two_phase_commit-p103-attacker,True,True,326.5528678894043,497.40076065063477,1778557861.7674632,1778557862.3508494,1778557862.013889,1778557862.374851,False,False,False,0,2,0,False
1,20364514,cross_shard_frontrun,two_phase_commit,104,840104,r1-two_phase_commit-p104-victim,r1-two_phase_commit-p104-attacker,True,True,70.83702087402344,497.47300148010254,1778557862.0799575,1778557862.3511283,1778557862.080272,1778557862.390723,False,False,False,0,2,0,False
1,20364514,cross_shard_frontrun,two_phase_commit,105,840105,r1-two_phase_commit-p105-victim,r1-two_phase_commit-p105-attacker,True,True,504.33993339538574,497.5717067718506,1778557862.3503664,1778557862.35128,1778557862.359277,1778557862.401232,False,False,False,0,2,0,False
1,20364514,cross_shard_frontrun,two_phase_commit,106,840106,r1-two_phase_commit-p106-victim,r1-two_phase_commit-p106-attacker,True,True,414.4160747528076,497.6375102996826,1778557862.3502107,1778557862.351535,1778557862.350584,1778557862.410886,False,False,False,0,2,0,False
1,20364514,cross_shard_frontrun,two_phase_commit,107,840107,r1-two_phase_commit-p107-victim,r1-two_phase_commit-p107-attacker,True,True,503.80778312683105,497.7381229400635,1778557862.3506033,1778557862.3517258,1778557862.364481,1778557862.421425,False,False,False,0,2,0,False
1,20364514,cross_shard_frontrun,two_phase_commit,108,840108,r1-two_phase_commit-p108-victim,r1-two_phase_commit-p108-attacker,True,True,504.08434867858887,498.8706111907959,1778557862.3509562,1778557862.352722,1778557862.380313,1778557862.447696,False,False,False,0,2,0,False
1,20364514,cross_shard_frontrun,two_phase_commit,109,840109,r1-two_phase_commit-p109-victim,r1-two_phase_commit-p109-attacker,True,True,505.7258605957031,497.30610847473145,1778557862.351832,1778557862.3521864,1778557862.426272,1778557862.426208,False,True,True,0,2,0,False
1,20364514,cross_shard_frontrun,two_phase_commit,110,840110,r1-two_phase_commit-p110-victim,r1-two_phase_commit-p110-attacker,True,True,503.0221939086914,497.73311614990234,1778557862.3507257,1778557862.3524735,1778557862.369912,1778557862.437302,False,False,False,0,2,0,False
1,20364514,cross_shard_frontrun,two_phase_commit,111,840111,r1-two_phase_commit-p111-victim,r1-two_phase_commit-p111-attacker,True,True,503.3090114593506,498.1718063354492,1778557862.3510578,1778557862.3528094,1778557862.38547,1778557862.452669,False,False,False,0,2,0,False
1,20364514,cross_shard_frontrun,two_phase_commit,112,840112,r1-two_phase_commit-p112-victim,r1-two_phase_commit-p112-attacker,True,True,503.78942489624023,498.54063987731934,1778557862.3513792,1778557862.353009,1778557862.406095,1778557862.464804,False,False,False,0,2,0,False
1,20364514,cross_shard_frontrun,two_phase_commit,113,840113,r1-two_phase_commit-p113-victim,r1-two_phase_commit-p113-attacker,True,True,502.93469429016113,499.06349182128906,1778557862.3512046,1778557862.3533113,1778557862.395882,1778557862.480867,False,False,False,0,2,0,False
1,20364514,cross_shard_frontrun,two_phase_commit,114,840114,r1-two_phase_commit-p114-victim,r1-two_phase_commit-p114-attacker,True,True,503.1018257141113,498.8436698913574,1778557862.3516307,1778557862.3534129,1778557862.41654,1778557862.487318,False,False,False,0,2,0,False
1,20364514,cross_shard_frontrun,two_phase_commit,115,840115,r1-two_phase_commit-p115-victim,r1-two_phase_commit-p115-attacker,True,True,503.47399711608887,498.57282638549805,1778557862.352348,1778557862.3535435,1778557862.432257,1778557862.492821,False,False,False,0,2,0,False
1,20364514,cross_shard_frontrun,two_phase_commit,116,840116,r1-two_phase_commit-p116-victim,r1-two_phase_commit-p116-attacker,True,True,503.80611419677734,498.5165596008301,1778557862.3526132,1778557862.3536906,1778557862.442031,1778557862.498577,False,False,False,0,2,0,False
1,20364514,cross_shard_frontrun,two_phase_commit,117,840117,r1-two_phase_commit-p117-victim,r1-two_phase_commit-p117-attacker,True,True,505.40828704833984,498.57497215270996,1778557862.35311,1778557862.353926,1778557862.470432,1778557862.510354,False,False,False,0,2,0,False
1,20364514,cross_shard_frontrun,two_phase_commit,118,840118,r1-two_phase_commit-p118-victim,r1-two_phase_commit-p118-attacker,True,True,504.3456554412842,498.2612133026123,1778557862.3529239,1778557862.35382,1778557862.458005,1778557862.504646,False,False,False,0,2,0,False
1,20364514,cross_shard_frontrun,two_phase_commit,119,840119,r1-two_phase_commit-p119-victim,r1-two_phase_commit-p119-attacker,True,True,505.5956840515137,498.3069896697998,1778557862.3532336,1778557862.3540642,1778557862.475597,1778557862.515667,False,False,False,0,2,0,False
2,20460514,cross_shard_frontrun,baseline,0,900000,r2-baseline-p0-victim,r2-baseline-p0-attacker,True,True,75.91462135314941,360.25190353393555,1778557863.614271,1778557863.91061,1778557863.615515,1778557863.910862,False,False,False,0,2,0,False
2,20460514,cross_shard_frontrun,baseline,1,900001,r2-baseline-p1-victim,r2-baseline-p1-attacker,True,True,158.97107124328613,565.2730464935303,1778557863.7016456,1778557864.077072,1778557863.701921,1778557864.077347,False,False,False,0,2,0,False
2,20460514,cross_shard_frontrun,baseline,2,900002,r2-baseline-p2-victim,r2-baseline-p2-attacker,True,True,277.18162536621094,579.5836448669434,1778557863.81115,1778557864.0774295,1778557863.818815,1778557864.092279,False,False,False,0,2,0,False
2,20460514,cross_shard_frontrun,baseline,3,900003,r2-baseline-p3-victim,r2-baseline-p3-attacker,True,True,272.83477783203125,578.4344673156738,1778557863.8088439,1778557864.0772293,1778557863.809109,1778557864.085613,False,False,False,0,2,0,False
2,20460514,cross_shard_frontrun,baseline,4,900004,r2-baseline-p4-victim,r2-baseline-p4-attacker,True,True,1012.6833915710449,578.1571865081787,1778557864.2135105,1778557864.0775368,1778557864.317623,1778557864.099819,True,True,True,0,2,0,False
2,20460514,cross_shard_frontrun,baseline,5,900005,r2-baseline-p5-victim,r2-baseline-p5-attacker,True,True,1014.6455764770508,577.9905319213867,1778557864.2146566,1778557864.077645,1778557864.40018,1778557864.105906,True,True,True,0,2,0,False
2,20460514,cross_shard_frontrun,baseline,6,900006,r2-baseline-p6-victim,r2-baseline-p6-attacker,True,True,1011.685848236084,577.5589942932129,1778557864.2136002,1778557864.0777466,1778557864.322739,1778557864.111813,True,True,True,0,2,0,False
2,20460514,cross_shard_frontrun,baseline,7,900007,r2-baseline-p7-victim,r2-baseline-p7-attacker,True,True,1012.9270553588867,577.4664878845215,1778557864.2143738,1778557864.0778594,1778557864.376069,1778557864.118166,True,True,True,0,2,0,False
2,20460514,cross_shard_frontrun,baseline,8,900008,r2-baseline-p8-victim,r2-baseline-p8-attacker,True,True,1014.3673419952393,576.7107009887695,1778557864.2358134,1778557864.0780272,1778557864.42603,1778557864.117882,True,True,True,0,2,0,False
2,20460514,cross_shard_frontrun,baseline,9,900009,r2-baseline-p9-victim,r2-baseline-p9-attacker,True,True,1011.7623805999756,576.1349201202393,1778557864.2141137,1778557864.078172,1778557864.351948,1778557864.126129,True,True,True,0,2,0,False
2,20460514,cross_shard_frontrun,baseline,10,900010,r2-baseline-p10-victim,r2-baseline-p10-attacker,True,True,1009.6869468688965,577.8312683105469,1778557864.2139006,1778557864.0847247,1778557864.339829,1778557864.132929,True,True,True,0,2,0,False
2,20460514,cross_shard_frontrun,baseline,11,900011,r2-baseline-p11-victim,r2-baseline-p11-attacker,True,True,1013.148307800293,583.9071273803711,1778557864.2360365,1778557864.1204023,1778557864.439374,1778557864.13348,True,True,True,0,2,0,False
2,20460514,cross_shard_frontrun,baseline,12,900012,r2-baseline-p12-victim,r2-baseline-p12-attacker,True,True,1011.1691951751709,624.4266033172607,1778557864.2143085,1778557864.1804774,1778557864.370074,1778557864.180675,True,True,True,0,2,0,False
2,20460514,cross_shard_frontrun,baseline,13,900013,r2-baseline-p13-victim,r2-baseline-p13-attacker,True,True,1019.2646980285645,650.7883071899414,1778557864.2366776,1778557864.2067425,1778557864.488702,1778557864.206968,True,True,True,0,2,0,False
2,20460514,cross_shard_frontrun,baseline,14,900014,r2-baseline-p14-victim,r2-baseline-p14-attacker,True,True,1018.312931060791,864.6719455718994,1778557864.2364547,1778557864.2119224,1778557864.469829,1778557864.212211,True,True,True,0,2,0,False
2,20460514,cross_shard_frontrun,baseline,15,900015,r2-baseline-p15-victim,r2-baseline-p15-attacker,True,True,1006.5944194793701,864.4073009490967,1778557864.2138186,1778557864.2120478,1778557864.328527,1778557864.218601,True,True,True,0,2,0,False
2,20460514,cross_shard_frontrun,baseline,16,900016,r2-baseline-p16-victim,r2-baseline-p16-attacker,True,True,1006.4220428466797,862.6015186309814,1778557864.2140381,1778557864.2122338,1778557864.346152,1778557864.224389,True,True,True,0,2,0,False
2,20460514,cross_shard_frontrun,baseline,17,900017,r2-baseline-p17-victim,r2-baseline-p17-attacker,True,True,1006.2341690063477,862.8630638122559,1778557864.2145324,1778557864.2123115,1778557864.387649,1778557864.230289,True,True,True,0,2,0,False
2,20460514,cross_shard_frontrun,baseline,18,900018,r2-baseline-p18-victim,r2-baseline-p18-attacker,True,True,1015.2711868286133,956.9175243377686,1778557864.2362423,1778557864.2123976,1778557864.451575,1778557864.236097,True,True,True,0,2,0,False
2,20460514,cross_shard_frontrun,baseline,19,900019,r2-baseline-p19-victim,r2-baseline-p19-attacker,True,True,1014.6322250366211,983.128547668457,1778557864.236158,1778557864.2124898,1778557864.445194,1778557864.242525,True,True,True,0,2,0,False
2,20460514,cross_shard_frontrun,baseline,20,900020,r2-baseline-p20-victim,r2-baseline-p20-attacker,True,True,1004.5201778411865,993.0129051208496,1778557864.214444,1778557864.2125554,1778557864.382076,1778557864.248164,True,True,True,0,2,0,False
2,20460514,cross_shard_frontrun,baseline,21,900021,r2-baseline-p21-victim,r2-baseline-p21-attacker,True,True,1014.6479606628418,992.7117824554443,1778557864.2365923,1778557864.212617,1778557864.480991,1778557864.253935,True,True,True,0,2,0,False
2,20460514,cross_shard_frontrun,baseline,22,900022,r2-baseline-p22-victim,r2-baseline-p22-attacker,True,True,1006.716251373291,992.3403263092041,1778557864.2359273,1778557864.212703,1778557864.432812,1778557864.258999,True,True,True,0,2,0,False
2,20460514,cross_shard_frontrun,baseline,23,900023,r2-baseline-p23-victim,r2-baseline-p23-attacker,True,True,1014.0407085418701,992.3827648162842,1778557864.23685,1778557864.21282,1778557864.498959,1778557864.270265,True,True,True,0,2,0,False
2,20460514,cross_shard_frontrun,baseline,24,900024,r2-baseline-p24-victim,r2-baseline-p24-attacker,True,True,1004.8394203186035,991.4603233337402,1778557864.2149277,1778557864.2127633,1778557864.425052,1778557864.265025,True,True,True,0,2,0,False
2,20460514,cross_shard_frontrun,baseline,25,900025,r2-baseline-p25-victim,r2-baseline-p25-attacker,True,True,1001.3928413391113,991.0998344421387,1778557864.2145884,1778557864.212871,1778557864.394078,1778557864.275343,True,True,True,0,2,0,False
2,20460514,cross_shard_frontrun,baseline,26,900026,r2-baseline-p26-victim,r2-baseline-p26-attacker,True,True,1000.8227825164795,990.8061027526855,1778557864.2141716,1778557864.2129633,1778557864.358192,1778557864.280739,True,True,True,0,2,0,False
2,20460514,cross_shard_frontrun,baseline,27,900027,r2-baseline-p27-victim,r2-baseline-p27-attacker,True,True,1001.2109279632568,990.4818534851074,1778557864.214238,1778557864.2130291,1778557864.364122,1778557864.286173,True,True,True,0,2,0,False
2,20460514,cross_shard_frontrun,baseline,28,900028,r2-baseline-p28-victim,r2-baseline-p28-attacker,True,True,1010.4758739471436,990.2071952819824,1778557864.2363758,1778557864.2131264,1778557864.464521,1778557864.29172,True,True,True,0,2,0,False
2,20460514,cross_shard_frontrun,baseline,29,900029,r2-baseline-p29-victim,r2-baseline-p29-attacker,True,True,1009.7501277923584,989.9027347564697,1778557864.2363153,1778557864.2132163,1778557864.457819,1778557864.296884,True,True,True,0,2,0,False
2,20460514,cross_shard_frontrun,baseline,30,900030,r2-baseline-p30-victim,r2-baseline-p30-attacker,True,True,1000.0715255737305,989.6187782287598,1778557864.214794,1778557864.213306,1778557864.412075,1778557864.301988,True,True,True,0,2,0,False
2,20460514,cross_shard_frontrun,baseline,31,900031,r2-baseline-p31-victim,r2-baseline-p31-attacker,True,True,999.208927154541,989.3159866333008,1778557864.2147076,1778557864.2133718,1778557864.405912,1778557864.30749,True,True,True,0,2,0,False
2,20460514,cross_shard_frontrun,baseline,32,900032,r2-baseline-p32-victim,r2-baseline-p32-attacker,True,True,951.2612819671631,847.7685451507568,1778557864.236524,1778557864.2134411,1778557864.475596,1778557864.312197,True,True,True,0,2,0,False
2,20460514,cross_shard_frontrun,baseline,33,900033,r2-baseline-p33-victim,r2-baseline-p33-attacker,True,True,741.8911457061768,729.2208671569824,1778557864.2148683,1778557864.2137113,1778557864.418834,1778557864.334567,True,True,True,0,2,0,False
2,20460514,cross_shard_frontrun,baseline,34,900034,r2-baseline-p34-victim,r2-baseline-p34-attacker,True,True,658.8447093963623,445.13678550720215,1778557864.236762,1778557864.2370353,1778557864.49381,1778557864.509698,False,False,False,0,2,0,False
2,20460514,cross_shard_frontrun,baseline,35,900035,r2-baseline-p35-victim,r2-baseline-p35-attacker,True,True,439.17393684387207,430.1493167877197,1778557864.242686,1778557864.2369318,1778557864.536506,1778557864.504327,True,True,True,0,2,0,False
2,20460514,cross_shard_frontrun,baseline,36,900036,r2-baseline-p36-victim,r2-baseline-p36-attacker,True,True,438.59100341796875,429.964542388916,1778557864.2425094,1778557864.237144,1778557864.525568,1778557864.514981,True,True,True,0,2,0,False
2,20460514,cross_shard_frontrun,baseline,37,900037,r2-baseline-p37-victim,r2-baseline-p37-attacker,True,True,438.6329650878906,429.7220706939697,1778557864.242806,1778557864.2372372,1778557864.546518,1778557864.520192,True,True,True,0,2,0,False
2,20460514,cross_shard_frontrun,baseline,38,900038,r2-baseline-p38-victim,r2-baseline-p38-attacker,True,True,438.23742866516113,429.3837547302246,1778557864.2452552,1778557864.2377553,1778557864.546405,1778557864.519972,True,True,True,0,2,0,False
2,20460514,cross_shard_frontrun,baseline,39,900039,r2-baseline-p39-victim,r2-baseline-p39-attacker,True,True,436.1722469329834,421.10633850097656,1778557864.2484944,1778557864.2426324,1778557864.551763,1778557864.531309,True,True,True,0,2,0,False
2,20460514,cross_shard_frontrun,baseline,40,900040,r2-baseline-p40-victim,r2-baseline-p40-attacker,True,True,388.9334201812744,353.15608978271484,1778557864.2485557,1778557864.2427425,1778557864.557025,1778557864.541557,True,True,True,0,2,0,False
2,20460514,cross_shard_frontrun,baseline,41,900041,r2-baseline-p41-victim,r2-baseline-p41-attacker,True,True,207.0317268371582,139.04929161071777,1778557864.48676,1778557864.4424582,1778557864.57048,1778557864.563321,True,True,True,0,2,0,False
2,20460514,cross_shard_frontrun,baseline,42,900042,r2-baseline-p42-victim,r2-baseline-p42-attacker,True,True,206.66956901550293,195.34540176391602,1778557864.49762,1778557864.4439757,1778557864.570796,1778557864.569907,True,True,True,0,2,0,False
2,20460514,cross_shard_frontrun,baseline,43,900043,r2-baseline-p43-victim,r2-baseline-p43-attacker,True,True,111.79900169372559,77.46267318725586,1778557864.5828495,1778557864.557045,1778557864.628626,1778557864.572249,True,True,True,0,2,0,False
2,20460514,cross_shard_frontrun,baseline,44,900044,r2-baseline-p44-victim,r2-baseline-p44-attacker,True,True,77.44383811950684,527.456521987915,1778557864.62925,1778557865.0717204,1778557864.62947,1778557865.072258,False,False,False,0,2,0,False
2,20460514,cross_shard_frontrun,baseline,45,900045,r2-baseline-p45-victim,r2-baseline-p45-attacker,True,True,148.99134635925293,533.1165790557861,1778557864.7046356,1778557865.071839,1778557864.704885,1778557865.080584,False,False,False,0,2,0,False
2,20460514,cross_shard_frontrun,baseline,46,900046,r2-baseline-p46-victim,r2-baseline-p46-attacker,True,True,159.64674949645996,532.8633785247803,1778557864.7157955,1778557865.0720239,1778557864.715988,1778557865.087286,False,False,False,0,2,0,False
2,20460514,cross_shard_frontrun,baseline,47,900047,r2-baseline-p47-victim,r2-baseline-p47-attacker,True,True,265.0027275085449,533.6141586303711,1778557864.821184,1778557865.0721424,1778557864.821547,1778557865.092894,False,False,False,0,2,0,False
2,20460514,cross_shard_frontrun,baseline,48,900048,r2-baseline-p48-victim,r2-baseline-p48-attacker,True,True,304.1071891784668,532.5620174407959,1778557864.8611834,1778557865.073111,1778557864.861443,1778557865.09266,False,False,False,0,2,0,False
2,20460514,cross_shard_frontrun,baseline,49,900049,r2-baseline-p49-victim,r2-baseline-p49-attacker,True,True,981.132984161377,533.9608192443848,1778557865.206197,1778557865.0732334,1778557865.370342,1778557865.098898,True,True,True,0,2,0,False
2,20460514,cross_shard_frontrun,baseline,50,900050,r2-baseline-p50-victim,r2-baseline-p50-attacker,True,True,979.3500900268555,533.5962772369385,1778557865.2051706,1778557865.0969346,1778557865.335685,1778557865.09901,True,True,True,0,2,0,False
2,20460514,cross_shard_frontrun,baseline,51,900051,r2-baseline-p51-victim,r2-baseline-p51-attacker,True,True,978.3740043640137,562.3538494110107,1778557865.204931,1778557865.122971,1778557865.324183,1778557865.123192,True,True,True,0,2,0,False
2,20460514,cross_shard_frontrun,baseline,52,900052,r2-baseline-p52-victim,r2-baseline-p52-attacker,True,True,980.6628227233887,563.9126300811768,1778557865.2434688,1778557865.123088,1778557865.378511,1778557865.129867,True,True,True,0,2,0,False
2,20460514,cross_shard_frontrun,baseline,53,900053,r2-baseline-p53-victim,r2-baseline-p53-attacker,True,True,979.0687561035156,567.4424171447754,1778557865.2054718,1778557865.133735,1778557865.347032,1778557865.13394,True,True,True,0,2,0,False
2,20460514,cross_shard_frontrun,baseline,54,900054,r2-baseline-p54-victim,r2-baseline-p54-attacker,True,True,976.8073558807373,589.1778469085693,1778557865.2047687,1778557865.154514,1778557865.312501,1778557865.154699,True,True,True,0,2,0,False
2,20460514,cross_shard_frontrun,baseline,55,900055,r2-baseline-p55-victim,r2-baseline-p55-attacker,True,True,977.6060581207275,608.0336570739746,1778557865.2050512,1778557865.174797,1778557865.32993,1778557865.175093,True,True,True,0,2,0,False
2,20460514,cross_shard_frontrun,baseline,56,900056,r2-baseline-p56-victim,r2-baseline-p56-attacker,True,True,978.0449867248535,743.5166835784912,1778557865.2053895,1778557865.201494,1778557865.341318,1778557865.201715,True,True,True,0,2,0,False
2,20460514,cross_shard_frontrun,baseline,57,900057,r2-baseline-p57-victim,r2-baseline-p57-attacker,True,True,978.710412979126,801.3112545013428,1778557865.2060094,1778557865.201636,1778557865.358896,1778557865.210285,True,True,True,0,2,0,False
2,20460514,cross_shard_frontrun,baseline,58,900058,r2-baseline-p58-victim,r2-baseline-p58-attacker,True,True,978.2381057739258,800.6973266601562,1778557865.2060971,1778557865.2017927,1778557865.365074,1778557865.215783,True,True,True,0,2,0,False
2,20460514,cross_shard_frontrun,baseline,59,900059,r2-baseline-p59-victim,r2-baseline-p59-attacker,True,True,977.1263599395752,799.9424934387207,1778557865.2057853,1778557865.201864,1778557865.353027,1778557865.220857,True,True,True,0,2,0,False
2,20460514,cross_shard_frontrun,baseline,60,900060,r2-baseline-p60-victim,r2-baseline-p60-attacker,True,True,988.4693622589111,799.6127605438232,1778557865.2436705,1778557865.2019773,1778557865.395891,1778557865.226008,True,True,True,0,2,0,False
2,20460514,cross_shard_frontrun,baseline,61,900061,r2-baseline-p61-victim,r2-baseline-p61-attacker,True,True,988.5683059692383,793.5144901275635,1778557865.2438834,1778557865.2020838,1778557865.413887,1778557865.231427,True,True,True,0,2,0,False
2,20460514,cross_shard_frontrun,baseline,62,900062,r2-baseline-p62-victim,r2-baseline-p62-attacker,True,True,970.0524806976318,793.4341430664062,1778557865.243381,1778557865.2021878,1778557865.371509,1778557865.23728,True,True,True,0,2,0,False
2,20460514,cross_shard_frontrun,baseline,63,900063,r2-baseline-p63-victim,r2-baseline-p63-attacker,True,True,988.9044761657715,853.2118797302246,1778557865.2556982,1778557865.2023108,1778557865.468729,1778557865.242468,True,True,True,0,2,0,False
2,20460514,cross_shard_frontrun,baseline,64,900064,r2-baseline-p64-victim,r2-baseline-p64-attacker,True,True,981.783390045166,859.9593639373779,1778557865.2440786,1778557865.2024288,1778557865.426179,1778557865.247833,True,True,True,0,2,0,False
2,20460514,cross_shard_frontrun,baseline,65,900065,r2-baseline-p65-victim,r2-baseline-p65-attacker,True,True,969.4383144378662,901.390790939331,1778557865.2435443,1778557865.2025614,1778557865.384481,1778557865.253209,True,True,True,0,2,0,False
2,20460514,cross_shard_frontrun,baseline,66,900066,r2-baseline-p66-victim,r2-baseline-p66-attacker,True,True,980.5073738098145,943.7861442565918,1778557865.2437363,1778557865.202675,1778557865.401637,1778557865.258417,True,True,True,0,2,0,False
2,20460514,cross_shard_frontrun,baseline,67,900067,r2-baseline-p67-victim,r2-baseline-p67-attacker,True,True,981.6479682922363,954.8599720001221,1778557865.2554219,1778557865.2027943,1778557865.444829,1778557865.263991,True,True,True,0,2,0,False
2,20460514,cross_shard_frontrun,baseline,68,900068,r2-baseline-p68-victim,r2-baseline-p68-attacker,True,True,981.3416004180908,954.9288749694824,1778557865.2497416,1778557865.2029388,1778557865.439145,1778557865.269138,True,True,True,0,2,0,False
2,20460514,cross_shard_frontrun,baseline,69,900069,r2-baseline-p69-victim,r2-baseline-p69-attacker,True,True,980.048656463623,954.8788070678711,1778557865.2437863,1778557865.2030592,1778557865.407988,1778557865.274704,True,True,True,0,2,0,False
2,20460514,cross_shard_frontrun,baseline,70,900070,r2-baseline-p70-victim,r2-baseline-p70-attacker,True,True,980.2384376525879,954.8068046569824,1778557865.243978,1778557865.2031991,1778557865.420428,1778557865.279856,True,True,True,0,2,0,False
2,20460514,cross_shard_frontrun,baseline,71,900071,r2-baseline-p71-victim,r2-baseline-p71-attacker,True,True,979.0298938751221,954.7615051269531,1778557865.2436109,1778557865.203409,1778557865.390293,1778557865.285385,True,True,True,0,2,0,False
2,20460514,cross_shard_frontrun,baseline,72,900072,r2-baseline-p72-victim,r2-baseline-p72-attacker,True,True,980.0546169281006,954.6675682067871,1778557865.2496758,1778557865.2035666,1778557865.431782,1778557865.290649,True,True,True,0,2,0,False
2,20460514,cross_shard_frontrun,baseline,73,900073,r2-baseline-p73-victim,r2-baseline-p73-attacker,True,True,980.4365634918213,898.2996940612793,1778557865.255555,1778557865.2039073,1778557865.456964,1778557865.301083,True,True,True,0,2,0,False
2,20460514,cross_shard_frontrun,baseline,74,900074,r2-baseline-p74-victim,r2-baseline-p74-attacker,True,True,920.7668304443359,895.3759670257568,1778557865.255349,1778557865.2036898,1778557865.43868,1778557865.29576,True,True,True,0,2,0,False
2,20460514,cross_shard_frontrun,baseline,75,900075,r2-baseline-p75-victim,r2-baseline-p75-attacker,True,True,920.7429885864258,895.6136703491211,1778557865.255493,1778557865.2041347,1778557865.450537,1778557865.306508,True,True,True,0,2,0,False
2,20460514,cross_shard_frontrun,baseline,76,900076,r2-baseline-p76-victim,r2-baseline-p76-attacker,True,True,918.2033538818359,822.0140933990479,1778557865.2441564,1778557865.2043953,1778557865.43182,1778557865.312339,True,True,True,0,2,0,False
2,20460514,cross_shard_frontrun,baseline,77,900077,r2-baseline-p77-victim,r2-baseline-p77-attacker,True,True,835.7880115509033,705.9047222137451,1778557865.255599,1778557865.2046013,1778557865.462694,1778557865.318519,True,True,True,0,2,0,False
2,20460514,cross_shard_frontrun,baseline,78,900078,r2-baseline-p78-victim,r2-baseline-p78-attacker,True,True,696.868896484375,458.5461616516113,1778557865.2557805,1778557865.2559664,1778557865.474232,1778557865.480425,False,False,False,0,2,0,False
2,20460514,cross_shard_frontrun,baseline,79,900079,r2-baseline-p79-victim,r2-baseline-p79-attacker,True,True,461.17186546325684,452.50940322875977,1778557865.25619,1778557865.2558582,1778557865.498912,1778557865.480632,True,True,True,0,2,0,False
2,20460514,cross_shard_frontrun,baseline,80,900080,r2-baseline-p80-victim,r2-baseline-p80-attacker,True,True,461.26842498779297,451.67016983032227,1778557865.2612224,1778557865.256036,1778557865.523038,1778557865.48656,True,True,True,0,2,0,False
2,20460514,cross_shard_frontrun,baseline,81,900081,r2-baseline-p81-victim,r2-baseline-p81-attacker,True,True,459.439754486084,451.1559009552002,1778557865.2563338,1778557865.256262,1778557865.510345,1778557865.504329,True,True,True,0,2,0,False
2,20460514,cross_shard_frontrun,baseline,82,900082,r2-baseline-p82-victim,r2-baseline-p82-attacker,True,True,431.0126304626465,420.25184631347656,1778557865.2613535,1778557865.25613,1778557865.534612,1778557865.492857,True,True,True,0,2,0,False
2,20460514,cross_shard_frontrun,baseline,83,900083,r2-baseline-p83-victim,r2-baseline-p83-attacker,True,True,425.04191398620605,394.8335647583008,1778557865.258508,1778557865.2564049,1778557865.523388,1778557865.516658,True,True,True,0,2,0,False
2,20460514,cross_shard_frontrun,baseline,84,900084,r2-baseline-p84-victim,r2-baseline-p84-attacker,True,True,384.07063484191895,240.42010307312012,1778557865.2612858,1778557865.3230715,1778557865.529115,1778557865.53716,False,False,False,0,2,0,False
2,20460514,cross_shard_frontrun,baseline,85,900085,r2-baseline-p85-victim,r2-baseline-p85-attacker,True,True,191.18809700012207,182.33132362365723,1778557865.4365747,1778557865.387292,1778557865.552377,1778557865.540171,True,True,True,0,2,0,False
2,20460514,cross_shard_frontrun,baseline,86,900086,r2-baseline-p86-victim,r2-baseline-p86-attacker,True,True,190.89913368225098,182.2199821472168,1778557865.4310234,1778557865.3928943,1778557865.552187,1778557865.551407,True,True,True,0,2,0,False
2,20460514,cross_shard_frontrun,baseline,87,900087,r2-baseline-p87-victim,r2-baseline-p87-attacker,True,True,190.35696983337402,181.57291412353516,1778557865.4659424,1778557865.390247,1778557865.553155,1778557865.545854,True,True,True,0,2,0,False
2,20460514,cross_shard_frontrun,baseline,88,900088,r2-baseline-p88-victim,r2-baseline-p88-attacker,True,True,130.83839416503906,118.29519271850586,1778557865.4954057,1778557865.4683785,1778557865.559491,1778557865.559427,True,True,True,0,2,0,False
2,20460514,cross_shard_frontrun,baseline,89,900089,r2-baseline-p89-victim,r2-baseline-p89-attacker,True,True,84.75661277770996,34.203529357910156,1778557865.5407357,1778557865.535915,1778557865.560798,1778557865.560455,True,True,True,0,2,0,False
2,20460514,cross_shard_frontrun,baseline,90,900090,r2-baseline-p90-victim,r2-baseline-p90-attacker,True,True,97.41663932800293,44.39091682434082,1778557865.6065829,1778557865.583879,1778557865.606775,1778557865.584127,True,True,True,0,2,0,False
2,20460514,cross_shard_frontrun,baseline,91,900091,r2-baseline-p91-victim,r2-baseline-p91-attacker,True,True,139.054536819458,136.98792457580566,1778557865.6234112,1778557865.6319802,1778557865.631728,1778557865.674002,False,False,False,0,2,0,False
2,20460514,cross_shard_frontrun,baseline,92,900092,r2-baseline-p92-victim,r2-baseline-p92-attacker,True,True,62.71934509277344,136.42024993896484,1778557865.5948474,1778557865.6373353,1778557865.595032,1778557865.674174,False,False,False,0,2,0,False
2,20460514,cross_shard_frontrun,baseline,93,900093,r2-baseline-p93-victim,r2-baseline-p93-attacker,True,True,138.47756385803223,187.19053268432617,1778557865.6067028,1778557865.7298248,1778557865.632257,1778557865.730111,False,False,False,0,2,0,False
2,20460514,cross_shard_frontrun,baseline,94,900094,r2-baseline-p94-victim,r2-baseline-p94-attacker,True,True,139.07814025878906,218.51205825805664,1778557865.6291327,1778557865.759683,1778557865.667957,1778557865.760014,False,False,False,0,2,0,False
2,20460514,cross_shard_frontrun,baseline,95,900095,r2-baseline-p95-victim,r2-baseline-p95-attacker,True,True,138.15879821777344,273.92125129699707,1778557865.6290128,1778557865.8178802,1778557865.6553,1778557865.818183,False,False,False,0,2,0,False
2,20460514,cross_shard_frontrun,baseline,96,900096,r2-baseline-p96-victim,r2-baseline-p96-attacker,True,True,137.2537612915039,412.83440589904785,1778557865.6289454,1778557865.9118152,1778557865.649136,1778557865.952297,False,False,False,0,2,0,False
2,20460514,cross_shard_frontrun,baseline,97,900097,r2-baseline-p97-victim,r2-baseline-p97-attacker,True,True,138.69476318359375,411.38339042663574,1778557865.63444,1778557865.9112859,1778557865.673899,1778557865.930585,False,False,False,0,2,0,False
2,20460514,cross_shard_frontrun,baseline,98,900098,r2-baseline-p98-victim,r2-baseline-p98-attacker,True,True,135.59699058532715,410.3388786315918,1778557865.6287856,1778557865.9109678,1778557865.637576,1778557865.919396,False,False,False,0,2,0,False
2,20460514,cross_shard_frontrun,baseline,99,900099,r2-baseline-p99-victim,r2-baseline-p99-attacker,True,True,135.69259643554688,404.4771194458008,1778557865.6290715,1778557865.9107769,1778557865.662037,1778557865.911176,False,False,False,0,2,0,False
2,20460514,cross_shard_frontrun,baseline,100,900100,r2-baseline-p100-victim,r2-baseline-p100-attacker,True,True,134.92894172668457,410.23778915405273,1778557865.628871,1778557865.9114203,1778557865.642869,1778557865.936216,False,False,False,0,2,0,False
2,20460514,cross_shard_frontrun,baseline,101,900101,r2-baseline-p101-victim,r2-baseline-p101-attacker,True,True,139.66774940490723,409.5001220703125,1778557865.645901,1778557865.9111636,1778557865.674575,1778557865.92515,False,False,False,0,2,0,False
2,20460514,cross_shard_frontrun,baseline,102,900102,r2-baseline-p102-victim,r2-baseline-p102-attacker,True,True,583.0137729644775,398.7722396850586,1778557865.9853492,1778557865.9115572,1778557866.045308,1778557865.941514,True,True,True,0,2,0,False
2,20460514,cross_shard_frontrun,baseline,103,900103,r2-baseline-p103-victim,r2-baseline-p103-attacker,True,True,583.1761360168457,398.5598087310791,1778557865.9856393,1778557865.911684,1778557866.068786,1778557865.946919,True,True,True,0,2,0,False
2,20460514,cross_shard_frontrun,baseline,104,900104,r2-baseline-p104-victim,r2-baseline-p104-attacker,True,True,583.1003189086914,398.32496643066406,1778557865.985774,1778557865.9120214,1778557866.078891,1778557865.952037,True,True,True,0,2,0,False
2,20460514,cross_shard_frontrun,baseline,105,900105,r2-baseline-p105-victim,r2-baseline-p105-attacker,True,True,582.1876525878906,399.40595626831055,1778557865.9854581,1778557865.9184952,1778557866.057683,1778557865.957886,True,True,True,0,2,0,False
2,20460514,cross_shard_frontrun,baseline,106,900106,r2-baseline-p106-victim,r2-baseline-p106-attacker,True,True,583.1525325775146,398.3151912689209,1778557865.986212,1778557865.9296527,1778557866.106114,1778557865.957758,True,True,True,0,2,0,False
2,20460514,cross_shard_frontrun,baseline,107,900107,r2-baseline-p107-victim,r2-baseline-p107-attacker,True,True,583.3854675292969,399.6896743774414,1778557865.9865818,1778557865.957088,1778557866.127959,1778557865.958675,True,True,True,0,2,0,False
2,20460514,cross_shard_frontrun,baseline,108,900108,r2-baseline-p108-victim,r2-baseline-p108-attacker,True,True,582.5543403625488,403.7296772003174,1778557865.9861107,1778557865.9626508,1778557866.101075,1778557865.962889,True,True,True,0,2,0,False
2,20460514,cross_shard_frontrun,baseline,109,900109,r2-baseline-p109-victim,r2-baseline-p109-attacker,True,True,582.7171802520752,511.45219802856445,1778557865.9863944,1778557865.9846087,1778557866.117376,1778557865.98482,True,True,True,0,2,0,False
2,20460514,cross_shard_frontrun,baseline,110,900110,r2-baseline-p110-victim,r2-baseline-p110-attacker,True,True,575.9241580963135,565.4590129852295,1778557865.985941,1778557865.9847088,1778557866.08451,1778557865.990709,True,True,True,0,2,0,False
2,20460514,cross_shard_frontrun,baseline,111,900111,r2-baseline-p111-victim,r2-baseline-p111-attacker,True,True,576.5628814697266,565.403938293457,1778557865.9865093,1778557865.9848218,1778557866.12269,1778557865.996156,True,True,True,0,2,0,False
2,20460514,cross_shard_frontrun,baseline,112,900112,r2-baseline-p112-victim,r2-baseline-p112-attacker,True,True,576.068639755249,565.333366394043,1778557865.9862814,1778557865.98488,1778557866.111544,1778557866.001521,True,True,True,0,2,0,False
2,20460514,cross_shard_frontrun,baseline,113,900113,r2-baseline-p113-victim,r2-baseline-p113-attacker,True,True,574.599027633667,565.3369426727295,1778557865.9855518,1778557865.9849997,1778557866.063062,1778557866.011912,True,True,True,0,2,0,False
2,20460514,cross_shard_frontrun,baseline,114,900114,r2-baseline-p114-victim,r2-baseline-p114-attacker,True,True,574.1469860076904,565.2289390563965,1778557865.9854078,1778557865.9850519,1778557866.050906,1778557866.018053,True,True,True,0,2,0,False
2,20460514,cross_shard_frontrun,baseline,115,900115,r2-baseline-p115-victim,r2-baseline-p115-attacker,True,True,574.880838394165,564.786434173584,1778557865.9859827,1778557865.9849246,1778557866.090233,1778557866.006883,True,True,True,0,2,0,False
2,20460514,cross_shard_frontrun,baseline,116,900116,r2-baseline-p116-victim,r2-baseline-p116-attacker,True,True,574.718713760376,564.9020671844482,1778557865.986032,1778557865.9851742,1778557866.095704,1778557866.029272,True,True,True,0,2,0,False
2,20460514,cross_shard_frontrun,baseline,117,900117,r2-baseline-p117-victim,r2-baseline-p117-attacker,True,True,575.310230255127,564.4004344940186,1778557865.9879742,1778557865.9851062,1778557866.133056,1778557866.023793,True,True,True,0,2,0,False
2,20460514,cross_shard_frontrun,baseline,118,900118,r2-baseline-p118-victim,r2-baseline-p118-attacker,True,True,573.5945701599121,564.5370483398438,1778557865.9858558,1778557865.9852731,1778557866.07864,1778557866.039852,True,True,True,0,2,0,False
2,20460514,cross_shard_frontrun,baseline,119,900119,r2-baseline-p119-victim,r2-baseline-p119-attacker,True,True,573.2507705688477,564.1806125640869,1778557865.9857132,1778557865.9852202,1778557866.073777,1778557866.034334,True,True,True,0,2,0,False
2,20461514,cross_shard_frontrun,global_sequence,0,910000,r2-global_sequence-p0-victim,r2-global_sequence-p0-attacker,True,True,75.55794715881348,369.8461055755615,1778557867.3283591,1778557867.6246648,1778557867.329447,1778557867.62487,False,False,False,0,2,0,False
2,20461514,cross_shard_frontrun,global_sequence,1,910001,r2-global_sequence-p1-victim,r2-global_sequence-p1-attacker,True,True,163.3143424987793,370.20349502563477,1778557867.4181583,1778557867.6247537,1778557867.418443,1778557867.630953,False,False,False,0,2,0,False
2,20461514,cross_shard_frontrun,global_sequence,2,910002,r2-global_sequence-p2-victim,r2-global_sequence-p2-attacker,True,True,292.99378395080566,376.38187408447266,1778557867.5494375,1778557867.6252847,1778557867.549784,1778557867.636045,False,False,False,0,2,0,False
2,20461514,cross_shard_frontrun,global_sequence,3,910003,r2-global_sequence-p3-victim,r2-global_sequence-p3-attacker,True,True,301.15461349487305,378.3764839172363,1778557867.5570886,1778557867.6285675,1778557867.557364,1778557867.636562,False,False,False,0,2,0,False
2,20461514,cross_shard_frontrun,global_sequence,4,910004,r2-global_sequence-p4-victim,r2-global_sequence-p4-attacker,True,True,386.4438533782959,383.225679397583,1778557867.6344168,1778557867.648132,1778557867.636788,1778557867.648334,False,False,False,0,2,0,False
2,20461514,cross_shard_frontrun,global_sequence,5,910005,r2-global_sequence-p5-victim,r2-global_sequence-p5-attacker,True,True,576.6022205352783,706.1517238616943,1778557867.7949207,1778557867.8379352,1778557867.795189,1778557867.964301,False,False,False,0,2,0,False
2,20461514,cross_shard_frontrun,global_sequence,6,910006,r2-global_sequence-p6-victim,r2-global_sequence-p6-attacker,True,True,710.803747177124,1007.5545310974121,1778557867.8100595,1778557868.1121526,1778557867.895934,1778557868.187141,False,False,False,0,2,0,False
2,20461514,cross_shard_frontrun,global_sequence,7,910007,r2-global_sequence-p7-victim,r2-global_sequence-p7-attacker,True,True,420.2101230621338,702.9156684875488,1778557867.6803842,1778557867.8103275,1778557867.680634,1778557867.920003,False,False,False,0,2,0,False
2,20461514,cross_shard_frontrun,global_sequence,8,910008,r2-global_sequence-p8-victim,r2-global_sequence-p8-attacker,True,True,710.4599475860596,1007.6444149017334,1778557867.8101792,1778557868.112475,1778557867.908614,1778557868.197636,False,False,False,0,2,0,False
2,20461514,cross_shard_frontrun,global_sequence,9,910009,r2-global_sequence-p9-victim,r2-global_sequence-p9-attacker,True,True,708.4283828735352,1004.1279792785645,1778557867.8098156,1778557868.1119382,1778557867.879818,1778557868.171251,False,False,False,0,2,0,False
2,20461514,cross_shard_frontrun,global_sequence,10,910010,r2-global_sequence-p10-victim,r2-global_sequence-p10-attacker,True,True,699.7630596160889,983.0946922302246,1778557867.795617,1778557868.1046717,1778557867.825944,1778557868.112615,False,False,False,0,2,0,False
2,20461514,cross_shard_frontrun,global_sequence,11,910011,r2-global_sequence-p11-victim,r2-global_sequence-p11-attacker,True,True,707.9305648803711,1004.1484832763672,1778557867.809908,1778557868.112081,1778557867.885686,1778557868.181946,False,False,False,0,2,0,False
2,20461514,cross_shard_frontrun,global_sequence,12,910012,r2-global_sequence-p12-victim,r2-global_sequence-p12-attacker,True,True,701.0891437530518,996.9696998596191,1778557867.7958481,1778557868.1049929,1778557867.836944,1778557868.129042,False,False,False,0,2,0,False
2,20461514,cross_shard_frontrun,global_sequence,13,910013,r2-global_sequence-p13-victim,r2-global_sequence-p13-attacker,True,True,440.7482147216797,700.8810043334961,1778557867.7018068,1778557867.8106387,1778557867.701979,1778557867.942568,False,False,False,0,2,0,False
2,20461514,cross_shard_frontrun,global_sequence,14,910014,r2-global_sequence-p14-victim,r2-global_sequence-p14-attacker,True,True,701.2462615966797,997.9238510131836,1778557867.796212,1778557868.1052525,1778557867.848393,1778557868.144351,False,False,False,0,2,0,False
2,20461514,cross_shard_frontrun,global_sequence,15,910015,r2-global_sequence-p15-victim,r2-global_sequence-p15-attacker,True,True,706.7012786865234,1003.617525100708,1778557867.8101134,1778557868.1122057,1778557867.902189,1778557868.192688,False,False,False,0,2,0,False
2,20461514,cross_shard_frontrun,global_sequence,16,910016,r2-global_sequence-p16-victim,r2-global_sequence-p16-attacker,True,True,501.3442039489746,698.1973648071289,1778557867.765613,1778557867.8126428,1778557867.765838,1778557867.959715,False,False,False,0,2,0,False
2,20461514,cross_shard_frontrun,global_sequence,17,910017,r2-global_sequence-p17-victim,r2-global_sequence-p17-attacker,True,True,693.0015087127686,771.4054584503174,1778557867.7953286,1778557868.0439334,1778557867.809394,1778557868.044217,False,False,False,0,2,0,False
2,20461514,cross_shard_frontrun,global_sequence,18,910018,r2-global_sequence-p18-victim,r2-global_sequence-p18-attacker,True,True,701.1582851409912,996.0300922393799,1778557867.796583,1778557868.1053312,1778557867.863838,1778557868.149597,False,False,False,0,2,0,False
2,20461514,cross_shard_frontrun,global_sequence,19,910019,r2-global_sequence-p19-victim,r2-global_sequence-p19-attacker,True,True,701.6973495483398,996.9642162322998,1778557867.7967048,1778557868.111668,1778557867.868955,1778557868.155984,False,False,False,0,2,0,False
2,20461514,cross_shard_frontrun,global_sequence,20,910020,r2-global_sequence-p20-victim,r2-global_sequence-p20-attacker,True,True,611.0568046569824,700.8426189422607,1778557867.795105,1778557867.8800771,1778557867.803602,1778557867.970148,False,False,False,0,2,0,False
2,20461514,cross_shard_frontrun,global_sequence,21,910021,r2-global_sequence-p21-victim,r2-global_sequence-p21-attacker,True,True,703.0336856842041,998.5654354095459,1778557867.8099868,1778557868.1120048,1778557867.89095,1778557868.176687,False,False,False,0,2,0,False
2,20461514,cross_shard_frontrun,global_sequence,22,910022,r2-global_sequence-p22-victim,r2-global_sequence-p22-attacker,True,True,694.6611404418945,991.2266731262207,1778557867.7957532,1778557868.1049063,1778557867.83148,1778557868.123349,False,False,False,0,2,0,False
2,20461514,cross_shard_frontrun,global_sequence,23,910023,r2-global_sequence-p23-victim,r2-global_sequence-p23-attacker,True,True,700.4404067993164,996.1757659912109,1778557867.796791,1778557868.111727,1778557867.873982,1778557868.161241,False,False,False,0,2,0,False
2,20461514,cross_shard_frontrun,global_sequence,24,910024,r2-global_sequence-p24-victim,r2-global_sequence-p24-attacker,True,True,703.0446529388428,1001.2381076812744,1778557867.810463,1778557868.1126425,1778557867.931171,1778557868.213641,False,False,False,0,2,0,False
2,20461514,cross_shard_frontrun,global_sequence,25,910025,r2-global_sequence-p25-victim,r2-global_sequence-p25-attacker,True,True,702.1822929382324,1000.0133514404297,1778557867.810252,1778557868.1125267,1778557867.914027,1778557868.202582,False,False,False,0,2,0,False
2,20461514,cross_shard_frontrun,global_sequence,26,910026,r2-global_sequence-p26-victim,r2-global_sequence-p26-attacker,True,True,694.6866512298584,990.7174110412598,1778557867.7961032,1778557868.1050582,1778557867.843003,1778557868.13425,False,False,False,0,2,0,False
2,20461514,cross_shard_frontrun,global_sequence,27,910027,r2-global_sequence-p27-victim,r2-global_sequence-p27-attacker,True,True,695.4545974731445,990.9539222717285,1778557867.7963283,1778557868.10515,1778557867.853562,1778557868.139337,False,False,False,0,2,0,False
2,20461514,cross_shard_frontrun,global_sequence,28,910028,r2-global_sequence-p28-victim,r2-global_sequence-p28-attacker,True,True,695.9326267242432,992.2792911529541,1778557867.7964683,1778557868.1116185,1778557867.858617,1778557868.149814,False,False,False,0,2,0,False
2,20461514,cross_shard_frontrun,global_sequence,29,910029,r2-global_sequence-p29-victim,r2-global_sequence-p29-attacker,True,True,688.990592956543,868.6542510986328,1778557867.7955198,1778557868.1045613,1778557867.82045,1778557868.104786,False,False,False,0,2,0,False
2,20461514,cross_shard_frontrun,global_sequence,30,910030,r2-global_sequence-p30-victim,r2-global_sequence-p30-attacker,True,True,686.8629455566406,707.4384689331055,1778557867.7954285,1778557867.985526,1778557867.814883,1778557867.985856,False,False,False,0,2,0,False
2,20461514,cross_shard_frontrun,global_sequence,31,910031,r2-global_sequence-p31-victim,r2-global_sequence-p31-attacker,True,True,690.8607482910156,985.3382110595703,1778557867.7959762,1778557868.1048245,1778557867.836868,1778557868.118022,False,False,False,0,2,0,False
2,20461514,cross_shard_frontrun,global_sequence,32,910032,r2-global_sequence-p32-victim,r2-global_sequence-p32-attacker,True,True,637.2151374816895,844.4881439208984,1778557867.8041475,1778557868.1117938,1778557867.879196,1778557868.166042,False,False,False,0,2,0,False
2,20461514,cross_shard_frontrun,global_sequence,33,910033,r2-global_sequence-p33-victim,r2-global_sequence-p33-attacker,True,True,420.99571228027344,710.4141712188721,1778557867.8103924,1778557868.112583,1778557867.92568,1778557868.207522,False,False,False,0,2,0,False
2,20461514,cross_shard_frontrun,global_sequence,34,910034,r2-global_sequence-p34-victim,r2-global_sequence-p34-attacker,True,True,338.03558349609375,680.1156997680664,1778557867.8180144,1778557868.1128564,1778557867.960983,1778557868.237922,False,False,False,0,2,0,False
2,20461514,cross_shard_frontrun,global_sequence,35,910035,r2-global_sequence-p35-victim,r2-global_sequence-p35-attacker,True,True,329.876184463501,626.715898513794,1778557867.8107255,1778557868.1127625,1778557867.94825,1778557868.226359,False,False,False,0,2,0,False
2,20461514,cross_shard_frontrun,global_sequence,36,910036,r2-global_sequence-p36-victim,r2-global_sequence-p36-attacker,True,True,326.9009590148926,620.657205581665,1778557867.8105326,1778557868.1127088,1778557867.937056,1778557868.220034,False,False,False,0,2,0,False
2,20461514,cross_shard_frontrun,global_sequence,37,910037,r2-global_sequence-p37-victim,r2-global_sequence-p37-attacker,True,True,292.1268939971924,611.24587059021,1778557867.810785,1778557868.11281,1778557867.953974,1778557868.231819,False,False,False,0,2,0,False
2,20461514,cross_shard_frontrun,global_sequence,38,910038,r2-global_sequence-p38-victim,r2-global_sequence-p38-attacker,True,True,207.21173286437988,480.7169437408447,1778557867.8317192,1778557868.1129034,1778557867.962609,1778557868.243609,False,False,False,0,2,0,False
2,20461514,cross_shard_frontrun,global_sequence,39,910039,r2-global_sequence-p39-victim,r2-global_sequence-p39-attacker,True,True,97.90706634521484,358.6688041687012,1778557867.9346542,1778557868.119583,1778557867.973032,1778557868.267456,False,False,False,0,2,0,False
2,20461514,cross_shard_frontrun,global_sequence,40,910040,r2-global_sequence-p40-victim,r2-global_sequence-p40-attacker,True,True,366.96481704711914,616.194486618042,1778557868.1194346,1778557868.4619036,1778557868.254377,1778557868.462119,False,False,False,0,2,0,False
2,20461514,cross_shard_frontrun,global_sequence,41,910041,r2-global_sequence-p41-victim,r2-global_sequence-p41-attacker,True,True,363.7430667877197,472.98693656921387,1778557868.1137536,1778557868.4430292,1778557868.254324,1778557868.44331,False,False,False,0,2,0,False
2,20461514,cross_shard_frontrun,global_sequence,42,910042,r2-global_sequence-p42-victim,r2-global_sequence-p42-attacker,True,True,361.2351417541504,382.0645809173584,1778557868.112947,1778557868.3530974,1778557868.249063,1778557868.353289,False,False,False,0,2,0,False
2,20461514,cross_shard_frontrun,global_sequence,43,910043,r2-global_sequence-p43-victim,r2-global_sequence-p43-attacker,True,True,361.45544052124023,612.7238273620605,1778557868.1195223,1778557868.4620006,1778557868.26153,1778557868.469286,False,False,False,0,2,0,False
2,20461514,cross_shard_frontrun,global_sequence,44,910044,r2-global_sequence-p44-victim,r2-global_sequence-p44-attacker,True,True,361.0572814941406,626.575231552124,1778557868.1218917,1778557868.4623692,1778557868.267788,1778557868.495806,False,False,False,0,2,0,False
2,20461514,cross_shard_frontrun,global_sequence,45,910045,r2-global_sequence-p45-victim,r2-global_sequence-p45-attacker,True,True,359.88616943359375,624.1228580474854,1778557868.1273973,1778557868.4622571,1778557868.268374,1778557868.485199,False,False,False,0,2,0,False
2,20461514,cross_shard_frontrun,global_sequence,46,910046,r2-global_sequence-p46-victim,r2-global_sequence-p46-attacker,True,True,359.2267036437988,622.1802234649658,1778557868.1907508,1778557868.462126,1778557868.276828,1778557868.474877,False,False,False,0,2,0,False
2,20461514,cross_shard_frontrun,global_sequence,47,910047,r2-global_sequence-p47-victim,r2-global_sequence-p47-attacker,True,True,360.10074615478516,627.6788711547852,1778557868.231423,1778557868.4627614,1778557868.313602,1778557868.533807,False,False,False,0,2,0,False
2,20461514,cross_shard_frontrun,global_sequence,48,910048,r2-global_sequence-p48-victim,r2-global_sequence-p48-attacker,True,True,358.49833488464355,625.2269744873047,1778557868.230919,1778557868.462524,1778557868.293053,1778557868.512019,False,False,False,0,2,0,False
2,20461514,cross_shard_frontrun,global_sequence,49,910049,r2-global_sequence-p49-victim,r2-global_sequence-p49-attacker,True,True,359.53378677368164,629.4817924499512,1778557868.2400556,1778557868.463011,1778557868.325085,1778557868.554119,False,False,False,0,2,0,False
2,20461514,cross_shard_frontrun,global_sequence,50,910050,r2-global_sequence-p50-victim,r2-global_sequence-p50-attacker,True,True,356.8308353424072,623.3787536621094,1778557868.230791,1778557868.4624724,1778557868.28106,1778557868.50625,False,False,False,0,2,0,False
2,20461514,cross_shard_frontrun,global_sequence,51,910051,r2-global_sequence-p51-victim,r2-global_sequence-p51-attacker,True,True,356.6098213195801,622.2596168518066,1778557868.2308614,1778557868.4624276,1778557868.287946,1778557868.501113,False,False,False,0,2,0,False
2,20461514,cross_shard_frontrun,global_sequence,52,910052,r2-global_sequence-p52-victim,r2-global_sequence-p52-attacker,True,True,355.7147979736328,619.8363304138184,1778557868.2185585,1778557868.4621823,1778557868.280114,1778557868.480206,False,False,False,0,2,0,False
2,20461514,cross_shard_frontrun,global_sequence,53,910053,r2-global_sequence-p53-victim,r2-global_sequence-p53-attacker,True,True,357.04970359802246,624.3700981140137,1778557868.2313354,1778557868.462698,1778557868.308676,1778557868.528093,False,False,False,0,2,0,False
2,20461514,cross_shard_frontrun,global_sequence,54,910054,r2-global_sequence-p54-victim,r2-global_sequence-p54-attacker,True,True,357.1667671203613,625.5059242248535,1778557868.2314992,1778557868.4628506,1778557868.319158,1778557868.539024,False,False,False,0,2,0,False
2,20461514,cross_shard_frontrun,global_sequence,55,910055,r2-global_sequence-p55-victim,r2-global_sequence-p55-attacker,True,True,355.73267936706543,623.2261657714844,1778557868.230989,1778557868.4626484,1778557868.298154,1778557868.522802,False,False,False,0,2,0,False
2,20461514,cross_shard_frontrun,global_sequence,56,910056,r2-global_sequence-p56-victim,r2-global_sequence-p56-attacker,True,True,353.4679412841797,620.0501918792725,1778557868.2311122,1778557868.4625697,1778557868.303261,1778557868.517411,False,False,False,0,2,0,False
2,20461514,cross_shard_frontrun,global_sequence,57,910057,r2-global_sequence-p57-victim,r2-global_sequence-p57-attacker,True,True,342.88549423217773,561.9645118713379,1778557868.2315557,1778557868.4630585,1778557868.324509,1778557868.55991,False,False,False,0,2,0,False
2,20461514,cross_shard_frontrun,global_sequence,58,910058,r2-global_sequence-p58-victim,r2-global_sequence-p58-attacker,True,True,181.8842887878418,346.3253974914551,1778557868.2375476,1778557868.462959,1778557868.32428,1778557868.549013,False,False,False,0,2,0,False
2,20461514,cross_shard_frontrun,global_sequence,59,910059,r2-global_sequence-p59-victim,r2-global_sequence-p59-attacker,True,True,66.70999526977539,390.6865119934082,1778557868.3252575,1778557868.4631085,1778557868.331099,1778557868.565133,False,False,False,0,2,0,False
2,20461514,cross_shard_frontrun,global_sequence,60,910060,r2-global_sequence-p60-victim,r2-global_sequence-p60-attacker,True,True,402.0962715148926,761.3310813903809,1778557868.463316,1778557868.8152325,1778557868.585887,1778557868.859686,False,False,False,0,2,0,False
2,20461514,cross_shard_frontrun,global_sequence,61,910061,r2-global_sequence-p61-victim,r2-global_sequence-p61-attacker,True,True,399.24025535583496,711.4598751068115,1778557868.4632108,1778557868.8148978,1778557868.575255,1778557868.838081,False,False,False,0,2,0,False
2,20461514,cross_shard_frontrun,global_sequence,62,910062,r2-global_sequence-p62-victim,r2-global_sequence-p62-attacker,True,True,400.16937255859375,759.7897052764893,1778557868.469206,1778557868.8152916,1778557868.586566,1778557868.865108,False,False,False,0,2,0,False
2,20461514,cross_shard_frontrun,global_sequence,63,910063,r2-global_sequence-p63-victim,r2-global_sequence-p63-attacker,True,True,329.50878143310547,398.45824241638184,1778557868.46232,1778557868.6051805,1778557868.490298,1778557868.674314,False,False,False,0,2,0,False
2,20461514,cross_shard_frontrun,global_sequence,64,910064,r2-global_sequence-p64-victim,r2-global_sequence-p64-attacker,True,True,396.1310386657715,737.1823787689209,1778557868.4632604,1778557868.8150039,1778557868.580263,1778557868.84373,False,False,False,0,2,0,False
2,20461514,cross_shard_frontrun,global_sequence,65,910065,r2-global_sequence-p65-victim,r2-global_sequence-p65-attacker,True,True,333.0073356628418,396.104097366333,1778557868.462896,1778557868.6134176,1778557868.543973,1778557868.675025,False,False,False,0,2,0,False
2,20461514,cross_shard_frontrun,global_sequence,66,910066,r2-global_sequence-p66-victim,r2-global_sequence-p66-attacker,True,True,392.12799072265625,585.223913192749,1778557868.463162,1778557868.8147697,1778557868.570005,1778557868.826713,False,False,False,0,2,0,False
2,20461514,cross_shard_frontrun,global_sequence,67,910067,r2-global_sequence-p67-victim,r2-global_sequence-p67-attacker,True,True,396.10791206359863,755.7480335235596,1778557868.4717999,1778557868.8321795,1778557868.600897,1778557868.871212,False,False,False,0,2,0,False
2,20461514,cross_shard_frontrun,global_sequence,68,910068,r2-global_sequence-p68-victim,r2-global_sequence-p68-attacker,True,True,394.0014839172363,754.133939743042,1778557868.4717371,1778557868.8267834,1778557868.594936,1778557868.871065,False,False,False,0,2,0,False
2,20461514,cross_shard_frontrun,global_sequence,69,910069,r2-global_sequence-p69-victim,r2-global_sequence-p69-attacker,True,True,392.2615051269531,752.0403861999512,1778557868.4716816,1778557868.8267164,1778557868.587233,1778557868.865682,False,False,False,0,2,0,False
2,20461514,cross_shard_frontrun,global_sequence,70,910070,r2-global_sequence-p70-victim,r2-global_sequence-p70-attacker,True,True,350.96001625061035,710.1435661315918,1778557868.5571837,1778557868.8323188,1778557868.611067,1778557868.881831,False,False,False,0,2,0,False
2,20461514,cross_shard_frontrun,global_sequence,71,910071,r2-global_sequence-p71-victim,r2-global_sequence-p71-attacker,True,True,351.22036933898926,713.6476039886475,1778557868.562707,1778557868.8326938,1778557868.62864,1778557868.908694,False,False,False,0,2,0,False
2,20461514,cross_shard_frontrun,global_sequence,72,910072,r2-global_sequence-p72-victim,r2-global_sequence-p72-attacker,True,True,352.2210121154785,714.414119720459,1778557868.5629036,1778557868.832891,1778557868.651395,1778557868.926242,False,False,False,0,2,0,False
2,20461514,cross_shard_frontrun,global_sequence,73,910073,r2-global_sequence-p73-victim,r2-global_sequence-p73-attacker,True,True,347.51105308532715,707.0434093475342,1778557868.5134168,1778557868.83224,1778557868.604575,1778557868.876586,False,False,False,0,2,0,False
2,20461514,cross_shard_frontrun,global_sequence,74,910074,r2-global_sequence-p74-victim,r2-global_sequence-p74-attacker,True,True,351.6416549682617,713.8681411743164,1778557868.5630424,1778557868.8329988,1778557868.662624,1778557868.938229,False,False,False,0,2,0,False
2,20461514,cross_shard_frontrun,global_sequence,75,910075,r2-global_sequence-p75-victim,r2-global_sequence-p75-attacker,True,True,350.147008895874,712.8827571868896,1778557868.5629785,1778557868.8329558,1778557868.657075,1778557868.932643,False,False,False,0,2,0,False
2,20461514,cross_shard_frontrun,global_sequence,76,910076,r2-global_sequence-p76-victim,r2-global_sequence-p76-attacker,True,True,348.5238552093506,710.5011940002441,1778557868.5628088,1778557868.8327482,1778557868.63999,1778557868.914111,False,False,False,0,2,0,False
2,20461514,cross_shard_frontrun,global_sequence,77,910077,r2-global_sequence-p77-victim,r2-global_sequence-p77-attacker,True,True,345.8414077758789,708.139181137085,1778557868.5625591,1778557868.8325608,1778557868.617185,1778557868.898005,False,False,False,0,2,0,False
2,20461514,cross_shard_frontrun,global_sequence,78,910078,r2-global_sequence-p78-victim,r2-global_sequence-p78-attacker,True,True,345.58701515197754,705.2066326141357,1778557868.557247,1778557868.8324006,1778557868.617462,1778557868.887988,False,False,False,0,2,0,False
2,20461514,cross_shard_frontrun,global_sequence,79,910079,r2-global_sequence-p79-victim,r2-global_sequence-p79-attacker,True,True,346.51994705200195,708.2064151763916,1778557868.5627599,1778557868.8326383,1778557868.634328,1778557868.903085,False,False,False,0,2,0,False
2,20461514,cross_shard_frontrun,global_sequence,80,910080,r2-global_sequence-p80-victim,r2-global_sequence-p80-attacker,True,True,346.9667434692383,709.0554237365723,1778557868.5628552,1778557868.83282,1778557868.645779,1778557868.920027,False,False,False,0,2,0,False
2,20461514,cross_shard_frontrun,global_sequence,81,910081,r2-global_sequence-p81-victim,r2-global_sequence-p81-attacker,True,True,344.7597026824951,703.8226127624512,1778557868.5626469,1778557868.8324928,1778557868.623442,1778557868.893158,False,False,False,0,2,0,False
2,20461514,cross_shard_frontrun,global_sequence,82,910082,r2-global_sequence-p82-victim,r2-global_sequence-p82-attacker,True,True,324.7408866882324,597.7427959442139,1778557868.5660977,1778557868.8330395,1778557868.668285,1778557868.943865,False,False,False,0,2,0,False
2,20461514,cross_shard_frontrun,global_sequence,83,910083,r2-global_sequence-p83-victim,r2-global_sequence-p83-attacker,True,True,96.38595581054688,455.99961280822754,1778557868.645528,1778557868.833087,1778557868.678024,1778557868.949599,False,False,False,0,2,0,False
2,20461514,cross_shard_frontrun,global_sequence,84,910084,r2-global_sequence-p84-victim,r2-global_sequence-p84-attacker,True,True,264.17088508605957,448.4410285949707,1778557868.8144643,1778557868.8704264,1778557868.814894,1778557869.040921,False,False,False,0,2,0,False
2,20461514,cross_shard_frontrun,global_sequence,85,910085,r2-global_sequence-p85-victim,r2-global_sequence-p85-attacker,True,True,83.1594467163086,440.227746963501,1778557868.6792557,1778557868.8331344,1778557868.680408,1778557868.955311,False,False,False,0,2,0,False
2,20461514,cross_shard_frontrun,global_sequence,86,910086,r2-global_sequence-p86-victim,r2-global_sequence-p86-attacker,True,True,80.07359504699707,440.77324867248535,1778557868.6613379,1778557868.8332663,1778557868.67898,1778557868.966585,False,False,False,0,2,0,False
2,20461514,cross_shard_frontrun,global_sequence,87,910087,r2-global_sequence-p87-victim,r2-global_sequence-p87-attacker,True,True,434.77535247802734,456.06517791748047,1778557868.8151653,1778557869.0505788,1778557868.85472,1778557869.065995,False,False,False,0,2,0,False
2,20461514,cross_shard_frontrun,global_sequence,88,910088,r2-global_sequence-p88-victim,r2-global_sequence-p88-attacker,True,True,168.43271255493164,443.2370662689209,1778557868.7712717,1778557868.853247,1778557868.771549,1778557869.014475,False,False,False,0,2,0,False
2,20461514,cross_shard_frontrun,global_sequence,89,910089,r2-global_sequence-p89-victim,r2-global_sequence-p89-attacker,True,True,258.79621505737305,444.43607330322266,1778557868.8145597,1778557868.87396,1778557868.821615,1778557869.041923,False,False,False,0,2,0,False
2,20461514,cross_shard_frontrun,global_sequence,90,910090,r2-global_sequence-p90-victim,r2-global_sequence-p90-attacker,True,True,382.688045501709,449.3722915649414,1778557868.8148289,1778557868.9931874,1778557868.832469,1778557869.054058,False,False,False,0,2,0,False
2,20461514,cross_shard_frontrun,global_sequence,91,910091,r2-global_sequence-p91-victim,r2-global_sequence-p91-attacker,True,True,429.3866157531738,447.79062271118164,1778557868.8150837,1778557869.0470011,1778557868.8494,1778557869.059512,False,False,False,0,2,0,False
2,20461514,cross_shard_frontrun,global_sequence,92,910092,r2-global_sequence-p92-victim,r2-global_sequence-p92-attacker,True,True,435.71949005126953,491.98389053344727,1778557868.8333838,1778557869.12935,1778557868.972363,1778557869.135318,False,False,False,0,2,0,False
2,20461514,cross_shard_frontrun,global_sequence,93,910093,r2-global_sequence-p93-victim,r2-global_sequence-p93-attacker,True,True,383.11314582824707,467.61584281921387,1778557868.833194,1778557869.1292624,1778557868.961003,1778557869.129447,False,False,False,0,2,0,False
2,20461514,cross_shard_frontrun,global_sequence,94,910094,r2-global_sequence-p94-victim,r2-global_sequence-p94-attacker,True,True,386.58857345581055,557.3580265045166,1778557868.8531759,1778557869.140749,1778557869.00897,1778557869.168843,False,False,False,0,2,0,False
2,20461514,cross_shard_frontrun,global_sequence,95,910095,r2-global_sequence-p95-victim,r2-global_sequence-p95-attacker,True,True,381.6092014312744,548.1851100921631,1778557868.8335164,1778557869.135166,1778557868.984705,1778557869.145811,False,False,False,0,2,0,False
2,20461514,cross_shard_frontrun,global_sequence,96,910096,r2-global_sequence-p96-victim,r2-global_sequence-p96-attacker,True,True,380.1729679107666,487.2865676879883,1778557868.833448,1778557869.1294563,1778557868.977876,1778557869.14061,False,False,False,0,2,0,False
2,20461514,cross_shard_frontrun,global_sequence,97,910097,r2-global_sequence-p97-victim,r2-global_sequence-p97-attacker,True,True,380.1743984222412,551.6555309295654,1778557868.833571,1778557869.1295211,1778557868.990564,1778557869.145873,False,False,False,0,2,0,False
2,20461514,cross_shard_frontrun,global_sequence,98,910098,r2-global_sequence-p98-victim,r2-global_sequence-p98-attacker,True,True,379.688024520874,551.950216293335,1778557868.8404338,1778557869.1352777,1778557868.990971,1778557869.157604,False,False,False,0,2,0,False
2,20461514,cross_shard_frontrun,global_sequence,99,910099,r2-global_sequence-p99-victim,r2-global_sequence-p99-attacker,True,True,378.6747455596924,550.5950450897217,1778557868.8528903,1778557869.1352189,1778557868.991327,1778557869.152245,False,False,False,0,2,0,False
2,20461514,cross_shard_frontrun,global_sequence,100,910100,r2-global_sequence-p100-victim,r2-global_sequence-p100-attacker,True,True,378.54909896850586,550.4789352416992,1778557868.853059,1778557869.1353264,1778557868.997611,1778557869.162914,False,False,False,0,2,0,False
2,20461514,cross_shard_frontrun,global_sequence,101,910101,r2-global_sequence-p101-victim,r2-global_sequence-p101-attacker,True,True,380.29026985168457,558.5274696350098,1778557868.8555727,1778557869.1460228,1778557869.033003,1778557869.189655,False,False,False,0,2,0,False
2,20461514,cross_shard_frontrun,global_sequence,102,910102,r2-global_sequence-p102-victim,r2-global_sequence-p102-attacker,True,True,379.4124126434326,557.1303367614746,1778557868.85551,1778557869.1459534,1778557869.02694,1778557869.181853,False,False,False,0,2,0,False
2,20461514,cross_shard_frontrun,global_sequence,103,910103,r2-global_sequence-p103-victim,r2-global_sequence-p103-attacker,True,True,378.3378601074219,549.868106842041,1778557868.855409,1778557869.145904,1778557869.020908,1778557869.175895,False,False,False,0,2,0,False
2,20461514,cross_shard_frontrun,global_sequence,104,910104,r2-global_sequence-p104-victim,r2-global_sequence-p104-attacker,True,True,378.8318634033203,555.5143356323242,1778557868.8556406,1778557869.1461928,1778557869.038391,1778557869.206312,False,False,False,0,2,0,False
2,20461514,cross_shard_frontrun,global_sequence,105,910105,r2-global_sequence-p105-victim,r2-global_sequence-p105-attacker,True,True,374.9043941497803,544.813871383667,1778557868.8532991,1778557869.145842,1778557869.020608,1778557869.169461,False,False,False,0,2,0,False
2,20461514,cross_shard_frontrun,global_sequence,106,910106,r2-global_sequence-p106-victim,r2-global_sequence-p106-attacker,True,True,282.80138969421387,364.29715156555176,1778557868.8531115,1778557869.135374,1778557869.003331,1778557869.168989,False,False,False,0,2,0,False
2,20461514,cross_shard_frontrun,global_sequence,107,910107,r2-global_sequence-p107-victim,r2-global_sequence-p107-attacker,True,True,200.44565200805664,366.46318435668945,1778557868.9232533,1778557869.1460793,1778557869.048302,1778557869.195313,False,False,False,0,2,0,False
2,20461514,cross_shard_frontrun,global_sequence,108,910108,r2-global_sequence-p108-victim,r2-global_sequence-p108-attacker,True,True,88.35291862487793,246.40297889709473,1778557869.0754867,1778557869.1461415,1778557869.075701,1778557869.20094,False,False,False,0,2,0,False
2,20461514,cross_shard_frontrun,global_sequence,109,910109,r2-global_sequence-p109-victim,r2-global_sequence-p109-attacker,True,True,226.26137733459473,283.017635345459,1778557869.1463141,1778557869.2970276,1778557869.218129,1778557869.297218,False,False,False,0,2,0,False
2,20461514,cross_shard_frontrun,global_sequence,110,910110,r2-global_sequence-p110-victim,r2-global_sequence-p110-attacker,True,True,208.77933502197266,286.726713180542,1778557869.146871,1778557869.297306,1778557869.229039,1778557869.313865,False,False,False,0,2,0,False
2,20461514,cross_shard_frontrun,global_sequence,111,910111,r2-global_sequence-p111-victim,r2-global_sequence-p111-attacker,True,True,206.62331581115723,280.0877094268799,1778557869.1463692,1778557869.2971292,1778557869.223521,1778557869.302953,False,False,False,0,2,0,False
2,20461514,cross_shard_frontrun,global_sequence,112,910112,r2-global_sequence-p112-victim,r2-global_sequence-p112-attacker,True,True,204.47611808776855,231.1704158782959,1778557869.1462379,1778557869.2805715,1778557869.212152,1778557869.280782,False,False,False,0,2,0,False
2,20461514,cross_shard_frontrun,global_sequence,113,910113,r2-global_sequence-p113-victim,r2-global_sequence-p113-attacker,True,True,205.1677703857422,283.22362899780273,1778557869.1494124,1778557869.2973769,1778557869.235275,1778557869.318931,False,False,False,0,2,0,False
2,20461514,cross_shard_frontrun,global_sequence,114,910114,r2-global_sequence-p114-victim,r2-global_sequence-p114-attacker,True,True,203.42469215393066,280.2267074584961,1778557869.1493337,1778557869.2972372,1778557869.228866,1778557869.308207,False,False,False,0,2,0,False
2,20461514,cross_shard_frontrun,global_sequence,115,910115,r2-global_sequence-p115-victim,r2-global_sequence-p115-attacker,True,True,201.79319381713867,279.8185348510742,1778557869.1652303,1778557869.2974744,1778557869.236176,1778557869.329663,False,False,False,0,2,0,False
2,20461514,cross_shard_frontrun,global_sequence,116,910116,r2-global_sequence-p116-victim,r2-global_sequence-p116-attacker,True,True,201.9941806793213,278.6898612976074,1778557869.17141,1778557869.2974308,1778557869.23663,1778557869.324184,False,False,False,0,2,0,False
2,20461514,cross_shard_frontrun,global_sequence,117,910117,r2-global_sequence-p117-victim,r2-global_sequence-p117-attacker,True,True,201.08318328857422,277.6055335998535,1778557869.1802125,1778557869.306981,1778557869.238111,1778557869.329398,False,False,False,0,2,0,False
2,20461514,cross_shard_frontrun,global_sequence,118,910118,r2-global_sequence-p118-victim,r2-global_sequence-p118-attacker,True,True,205.9934139251709,276.84545516967773,1778557869.184505,1778557869.3126395,1778557869.245084,1778557869.329488,False,False,False,0,2,0,False
2,20461514,cross_shard_frontrun,global_sequence,119,910119,r2-global_sequence-p119-victim,r2-global_sequence-p119-attacker,True,True,199.46837425231934,280.18999099731445,1778557869.1878965,1778557869.312697,1778557869.244862,1778557869.334852,False,False,False,0,2,0,False
2,20462514,cross_shard_frontrun,occ,0,920000,r2-occ-p0-victim,r2-occ-p0-attacker,True,True,83.14132690429688,503.3740997314453,1778557870.5819688,1778557870.8527443,1778557870.58282,1778557871.003854,False,False,False,0,2,0,False
2,20462514,cross_shard_frontrun,occ,1,920001,r2-occ-p1-victim,r2-occ-p1-attacker,True,True,156.91757202148438,503.50451469421387,1778557870.6574857,1778557870.8696983,1778557870.657752,1778557871.01008,False,False,False,0,2,0,False
2,20462514,cross_shard_frontrun,occ,2,920002,r2-occ-p2-victim,r2-occ-p2-attacker,True,True,295.3610420227051,501.67202949523926,1778557870.7969205,1778557870.8723087,1778557870.797123,1778557871.009851,False,False,False,0,2,0,False
2,20462514,cross_shard_frontrun,occ,3,920003,r2-occ-p3-victim,r2-occ-p3-attacker,True,True,288.5134220123291,502.4528503417969,1778557870.7926257,1778557870.8726342,1778557870.79288,1778557871.01104,False,False,False,0,2,0,False
2,20462514,cross_shard_frontrun,occ,4,920004,r2-occ-p4-victim,r2-occ-p4-attacker,True,False,509.64879989624023,495.24450302124023,1778557870.8725548,,1778557871.010931,,False,False,False,1,1,1,False
2,20462514,cross_shard_frontrun,occ,5,920005,r2-occ-p5-victim,r2-occ-p5-attacker,True,False,647.270679473877,495.4667091369629,1778557871.0219553,,1778557871.098192,,False,False,False,1,1,1,False
2,20462514,cross_shard_frontrun,occ,6,920006,r2-occ-p6-victim,r2-occ-p6-attacker,True,False,644.2971229553223,495.35322189331055,1778557871.0211732,,1778557871.032879,,False,False,False,1,1,1,False
2,20462514,cross_shard_frontrun,occ,7,920007,r2-occ-p7-victim,r2-occ-p7-attacker,True,False,510.5705261230469,493.8199520111084,1778557870.9971843,,1778557871.01469,,False,False,False,1,1,1,False
2,20462514,cross_shard_frontrun,occ,8,920008,r2-occ-p8-victim,r2-occ-p8-attacker,True,False,645.5490589141846,494.48347091674805,1778557871.021875,,1778557871.093035,,False,False,False,1,1,1,False
2,20462514,cross_shard_frontrun,occ,9,920009,r2-occ-p9-victim,r2-occ-p9-attacker,True,False,643.8291072845459,492.31600761413574,1778557871.0215635,,1778557871.065731,,False,False,False,1,1,1,False
2,20462514,cross_shard_frontrun,occ,10,920010,r2-occ-p10-victim,r2-occ-p10-attacker,True,False,642.420768737793,493.30806732177734,1778557871.0213413,,1778557871.049146,,False,False,False,1,1,1,False
2,20462514,cross_shard_frontrun,occ,11,920011,r2-occ-p11-victim,r2-occ-p11-attacker,True,False,508.36920738220215,492.7501678466797,1778557870.9591672,,1778557871.013923,,False,False,False,1,1,1,False
2,20462514,cross_shard_frontrun,occ,12,920012,r2-occ-p12-victim,r2-occ-p12-attacker,True,False,504.92119789123535,492.48576164245605,1778557870.8928807,,1778557871.011628,,False,False,False,1,1,1,False
2,20462514,cross_shard_frontrun,occ,13,920013,r2-occ-p13-victim,r2-occ-p13-attacker,True,False,640.9389972686768,492.10190773010254,1778557871.0213993,,1778557871.043617,,False,False,False,1,1,1,False
2,20462514,cross_shard_frontrun,occ,14,920014,r2-occ-p14-victim,r2-occ-p14-attacker,True,False,640.9749984741211,491.61410331726074,1778557871.0215127,,1778557871.060388,,False,False,False,1,1,1,False
2,20462514,cross_shard_frontrun,occ,15,920015,r2-occ-p15-victim,r2-occ-p15-attacker,True,False,506.38484954833984,491.1224842071533,1778557870.9781199,,1778557871.01436,,False,False,False,1,1,1,False
2,20462514,cross_shard_frontrun,occ,16,920016,r2-occ-p16-victim,r2-occ-p16-attacker,True,False,641.4356231689453,488.7239933013916,1778557871.0221221,,1778557871.108996,,False,False,False,1,1,1,False
2,20462514,cross_shard_frontrun,occ,17,920017,r2-occ-p17-victim,r2-occ-p17-attacker,True,False,637.4931335449219,488.8274669647217,1778557871.020909,,1778557871.021107,,False,False,False,1,1,1,False
2,20462514,cross_shard_frontrun,occ,18,920018,r2-occ-p18-victim,r2-occ-p18-attacker,True,False,640.2649879455566,488.93189430236816,1778557871.0220215,,1778557871.103502,,False,False,False,1,1,1,False
2,20462514,cross_shard_frontrun,occ,19,920019,r2-occ-p19-victim,r2-occ-p19-attacker,True,False,637.5665664672852,489.3803596496582,1778557871.0212536,,1778557871.038102,,False,False,False,1,1,1,False
2,20462514,cross_shard_frontrun,occ,20,920020,r2-occ-p20-victim,r2-occ-p20-attacker,True,False,638.2625102996826,489.51077461242676,1778557871.0216162,,1778557871.071524,,False,False,False,1,1,1,False
2,20462514,cross_shard_frontrun,occ,21,920021,r2-occ-p21-victim,r2-occ-p21-attacker,True,False,639.5528316497803,489.6066188812256,1778557871.022274,,1778557871.120981,,False,False,False,1,1,1,False
2,20462514,cross_shard_frontrun,occ,22,920022,r2-occ-p22-victim,r2-occ-p22-attacker,True,False,635.561466217041,489.2904758453369,1778557871.021037,,1778557871.02745,,False,False,False,1,1,1,False
2,20462514,cross_shard_frontrun,occ,23,920023,r2-occ-p23-victim,r2-occ-p23-attacker,True,False,637.000322341919,489.0890121459961,1778557871.0216687,,1778557871.076658,,False,False,False,1,1,1,False
2,20462514,cross_shard_frontrun,occ,24,920024,r2-occ-p24-victim,r2-occ-p24-attacker,True,False,638.4625434875488,488.1322383880615,1778557871.022502,,1778557871.133009,,False,False,False,1,1,1,False
2,20462514,cross_shard_frontrun,occ,25,920025,r2-occ-p25-victim,r2-occ-p25-attacker,True,False,636.237382888794,488.3918762207031,1778557871.021737,,1778557871.081873,,False,False,False,1,1,1,False
2,20462514,cross_shard_frontrun,occ,26,920026,r2-occ-p26-victim,r2-occ-p26-attacker,True,False,634.6030235290527,487.473726272583,1778557871.021447,,1778557871.055109,,False,False,False,1,1,1,False
2,20462514,cross_shard_frontrun,occ,27,920027,r2-occ-p27-victim,r2-occ-p27-attacker,True,False,635.9715461730957,487.2920513153076,1778557871.0221884,,1778557871.114997,,False,False,False,1,1,1,False
2,20462514,cross_shard_frontrun,occ,28,920028,r2-occ-p28-victim,r2-occ-p28-attacker,True,False,635.767936706543,486.91296577453613,1778557871.0224307,,1778557871.127034,,False,False,False,1,1,1,False
2,20462514,cross_shard_frontrun,occ,29,920029,r2-occ-p29-victim,r2-occ-p29-attacker,True,False,635.9305381774902,486.5102767944336,1778557871.0225987,,1778557871.145417,,False,False,False,1,1,1,False
2,20462514,cross_shard_frontrun,occ,30,920030,r2-occ-p30-victim,r2-occ-p30-attacker,True,False,635.5950832366943,486.07420921325684,1778557871.0264688,,1778557871.15105,,False,False,False,1,1,1,False
2,20462514,cross_shard_frontrun,occ,31,920031,r2-occ-p31-victim,r2-occ-p31-attacker,True,False,634.5691680908203,485.56017875671387,1778557871.0225518,,1778557871.138776,,False,False,False,1,1,1,False
2,20462514,cross_shard_frontrun,occ,32,920032,r2-occ-p32-victim,r2-occ-p32-attacker,True,False,571.1438655853271,346.0276126861572,1778557871.0238988,,1778557871.15114,,False,False,False,1,1,1,False
2,20462514,cross_shard_frontrun,occ,33,920033,r2-occ-p33-victim,r2-occ-p33-attacker,True,False,359.574556350708,206.64167404174805,1778557871.0218105,,1778557871.087732,,False,False,False,1,1,1,False
2,20462514,cross_shard_frontrun,occ,34,920034,r2-occ-p34-victim,r2-occ-p34-attacker,True,True,147.42302894592285,225.0375747680664,1778557871.0806952,1778557871.2146113,1778557871.153173,1778557871.231897,False,False,False,0,2,0,False
2,20462514,cross_shard_frontrun,occ,35,920035,r2-occ-p35-victim,r2-occ-p35-attacker,True,True,167.44112968444824,224.48301315307617,1778557871.1762292,1778557871.2144241,1778557871.176406,1778557871.225627,False,False,False,0,2,0,False
2,20462514,cross_shard_frontrun,occ,36,920036,r2-occ-p36-victim,r2-occ-p36-attacker,True,True,158.60462188720703,227.21052169799805,1778557871.1679487,1778557871.218136,1778557871.168197,1778557871.243284,False,False,False,0,2,0,False
2,20462514,cross_shard_frontrun,occ,37,920037,r2-occ-p37-victim,r2-occ-p37-attacker,True,False,552.0672798156738,205.78598976135254,1778557871.3415747,,1778557871.416341,,False,False,False,1,1,1,False
2,20462514,cross_shard_frontrun,occ,38,920038,r2-occ-p38-victim,r2-occ-p38-attacker,True,False,551.1140823364258,205.92498779296875,1778557871.3409514,,1778557871.395652,,False,False,False,1,1,1,False
2,20462514,cross_shard_frontrun,occ,39,920039,r2-occ-p39-victim,r2-occ-p39-attacker,True,False,551.063060760498,222.89371490478516,1778557871.3410823,,1778557871.400719,,False,False,False,1,1,1,False
2,20462514,cross_shard_frontrun,occ,40,920040,r2-occ-p40-victim,r2-occ-p40-attacker,True,False,568.9945220947266,222.77522087097168,1778557871.3419056,,1778557871.42673,,False,False,False,1,1,1,False
2,20462514,cross_shard_frontrun,occ,41,920041,r2-occ-p41-victim,r2-occ-p41-attacker,True,False,584.1646194458008,222.30935096740723,1778557871.3420932,,1778557871.431805,,False,False,False,1,1,1,False
2,20462514,cross_shard_frontrun,occ,42,920042,r2-occ-p42-victim,r2-occ-p42-attacker,True,False,550.0361919403076,222.27239608764648,1778557871.3412325,,1778557871.405804,,False,False,False,1,1,1,False
2,20462514,cross_shard_frontrun,occ,43,920043,r2-occ-p43-victim,r2-occ-p43-attacker,True,False,616.6419982910156,255.70082664489746,1778557871.3487594,,1778557871.442264,,False,False,False,1,1,1,False
2,20462514,cross_shard_frontrun,occ,44,920044,r2-occ-p44-victim,r2-occ-p44-attacker,True,True,267.564058303833,613.9185428619385,1778557871.2706103,1778557871.348807,1778557871.277692,1778557871.447932,False,False,False,0,2,0,False
2,20462514,cross_shard_frontrun,occ,45,920045,r2-occ-p45-victim,r2-occ-p45-attacker,True,False,547.649621963501,311.9785785675049,1778557871.3403232,,1778557871.36945,,False,False,False,1,1,1,False
2,20462514,cross_shard_frontrun,occ,46,920046,r2-occ-p46-victim,r2-occ-p46-attacker,True,True,243.53766441345215,613.5170459747314,1778557871.2546618,1778557871.3523533,1778557871.254864,1778557871.453264,False,False,False,0,2,0,False
2,20462514,cross_shard_frontrun,occ,47,920047,r2-occ-p47-victim,r2-occ-p47-attacker,True,False,581.6433429718018,408.79178047180176,1778557871.3486345,,1778557871.431736,,False,False,False,1,1,1,False
2,20462514,cross_shard_frontrun,occ,48,920048,r2-occ-p48-victim,r2-occ-p48-attacker,True,False,548.3529567718506,408.7834358215332,1778557871.3414016,,1778557871.411057,,False,False,False,1,1,1,False
2,20462514,cross_shard_frontrun,occ,49,920049,r2-occ-p49-victim,r2-occ-p49-attacker,True,False,547.4555492401123,429.7492504119873,1778557871.3408175,,1778557871.390188,,False,False,False,1,1,1,False
2,20462514,cross_shard_frontrun,occ,50,920050,r2-occ-p50-victim,r2-occ-p50-attacker,True,False,581.1967849731445,538.3272171020508,1778557871.3486984,,1778557871.437178,,False,False,False,1,1,1,False
2,20462514,cross_shard_frontrun,occ,51,920051,r2-occ-p51-victim,r2-occ-p51-attacker,True,False,564.8050308227539,428.9124011993408,1778557871.3417642,,1778557871.421596,,False,False,False,1,1,1,False
2,20462514,cross_shard_frontrun,occ,52,920052,r2-occ-p52-victim,r2-occ-p52-attacker,True,False,434.7100257873535,535.2890491485596,1778557871.3398354,,1778557871.358421,,False,False,False,1,1,1,False
2,20462514,cross_shard_frontrun,occ,53,920053,r2-occ-p53-victim,r2-occ-p53-attacker,True,False,543.5407161712646,477.07509994506836,1778557871.3406842,,1778557871.385363,,False,False,False,1,1,1,False
2,20462514,cross_shard_frontrun,occ,54,920054,r2-occ-p54-victim,r2-occ-p54-attacker,True,False,494.4636821746826,476.2442111968994,1778557871.4218025,,1778557871.581133,,False,False,False,1,1,1,False
2,20462514,cross_shard_frontrun,occ,55,920055,r2-occ-p55-victim,r2-occ-p55-attacker,True,False,492.8393363952637,476.4430522918701,1778557871.4216366,,1778557871.563242,,False,False,False,1,1,1,False
2,20462514,cross_shard_frontrun,occ,56,920056,r2-occ-p56-victim,r2-occ-p56-attacker,True,False,493.20149421691895,476.1204719543457,1778557871.4217591,,1778557871.575897,,False,False,False,1,1,1,False
2,20462514,cross_shard_frontrun,occ,57,920057,r2-occ-p57-victim,r2-occ-p57-attacker,True,False,491.82748794555664,475.9700298309326,1778557871.4110546,,1778557871.562982,,False,False,False,1,1,1,False
2,20462514,cross_shard_frontrun,occ,58,920058,r2-occ-p58-victim,r2-occ-p58-attacker,True,False,491.5881156921387,475.7695198059082,1778557871.3934922,,1778557871.562438,,False,False,False,1,1,1,False
2,20462514,cross_shard_frontrun,occ,59,920059,r2-occ-p59-victim,r2-occ-p59-attacker,True,False,491.5187358856201,475.39830207824707,1778557871.3972936,,1778557871.562789,,False,False,False,1,1,1,False
2,20462514,cross_shard_frontrun,occ,60,920060,r2-occ-p60-victim,r2-occ-p60-attacker,True,False,491.4364814758301,475.2483367919922,1778557871.421688,,1778557871.569382,,False,False,False,1,1,1,False
2,20462514,cross_shard_frontrun,occ,61,920061,r2-occ-p61-victim,r2-occ-p61-attacker,True,False,491.65797233581543,474.9412536621094,1778557871.4284625,,1778557871.59096,,False,False,False,1,1,1,False
2,20462514,cross_shard_frontrun,occ,62,920062,r2-occ-p62-victim,r2-occ-p62-attacker,True,False,490.19813537597656,474.6387004852295,1778557871.4162717,,1778557871.563161,,False,False,False,1,1,1,False
2,20462514,cross_shard_frontrun,occ,63,920063,r2-occ-p63-victim,r2-occ-p63-attacker,True,False,490.5261993408203,474.3211269378662,1778557871.4283857,,1778557871.581102,,False,False,False,1,1,1,False
2,20462514,cross_shard_frontrun,occ,64,920064,r2-occ-p64-victim,r2-occ-p64-attacker,True,False,533.0076217651367,479.7253608703613,1778557871.4473863,,1778557871.629942,,False,False,False,1,1,1,False
2,20462514,cross_shard_frontrun,occ,65,920065,r2-occ-p65-victim,r2-occ-p65-attacker,True,False,490.431547164917,472.37348556518555,1778557871.42852,,1778557871.596639,,False,False,False,1,1,1,False
2,20462514,cross_shard_frontrun,occ,66,920066,r2-occ-p66-victim,r2-occ-p66-attacker,True,False,488.4335994720459,465.7890796661377,1778557871.433874,,1778557871.596532,,False,False,False,1,1,1,False
2,20462514,cross_shard_frontrun,occ,67,920067,r2-occ-p67-victim,r2-occ-p67-attacker,True,False,510.10918617248535,410.27235984802246,1778557871.444669,,1778557871.619015,,False,False,False,1,1,1,False
2,20462514,cross_shard_frontrun,occ,68,920068,r2-occ-p68-victim,r2-occ-p68-attacker,True,False,462.34989166259766,392.75383949279785,1778557871.4446282,,1778557871.613638,,False,False,False,1,1,1,False
2,20462514,cross_shard_frontrun,occ,69,920069,r2-occ-p69-victim,r2-occ-p69-attacker,True,False,403.3355712890625,392.6384449005127,1778557871.4444993,,1778557871.602819,,False,False,False,1,1,1,False
2,20462514,cross_shard_frontrun,occ,70,920070,r2-occ-p70-victim,r2-occ-p70-attacker,True,False,445.23024559020996,392.72236824035645,1778557871.4457595,,1778557871.630164,,False,False,False,1,1,1,False
2,20462514,cross_shard_frontrun,occ,71,920071,r2-occ-p71-victim,r2-occ-p71-attacker,True,False,444.03719902038574,389.54854011535645,1778557871.444569,,1778557871.608147,,False,False,False,1,1,1,False
2,20462514,cross_shard_frontrun,occ,72,920072,r2-occ-p72-victim,r2-occ-p72-attacker,True,False,430.2377700805664,358.8716983795166,1778557871.4447057,,1778557871.624541,,False,False,False,1,1,1,False
2,20462514,cross_shard_frontrun,occ,73,920073,r2-occ-p73-victim,r2-occ-p73-attacker,True,False,407.58442878723145,302.36077308654785,1778557871.447452,,1778557871.635956,,False,False,False,1,1,1,False
2,20462514,cross_shard_frontrun,occ,74,920074,r2-occ-p74-victim,r2-occ-p74-attacker,True,False,257.8465938568115,206.1324119567871,1778557871.4957788,,1778557871.637093,,False,False,False,1,1,1,False
2,20462514,cross_shard_frontrun,occ,75,920075,r2-occ-p75-victim,r2-occ-p75-attacker,True,False,236.8173599243164,228.04856300354004,1778557871.5226028,,1778557871.643711,,False,False,False,1,1,1,False
2,20462514,cross_shard_frontrun,occ,76,920076,r2-occ-p76-victim,r2-occ-p76-attacker,True,False,235.63671112060547,120.13936042785645,1778557871.5172908,,1778557871.637655,,False,False,False,1,1,1,False
2,20462514,cross_shard_frontrun,occ,77,920077,r2-occ-p77-victim,r2-occ-p77-attacker,True,False,176.131010055542,119.92621421813965,1778557871.6423333,,1778557871.689686,,False,False,False,1,1,1,False
2,20462514,cross_shard_frontrun,occ,78,920078,r2-occ-p78-victim,r2-occ-p78-attacker,True,False,175.60625076293945,119.75669860839844,1778557871.6499114,,1778557871.690153,,False,False,False,1,1,1,False
2,20462514,cross_shard_frontrun,occ,79,920079,r2-occ-p79-victim,r2-occ-p79-attacker,True,False,175.94289779663086,119.48299407958984,1778557871.670406,,1778557871.690572,,False,False,False,1,1,1,False
2,20462514,cross_shard_frontrun,occ,80,920080,r2-occ-p80-victim,r2-occ-p80-attacker,True,False,175.40431022644043,119.7657585144043,1778557871.6884112,,1778557871.690912,,False,False,False,1,1,1,False
2,20462514,cross_shard_frontrun,occ,81,920081,r2-occ-p81-victim,r2-occ-p81-attacker,True,False,174.9250888824463,101.60040855407715,1778557871.692912,,1778557871.693144,,False,False,False,1,1,1,False
2,20462514,cross_shard_frontrun,occ,82,920082,r2-occ-p82-victim,r2-occ-p82-attacker,True,False,162.78481483459473,86.44390106201172,1778557871.6930614,,1778557871.731989,,False,False,False,1,1,1,False
2,20462514,cross_shard_frontrun,occ,83,920083,r2-occ-p83-victim,r2-occ-p83-attacker,True,False,147.97472953796387,86.39025688171387,1778557871.6931932,,1778557871.738228,,False,False,False,1,1,1,False
2,20462514,cross_shard_frontrun,occ,84,920084,r2-occ-p84-victim,r2-occ-p84-attacker,True,True,114.14122581481934,177.63090133666992,1778557871.695684,1778557871.8179681,1778557871.73812,1778557871.818243,False,False,False,0,2,0,False
2,20462514,cross_shard_frontrun,occ,85,920085,r2-occ-p85-victim,r2-occ-p85-attacker,True,True,108.3827018737793,180.81307411193848,1778557871.7019675,1778557871.8218102,1778557871.738623,1778557871.822091,False,False,False,0,2,0,False
2,20462514,cross_shard_frontrun,occ,86,920086,r2-occ-p86-victim,r2-occ-p86-attacker,True,True,113.4645938873291,280.0741195678711,1778557871.7203574,1778557871.9179106,1778557871.74418,1778557871.91816,False,False,False,0,2,0,False
2,20462514,cross_shard_frontrun,occ,87,920087,r2-occ-p87-victim,r2-occ-p87-attacker,True,True,110.21566390991211,292.62232780456543,1778557871.7354834,1778557871.9180655,1778557871.743928,1778557871.925068,False,False,False,0,2,0,False
2,20462514,cross_shard_frontrun,occ,88,920088,r2-occ-p88-victim,r2-occ-p88-attacker,True,True,191.14279747009277,298.25901985168457,1778557871.825035,1778557871.9235046,1778557871.825237,1778557871.93768,False,False,False,0,2,0,False
2,20462514,cross_shard_frontrun,occ,89,920089,r2-occ-p89-victim,r2-occ-p89-attacker,True,True,224.44391250610352,291.8100357055664,1778557871.858735,1778557871.9208524,1778557871.85896,1778557871.924794,False,False,False,0,2,0,False
2,20462514,cross_shard_frontrun,occ,90,920090,r2-occ-p90-victim,r2-occ-p90-attacker,True,True,252.84671783447266,295.2134609222412,1778557871.8781474,1778557871.923419,1778557871.885074,1778557871.931342,False,False,False,0,2,0,False
2,20462514,cross_shard_frontrun,occ,91,920091,r2-occ-p91-victim,r2-occ-p91-attacker,True,True,234.4057559967041,463.6728763580322,1778557871.8690557,1778557871.962799,1778557871.869241,1778557872.07325,False,False,False,0,2,0,False
2,20462514,cross_shard_frontrun,occ,92,920092,r2-occ-p92-victim,r2-occ-p92-attacker,True,True,244.17519569396973,549.7450828552246,1778557871.8809075,1778557871.9743855,1778557871.884823,1778557872.099293,False,False,False,0,2,0,False
2,20462514,cross_shard_frontrun,occ,93,920093,r2-occ-p93-victim,r2-occ-p93-attacker,True,True,240.9203052520752,463.40465545654297,1778557871.8775322,1778557871.9741287,1778557871.877739,1778557872.081121,False,False,False,0,2,0,False
2,20462514,cross_shard_frontrun,occ,94,920094,r2-occ-p94-victim,r2-occ-p94-attacker,True,True,225.12292861938477,548.4399795532227,1778557871.866169,1778557871.9628747,1778557871.866364,1778557872.081121,False,False,False,0,2,0,False
2,20462514,cross_shard_frontrun,occ,95,920095,r2-occ-p95-victim,r2-occ-p95-attacker,True,False,300.4193305969238,337.4176025390625,1778557871.935195,,1778557871.937583,,False,False,False,1,1,1,False
2,20462514,cross_shard_frontrun,occ,96,920096,r2-occ-p96-victim,r2-occ-p96-attacker,True,False,556.3538074493408,457.17811584472656,1778557871.974225,,1778557872.087427,,False,False,False,1,1,1,False
2,20462514,cross_shard_frontrun,occ,97,920097,r2-occ-p97-victim,r2-occ-p97-attacker,True,False,557.0023059844971,456.92944526672363,1778557871.9802878,,1778557872.109824,,False,False,False,1,1,1,False
2,20462514,cross_shard_frontrun,occ,98,920098,r2-occ-p98-victim,r2-occ-p98-attacker,True,False,556.1060905456543,419.5106029510498,1778557871.974299,,1778557872.093941,,False,False,False,1,1,1,False
2,20462514,cross_shard_frontrun,occ,99,920099,r2-occ-p99-victim,r2-occ-p99-attacker,True,False,556.2722682952881,419.5055961608887,1778557871.9745505,,1778557872.104852,,False,False,False,1,1,1,False
2,20462514,cross_shard_frontrun,occ,100,920100,r2-occ-p100-victim,r2-occ-p100-attacker,True,False,556.3652515411377,427.10256576538086,1778557871.9774554,,1778557872.10992,,False,False,False,1,1,1,False
2,20462514,cross_shard_frontrun,occ,101,920101,r2-occ-p101-victim,r2-occ-p101-attacker,True,False,556.2586784362793,426.59592628479004,1778557871.989527,,1778557872.11005,,False,False,False,1,1,1,False
2,20462514,cross_shard_frontrun,occ,102,920102,r2-occ-p102-victim,r2-occ-p102-attacker,True,False,556.0662746429443,455.14488220214844,1778557872.0110984,,1778557872.110847,,False,False,False,1,1,1,False
2,20462514,cross_shard_frontrun,occ,103,920103,r2-occ-p103-victim,r2-occ-p103-attacker,True,False,515.0406360626221,414.2904281616211,1778557872.089708,,1778557872.121753,,False,False,False,1,1,1,False
2,20462514,cross_shard_frontrun,occ,104,920104,r2-occ-p104-victim,r2-occ-p104-attacker,True,False,514.8766040802002,413.8684272766113,1778557872.08988,,1778557872.132366,,False,False,False,1,1,1,False
2,20462514,cross_shard_frontrun,occ,105,920105,r2-occ-p105-victim,r2-occ-p105-attacker,True,False,514.1105651855469,413.7256145477295,1778557872.0895762,,1778557872.1154,,False,False,False,1,1,1,False
2,20462514,cross_shard_frontrun,occ,106,920106,r2-occ-p106-victim,r2-occ-p106-attacker,True,False,516.6568756103516,413.3930206298828,1778557872.0910668,,1778557872.189203,,False,False,False,1,1,1,False
2,20462514,cross_shard_frontrun,occ,107,920107,r2-occ-p107-victim,r2-occ-p107-attacker,True,False,514.8563385009766,413.24496269226074,1778557872.0905972,,1778557872.16388,,False,False,False,1,1,1,False
2,20462514,cross_shard_frontrun,occ,108,920108,r2-occ-p108-victim,r2-occ-p108-attacker,True,False,512.9275321960449,412.5838279724121,1778557872.0897923,,1778557872.127075,,False,False,False,1,1,1,False
2,20462514,cross_shard_frontrun,occ,109,920109,r2-occ-p109-victim,r2-occ-p109-attacker,True,False,513.2639408111572,412.6114845275879,1778557872.090249,,1778557872.148182,,False,False,False,1,1,1,False
2,20462514,cross_shard_frontrun,occ,110,920110,r2-occ-p110-victim,r2-occ-p110-attacker,True,False,514.3015384674072,412.3847484588623,1778557872.0907404,,1778557872.169168,,False,False,False,1,1,1,False
2,20462514,cross_shard_frontrun,occ,111,920111,r2-occ-p111-victim,r2-occ-p111-attacker,True,False,513.0982398986816,412.17565536499023,1778557872.0904353,,1778557872.158202,,False,False,False,1,1,1,False
2,20462514,cross_shard_frontrun,occ,112,920112,r2-occ-p112-victim,r2-occ-p112-attacker,True,False,514.0445232391357,365.3404712677002,1778557872.0910003,,1778557872.184215,,False,False,False,1,1,1,False
2,20462514,cross_shard_frontrun,occ,113,920113,r2-occ-p113-victim,r2-occ-p113-attacker,True,False,465.4958248138428,365.15045166015625,1778557872.09034,,1778557872.153276,,False,False,False,1,1,1,False
2,20462514,cross_shard_frontrun,occ,114,920114,r2-occ-p114-victim,r2-occ-p114-attacker,True,False,464.84899520874023,364.8855686187744,1778557872.0901394,,1778557872.142941,,False,False,False,1,1,1,False
2,20462514,cross_shard_frontrun,occ,115,920115,r2-occ-p115-victim,r2-occ-p115-attacker,True,False,461.7421627044678,359.53307151794434,1778557872.0934455,,1778557872.200935,,False,False,False,1,1,1,False
2,20462514,cross_shard_frontrun,occ,116,920116,r2-occ-p116-victim,r2-occ-p116-attacker,True,False,460.74748039245605,359.356164932251,1778557872.0909114,,1778557872.179207,,False,False,False,1,1,1,False
2,20462514,cross_shard_frontrun,occ,117,920117,r2-occ-p117-victim,r2-occ-p117-attacker,True,False,457.9763412475586,354.02870178222656,1778557872.0908322,,1778557872.17419,,False,False,False,1,1,1,False
2,20462514,cross_shard_frontrun,occ,118,920118,r2-occ-p118-victim,r2-occ-p118-attacker,True,False,381.6080093383789,278.86438369750977,1778557872.0899942,,1778557872.137991,,False,False,False,1,1,1,False
2,20462514,cross_shard_frontrun,occ,119,920119,r2-occ-p119-victim,r2-occ-p119-attacker,True,False,377.3534297943115,245.44596672058105,1778557872.0911207,,1778557872.194705,,False,False,False,1,1,1,False
2,20463514,cross_shard_frontrun,conflict_key_queue,0,930000,r2-conflict_key_queue-p0-victim,r2-conflict_key_queue-p0-attacker,True,True,88.96374702453613,170.5317497253418,1778557873.403373,1778557873.4909248,1778557873.404419,1778557873.491125,False,False,False,0,2,0,False
2,20463514,cross_shard_frontrun,conflict_key_queue,1,930001,r2-conflict_key_queue-p1-victim,r2-conflict_key_queue-p1-attacker,True,True,191.8489933013916,197.2339153289795,1778557873.5080664,1778557873.5220158,1778557873.508231,1778557873.5222,False,False,False,0,2,0,False
2,20463514,cross_shard_frontrun,conflict_key_queue,2,930002,r2-conflict_key_queue-p2-victim,r2-conflict_key_queue-p2-attacker,True,True,543.8165664672852,961.6215229034424,1778557873.7002332,1778557874.2554355,1778557873.776808,1778557874.281974,False,False,False,0,2,0,False
2,20463514,cross_shard_frontrun,conflict_key_queue,3,930003,r2-conflict_key_queue-p3-victim,r2-conflict_key_queue-p3-attacker,True,True,545.2463626861572,1166.0473346710205,1778557873.7008424,1778557874.3154826,1778557873.829637,1778557874.354992,False,False,False,0,2,0,False
2,20463514,cross_shard_frontrun,conflict_key_queue,4,930004,r2-conflict_key_queue-p4-victim,r2-conflict_key_queue-p4-attacker,True,True,541.3861274719238,1158.5206985473633,1778557873.691693,1778557874.314922,1778557873.756005,1778557874.328373,False,False,False,0,2,0,False
2,20463514,cross_shard_frontrun,conflict_key_queue,5,930005,r2-conflict_key_queue-p5-victim,r2-conflict_key_queue-p5-attacker,True,True,542.743444442749,1157.9334735870361,1778557873.7002964,1778557874.3147185,1778557873.782445,1778557874.323152,False,False,False,0,2,0,False
2,20463514,cross_shard_frontrun,conflict_key_queue,6,930006,r2-conflict_key_queue-p6-victim,r2-conflict_key_queue-p6-attacker,True,True,538.7465953826904,764.662504196167,1778557873.6909423,1778557874.091571,1778557873.714529,1778557874.091782,False,False,False,0,2,0,False
2,20463514,cross_shard_frontrun,conflict_key_queue,7,930007,r2-conflict_key_queue-p7-victim,r2-conflict_key_queue-p7-attacker,True,True,542.2296524047852,1116.560935974121,1778557873.7003539,1778557874.314545,1778557873.787642,1778557874.3148,False,False,False,0,2,0,False
2,20463514,cross_shard_frontrun,conflict_key_queue,8,930008,r2-conflict_key_queue-p8-victim,r2-conflict_key_queue-p8-attacker,True,True,239.46213722229004,535.7711315155029,1778557873.5589848,1778557873.701086,1778557873.55916,1778557873.847934,False,False,False,0,2,0,False
2,20463514,cross_shard_frontrun,conflict_key_queue,9,930009,r2-conflict_key_queue-p9-victim,r2-conflict_key_queue-p9-attacker,True,True,300.9839057922363,534.8210334777832,1778557873.6206813,1778557873.700996,1778557873.620911,1778557873.841686,False,False,False,0,2,0,False
2,20463514,cross_shard_frontrun,conflict_key_queue,10,930010,r2-conflict_key_queue-p10-victim,r2-conflict_key_queue-p10-attacker,True,True,542.1369075775146,1155.7221412658691,1778557873.700694,1778557874.3152874,1778557873.817496,1778557874.344851,False,False,False,0,2,0,False
2,20463514,cross_shard_frontrun,conflict_key_queue,11,930011,r2-conflict_key_queue-p11-victim,r2-conflict_key_queue-p11-attacker,True,True,536.7116928100586,758.4128379821777,1778557873.6908846,1778557874.0882611,1778557873.709449,1778557874.088692,False,False,False,0,2,0,False
2,20463514,cross_shard_frontrun,conflict_key_queue,12,930012,r2-conflict_key_queue-p12-victim,r2-conflict_key_queue-p12-attacker,True,True,541.2781238555908,1155.3418636322021,1778557873.7005975,1778557874.315149,1778557873.810901,1778557874.33951,False,False,False,0,2,0,False
2,20463514,cross_shard_frontrun,conflict_key_queue,13,930013,r2-conflict_key_queue-p13-victim,r2-conflict_key_queue-p13-attacker,True,True,529.3262004852295,601.5379428863525,1778557873.6906996,1778557873.9317355,1778557873.698809,1778557873.931882,False,False,False,0,2,0,False
2,20463514,cross_shard_frontrun,conflict_key_queue,14,930014,r2-conflict_key_queue-p14-victim,r2-conflict_key_queue-p14-attacker,True,True,538.4700298309326,956.4869403839111,1778557873.6918912,1778557874.2305262,1778557873.760919,1778557874.275576,False,False,False,0,2,0,False
2,20463514,cross_shard_frontrun,conflict_key_queue,15,930015,r2-conflict_key_queue-p15-victim,r2-conflict_key_queue-p15-attacker,True,True,536.0021591186523,885.7510089874268,1778557873.6910486,1778557874.2177281,1778557873.724985,1778557874.218024,False,False,False,0,2,0,False
2,20463514,cross_shard_frontrun,conflict_key_queue,16,930016,r2-conflict_key_queue-p16-victim,r2-conflict_key_queue-p16-attacker,True,True,540.4651165008545,1155.764102935791,1778557873.700781,1778557874.3153813,1778557873.823768,1778557874.349984,False,False,False,0,2,0,False
2,20463514,cross_shard_frontrun,conflict_key_queue,17,930017,r2-conflict_key_queue-p17-victim,r2-conflict_key_queue-p17-attacker,True,True,435.1544380187988,549.260139465332,1778557873.6905608,1778557873.7654176,1778557873.690733,1778557873.862861,False,False,False,0,2,0,False
2,20463514,cross_shard_frontrun,conflict_key_queue,18,930018,r2-conflict_key_queue-p18-victim,r2-conflict_key_queue-p18-attacker,True,True,535.6395244598389,947.6187229156494,1778557873.691186,1778557874.2298534,1778557873.735541,1778557874.237895,False,False,False,0,2,0,False
2,20463514,cross_shard_frontrun,conflict_key_queue,19,930019,r2-conflict_key_queue-p19-victim,r2-conflict_key_queue-p19-attacker,True,True,533.8795185089111,603.1498908996582,1778557873.6908286,1778557873.9345596,1778557873.704205,1778557873.934717,False,False,False,0,2,0,False
2,20463514,cross_shard_frontrun,conflict_key_queue,20,930020,r2-conflict_key_queue-p20-victim,r2-conflict_key_queue-p20-attacker,True,True,540.3132438659668,1166.9549942016602,1778557873.7011538,1778557874.3157344,1778557873.853846,1778557874.365527,False,False,False,0,2,0,False
2,20463514,cross_shard_frontrun,conflict_key_queue,21,930021,r2-conflict_key_queue-p21-victim,r2-conflict_key_queue-p21-attacker,True,True,355.65829277038574,531.4786434173584,1778557873.6793988,1778557873.7037127,1778557873.679589,1778557873.853738,False,False,False,0,2,0,False
2,20463514,cross_shard_frontrun,conflict_key_queue,22,930022,r2-conflict_key_queue-p22-victim,r2-conflict_key_queue-p22-attacker,True,True,537.341833114624,954.2317390441895,1778557873.7004142,1778557874.2306259,1778557873.793595,1778557874.281846,False,False,False,0,2,0,False
2,20463514,cross_shard_frontrun,conflict_key_queue,23,930023,r2-conflict_key_queue-p23-victim,r2-conflict_key_queue-p23-attacker,True,True,533.7421894073486,953.0601501464844,1778557873.6912534,1778557874.2303722,1778557873.740545,1778557874.263193,False,False,False,0,2,0,False
2,20463514,cross_shard_frontrun,conflict_key_queue,24,930024,r2-conflict_key_queue-p24-victim,r2-conflict_key_queue-p24-attacker,True,True,536.5209579467773,955.1777839660645,1778557873.7004695,1778557874.255525,1778557873.798932,1778557874.288895,False,False,False,0,2,0,False
2,20463514,cross_shard_frontrun,conflict_key_queue,25,930025,r2-conflict_key_queue-p25-victim,r2-conflict_key_queue-p25-attacker,True,True,532.818078994751,944.5896148681641,1778557873.691406,1778557874.2300546,1778557873.746118,1778557874.244882,False,False,False,0,2,0,False
2,20463514,cross_shard_frontrun,conflict_key_queue,26,930026,r2-conflict_key_queue-p26-victim,r2-conflict_key_queue-p26-attacker,True,True,533.2992076873779,951.1826038360596,1778557873.699973,1778557874.2302547,1778557873.760743,1778557874.256925,False,False,False,0,2,0,False
2,20463514,cross_shard_frontrun,conflict_key_queue,27,930027,r2-conflict_key_queue-p27-victim,r2-conflict_key_queue-p27-attacker,True,True,531.5113067626953,943.4266090393066,1778557873.6911201,1778557874.2296722,1778557873.729892,1778557874.229902,False,False,False,0,2,0,False
2,20463514,cross_shard_frontrun,conflict_key_queue,28,930028,r2-conflict_key_queue-p28-victim,r2-conflict_key_queue-p28-attacker,True,True,533.1878662109375,951.07102394104,1778557873.7001004,1778557874.2304525,1778557873.76664,1778557874.269461,False,False,False,0,2,0,False
2,20463514,cross_shard_frontrun,conflict_key_queue,29,930029,r2-conflict_key_queue-p29-victim,r2-conflict_key_queue-p29-attacker,True,True,534.5096588134766,955.8162689208984,1778557873.7005367,1778557874.2851527,1778557873.805421,1778557874.290029,False,False,False,0,2,0,False
2,20463514,cross_shard_frontrun,conflict_key_queue,30,930030,r2-conflict_key_queue-p30-victim,r2-conflict_key_queue-p30-attacker,True,True,529.9327373504639,791.8095588684082,1778557873.6909952,1778557874.1297252,1778557873.719866,1778557874.12996,False,False,False,0,2,0,False
2,20463514,cross_shard_frontrun,conflict_key_queue,31,930031,r2-conflict_key_queue-p31-victim,r2-conflict_key_queue-p31-attacker,True,True,532.5493812561035,1148.7901210784912,1778557873.7001827,1778557874.3150375,1778557873.771761,1778557874.333704,False,False,False,0,2,0,False
2,20463514,cross_shard_frontrun,conflict_key_queue,32,930032,r2-conflict_key_queue-p32-victim,r2-conflict_key_queue-p32-attacker,True,True,454.24532890319824,782.7742099761963,1778557873.6915267,1778557874.2301655,1778557873.751041,1778557874.250965,False,False,False,0,2,0,False
2,20463514,cross_shard_frontrun,conflict_key_queue,33,930033,r2-conflict_key_queue-p33-victim,r2-conflict_key_queue-p33-attacker,True,True,354.8133373260498,968.3258533477783,1778557873.7009068,1778557874.3156118,1778557873.835187,1778557874.36024,False,False,False,0,2,0,False
2,20463514,cross_shard_frontrun,conflict_key_queue,34,930034,r2-conflict_key_queue-p34-victim,r2-conflict_key_queue-p34-attacker,True,True,318.6960220336914,869.6811199188232,1778557873.7061741,1778557874.315853,1778557873.860421,1778557874.370674,False,False,False,0,2,0,False
2,20463514,cross_shard_frontrun,conflict_key_queue,35,930035,r2-conflict_key_queue-p35-victim,r2-conflict_key_queue-p35-attacker,True,True,200.7312774658203,733.1545352935791,1778557873.7585843,1778557874.315952,1778557873.862223,1778557874.375852,False,False,False,0,2,0,False
2,20463514,cross_shard_frontrun,conflict_key_queue,36,930036,r2-conflict_key_queue-p36-victim,r2-conflict_key_queue-p36-attacker,True,True,76.4157772064209,634.1149806976318,1778557873.9289153,1778557874.316048,1778557873.929185,1778557874.380888,False,False,False,0,2,0,False
2,20463514,cross_shard_frontrun,conflict_key_queue,37,930037,r2-conflict_key_queue-p37-victim,r2-conflict_key_queue-p37-attacker,True,True,642.5797939300537,892.2185897827148,1778557874.3164675,1778557874.7545366,1778557874.391288,1778557874.754903,False,False,False,0,2,0,False
2,20463514,cross_shard_frontrun,conflict_key_queue,38,930038,r2-conflict_key_queue-p38-victim,r2-conflict_key_queue-p38-attacker,True,True,641.899585723877,895.5080509185791,1778557874.3162339,1778557874.7546363,1778557874.385912,1778557874.761336,False,False,False,0,2,0,False
2,20463514,cross_shard_frontrun,conflict_key_queue,39,930039,r2-conflict_key_queue-p39-victim,r2-conflict_key_queue-p39-attacker,True,True,643.1944370269775,1067.48628616333,1778557874.3171837,1778557874.8690608,1778557874.43041,1778557874.909508,False,False,False,0,2,0,False
2,20463514,cross_shard_frontrun,conflict_key_queue,40,930040,r2-conflict_key_queue-p40-victim,r2-conflict_key_queue-p40-attacker,True,True,641.5200233459473,1051.0659217834473,1778557874.3165963,1778557874.8684034,1778557874.396723,1778557874.868736,False,False,False,0,2,0,False
2,20463514,cross_shard_frontrun,conflict_key_queue,41,930041,r2-conflict_key_queue-p41-victim,r2-conflict_key_queue-p41-attacker,True,True,641.2720680236816,1050.7862567901611,1778557874.3166916,1778557874.8685446,1778557874.401968,1778557874.877516,False,False,False,0,2,0,False
2,20463514,cross_shard_frontrun,conflict_key_queue,42,930042,r2-conflict_key_queue-p42-victim,r2-conflict_key_queue-p42-attacker,True,True,642.6291465759277,1251.3558864593506,1778557874.3177147,1778557874.9191332,1778557874.447293,1778557874.938226,False,False,False,0,2,0,False
2,20463514,cross_shard_frontrun,conflict_key_queue,43,930043,r2-conflict_key_queue-p43-victim,r2-conflict_key_queue-p43-attacker,True,True,642.9150104522705,1251.579999923706,1778557874.3182344,1778557874.9326375,1778557874.470218,1778557874.955658,False,False,False,0,2,0,False
2,20463514,cross_shard_frontrun,conflict_key_queue,44,930044,r2-conflict_key_queue-p44-victim,r2-conflict_key_queue-p44-attacker,True,True,640.7957077026367,1066.0035610198975,1778557874.317283,1778557874.8692691,1778557874.43601,1778557874.921289,False,False,False,0,2,0,False
2,20463514,cross_shard_frontrun,conflict_key_queue,45,930045,r2-conflict_key_queue-p45-victim,r2-conflict_key_queue-p45-attacker,True,True,641.681432723999,1250.0879764556885,1778557874.317976,1778557874.9325068,1778557874.458886,1778557874.945296,False,False,False,0,2,0,False
2,20463514,cross_shard_frontrun,conflict_key_queue,46,930046,r2-conflict_key_queue-p46-victim,r2-conflict_key_queue-p46-attacker,True,True,638.7286186218262,1048.527717590332,1778557874.316811,1778557874.8687198,1778557874.40703,1778557874.884017,False,False,False,0,2,0,False
2,20463514,cross_shard_frontrun,conflict_key_queue,47,930047,r2-conflict_key_queue-p47-victim,r2-conflict_key_queue-p47-attacker,True,True,641.2794589996338,1250.0951290130615,1778557874.3184023,1778557874.9326963,1778557874.476188,1778557874.960582,False,False,False,0,2,0,False
2,20463514,cross_shard_frontrun,conflict_key_queue,48,930048,r2-conflict_key_queue-p48-victim,r2-conflict_key_queue-p48-attacker,True,True,638.4234428405762,1062.265157699585,1778557874.3169923,1778557874.8689783,1778557874.418556,1778557874.903196,False,False,False,0,2,0,False
2,20463514,cross_shard_frontrun,conflict_key_queue,49,930049,r2-conflict_key_queue-p49-victim,r2-conflict_key_queue-p49-attacker,True,True,637.8068923950195,1060.8532428741455,1778557874.3169122,1778557874.8688169,1778557874.412409,1778557874.890677,False,False,False,0,2,0,False
2,20463514,cross_shard_frontrun,conflict_key_queue,50,930050,r2-conflict_key_queue-p50-victim,r2-conflict_key_queue-p50-attacker,True,True,638.6196613311768,1064.1169548034668,1778557874.3175466,1778557874.8892376,1778557874.447169,1778557874.929235,False,False,False,0,2,0,False
2,20463514,cross_shard_frontrun,conflict_key_queue,51,930051,r2-conflict_key_queue-p51-victim,r2-conflict_key_queue-p51-attacker,True,True,639.8606300354004,1235.1360321044922,1778557874.3188465,1778557874.9327664,1778557874.481937,1778557874.965468,False,False,False,0,2,0,False
2,20463514,cross_shard_frontrun,conflict_key_queue,52,930052,r2-conflict_key_queue-p52-victim,r2-conflict_key_queue-p52-attacker,True,True,621.239423751831,1046.1547374725342,1778557874.3170938,1778557874.8691413,1778557874.424839,1778557874.91548,False,False,False,0,2,0,False
2,20463514,cross_shard_frontrun,conflict_key_queue,53,930053,r2-conflict_key_queue-p53-victim,r2-conflict_key_queue-p53-attacker,True,True,574.9814510345459,995.5978393554688,1778557874.3174012,1778557874.889097,1778557874.441679,1778557874.921699,False,False,False,0,2,0,False
2,20463514,cross_shard_frontrun,conflict_key_queue,54,930054,r2-conflict_key_queue-p54-victim,r2-conflict_key_queue-p54-attacker,True,True,568.7298774719238,1023.3218669891357,1778557874.3181217,1778557874.9325738,1778557874.464638,1778557874.9505,False,False,False,0,2,0,False
2,20463514,cross_shard_frontrun,conflict_key_queue,55,930055,r2-conflict_key_queue-p55-victim,r2-conflict_key_queue-p55-attacker,True,True,410.8469486236572,983.6626052856445,1778557874.3178313,1778557874.9324212,1778557874.453362,1778557874.939101,False,False,False,0,2,0,False
2,20463514,cross_shard_frontrun,conflict_key_queue,56,930056,r2-conflict_key_queue-p56-victim,r2-conflict_key_queue-p56-attacker,True,True,287.6248359680176,834.2375755310059,1778557874.3211386,1778557874.9328554,1778557874.487868,1778557874.970719,False,False,False,0,2,0,False
2,20463514,cross_shard_frontrun,conflict_key_queue,57,930057,r2-conflict_key_queue-p57-victim,r2-conflict_key_queue-p57-attacker,True,True,225.42166709899902,834.4089984893799,1778557874.3527832,1778557874.9331667,1778557874.488999,1778557874.985534,False,False,False,0,2,0,False
2,20463514,cross_shard_frontrun,conflict_key_queue,58,930058,r2-conflict_key_queue-p58-victim,r2-conflict_key_queue-p58-attacker,True,True,218.7368869781494,828.1393051147461,1778557874.359078,1778557874.933274,1778557874.495155,1778557874.99041,False,False,False,0,2,0,False
2,20463514,cross_shard_frontrun,conflict_key_queue,59,930059,r2-conflict_key_queue-p59-victim,r2-conflict_key_queue-p59-attacker,True,True,217.61655807495117,826.7707824707031,1778557874.3441558,1778557874.9329212,1778557874.488768,1778557874.975918,False,False,False,0,2,0,False
2,20463514,cross_shard_frontrun,conflict_key_queue,60,930060,r2-conflict_key_queue-p60-victim,r2-conflict_key_queue-p60-attacker,True,True,217.2393798828125,826.5156745910645,1778557874.3533525,1778557874.9330807,1778557874.489255,1778557874.980641,False,False,False,0,2,0,False
2,20463514,cross_shard_frontrun,conflict_key_queue,61,930061,r2-conflict_key_queue-p61-victim,r2-conflict_key_queue-p61-attacker,True,True,217.12970733642578,825.3369331359863,1778557874.356197,1778557874.9333785,1778557874.495336,1778557874.995372,False,False,False,0,2,0,False
2,20463514,cross_shard_frontrun,conflict_key_queue,62,930062,r2-conflict_key_queue-p62-victim,r2-conflict_key_queue-p62-attacker,True,True,213.08279037475586,480.49283027648926,1778557874.3618758,1778557874.8688989,1778557874.501757,1778557874.896115,False,False,False,0,2,0,False
2,20463514,cross_shard_frontrun,conflict_key_queue,63,930063,r2-conflict_key_queue-p63-victim,r2-conflict_key_queue-p63-attacker,True,True,65.20771980285645,635.9028816223145,1778557874.54959,1778557874.9334674,1778557874.549801,1778557875.000368,False,False,False,0,2,0,False
2,20463514,cross_shard_frontrun,conflict_key_queue,64,930064,r2-conflict_key_queue-p64-victim,r2-conflict_key_queue-p64-attacker,True,True,80.54876327514648,635.9074115753174,1778557874.5657377,1778557874.933713,1778557874.56591,1778557875.011255,False,False,False,0,2,0,False
2,20463514,cross_shard_frontrun,conflict_key_queue,65,930065,r2-conflict_key_queue-p65-victim,r2-conflict_key_queue-p65-attacker,True,True,75.10924339294434,635.0157260894775,1778557874.5609896,1778557874.933608,1778557874.56117,1778557875.005805,False,False,False,0,2,0,False
2,20463514,cross_shard_frontrun,conflict_key_queue,66,930066,r2-conflict_key_queue-p66-victim,r2-conflict_key_queue-p66-attacker,True,True,100.65722465515137,623.1439113616943,1778557874.5924523,1778557874.9337904,1778557874.592625,1778557875.016419,False,False,False,0,2,0,False
2,20463514,cross_shard_frontrun,conflict_key_queue,67,930067,r2-conflict_key_queue-p67-victim,r2-conflict_key_queue-p67-attacker,True,True,80.26814460754395,612.1325492858887,1778557874.57877,1778557874.8893144,1778557874.578959,1778557874.93596,False,False,False,0,2,0,False
2,20463514,cross_shard_frontrun,conflict_key_queue,68,930068,r2-conflict_key_queue-p68-victim,r2-conflict_key_queue-p68-attacker,True,True,630.8002471923828,882.9300403594971,1778557874.9338832,1778557875.3901486,1778557875.021273,1778557875.390531,False,False,False,0,2,0,False
2,20463514,cross_shard_frontrun,conflict_key_queue,69,930069,r2-conflict_key_queue-p69-victim,r2-conflict_key_queue-p69-attacker,True,True,630.295991897583,1036.5173816680908,1778557874.9340353,1778557875.4888468,1778557875.026558,1778557875.489277,False,False,False,0,2,0,False
2,20463514,cross_shard_frontrun,conflict_key_queue,70,930070,r2-conflict_key_queue-p70-victim,r2-conflict_key_queue-p70-attacker,True,True,630.6772232055664,1037.2271537780762,1778557874.9349356,1778557875.4896069,1778557875.060252,1778557875.524004,False,False,False,0,2,0,False
2,20463514,cross_shard_frontrun,conflict_key_queue,71,930071,r2-conflict_key_queue-p71-victim,r2-conflict_key_queue-p71-attacker,True,True,629.5270919799805,1035.9106063842773,1778557874.9341207,1778557875.4890528,1778557875.031297,1778557875.497273,False,False,False,0,2,0,False
2,20463514,cross_shard_frontrun,conflict_key_queue,72,930072,r2-conflict_key_queue-p72-victim,r2-conflict_key_queue-p72-attacker,True,True,629.1711330413818,1035.5725288391113,1778557874.9341934,1778557875.489257,1778557875.036753,1778557875.503881,False,False,False,0,2,0,False
2,20463514,cross_shard_frontrun,conflict_key_queue,73,930073,r2-conflict_key_queue-p73-victim,r2-conflict_key_queue-p73-attacker,True,True,630.033016204834,1040.865182876587,1778557874.937147,1778557875.5273745,1778557875.09205,1778557875.549065,False,False,False,0,2,0,False
2,20463514,cross_shard_frontrun,conflict_key_queue,74,930074,r2-conflict_key_queue-p74-victim,r2-conflict_key_queue-p74-attacker,True,True,628.4148693084717,1034.907579421997,1778557874.9343848,1778557875.489375,1778557875.042855,1778557875.510387,False,False,False,0,2,0,False
2,20463514,cross_shard_frontrun,conflict_key_queue,75,930075,r2-conflict_key_queue-p75-victim,r2-conflict_key_queue-p75-attacker,True,True,629.713773727417,1214.5640850067139,1778557874.938417,1778557875.5638423,1778557875.116194,1778557875.574658,False,False,False,0,2,0,False
2,20463514,cross_shard_frontrun,conflict_key_queue,76,930076,r2-conflict_key_queue-p76-victim,r2-conflict_key_queue-p76-attacker,True,True,628.6613941192627,1046.506404876709,1778557874.9377928,1778557875.5578299,1778557875.097993,1778557875.558032,False,False,False,0,2,0,False
2,20463514,cross_shard_frontrun,conflict_key_queue,77,930077,r2-conflict_key_queue-p77-victim,r2-conflict_key_queue-p77-attacker,True,True,627.6185512542725,1034.614086151123,1778557874.9353929,1778557875.4899635,1778557875.066638,1778557875.535493,False,False,False,0,2,0,False
2,20463514,cross_shard_frontrun,conflict_key_queue,78,930078,r2-conflict_key_queue-p78-victim,r2-conflict_key_queue-p78-attacker,True,True,626.9533634185791,1033.7750911712646,1778557874.9345412,1778557875.489479,1778557875.048711,1778557875.516723,False,False,False,0,2,0,False
2,20463514,cross_shard_frontrun,conflict_key_queue,79,930079,r2-conflict_key_queue-p79-victim,r2-conflict_key_queue-p79-attacker,True,True,627.6187896728516,1038.444995880127,1778557874.9367738,1778557875.5097272,1778557875.086078,1778557875.548214,False,False,False,0,2,0,False
2,20463514,cross_shard_frontrun,conflict_key_queue,80,930080,r2-conflict_key_queue-p80-victim,r2-conflict_key_queue-p80-attacker,True,True,626.9707679748535,1033.942699432373,1778557874.9356644,1778557875.4900534,1778557875.072458,1778557875.541722,False,False,False,0,2,0,False
2,20463514,cross_shard_frontrun,conflict_key_queue,81,930081,r2-conflict_key_queue-p81-victim,r2-conflict_key_queue-p81-attacker,True,True,627.4204254150391,1200.6690502166748,1778557874.9379315,1778557875.5635796,1778557875.103615,1778557875.563767,False,False,False,0,2,0,False
2,20463514,cross_shard_frontrun,conflict_key_queue,82,930082,r2-conflict_key_queue-p82-victim,r2-conflict_key_queue-p82-attacker,True,True,581.2785625457764,978.9021015167236,1778557874.9359562,1778557875.4901562,1778557875.078517,1778557875.547966,False,False,False,0,2,0,False
2,20463514,cross_shard_frontrun,conflict_key_queue,83,930083,r2-conflict_key_queue-p83-victim,r2-conflict_key_queue-p83-attacker,True,True,566.3096904754639,1138.1726264953613,1778557874.938122,1778557875.5637088,1778557875.110414,1778557875.569549,False,False,False,0,2,0,False
2,20463514,cross_shard_frontrun,conflict_key_queue,84,930084,r2-conflict_key_queue-p84-victim,r2-conflict_key_queue-p84-attacker,True,True,537.9645824432373,780.1041603088379,1778557874.9346507,1778557875.489853,1778557875.054526,1778557875.529627,False,False,False,0,2,0,False
2,20463514,cross_shard_frontrun,conflict_key_queue,85,930085,r2-conflict_key_queue-p85-victim,r2-conflict_key_queue-p85-attacker,True,True,370.96214294433594,799.3545532226562,1778557874.9385746,1778557875.5639055,1778557875.122479,1778557875.579962,False,False,False,0,2,0,False
2,20463514,cross_shard_frontrun,conflict_key_queue,86,930086,r2-conflict_key_queue-p86-victim,r2-conflict_key_queue-p86-attacker,True,True,214.40434455871582,799.0016937255859,1778557874.9910724,1778557875.5639627,1778557875.125181,1778557875.585174,False,False,False,0,2,0,False
2,20463514,cross_shard_frontrun,conflict_key_queue,87,930087,r2-conflict_key_queue-p87-victim,r2-conflict_key_queue-p87-attacker,True,True,200.93035697937012,785.2094173431396,1778557875.0047798,1778557875.564207,1778557875.132126,1778557875.600923,False,False,False,0,2,0,False
2,20463514,cross_shard_frontrun,conflict_key_queue,88,930088,r2-conflict_key_queue-p88-victim,r2-conflict_key_queue-p88-attacker,True,True,199.25808906555176,783.5919857025146,1778557874.999212,1778557875.564019,1778557875.125787,1778557875.590687,False,False,False,0,2,0,False
2,20463514,cross_shard_frontrun,conflict_key_queue,89,930089,r2-conflict_key_queue-p89-victim,r2-conflict_key_queue-p89-attacker,True,True,200.07705688476562,782.6156616210938,1778557875.0020502,1778557875.5641396,1778557875.132362,1778557875.595773,False,False,False,0,2,0,False
2,20463514,cross_shard_frontrun,conflict_key_queue,90,930090,r2-conflict_key_queue-p90-victim,r2-conflict_key_queue-p90-attacker,True,True,199.31912422180176,782.3145389556885,1778557875.0097425,1778557875.5642679,1778557875.132409,1778557875.60638,False,False,False,0,2,0,False
2,20463514,cross_shard_frontrun,conflict_key_queue,91,930091,r2-conflict_key_queue-p91-victim,r2-conflict_key_queue-p91-attacker,True,True,81.48431777954102,598.8917350769043,1778557875.200338,1778557875.5643358,1778557875.200647,1778557875.611731,False,False,False,0,2,0,False
2,20463514,cross_shard_frontrun,conflict_key_queue,92,930092,r2-conflict_key_queue-p92-victim,r2-conflict_key_queue-p92-attacker,True,True,109.87424850463867,598.6697673797607,1778557875.2231598,1778557875.5644107,1778557875.223519,1778557875.617144,False,False,False,0,2,0,False
2,20463514,cross_shard_frontrun,conflict_key_queue,93,930093,r2-conflict_key_queue-p93-victim,r2-conflict_key_queue-p93-attacker,True,True,94.32482719421387,598.273515701294,1778557875.2142808,1778557875.5644882,1778557875.214484,1778557875.622031,False,False,False,0,2,0,False
2,20463514,cross_shard_frontrun,conflict_key_queue,94,930094,r2-conflict_key_queue-p94-victim,r2-conflict_key_queue-p94-attacker,True,True,606.788158416748,632.2522163391113,1778557875.5647323,1778557875.753796,1778557875.638085,1778557875.759632,False,False,False,0,2,0,False
2,20463514,cross_shard_frontrun,conflict_key_queue,95,930095,r2-conflict_key_queue-p95-victim,r2-conflict_key_queue-p95-attacker,True,True,621.7429637908936,954.2064666748047,1778557875.5652149,1778557875.9778807,1778557875.683293,1778557876.012941,False,False,False,0,2,0,False
2,20463514,cross_shard_frontrun,conflict_key_queue,96,930096,r2-conflict_key_queue-p96-victim,r2-conflict_key_queue-p96-attacker,True,True,605.4878234863281,634.2201232910156,1778557875.5646646,1778557875.7593203,1778557875.632722,1778557875.764339,False,False,False,0,2,0,False
2,20463514,cross_shard_frontrun,conflict_key_queue,97,930097,r2-conflict_key_queue-p97-victim,r2-conflict_key_queue-p97-attacker,True,True,618.640661239624,636.0399723052979,1778557875.564786,1778557875.75667,1778557875.643081,1778557875.764667,False,False,False,0,2,0,False
2,20463514,cross_shard_frontrun,conflict_key_queue,98,930098,r2-conflict_key_queue-p98-victim,r2-conflict_key_queue-p98-attacker,True,True,613.9979362487793,946.4755058288574,1778557875.5652747,1778557875.9779623,1778557875.688873,1778557876.017796,False,False,False,0,2,0,False
2,20463514,cross_shard_frontrun,conflict_key_queue,99,930099,r2-conflict_key_queue-p99-victim,r2-conflict_key_queue-p99-attacker,True,True,597.4187850952148,623.4748363494873,1778557875.5645857,1778557875.7537184,1778557875.627769,1778557875.754079,False,False,False,0,2,0,False
2,20463514,cross_shard_frontrun,conflict_key_queue,100,930100,r2-conflict_key_queue-p100-victim,r2-conflict_key_queue-p100-attacker,True,True,612.8358840942383,945.5232620239258,1778557875.565133,1778557875.9778056,1778557875.676809,1778557876.00782,False,False,False,0,2,0,False
2,20463514,cross_shard_frontrun,conflict_key_queue,101,930101,r2-conflict_key_queue-p101-victim,r2-conflict_key_queue-p101-attacker,True,True,612.0460033416748,944.7002410888672,1778557875.5649517,1778557875.977585,1778557875.658971,1778557875.992209,False,False,False,0,2,0,False
2,20463514,cross_shard_frontrun,conflict_key_queue,102,930102,r2-conflict_key_queue-p102-victim,r2-conflict_key_queue-p102-attacker,True,True,611.9234561920166,944.6766376495361,1778557875.5650012,1778557875.9776578,1778557875.664941,1778557876.002459,False,False,False,0,2,0,False
2,20463514,cross_shard_frontrun,conflict_key_queue,103,930103,r2-conflict_key_queue-p103-victim,r2-conflict_key_queue-p103-attacker,True,True,610.3630065917969,943.9024925231934,1778557875.5648408,1778557875.9774287,1778557875.648546,1778557875.986531,False,False,False,0,2,0,False
2,20463514,cross_shard_frontrun,conflict_key_queue,104,930104,r2-conflict_key_queue-p104-victim,r2-conflict_key_queue-p104-attacker,True,True,610.7966899871826,895.4119682312012,1778557875.564902,1778557875.9772747,1778557875.653225,1778557875.977605,False,False,False,0,2,0,False
2,20463514,cross_shard_frontrun,conflict_key_queue,105,930105,r2-conflict_key_queue-p105-victim,r2-conflict_key_queue-p105-attacker,True,True,613.2240295410156,945.4827308654785,1778557875.5668833,1778557875.9785454,1778557875.716751,1778557876.043496,False,False,False,0,2,0,False
2,20463514,cross_shard_frontrun,conflict_key_queue,106,930106,r2-conflict_key_queue-p106-victim,r2-conflict_key_queue-p106-attacker,True,True,612.6866340637207,944.8139667510986,1778557875.5656426,1778557875.9784648,1778557875.716635,1778557876.03779,False,False,False,0,2,0,False
2,20463514,cross_shard_frontrun,conflict_key_queue,107,930107,r2-conflict_key_queue-p107-victim,r2-conflict_key_queue-p107-attacker,True,True,612.1630668640137,944.6980953216553,1778557875.5655646,1778557875.9782608,1778557875.711169,1778557876.038032,False,False,False,0,2,0,False
2,20463514,cross_shard_frontrun,conflict_key_queue,108,930108,r2-conflict_key_queue-p108-victim,r2-conflict_key_queue-p108-attacker,True,True,612.5509738922119,944.6110725402832,1778557875.569382,1778557875.9786162,1778557875.723086,1778557876.048367,False,False,False,0,2,0,False
2,20463514,cross_shard_frontrun,conflict_key_queue,109,930109,r2-conflict_key_queue-p109-victim,r2-conflict_key_queue-p109-attacker,True,True,609.8041534423828,942.2276020050049,1778557875.5650604,1778557875.977738,1778557875.671126,1778557875.997271,False,False,False,0,2,0,False
2,20463514,cross_shard_frontrun,conflict_key_queue,110,930110,r2-conflict_key_queue-p110-victim,r2-conflict_key_queue-p110-attacker,True,True,610.3243827819824,941.5397644042969,1778557875.5654156,1778557875.9781182,1778557875.700447,1778557876.027314,False,False,False,0,2,0,False
2,20463514,cross_shard_frontrun,conflict_key_queue,111,930111,r2-conflict_key_queue-p111-victim,r2-conflict_key_queue-p111-attacker,True,True,608.9866161346436,875.6711483001709,1778557875.5654795,1778557875.9781833,1778557875.705934,1778557876.032706,False,False,False,0,2,0,False
2,20463514,cross_shard_frontrun,conflict_key_queue,112,930112,r2-conflict_key_queue-p112-victim,r2-conflict_key_queue-p112-attacker,True,True,528.986930847168,846.4555740356445,1778557875.5653257,1778557875.9780421,1778557875.694553,1778557876.022573,False,False,False,0,2,0,False
2,20463514,cross_shard_frontrun,conflict_key_queue,113,930113,r2-conflict_key_queue-p113-victim,r2-conflict_key_queue-p113-attacker,True,True,354.77328300476074,532.6626300811768,1778557875.5694396,1778557875.978706,1778557875.728491,1778557876.054005,False,False,False,0,2,0,False
2,20463514,cross_shard_frontrun,conflict_key_queue,114,930114,r2-conflict_key_queue-p114-victim,r2-conflict_key_queue-p114-attacker,True,True,201.81965827941895,532.9189300537109,1778557875.6204767,1778557875.978999,1778557875.729762,1778557876.074882,False,False,False,0,2,0,False
2,20463514,cross_shard_frontrun,conflict_key_queue,115,930115,r2-conflict_key_queue-p115-victim,r2-conflict_key_queue-p115-attacker,True,True,201.9631862640381,532.9232215881348,1778557875.6455724,1778557875.9809692,1778557875.744359,1778557876.086446,False,False,False,0,2,0,False
2,20463514,cross_shard_frontrun,conflict_key_queue,116,930116,r2-conflict_key_queue-p116-victim,r2-conflict_key_queue-p116-attacker,True,True,199.93066787719727,531.4221382141113,1778557875.642026,1778557875.978768,1778557875.73069,1778557876.059469,False,False,False,0,2,0,False
2,20463514,cross_shard_frontrun,conflict_key_queue,117,930117,r2-conflict_key_queue-p117-victim,r2-conflict_key_queue-p117-attacker,True,True,200.8814811706543,531.8567752838135,1778557875.6420734,1778557875.9790766,1778557875.738401,1778557876.080241,False,False,False,0,2,0,False
2,20463514,cross_shard_frontrun,conflict_key_queue,118,930118,r2-conflict_key_queue-p118-victim,r2-conflict_key_queue-p118-attacker,True,True,197.83806800842285,527.0299911499023,1778557875.6358833,1778557875.9788458,1778557875.730303,1778557876.064691,False,False,False,0,2,0,False
2,20463514,cross_shard_frontrun,conflict_key_queue,119,930119,r2-conflict_key_queue-p119-victim,r2-conflict_key_queue-p119-attacker,True,True,195.56474685668945,519.9151039123535,1778557875.629538,1778557875.9789248,1778557875.729954,1778557876.069861,False,False,False,0,2,0,False
2,20464514,cross_shard_frontrun,two_phase_commit,0,940000,r2-two_phase_commit-p0-victim,r2-two_phase_commit-p0-attacker,True,True,85.58058738708496,752.4778842926025,1778557877.173587,1778557877.8023353,1778557877.174612,1778557877.802695,False,False,False,0,2,0,False
2,20464514,cross_shard_frontrun,two_phase_commit,1,940001,r2-two_phase_commit-p1-victim,r2-two_phase_commit-p1-attacker,True,True,136.92879676818848,1030.1322937011719,1778557877.2267847,1778557877.8024664,1778557877.227032,1778557877.81154,False,False,False,0,2,0,False
2,20464514,cross_shard_frontrun,two_phase_commit,2,940002,r2-two_phase_commit-p2-victim,r2-two_phase_commit-p2-attacker,True,True,241.69015884399414,1029.7574996948242,1778557877.3253386,1778557877.8027737,1778557877.332117,1778557877.822228,False,False,False,0,2,0,False
2,20464514,cross_shard_frontrun,two_phase_commit,3,940003,r2-two_phase_commit-p3-victim,r2-two_phase_commit-p3-attacker,True,True,237.28442192077637,1029.8857688903809,1778557877.3224957,1778557877.8029077,1778557877.322802,1778557877.826967,False,False,False,0,2,0,False
2,20464514,cross_shard_frontrun,two_phase_commit,4,940004,r2-two_phase_commit-p4-victim,r2-two_phase_commit-p4-attacker,True,True,335.0687026977539,1029.9949645996094,1778557877.4262817,1778557877.8031216,1778557877.426587,1778557877.837454,False,False,False,0,2,0,False
2,20464514,cross_shard_frontrun,two_phase_commit,5,940005,r2-two_phase_commit-p5-victim,r2-two_phase_commit-p5-attacker,True,True,1036.8218421936035,1030.5352210998535,1778557877.8026748,1778557877.8035479,1778557877.816619,1778557877.853394,False,False,False,0,2,0,False
2,20464514,cross_shard_frontrun,two_phase_commit,6,940006,r2-two_phase_commit-p6-victim,r2-two_phase_commit-p6-attacker,True,True,1037.1379852294922,1030.590534210205,1778557877.8030047,1778557877.8037438,1778557877.831848,1778557877.86448,False,False,False,0,2,0,False
2,20464514,cross_shard_frontrun,two_phase_commit,7,940007,r2-two_phase_commit-p7-victim,r2-two_phase_commit-p7-attacker,True,True,1037.9176139831543,1030.5919647216797,1778557877.8033082,1778557877.803873,1778557877.848164,1778557877.86981,False,False,False,0,2,0,False
2,20464514,cross_shard_frontrun,two_phase_commit,8,940008,r2-two_phase_commit-p8-victim,r2-two_phase_commit-p8-attacker,True,True,1037.1971130371094,1030.5564403533936,1778557877.8032043,1778557877.8039758,1778557877.842695,1778557877.8754,False,False,False,0,2,0,False
2,20464514,cross_shard_frontrun,two_phase_commit,9,940009,r2-two_phase_commit-p9-victim,r2-two_phase_commit-p9-attacker,True,True,1033.942699432373,1027.430772781372,1778557877.8034039,1778557877.8054328,1778557877.853706,1778557877.906561,False,False,False,0,2,0,False
2,20464514,cross_shard_frontrun,two_phase_commit,10,940010,r2-two_phase_commit-p10-victim,r2-two_phase_commit-p10-attacker,True,True,1033.3607196807861,1027.327537536621,1778557877.8036575,1778557877.8058004,1778557877.858847,1778557877.924683,False,False,False,0,2,0,False
2,20464514,cross_shard_frontrun,two_phase_commit,11,940011,r2-two_phase_commit-p11-victim,r2-two_phase_commit-p11-attacker,True,True,1033.5800647735596,1027.3041725158691,1778557877.8041873,1778557877.8063357,1778557877.880893,1778557877.941935,False,False,False,0,2,0,False
2,20464514,cross_shard_frontrun,two_phase_commit,12,940012,r2-two_phase_commit-p12-victim,r2-two_phase_commit-p12-attacker,True,True,1033.24556350708,1027.085304260254,1778557877.8042886,1778557877.806884,1778557877.885837,1778557877.959938,False,False,False,0,2,0,False
2,20464514,cross_shard_frontrun,two_phase_commit,13,940013,r2-two_phase_commit-p13-victim,r2-two_phase_commit-p13-attacker,True,True,1032.883882522583,1026.792049407959,1778557877.8043852,1778557877.807216,1778557877.891026,1778557877.983196,False,False,False,0,2,0,False
2,20464514,cross_shard_frontrun,two_phase_commit,14,940014,r2-two_phase_commit-p14-victim,r2-two_phase_commit-p14-attacker,True,True,1032.475471496582,1025.0322818756104,1778557877.8048234,1778557877.8074076,1778557877.896379,1778557877.994358,False,False,False,0,2,0,False
2,20464514,cross_shard_frontrun,two_phase_commit,15,940015,r2-two_phase_commit-p15-victim,r2-two_phase_commit-p15-attacker,True,True,1032.1319103240967,1025.2058506011963,1778557877.8051808,1778557877.807504,1778557877.901437,1778557877.999902,False,False,False,0,2,0,False
2,20464514,cross_shard_frontrun,two_phase_commit,16,940016,r2-two_phase_commit-p16-victim,r2-two_phase_commit-p16-attacker,True,True,1031.9037437438965,1025.6762504577637,1778557877.805571,1778557877.807739,1778557877.913309,1778557878.017962,False,False,False,0,2,0,False
2,20464514,cross_shard_frontrun,two_phase_commit,17,940017,r2-two_phase_commit-p17-victim,r2-two_phase_commit-p17-attacker,True,True,1031.6441059112549,1025.7093906402588,1778557877.8056738,1778557877.8077984,1778557877.919136,1778557878.025129,False,False,False,0,2,0,False
2,20464514,cross_shard_frontrun,two_phase_commit,18,940018,r2-two_phase_commit-p18-victim,r2-two_phase_commit-p18-attacker,True,True,1031.724214553833,1025.8855819702148,1778557877.806033,1778557877.8079603,1778557877.931028,1778557878.036766,False,False,False,0,2,0,False
2,20464514,cross_shard_frontrun,two_phase_commit,19,940019,r2-two_phase_commit-p19-victim,r2-two_phase_commit-p19-attacker,True,True,1031.4323902130127,1025.5608558654785,1778557877.8062,1778557877.808046,1778557877.936644,1778557878.04288,False,False,False,0,2,0,False
2,20464514,cross_shard_frontrun,two_phase_commit,20,940020,r2-two_phase_commit-p20-victim,r2-two_phase_commit-p20-attacker,True,True,1031.0380458831787,1025.0279903411865,1778557877.8065078,1778557877.808349,1778557877.948412,1778557878.061963,False,False,False,0,2,0,False
2,20464514,cross_shard_frontrun,two_phase_commit,21,940021,r2-two_phase_commit-p21-victim,r2-two_phase_commit-p21-attacker,True,True,1030.292272567749,1024.432897567749,1778557877.8068209,1778557877.8084364,1778557877.954294,1778557878.067642,False,False,False,0,2,0,False
2,20464514,cross_shard_frontrun,two_phase_commit,22,940022,r2-two_phase_commit-p22-victim,r2-two_phase_commit-p22-attacker,True,True,1030.0438404083252,1025.0282287597656,1778557877.8070312,1778557877.808518,1778557877.971058,1778557878.073844,False,False,False,0,2,0,False
2,20464514,cross_shard_frontrun,two_phase_commit,23,940023,r2-two_phase_commit-p23-victim,r2-two_phase_commit-p23-attacker,True,True,1029.6835899353027,1023.6644744873047,1778557877.8071284,1778557877.8085945,1778557877.976697,1778557878.079604,False,False,False,0,2,0,False
2,20464514,cross_shard_frontrun,two_phase_commit,24,940024,r2-two_phase_commit-p24-victim,r2-two_phase_commit-p24-attacker,True,True,1029.0565490722656,1023.794412612915,1778557877.8069427,1778557877.8087218,1778557877.965544,1778557878.091422,False,False,False,0,2,0,False
2,20464514,cross_shard_frontrun,two_phase_commit,25,940025,r2-two_phase_commit-p25-victim,r2-two_phase_commit-p25-attacker,True,True,1029.0172100067139,1023.2059955596924,1778557877.8073175,1778557877.8087776,1778557877.988986,1778557878.096962,False,False,False,0,2,0,False
2,20464514,cross_shard_frontrun,two_phase_commit,26,940026,r2-two_phase_commit-p26-victim,r2-two_phase_commit-p26-attacker,True,True,1029.346227645874,1023.1420993804932,1778557877.8076096,1778557877.8088262,1778557878.006074,1778557878.103101,False,False,False,0,2,0,False
2,20464514,cross_shard_frontrun,two_phase_commit,27,940027,r2-two_phase_commit-p27-victim,r2-two_phase_commit-p27-attacker,True,True,1029.1094779968262,1023.0309963226318,1778557877.8076737,1778557877.8088858,1778557878.011664,1778557878.109003,False,False,False,0,2,0,False
2,20464514,cross_shard_frontrun,two_phase_commit,28,940028,r2-two_phase_commit-p28-victim,r2-two_phase_commit-p28-attacker,True,True,1028.9602279663086,1022.8128433227539,1778557877.8078666,1778557877.8089623,1778557878.031164,1778557878.114642,False,False,False,0,2,0,False
2,20464514,cross_shard_frontrun,two_phase_commit,29,940029,r2-two_phase_commit-p29-victim,r2-two_phase_commit-p29-attacker,True,True,1029.036283493042,1022.8793621063232,1778557877.8081567,1778557877.8092246,1778557878.048969,1778557878.131997,False,False,False,0,2,0,False
2,20464514,cross_shard_frontrun,two_phase_commit,30,940030,r2-two_phase_commit-p30-victim,r2-two_phase_commit-p30-attacker,True,True,1028.803825378418,1022.320032119751,1778557877.8082747,1778557877.8090725,1778557878.056269,1778557878.121072,False,False,False,0,2,0,False
2,20464514,cross_shard_frontrun,two_phase_commit,31,940031,r2-two_phase_commit-p31-victim,r2-two_phase_commit-p31-attacker,True,True,1029.0594100952148,1022.1028327941895,1778557877.8086612,1778557877.8091607,1778557878.085826,1778557878.126481,False,False,False,0,2,0,False
2,20464514,cross_shard_frontrun,two_phase_commit,32,940032,r2-two_phase_commit-p32-victim,r2-two_phase_commit-p32-attacker,True,True,964.0874862670898,904.6483039855957,1778557877.8414595,1778557877.8446512,1778557878.133101,1778557878.133308,False,False,False,0,2,0,False
2,20464514,cross_shard_frontrun,two_phase_commit,33,940033,r2-two_phase_commit-p33-victim,r2-two_phase_commit-p33-attacker,True,True,810.6000423431396,798.4347343444824,1778557877.8504467,1778557877.8538136,1778557878.133691,1778557878.133867,False,False,False,0,2,0,False
2,20464514,cross_shard_frontrun,two_phase_commit,34,940034,r2-two_phase_commit-p34-victim,r2-two_phase_commit-p34-attacker,True,True,712.5656604766846,281.038761138916,1778557877.858984,1778557877.8659992,1778557878.134281,1778557878.134478,False,False,False,0,2,0,False
2,20464514,cross_shard_frontrun,two_phase_commit,35,940035,r2-two_phase_commit-p35-victim,r2-two_phase_commit-p35-attacker,True,True,97.09954261779785,1030.7271480560303,1778557878.202697,1778557878.8338938,1778557878.202965,1778557878.874391,False,False,False,0,2,0,False
2,20464514,cross_shard_frontrun,two_phase_commit,36,940036,r2-two_phase_commit-p36-victim,r2-two_phase_commit-p36-attacker,True,True,236.87267303466797,1038.294792175293,1778557878.3673422,1778557878.834332,1778557878.367718,1778557878.894675,False,False,False,0,2,0,False
2,20464514,cross_shard_frontrun,two_phase_commit,37,940037,r2-two_phase_commit-p37-victim,r2-two_phase_commit-p37-attacker,True,True,345.5519676208496,1039.931058883667,1778557878.475163,1778557878.8357863,1778557878.475408,1778557878.952725,False,False,False,0,2,0,False
2,20464514,cross_shard_frontrun,two_phase_commit,38,940038,r2-two_phase_commit-p38-victim,r2-two_phase_commit-p38-attacker,True,True,326.4422416687012,1038.7883186340332,1778557878.458426,1778557878.8355217,1778557878.45874,1778557878.939645,False,False,False,0,2,0,False
2,20464514,cross_shard_frontrun,two_phase_commit,39,940039,r2-two_phase_commit-p39-victim,r2-two_phase_commit-p39-attacker,True,True,840.2214050292969,1039.4525527954102,1778557878.8331747,1778557878.8362296,1778557878.833542,1778557878.969174,False,False,False,0,2,0,False
2,20464514,cross_shard_frontrun,two_phase_commit,40,940040,r2-two_phase_commit-p40-victim,r2-two_phase_commit-p40-attacker,True,True,1035.3152751922607,1039.4132137298584,1778557878.833546,1778557878.8364286,1778557878.853446,1778557878.974548,False,False,False,0,2,0,False
2,20464514,cross_shard_frontrun,two_phase_commit,41,940041,r2-two_phase_commit-p41-victim,r2-two_phase_commit-p41-attacker,True,True,1034.2917442321777,1039.443016052246,1778557878.8333201,1778557878.8370929,1778557878.842942,1778557878.985954,False,False,False,0,2,0,False
2,20464514,cross_shard_frontrun,two_phase_commit,42,940042,r2-two_phase_commit-p42-victim,r2-two_phase_commit-p42-attacker,True,True,1034.9833965301514,1039.9041175842285,1778557878.8336868,1778557878.8372674,1778557878.863732,1778557879.003866,False,False,False,0,2,0,False
2,20464514,cross_shard_frontrun,two_phase_commit,43,940043,r2-two_phase_commit-p43-victim,r2-two_phase_commit-p43-attacker,True,True,1033.8375568389893,1039.757251739502,1778557878.8334734,1778557878.8373625,1778557878.848389,1778557879.009351,False,False,False,0,2,0,False
2,20464514,cross_shard_frontrun,two_phase_commit,44,940044,r2-two_phase_commit-p44-victim,r2-two_phase_commit-p44-attacker,True,True,1033.7779521942139,1039.8364067077637,1778557878.833622,1778557878.8374324,1778557878.858496,1778557879.014601,False,False,False,0,2,0,False
2,20464514,cross_shard_frontrun,two_phase_commit,45,940045,r2-two_phase_commit-p45-victim,r2-two_phase_commit-p45-attacker,True,True,1034.0752601623535,1039.5805835723877,1778557878.8338063,1778557878.837491,1778557878.869183,1778557879.020312,False,False,False,0,2,0,False
2,20464514,cross_shard_frontrun,two_phase_commit,46,940046,r2-two_phase_commit-p46-victim,r2-two_phase_commit-p46-attacker,True,True,1034.1992378234863,1039.3266677856445,1778557878.8340645,1778557878.837618,1778557878.879719,1778557879.025507,False,False,False,0,2,0,False
2,20464514,cross_shard_frontrun,two_phase_commit,47,940047,r2-two_phase_commit-p47-victim,r2-two_phase_commit-p47-attacker,True,True,1041.4693355560303,1039.3974781036377,1778557878.8342538,1778557878.8377311,1778557878.889731,1778557879.037138,False,False,False,0,2,0,False
2,20464514,cross_shard_frontrun,two_phase_commit,48,940048,r2-two_phase_commit-p48-victim,r2-two_phase_commit-p48-attacker,True,True,1033.8013172149658,1039.8249626159668,1778557878.8341527,1778557878.838094,1778557878.884656,1778557879.060555,False,False,False,0,2,0,False
2,20464514,cross_shard_frontrun,two_phase_commit,49,940049,r2-two_phase_commit-p49-victim,r2-two_phase_commit-p49-attacker,True,True,1041.6419506072998,1039.4854545593262,1778557878.83454,1778557878.8380122,1778557878.904709,1778557879.054234,False,False,False,0,2,0,False
2,20464514,cross_shard_frontrun,two_phase_commit,50,940050,r2-two_phase_commit-p50-victim,r2-two_phase_commit-p50-attacker,True,True,1041.2497520446777,1039.6101474761963,1778557878.8344305,1778557878.838259,1778557878.899677,1778557879.06672,False,False,False,0,2,0,False
2,20464514,cross_shard_frontrun,two_phase_commit,51,940051,r2-two_phase_commit-p51-victim,r2-two_phase_commit-p51-attacker,True,True,1041.5091514587402,1039.5584106445312,1778557878.8346472,1778557878.8384416,1778557878.90978,1778557879.079045,False,False,False,0,2,0,False
2,20464514,cross_shard_frontrun,two_phase_commit,52,940052,r2-two_phase_commit-p52-victim,r2-two_phase_commit-p52-attacker,True,True,1041.5010452270508,1039.3304824829102,1778557878.834778,1778557878.838359,1778557878.914578,1778557879.072463,False,False,False,0,2,0,False
2,20464514,cross_shard_frontrun,two_phase_commit,53,940053,r2-two_phase_commit-p53-victim,r2-two_phase_commit-p53-attacker,True,True,1041.3293838500977,1039.1287803649902,1778557878.8351572,1778557878.8385658,1778557878.929486,1778557879.090576,False,False,False,0,2,0,False
2,20464514,cross_shard_frontrun,two_phase_commit,54,940054,r2-two_phase_commit-p54-victim,r2-two_phase_commit-p54-attacker,True,True,1040.7798290252686,1038.6075973510742,1778557878.8348885,1778557878.8385072,1778557878.919685,1778557879.085148,False,False,False,0,2,0,False
2,20464514,cross_shard_frontrun,two_phase_commit,55,940055,r2-two_phase_commit-p55-victim,r2-two_phase_commit-p55-attacker,True,True,1040.6723022460938,1038.7232303619385,1778557878.8350208,1778557878.838636,1778557878.924629,1778557879.096996,False,False,False,0,2,0,False
2,20464514,cross_shard_frontrun,two_phase_commit,56,940056,r2-two_phase_commit-p56-victim,r2-two_phase_commit-p56-attacker,True,True,1040.816307067871,1038.6290550231934,1778557878.8353376,1778557878.8387132,1778557878.934263,1778557879.102649,False,False,False,0,2,0,False
2,20464514,cross_shard_frontrun,two_phase_commit,57,940057,r2-two_phase_commit-p57-victim,r2-two_phase_commit-p57-attacker,True,True,1041.0170555114746,1038.5034084320068,1778557878.835663,1778557878.8387651,1778557878.947014,1778557879.109498,False,False,False,0,2,0,False
2,20464514,cross_shard_frontrun,two_phase_commit,58,940058,r2-two_phase_commit-p58-victim,r2-two_phase_commit-p58-attacker,True,True,1041.3014888763428,1038.5279655456543,1778557878.8358965,1778557878.8388834,1778557878.958208,1778557879.121492,False,False,False,0,2,0,False
2,20464514,cross_shard_frontrun,two_phase_commit,59,940059,r2-two_phase_commit-p59-victim,r2-two_phase_commit-p59-attacker,True,True,1041.106939315796,1038.0611419677734,1778557878.8359983,1778557878.8388207,1778557878.963481,1778557879.115598,False,False,False,0,2,0,False
2,20464514,cross_shard_frontrun,two_phase_commit,60,940060,r2-two_phase_commit-p60-victim,r2-two_phase_commit-p60-attacker,True,True,1041.1486625671387,1037.9383563995361,1778557878.8369682,1778557878.8389418,1778557878.974625,1778557879.126656,False,False,False,0,2,0,False
2,20464514,cross_shard_frontrun,two_phase_commit,61,940061,r2-two_phase_commit-p61-victim,r2-two_phase_commit-p61-attacker,True,True,1041.3165092468262,1037.757396697998,1778557878.8370366,1778557878.8390143,1778557878.980764,1778557879.133756,False,False,False,0,2,0,False
2,20464514,cross_shard_frontrun,two_phase_commit,62,940062,r2-two_phase_commit-p62-victim,r2-two_phase_commit-p62-attacker,True,True,1041.459083557129,1037.5301837921143,1778557878.8371456,1778557878.8391123,1778557878.991916,1778557879.140286,False,False,False,0,2,0,False
2,20464514,cross_shard_frontrun,two_phase_commit,63,940063,r2-two_phase_commit-p63-victim,r2-two_phase_commit-p63-attacker,True,True,1041.4159297943115,1037.4248027801514,1778557878.8371925,1778557878.8392117,1778557878.998442,1778557879.14611,False,False,False,0,2,0,False
2,20464514,cross_shard_frontrun,two_phase_commit,64,940064,r2-two_phase_commit-p64-victim,r2-two_phase_commit-p64-attacker,True,True,1042.6084995269775,1037.2462272644043,1778557878.8375573,1778557878.8392925,1778557879.031351,1778557879.151806,False,False,False,0,2,0,False
2,20464514,cross_shard_frontrun,two_phase_commit,65,940065,r2-two_phase_commit-p65-victim,r2-two_phase_commit-p65-attacker,True,True,1042.6204204559326,1037.0593070983887,1778557878.8378139,1778557878.8393555,1778557879.042395,1778557879.157517,False,False,False,0,2,0,False
2,20464514,cross_shard_frontrun,two_phase_commit,66,940066,r2-two_phase_commit-p66-victim,r2-two_phase_commit-p66-attacker,True,True,1042.525291442871,1036.8993282318115,1778557878.8378935,1778557878.8394377,1778557879.048586,1778557879.163341,False,False,False,0,2,0,False
2,20464514,cross_shard_frontrun,two_phase_commit,67,940067,r2-two_phase_commit-p67-victim,r2-two_phase_commit-p67-attacker,True,True,959.0225219726562,810.9481334686279,1778557878.8884125,1778557878.891535,1778557879.171516,1778557879.179076,False,False,False,0,2,0,False
2,20464514,cross_shard_frontrun,two_phase_commit,68,940068,r2-two_phase_commit-p68-victim,r2-two_phase_commit-p68-attacker,True,True,728.1966209411621,701.3449668884277,1778557878.9365957,1778557878.8395505,1778557879.180768,1778557879.169541,True,True,True,0,2,0,False
2,20464514,cross_shard_frontrun,two_phase_commit,69,940069,r2-two_phase_commit-p69-victim,r2-two_phase_commit-p69-attacker,True,True,215.39568901062012,252.06732749938965,1778557879.0288463,1778557879.4263704,1778557879.184425,1778557879.426601,False,False,False,0,2,0,False
2,20464514,cross_shard_frontrun,two_phase_commit,70,940070,r2-two_phase_commit-p70-victim,r2-two_phase_commit-p70-attacker,True,True,76.3711929321289,605.8151721954346,1778557879.2426913,1778557879.7822728,1778557879.242896,1778557879.782652,False,False,False,0,2,0,False
2,20464514,cross_shard_frontrun,two_phase_commit,71,940071,r2-two_phase_commit-p71-victim,r2-two_phase_commit-p71-attacker,True,True,107.59449005126953,1044.7025299072266,1778557879.2765727,1778557879.8842056,1778557879.276731,1778557880.189427,False,False,False,0,2,0,False
2,20464514,cross_shard_frontrun,two_phase_commit,72,940072,r2-two_phase_commit-p72-victim,r2-two_phase_commit-p72-attacker,True,True,95.87955474853516,801.9254207611084,1778557879.2635083,1778557879.8764057,1778557879.263675,1778557879.876694,False,False,False,0,2,0,False
2,20464514,cross_shard_frontrun,two_phase_commit,73,940073,r2-two_phase_commit-p73-victim,r2-two_phase_commit-p73-attacker,True,True,200.76441764831543,1021.5306282043457,1778557879.3706346,1778557879.8767972,1778557879.370965,1778557879.892291,False,False,False,0,2,0,False
2,20464514,cross_shard_frontrun,two_phase_commit,74,940074,r2-two_phase_commit-p74-victim,r2-two_phase_commit-p74-attacker,True,True,1022.5677490234375,1030.2672386169434,1778557879.8769174,1778557879.8788319,1778557879.89755,1778557879.965436,False,False,False,0,2,0,False
2,20464514,cross_shard_frontrun,two_phase_commit,75,940075,r2-two_phase_commit-p75-victim,r2-two_phase_commit-p75-attacker,True,True,1022.4523544311523,1030.864953994751,1778557879.8770316,1778557879.8795664,1778557879.902557,1778557879.981089,False,False,False,0,2,0,False
2,20464514,cross_shard_frontrun,two_phase_commit,76,940076,r2-two_phase_commit-p76-victim,r2-two_phase_commit-p76-attacker,True,True,1022.2063064575195,1030.6599140167236,1778557879.8771749,1778557879.8797224,1778557879.907751,1778557879.986636,False,False,False,0,2,0,False
2,20464514,cross_shard_frontrun,two_phase_commit,77,940077,r2-two_phase_commit-p77-victim,r2-two_phase_commit-p77-attacker,True,True,1022.1939086914062,1031.4719676971436,1778557879.8773322,1778557879.880848,1778557879.912742,1778557880.01636,False,False,False,0,2,0,False
2,20464514,cross_shard_frontrun,two_phase_commit,78,940078,r2-two_phase_commit-p78-victim,r2-two_phase_commit-p78-attacker,True,True,1028.223991394043,1031.5501689910889,1778557879.8774576,1778557879.881621,1778557879.917616,1778557880.032592,False,False,False,0,2,0,False
2,20464514,cross_shard_frontrun,two_phase_commit,79,940079,r2-two_phase_commit-p79-victim,r2-two_phase_commit-p79-attacker,True,True,1027.9226303100586,1031.1806201934814,1778557879.8775673,1778557879.881898,1778557879.922579,1778557880.038019,False,False,False,0,2,0,False
2,20464514,cross_shard_frontrun,two_phase_commit,80,940080,r2-two_phase_commit-p80-victim,r2-two_phase_commit-p80-attacker,True,True,1027.6055335998535,1031.1214923858643,1778557879.8778174,1778557879.8821516,1778557879.927679,1778557880.055541,False,False,False,0,2,0,False
2,20464514,cross_shard_frontrun,two_phase_commit,81,940081,r2-two_phase_commit-p81-victim,r2-two_phase_commit-p81-attacker,True,True,1027.6665687561035,1030.8630466461182,1778557879.8779662,1778557879.8822308,1778557879.933304,1778557880.061348,False,False,False,0,2,0,False
2,20464514,cross_shard_frontrun,two_phase_commit,82,940082,r2-two_phase_commit-p82-victim,r2-two_phase_commit-p82-attacker,True,True,1027.6236534118652,1030.5397510528564,1778557879.8780885,1778557879.8822896,1778557879.939391,1778557880.0665,False,False,False,0,2,0,False
2,20464514,cross_shard_frontrun,two_phase_commit,83,940083,r2-two_phase_commit-p83-victim,r2-two_phase_commit-p83-attacker,True,True,1033.693790435791,1030.3375720977783,1778557879.878209,1778557879.8824592,1778557879.944848,1778557880.077891,False,False,False,0,2,0,False
2,20464514,cross_shard_frontrun,two_phase_commit,84,940084,r2-two_phase_commit-p84-victim,r2-two_phase_commit-p84-attacker,True,True,1033.9069366455078,1030.2963256835938,1778557879.8785052,1778557879.88286,1778557879.955289,1778557880.102095,False,False,False,0,2,0,False
2,20464514,cross_shard_frontrun,two_phase_commit,85,940085,r2-two_phase_commit-p85-victim,r2-two_phase_commit-p85-attacker,True,True,1033.026933670044,1029.3974876403809,1778557879.8783624,1778557879.8825574,1778557879.950131,1778557880.084185,False,False,False,0,2,0,False
2,20464514,cross_shard_frontrun,two_phase_commit,86,940086,r2-two_phase_commit-p86-victim,r2-two_phase_commit-p86-attacker,True,True,1033.8225364685059,1029.2904376983643,1778557879.8791742,1778557879.8829677,1778557879.975792,1778557880.108,False,False,False,0,2,0,False
2,20464514,cross_shard_frontrun,two_phase_commit,87,940087,r2-two_phase_commit-p87-victim,r2-two_phase_commit-p87-attacker,True,True,1032.5732231140137,1029.0858745574951,1778557879.87868,1778557879.8830733,1778557879.960412,1778557880.113268,False,False,False,0,2,0,False
2,20464514,cross_shard_frontrun,two_phase_commit,88,940088,r2-two_phase_commit-p88-victim,r2-two_phase_commit-p88-attacker,True,True,1032.9334735870361,1029.0601253509521,1778557879.8790216,1778557879.88325,1778557879.970721,1778557880.125257,False,False,False,0,2,0,False
2,20464514,cross_shard_frontrun,two_phase_commit,89,940089,r2-two_phase_commit-p89-victim,r2-two_phase_commit-p89-attacker,True,True,1033.5166454315186,1028.5289287567139,1778557879.879332,1778557879.8831449,1778557879.981302,1778557880.119682,False,False,False,0,2,0,False
2,20464514,cross_shard_frontrun,two_phase_commit,90,940090,r2-two_phase_commit-p90-victim,r2-two_phase_commit-p90-attacker,True,True,1033.6010456085205,1028.4600257873535,1778557879.8798685,1778557879.8833747,1778557879.993446,1778557880.131406,False,False,False,0,2,0,False
2,20464514,cross_shard_frontrun,two_phase_commit,91,940091,r2-two_phase_commit-p91-victim,r2-two_phase_commit-p91-attacker,True,True,1033.7257385253906,1028.3172130584717,1778557879.8806198,1778557879.8834653,1778557880.010621,1778557880.137413,False,False,False,0,2,0,False
2,20464514,cross_shard_frontrun,two_phase_commit,92,940092,r2-two_phase_commit-p92-victim,r2-two_phase_commit-p92-attacker,True,True,1033.1366062164307,1028.3617973327637,1778557879.8800952,1778557879.8836179,1778557879.998845,1778557880.148689,False,False,False,0,2,0,False
2,20464514,cross_shard_frontrun,two_phase_commit,93,940093,r2-two_phase_commit-p93-victim,r2-two_phase_commit-p93-attacker,True,True,1033.0283641815186,1028.2392501831055,1778557879.8803458,1778557879.8836906,1778557880.004996,1778557880.154577,False,False,False,0,2,0,False
2,20464514,cross_shard_frontrun,two_phase_commit,94,940094,r2-two_phase_commit-p94-victim,r2-two_phase_commit-p94-attacker,True,True,1033.3836078643799,1028.0983448028564,1778557879.8813832,1778557879.8838074,1778557880.026837,1778557880.159919,False,False,False,0,2,0,False
2,20464514,cross_shard_frontrun,two_phase_commit,95,940095,r2-two_phase_commit-p95-victim,r2-two_phase_commit-p95-attacker,True,True,1032.982587814331,1027.9135704040527,1778557879.8811114,1778557879.8838758,1778557880.021663,1778557880.165866,False,False,False,0,2,0,False
2,20464514,cross_shard_frontrun,two_phase_commit,96,940096,r2-two_phase_commit-p96-victim,r2-two_phase_commit-p96-attacker,True,True,1033.318042755127,1027.7273654937744,1778557879.8820102,1778557879.8839514,1778557880.043588,1778557880.171923,False,False,False,0,2,0,False
2,20464514,cross_shard_frontrun,two_phase_commit,97,940097,r2-two_phase_commit-p97-victim,r2-two_phase_commit-p97-attacker,True,True,1033.1628322601318,1027.574062347412,1778557879.8820858,1778557879.884016,1778557880.050042,1778557880.17733,False,False,False,0,2,0,False
2,20464514,cross_shard_frontrun,two_phase_commit,98,940098,r2-two_phase_commit-p98-victim,r2-two_phase_commit-p98-attacker,True,True,1033.3731174468994,1027.3892879486084,1778557879.8823545,1778557879.884126,1778557880.071858,1778557880.182846,False,False,False,0,2,0,False
2,20464514,cross_shard_frontrun,two_phase_commit,99,940099,r2-two_phase_commit-p99-victim,r2-two_phase_commit-p99-attacker,True,True,1033.6332321166992,1004.3165683746338,1778557879.8827307,1778557879.8766034,1778557880.095908,1778557879.886704,True,True,True,0,2,0,False
2,20464514,cross_shard_frontrun,two_phase_commit,100,940100,r2-two_phase_commit-p100-victim,r2-two_phase_commit-p100-attacker,True,True,1033.2694053649902,1027.16064453125,1778557879.882652,1778557879.8842866,1778557880.090488,1778557880.194962,False,False,False,0,2,0,False
2,20464514,cross_shard_frontrun,two_phase_commit,101,940101,r2-two_phase_commit-p101-victim,r2-two_phase_commit-p101-attacker,True,True,1032.5558185577393,969.9475765228271,1778557879.8835359,1778557879.8843622,1778557880.142852,1778557880.200801,False,False,False,0,2,0,False
2,20464514,cross_shard_frontrun,two_phase_commit,102,940102,r2-two_phase_commit-p102-victim,r2-two_phase_commit-p102-attacker,True,True,957.5049877166748,938.4808540344238,1778557879.917946,1778557879.9200437,1778557880.202393,1778557880.208857,False,False,False,0,2,0,False
2,20464514,cross_shard_frontrun,two_phase_commit,103,940103,r2-two_phase_commit-p103-victim,r2-two_phase_commit-p103-attacker,True,True,852.4930477142334,786.9441509246826,1778557879.9427063,1778557879.944939,1778557880.210016,1778557880.216589,False,False,False,0,2,0,False
2,20464514,cross_shard_frontrun,two_phase_commit,104,940104,r2-two_phase_commit-p104-victim,r2-two_phase_commit-p104-attacker,True,True,441.1358833312988,235.54420471191406,1778557879.9540768,1778557879.9941013,1778557880.216872,1778557880.219051,False,False,False,0,2,0,False
2,20464514,cross_shard_frontrun,two_phase_commit,105,940105,r2-two_phase_commit-p105-victim,r2-two_phase_commit-p105-attacker,True,True,69.25845146179199,65.29402732849121,1778557880.2682376,1778557880.2716424,1778557880.268477,1778557880.271789,False,False,False,0,2,0,False
2,20464514,cross_shard_frontrun,two_phase_commit,106,940106,r2-two_phase_commit-p106-victim,r2-two_phase_commit-p106-attacker,True,True,79.72526550292969,290.2953624725342,1778557880.2782614,1778557880.4551778,1778557880.278388,1778557880.455456,False,False,False,0,2,0,False
2,20464514,cross_shard_frontrun,two_phase_commit,107,940107,r2-two_phase_commit-p107-victim,r2-two_phase_commit-p107-attacker,True,True,76.48801803588867,353.8346290588379,1778557880.2753675,1778557880.455356,1778557880.275529,1778557880.463601,False,False,False,0,2,0,False
2,20464514,cross_shard_frontrun,two_phase_commit,108,940108,r2-two_phase_commit-p108-victim,r2-two_phase_commit-p108-attacker,True,True,89.51306343078613,354.1405200958252,1778557880.296067,1778557880.4556746,1778557880.296271,1778557880.474456,False,False,False,0,2,0,False
2,20464514,cross_shard_frontrun,two_phase_commit,109,940109,r2-two_phase_commit-p109-victim,r2-two_phase_commit-p109-attacker,True,True,121.79279327392578,353.712797164917,1778557880.32992,1778557880.4557493,1778557880.330135,1778557880.479826,False,False,False,0,2,0,False
2,20464514,cross_shard_frontrun,two_phase_commit,110,940110,r2-two_phase_commit-p110-victim,r2-two_phase_commit-p110-attacker,True,True,361.1636161804199,347.3172187805176,1778557880.4555976,1778557880.4559577,1778557880.469282,1778557880.49046,False,False,False,0,2,0,False
2,20464514,cross_shard_frontrun,two_phase_commit,111,940111,r2-two_phase_commit-p111-victim,r2-two_phase_commit-p111-attacker,True,True,355.45897483825684,347.7339744567871,1778557880.4563875,1778557880.4566019,1778557880.500652,1778557880.512296,False,False,False,0,2,0,False
2,20464514,cross_shard_frontrun,two_phase_commit,112,940112,r2-two_phase_commit-p112-victim,r2-two_phase_commit-p112-attacker,True,True,354.323148727417,346.6458320617676,1778557880.4558706,1778557880.4562354,1778557880.485362,1778557880.50074,False,False,False,0,2,0,False
2,20464514,cross_shard_frontrun,two_phase_commit,113,940113,r2-two_phase_commit-p113-victim,r2-two_phase_commit-p113-attacker,True,True,354.05874252319336,346.30274772644043,1778557880.4560804,1778557880.4564846,1778557880.495649,1778557880.506561,False,False,False,0,2,0,False
2,20464514,cross_shard_frontrun,two_phase_commit,114,940114,r2-two_phase_commit-p114-victim,r2-two_phase_commit-p114-attacker,True,True,354.839563369751,347.0487594604492,1778557880.4567897,1778557880.4569774,1778557880.522924,1778557880.538984,False,False,False,0,2,0,False
2,20464514,cross_shard_frontrun,two_phase_commit,115,940115,r2-two_phase_commit-p115-victim,r2-two_phase_commit-p115-attacker,True,True,354.2468547821045,346.18568420410156,1778557880.4567058,1778557880.4568765,1778557880.517743,1778557880.528527,False,False,False,0,2,0,False
2,20464514,cross_shard_frontrun,two_phase_commit,116,940116,r2-two_phase_commit-p116-victim,r2-two_phase_commit-p116-attacker,True,True,354.21037673950195,346.6353416442871,1778557880.4570465,1778557880.4609213,1778557880.533541,1778557880.549734,False,False,False,0,2,0,False
2,20464514,cross_shard_frontrun,two_phase_commit,117,940117,r2-two_phase_commit-p117-victim,r2-two_phase_commit-p117-attacker,True,True,354.89368438720703,347.5980758666992,1778557880.4635308,1778557880.4694335,1778557880.554572,1778557880.57136,False,False,False,0,2,0,False
2,20464514,cross_shard_frontrun,two_phase_commit,118,940118,r2-two_phase_commit-p118-victim,r2-two_phase_commit-p118-attacker,True,True,353.92189025878906,347.12886810302734,1778557880.4576595,1778557880.4637046,1778557880.544318,1778557880.564454,False,False,False,0,2,0,False
2,20464514,cross_shard_frontrun,two_phase_commit,119,940119,r2-two_phase_commit-p119-victim,r2-two_phase_commit-p119-attacker,True,True,354.51483726501465,346.693754196167,1778557880.46364,1778557880.4667635,1778557880.55935,1778557880.564448,False,False,False,0,2,0,False
3,20560514,cross_shard_frontrun,baseline,0,1000000,r3-baseline-p0-victim,r3-baseline-p0-attacker,True,True,92.03386306762695,481.38952255249023,1778557881.6859293,1778557882.0848124,1778557881.686908,1778557882.08512,False,False,False,0,2,0,False
3,20560514,cross_shard_frontrun,baseline,1,1000001,r3-baseline-p1-victim,r3-baseline-p1-attacker,True,True,169.952392578125,542.1345233917236,1778557881.765781,1778557882.1035805,1778557881.765994,1778557882.103857,False,False,False,0,2,0,False
3,20560514,cross_shard_frontrun,baseline,2,1000002,r3-baseline-p2-victim,r3-baseline-p2-attacker,True,True,328.934907913208,541.8622493743896,1778557881.9253862,1778557882.1038613,1778557881.925527,1778557882.119068,False,False,False,0,2,0,False
3,20560514,cross_shard_frontrun,baseline,3,1000003,r3-baseline-p3-victim,r3-baseline-p3-attacker,True,True,324.9084949493408,543.5223579406738,1778557881.9218173,1778557882.1044858,1778557881.922065,1778557882.149939,False,False,False,0,2,0,False
3,20560514,cross_shard_frontrun,baseline,4,1000004,r3-baseline-p4-victim,r3-baseline-p4-attacker,True,True,1010.1125240325928,541.0068035125732,1778557882.263576,1778557882.1037333,1778557882.434944,1778557882.112461,True,True,True,0,2,0,False
3,20560514,cross_shard_frontrun,baseline,5,1000005,r3-baseline-p5-victim,r3-baseline-p5-attacker,True,True,1011.0595226287842,540.8952236175537,1778557882.2819953,1778557882.1039417,1778557882.485382,1778557882.124815,True,True,True,0,2,0,False
3,20560514,cross_shard_frontrun,baseline,6,1000006,r3-baseline-p6-victim,r3-baseline-p6-attacker,True,True,1008.385181427002,540.7567024230957,1778557882.2630415,1778557882.1040063,1778557882.408921,1778557882.13198,True,True,True,0,2,0,False
3,20560514,cross_shard_frontrun,baseline,7,1000007,r3-baseline-p7-victim,r3-baseline-p7-attacker,True,True,1007.6842308044434,540.4736995697021,1778557882.2628012,1778557882.1042233,1778557882.398012,1778557882.137621,True,True,True,0,2,0,False
3,20560514,cross_shard_frontrun,baseline,8,1000008,r3-baseline-p8-victim,r3-baseline-p8-attacker,True,True,1009.1643333435059,540.2984619140625,1778557882.281609,1778557882.1043663,1778557882.456744,1778557882.14414,True,True,True,0,2,0,False
3,20560514,cross_shard_frontrun,baseline,9,1000009,r3-baseline-p9-victim,r3-baseline-p9-attacker,True,True,1008.9190006256104,579.9624919891357,1778557882.2816858,1778557882.1891582,1778557882.461719,1778557882.189364,True,True,True,0,2,0,False
3,20560514,cross_shard_frontrun,baseline,10,1000010,r3-baseline-p10-victim,r3-baseline-p10-attacker,True,True,1005.7787895202637,908.0567359924316,1778557882.26237,1778557882.2601826,1778557882.375609,1778557882.260452,True,True,True,0,2,0,False
3,20560514,cross_shard_frontrun,baseline,11,1000011,r3-baseline-p11-victim,r3-baseline-p11-attacker,True,True,1006.9918632507324,589.7297859191895,1778557882.2633548,1778557882.200817,1778557882.424944,1778557882.201034,True,True,True,0,2,0,False
3,20560514,cross_shard_frontrun,baseline,12,1000012,r3-baseline-p12-victim,r3-baseline-p12-attacker,True,True,1007.1830749511719,614.2234802246094,1778557882.2639253,1778557882.225485,1778557882.445774,1778557882.2259,True,True,True,0,2,0,False
3,20560514,cross_shard_frontrun,baseline,13,1000013,r3-baseline-p13-victim,r3-baseline-p13-attacker,True,True,1008.2135200500488,909.1379642486572,1778557882.2822433,1778557882.2603507,1778557882.503449,1778557882.268435,True,True,True,0,2,0,False
3,20560514,cross_shard_frontrun,baseline,14,1000014,r3-baseline-p14-victim,r3-baseline-p14-attacker,True,True,1004.6079158782959,908.5104465484619,1778557882.262701,1778557882.2606113,1778557882.391306,1778557882.278805,True,True,True,0,2,0,False
3,20560514,cross_shard_frontrun,baseline,15,1000015,r3-baseline-p15-victim,r3-baseline-p15-attacker,True,True,1006.0772895812988,907.8145027160645,1778557882.281535,1778557882.2605364,1778557882.451345,1778557882.273906,True,True,True,0,2,0,False
3,20560514,cross_shard_frontrun,baseline,16,1000016,r3-baseline-p16-victim,r3-baseline-p16-attacker,True,True,1007.3332786560059,908.3743095397949,1778557882.3521223,1778557882.2608075,1778557882.525662,1778557882.291066,True,True,True,0,2,0,False
3,20560514,cross_shard_frontrun,baseline,17,1000017,r3-baseline-p17-victim,r3-baseline-p17-attacker,True,True,1003.2002925872803,907.1369171142578,1778557882.2625816,1778557882.2606866,1778557882.386182,1778557882.284488,True,True,True,0,2,0,False
3,20560514,cross_shard_frontrun,baseline,18,1000018,r3-baseline-p18-victim,r3-baseline-p18-attacker,True,True,1004.0004253387451,907.9046249389648,1778557882.263255,1778557882.2609122,1778557882.419388,1778557882.295712,True,True,True,0,2,0,False
3,20560514,cross_shard_frontrun,baseline,19,1000019,r3-baseline-p19-victim,r3-baseline-p19-attacker,True,True,1005.6126117706299,907.853364944458,1778557882.2820644,1778557882.2609837,1778557882.491686,1778557882.301338,True,True,True,0,2,0,False
3,20560514,cross_shard_frontrun,baseline,20,1000020,r3-baseline-p20-victim,r3-baseline-p20-attacker,True,True,1005.89919090271,907.6335430145264,1778557882.2824683,1778557882.261085,1778557882.520833,1778557882.3067,True,True,True,0,2,0,False
3,20560514,cross_shard_frontrun,baseline,21,1000021,r3-baseline-p21-victim,r3-baseline-p21-attacker,True,True,1004.4200420379639,907.4726104736328,1778557882.2818632,1778557882.2611613,1778557882.473482,1778557882.311833,True,True,True,0,2,0,False
3,20560514,cross_shard_frontrun,baseline,22,1000022,r3-baseline-p22-victim,r3-baseline-p22-attacker,True,True,1005.6784152984619,907.4480533599854,1778557882.35242,1778557882.261222,1778557882.543394,1778557882.317297,True,True,True,0,2,0,False
3,20560514,cross_shard_frontrun,baseline,23,1000023,r3-baseline-p23-victim,r3-baseline-p23-attacker,True,True,1003.84521484375,907.6080322265625,1778557882.281934,1778557882.2612855,1778557882.479173,1778557882.322004,True,True,True,0,2,0,False
3,20560514,cross_shard_frontrun,baseline,24,1000024,r3-baseline-p24-victim,r3-baseline-p24-attacker,True,True,1004.1239261627197,907.6488018035889,1778557882.2823124,1778557882.261361,1778557882.509071,1778557882.326874,True,True,True,0,2,0,False
3,20560514,cross_shard_frontrun,baseline,25,1000025,r3-baseline-p25-victim,r3-baseline-p25-attacker,True,True,1002.821683883667,907.6993465423584,1778557882.2817528,1778557882.261427,1778557882.467723,1778557882.331786,True,True,True,0,2,0,False
3,20560514,cross_shard_frontrun,baseline,26,1000026,r3-baseline-p26-victim,r3-baseline-p26-attacker,True,True,1000.4453659057617,907.8147411346436,1778557882.262914,1778557882.261511,1778557882.40343,1778557882.336729,True,True,True,0,2,0,False
3,20560514,cross_shard_frontrun,baseline,27,1000027,r3-baseline-p27-victim,r3-baseline-p27-attacker,True,True,1000.9746551513672,907.6948165893555,1778557882.2634623,1778557882.2616134,1778557882.43025,1778557882.342369,True,True,True,0,2,0,False
3,20560514,cross_shard_frontrun,baseline,28,1000028,r3-baseline-p28-victim,r3-baseline-p28-attacker,True,True,1003.633975982666,989.7820949554443,1778557882.3526132,1778557882.2618737,1778557882.548887,1778557882.35309,True,True,True,0,2,0,False
3,20560514,cross_shard_frontrun,baseline,29,1000029,r3-baseline-p29-victim,r3-baseline-p29-attacker,True,True,1002.417802810669,907.1722030639648,1778557882.2824159,1778557882.261776,1778557882.515183,1778557882.347818,True,True,True,0,2,0,False
3,20560514,cross_shard_frontrun,baseline,30,1000030,r3-baseline-p30-victim,r3-baseline-p30-attacker,True,True,1003.4384727478027,989.2959594726562,1778557882.3529367,1778557882.2619503,1778557882.5651,1778557882.358948,True,True,True,0,2,0,False
3,20560514,cross_shard_frontrun,baseline,31,1000031,r3-baseline-p31-victim,r3-baseline-p31-attacker,True,True,999.8834133148193,989.2549514770508,1778557882.2637556,1778557882.2620838,1778557882.440521,1778557882.365121,True,True,True,0,2,0,False
3,20560514,cross_shard_frontrun,baseline,32,1000032,r3-baseline-p32-victim,r3-baseline-p32-attacker,True,True,921.7195510864258,831.4394950866699,1778557882.282144,1778557882.2622197,1778557882.497115,1778557882.370208,True,True,True,0,2,0,False
3,20560514,cross_shard_frontrun,baseline,33,1000033,r3-baseline-p33-victim,r3-baseline-p33-attacker,True,True,684.8540306091309,672.2202301025391,1778557882.263142,1778557882.2624788,1778557882.414043,1778557882.380996,True,True,True,0,2,0,False
3,20560514,cross_shard_frontrun,baseline,34,1000034,r3-baseline-p34-victim,r3-baseline-p34-attacker,True,True,524.8537063598633,456.68935775756836,1778557882.3523188,1778557882.35319,1778557882.538428,1778557882.586284,False,False,False,0,2,0,False
3,20560514,cross_shard_frontrun,baseline,35,1000035,r3-baseline-p35-victim,r3-baseline-p35-attacker,True,True,464.4598960876465,455.40666580200195,1778557882.3531148,1778557882.3527052,1778557882.581127,1778557882.554108,True,True,True,0,2,0,False
3,20560514,cross_shard_frontrun,baseline,36,1000036,r3-baseline-p36-victim,r3-baseline-p36-attacker,True,True,464.42675590515137,455.63197135925293,1778557882.3532774,1778557882.3530602,1778557882.591616,1778557882.575283,True,True,True,0,2,0,False
3,20560514,cross_shard_frontrun,baseline,37,1000037,r3-baseline-p37-victim,r3-baseline-p37-attacker,True,True,464.341402053833,454.2045593261719,1778557882.3534117,1778557882.3522,1778557882.602231,1778557882.53235,True,True,True,0,2,0,False
3,20560514,cross_shard_frontrun,baseline,38,1000038,r3-baseline-p38-victim,r3-baseline-p38-attacker,True,True,462.709903717041,414.9341583251953,1778557882.3533533,1778557882.3528526,1778557882.596942,1778557882.559465,True,True,True,0,2,0,False
3,20560514,cross_shard_frontrun,baseline,39,1000039,r3-baseline-p39-victim,r3-baseline-p39-attacker,True,True,426.8789291381836,378.9207935333252,1778557882.3547058,1778557882.3529985,1778557882.608325,1778557882.570101,True,True,True,0,2,0,False
3,20560514,cross_shard_frontrun,baseline,40,1000040,r3-baseline-p40-victim,r3-baseline-p40-attacker,True,True,223.53410720825195,176.54180526733398,1778557882.6482644,1778557882.6470141,1778557882.688963,1778557882.647405,True,True,True,0,2,0,False
3,20560514,cross_shard_frontrun,baseline,41,1000041,r3-baseline-p41-victim,r3-baseline-p41-attacker,True,True,223.70243072509766,176.2073040008545,1778557882.649957,1778557882.6471832,1778557882.699547,1778557882.654943,True,True,True,0,2,0,False
3,20560514,cross_shard_frontrun,baseline,42,1000042,r3-baseline-p42-victim,r3-baseline-p42-attacker,True,True,223.40059280395508,186.85150146484375,1778557882.6500607,1778557882.6476731,1778557882.705939,1778557882.671514,True,True,True,0,2,0,False
3,20560514,cross_shard_frontrun,baseline,43,1000043,r3-baseline-p43-victim,r3-baseline-p43-attacker,True,True,223.35290908813477,186.33508682250977,1778557882.6797738,1778557882.6475348,1778557882.717136,1778557882.666192,True,True,True,0,2,0,False
3,20560514,cross_shard_frontrun,baseline,44,1000044,r3-baseline-p44-victim,r3-baseline-p44-attacker,True,True,223.20890426635742,175.0009059906006,1778557882.6798446,1778557882.647409,1778557882.723196,1778557882.66085,True,True,True,0,2,0,False
3,20560514,cross_shard_frontrun,baseline,45,1000045,r3-baseline-p45-victim,r3-baseline-p45-attacker,True,True,221.76814079284668,201.3711929321289,1778557882.6677575,1778557882.6477845,1778557882.706176,1778557882.677985,True,True,True,0,2,0,False
3,20560514,cross_shard_frontrun,baseline,46,1000046,r3-baseline-p46-victim,r3-baseline-p46-attacker,True,True,221.05813026428223,211.20762825012207,1778557882.6678326,1778557882.647932,1778557882.712079,1778557882.683567,True,True,True,0,2,0,False
3,20560514,cross_shard_frontrun,baseline,47,1000047,r3-baseline-p47-victim,r3-baseline-p47-attacker,True,True,220.58463096618652,210.99472045898438,1778557882.6679127,1778557882.6495364,1778557882.717213,1778557882.693959,True,True,True,0,2,0,False
3,20560514,cross_shard_frontrun,baseline,48,1000048,r3-baseline-p48-victim,r3-baseline-p48-attacker,True,True,219.52319145202637,289.9925708770752,1778557882.6622376,1778557882.8673518,1778557882.705958,1778557882.867652,False,False,False,0,2,0,False
3,20560514,cross_shard_frontrun,baseline,49,1000049,r3-baseline-p49-victim,r3-baseline-p49-attacker,True,True,138.67497444152832,295.53818702697754,1778557882.6841927,1778557882.8675604,1778557882.73906,1778557882.874009,False,False,False,0,2,0,False
3,20560514,cross_shard_frontrun,baseline,50,1000050,r3-baseline-p50-victim,r3-baseline-p50-attacker,True,True,137.56990432739258,295.81308364868164,1778557882.6799395,1778557882.8678708,1778557882.728353,1778557882.889904,False,False,False,0,2,0,False
3,20560514,cross_shard_frontrun,baseline,51,1000051,r3-baseline-p51-victim,r3-baseline-p51-attacker,True,True,141.30330085754395,295.11046409606934,1778557882.6842904,1778557882.8677332,1778557882.744344,1778557882.879318,False,False,False,0,2,0,False
3,20560514,cross_shard_frontrun,baseline,52,1000052,r3-baseline-p52-victim,r3-baseline-p52-attacker,True,True,137.28594779968262,294.9190139770508,1778557882.680019,1778557882.8677998,1778557882.733784,1778557882.884751,False,False,False,0,2,0,False
3,20560514,cross_shard_frontrun,baseline,53,1000053,r3-baseline-p53-victim,r3-baseline-p53-attacker,True,True,136.77334785461426,294.88372802734375,1778557882.6816547,1778557882.867934,1778557882.733503,1778557882.895464,False,False,False,0,2,0,False
3,20560514,cross_shard_frontrun,baseline,54,1000054,r3-baseline-p54-victim,r3-baseline-p54-attacker,True,True,137.36319541931152,294.6796417236328,1778557882.6865916,1778557882.867996,1778557882.744132,1778557882.900754,False,False,False,0,2,0,False
3,20560514,cross_shard_frontrun,baseline,55,1000055,r3-baseline-p55-victim,r3-baseline-p55-attacker,True,True,184.65924263000488,294.57736015319824,1778557882.7912703,1778557882.8680418,1778557882.791445,1778557882.906191,False,False,False,0,2,0,False
3,20560514,cross_shard_frontrun,baseline,56,1000056,r3-baseline-p56-victim,r3-baseline-p56-attacker,True,True,189.98289108276367,294.2614555358887,1778557882.7958617,1778557882.874729,1778557882.796009,1778557882.906021,False,False,False,0,2,0,False
3,20560514,cross_shard_frontrun,baseline,57,1000057,r3-baseline-p57-victim,r3-baseline-p57-attacker,True,True,312.0076656341553,296.39434814453125,1778557882.9013608,1778557882.8748176,1778557882.912761,1778557882.912425,True,True,True,0,2,0,False
3,20560514,cross_shard_frontrun,baseline,58,1000058,r3-baseline-p58-victim,r3-baseline-p58-attacker,True,True,334.58709716796875,314.61167335510254,1778557882.928088,1778557882.9169528,1778557882.934419,1778557882.923261,True,True,True,0,2,0,False
3,20560514,cross_shard_frontrun,baseline,59,1000059,r3-baseline-p59-victim,r3-baseline-p59-attacker,True,True,334.6881866455078,513.6981010437012,1778557882.9281697,1778557883.0572355,1778557882.94029,1778557883.093301,False,False,False,0,2,0,False
3,20560514,cross_shard_frontrun,baseline,60,1000060,r3-baseline-p60-victim,r3-baseline-p60-attacker,True,True,521.4431285858154,513.7019157409668,1778557883.0570676,1778557883.057341,1778557883.087655,1778557883.098548,False,False,False,0,2,0,False
3,20560514,cross_shard_frontrun,baseline,61,1000061,r3-baseline-p61-victim,r3-baseline-p61-attacker,True,True,310.99629402160645,513.7574672698975,1778557882.9168594,1778557883.0576186,1778557882.917089,1778557883.109673,False,False,False,0,2,0,False
3,20560514,cross_shard_frontrun,baseline,62,1000062,r3-baseline-p62-victim,r3-baseline-p62-attacker,True,True,349.00403022766113,513.65065574646,1778557882.9282598,1778557883.057744,1778557882.946062,1778557883.115123,False,False,False,0,2,0,False
3,20560514,cross_shard_frontrun,baseline,63,1000063,r3-baseline-p63-victim,r3-baseline-p63-attacker,True,True,519.7343826293945,513.512372970581,1778557883.0564592,1778557883.0578237,1778557883.065451,1778557883.120975,False,False,False,0,2,0,False
3,20560514,cross_shard_frontrun,baseline,64,1000064,r3-baseline-p64-victim,r3-baseline-p64-attacker,True,True,520.9732055664062,513.2646560668945,1778557883.0574734,1778557883.0579555,1778557883.104025,1778557883.126088,False,False,False,0,2,0,False
3,20560514,cross_shard_frontrun,baseline,65,1000065,r3-baseline-p65-victim,r3-baseline-p65-attacker,True,True,519.9460983276367,513.9448642730713,1778557883.0569437,1778557883.058104,1778557883.082291,1778557883.13221,False,False,False,0,2,0,False
3,20560514,cross_shard_frontrun,baseline,66,1000066,r3-baseline-p66-victim,r3-baseline-p66-attacker,True,True,518.4330940246582,516.2513256072998,1778557883.0562713,1778557883.0715454,1778557883.056638,1778557883.132516,False,False,False,0,2,0,False
3,20560514,cross_shard_frontrun,baseline,67,1000067,r3-baseline-p67-victim,r3-baseline-p67-attacker,True,True,312.0765686035156,516.242265701294,1778557882.922231,1778557883.0927913,1778557882.922904,1778557883.133262,False,False,False,0,2,0,False
3,20560514,cross_shard_frontrun,baseline,68,1000068,r3-baseline-p68-victim,r3-baseline-p68-attacker,True,True,331.65502548217773,516.0629749298096,1778557882.9277442,1778557883.1147897,1778557882.928004,1778557883.134006,False,False,False,0,2,0,False
3,20560514,cross_shard_frontrun,baseline,69,1000069,r3-baseline-p69-victim,r3-baseline-p69-attacker,True,True,331.7406177520752,515.4554843902588,1778557882.9278502,1778557883.1319656,1778557882.934454,1778557883.134421,False,False,False,0,2,0,False
3,20560514,cross_shard_frontrun,baseline,70,1000070,r3-baseline-p70-victim,r3-baseline-p70-attacker,True,True,517.9588794708252,580.7178020477295,1778557883.0567083,1778557883.1589224,1778557883.071171,1778557883.165336,False,False,False,0,2,0,False
3,20560514,cross_shard_frontrun,baseline,71,1000071,r3-baseline-p71-victim,r3-baseline-p71-attacker,True,True,517.9519653320312,560.7714653015137,1778557883.0568292,1778557883.1587958,1778557883.077022,1778557883.159126,False,False,False,0,2,0,False
3,20560514,cross_shard_frontrun,baseline,72,1000072,r3-baseline-p72-victim,r3-baseline-p72-attacker,True,True,753.0045509338379,489.79973793029785,1778557883.1770403,1778557883.159086,1778557883.281136,1778557883.170382,True,True,True,0,2,0,False
3,20560514,cross_shard_frontrun,baseline,73,1000073,r3-baseline-p73-victim,r3-baseline-p73-attacker,True,True,689.2340183258057,666.903018951416,1778557883.176522,1778557883.1591394,1778557883.242221,1778557883.176072,True,True,True,0,2,0,False
3,20560514,cross_shard_frontrun,baseline,74,1000074,r3-baseline-p74-victim,r3-baseline-p74-attacker,True,True,678.753137588501,650.8643627166748,1778557883.1766827,1778557883.1592057,1778557883.253168,1778557883.181667,True,True,True,0,2,0,False
3,20560514,cross_shard_frontrun,baseline,75,1000075,r3-baseline-p75-victim,r3-baseline-p75-attacker,True,True,651.1130332946777,640.2955055236816,1778557883.1764634,1778557883.1592607,1778557883.236825,1778557883.187083,True,True,True,0,2,0,False
3,20560514,cross_shard_frontrun,baseline,76,1000076,r3-baseline-p76-victim,r3-baseline-p76-attacker,True,True,651.181697845459,639.9219036102295,1778557883.1766028,1778557883.1593218,1778557883.247746,1778557883.19299,True,True,True,0,2,0,False
3,20560514,cross_shard_frontrun,baseline,77,1000077,r3-baseline-p77-victim,r3-baseline-p77-attacker,True,True,741.8074607849121,640.0907039642334,1778557883.1775863,1778557883.1594527,1778557883.319764,1778557883.19857,True,True,True,0,2,0,False
3,20560514,cross_shard_frontrun,baseline,78,1000078,r3-baseline-p78-victim,r3-baseline-p78-attacker,True,True,696.0921287536621,639.5754814147949,1778557883.1768198,1778557883.1648698,1778557883.264353,1778557883.198389,True,True,True,0,2,0,False
3,20560514,cross_shard_frontrun,baseline,79,1000079,r3-baseline-p79-victim,r3-baseline-p79-attacker,True,True,648.897647857666,639.8992538452148,1778557883.176289,1778557883.1649332,1778557883.221227,1778557883.203973,True,True,True,0,2,0,False
3,20560514,cross_shard_frontrun,baseline,80,1000080,r3-baseline-p80-victim,r3-baseline-p80-attacker,True,True,740.5545711517334,639.4457817077637,1778557883.177409,1778557883.170499,1778557883.308846,1778557883.203867,True,True,True,0,2,0,False
3,20560514,cross_shard_frontrun,baseline,81,1000081,r3-baseline-p81-victim,r3-baseline-p81-attacker,True,True,648.5776901245117,639.3594741821289,1778557883.176404,1778557883.1760514,1778557883.231679,1778557883.203992,True,True,True,0,2,0,False
3,20560514,cross_shard_frontrun,baseline,82,1000082,r3-baseline-p82-victim,r3-baseline-p82-attacker,True,True,712.2251987457275,638.864278793335,1778557883.1770992,1778557883.1761568,1778557883.286545,1778557883.210233,True,True,True,0,2,0,False
3,20560514,cross_shard_frontrun,baseline,83,1000083,r3-baseline-p83-victim,r3-baseline-p83-attacker,True,True,735.7463836669922,591.4111137390137,1778557883.17727,1778557883.1762183,1778557883.297599,1778557883.215436,True,True,True,0,2,0,False
3,20560514,cross_shard_frontrun,baseline,84,1000084,r3-baseline-p84-victim,r3-baseline-p84-attacker,True,True,641.2267684936523,480.74936866760254,1778557883.1769576,1778557883.1763499,1778557883.274901,1778557883.226031,True,True,True,0,2,0,False
3,20560514,cross_shard_frontrun,baseline,85,1000085,r3-baseline-p85-victim,r3-baseline-p85-attacker,True,True,575.749397277832,475.7404327392578,1778557883.1783843,1778557883.176759,1778557883.368232,1778557883.258589,True,True,True,0,2,0,False
3,20560514,cross_shard_frontrun,baseline,86,1000086,r3-baseline-p86-victim,r3-baseline-p86-attacker,True,True,575.1285552978516,521.0168361663818,1778557883.1781373,1778557883.1768866,1778557883.35036,1778557883.269512,True,True,True,0,2,0,False
3,20560514,cross_shard_frontrun,baseline,87,1000087,r3-baseline-p87-victim,r3-baseline-p87-attacker,True,True,575.0298500061035,559.551477432251,1778557883.1783109,1778557883.1772003,1778557883.362246,1778557883.292089,True,True,True,0,2,0,False
3,20560514,cross_shard_frontrun,baseline,88,1000088,r3-baseline-p88-victim,r3-baseline-p88-attacker,True,True,574.66721534729,565.1247501373291,1778557883.17821,1778557883.1773384,1778557883.356563,1778557883.303937,True,True,True,0,2,0,False
3,20560514,cross_shard_frontrun,baseline,89,1000089,r3-baseline-p89-victim,r3-baseline-p89-attacker,True,True,572.6087093353271,555.7048320770264,1778557883.1785362,1778557883.1774907,1778557883.380321,1778557883.314038,True,True,True,0,2,0,False
3,20560514,cross_shard_frontrun,baseline,90,1000090,r3-baseline-p90-victim,r3-baseline-p90-attacker,True,True,564.9592876434326,553.0056953430176,1778557883.1784573,1778557883.177654,1778557883.374585,1778557883.32583,True,True,True,0,2,0,False
3,20560514,cross_shard_frontrun,baseline,91,1000091,r3-baseline-p91-victim,r3-baseline-p91-attacker,True,True,554.1770458221436,533.3256721496582,1778557883.1786144,1778557883.17772,1778557883.386264,1778557883.332469,True,True,True,0,2,0,False
3,20560514,cross_shard_frontrun,baseline,92,1000092,r3-baseline-p92-victim,r3-baseline-p92-attacker,True,True,542.6158905029297,533.2136154174805,1778557883.1795518,1778557883.1780581,1778557883.392372,1778557883.344714,True,True,True,0,2,0,False
3,20560514,cross_shard_frontrun,baseline,93,1000093,r3-baseline-p93-victim,r3-baseline-p93-attacker,True,True,542.3986911773682,517.880916595459,1778557883.1786718,1778557883.177809,1778557883.392278,1778557883.338318,True,True,True,0,2,0,False
3,20560514,cross_shard_frontrun,baseline,94,1000094,r3-baseline-p94-victim,r3-baseline-p94-attacker,True,True,356.81962966918945,348.5250473022461,1778557883.210599,1778557883.265037,1778557883.394194,1778557883.396413,False,False,False,0,2,0,False
3,20560514,cross_shard_frontrun,baseline,95,1000095,r3-baseline-p95-victim,r3-baseline-p95-attacker,True,True,357.85579681396484,348.13547134399414,1778557883.2795565,1778557883.2651064,1778557883.44763,1778557883.403179,True,True,True,0,2,0,False
3,20560514,cross_shard_frontrun,baseline,96,1000096,r3-baseline-p96-victim,r3-baseline-p96-attacker,True,True,357.4841022491455,347.9797840118408,1778557883.2796345,1778557883.2651749,1778557883.453434,1778557883.408572,True,True,True,0,2,0,False
3,20560514,cross_shard_frontrun,baseline,97,1000097,r3-baseline-p97-victim,r3-baseline-p97-attacker,True,True,357.363224029541,347.6250171661377,1778557883.279722,1778557883.2652733,1778557883.459164,1778557883.414479,True,True,True,0,2,0,False
3,20560514,cross_shard_frontrun,baseline,98,1000098,r3-baseline-p98-victim,r3-baseline-p98-attacker,True,True,357.73444175720215,347.5079536437988,1778557883.296093,1778557883.2653441,1778557883.480597,1778557883.419995,True,True,True,0,2,0,False
3,20560514,cross_shard_frontrun,baseline,99,1000099,r3-baseline-p99-victim,r3-baseline-p99-attacker,True,True,357.1779727935791,347.34249114990234,1778557883.291063,1778557883.2654006,1778557883.469964,1778557883.425687,True,True,True,0,2,0,False
3,20560514,cross_shard_frontrun,baseline,100,1000100,r3-baseline-p100-victim,r3-baseline-p100-attacker,True,True,356.3418388366699,346.5008735656738,1778557883.2909253,1778557883.2655623,1778557883.45902,1778557883.436169,True,True,True,0,2,0,False
3,20560514,cross_shard_frontrun,baseline,101,1000101,r3-baseline-p101-victim,r3-baseline-p101-attacker,True,True,353.9714813232422,343.6753749847412,1778557883.293976,1778557883.2654958,1778557883.480811,1778557883.430966,True,True,True,0,2,0,False
3,20560514,cross_shard_frontrun,baseline,102,1000102,r3-baseline-p102-victim,r3-baseline-p102-attacker,True,True,353.8546562194824,343.91188621520996,1778557883.29617,1778557883.266547,1778557883.48616,1778557883.442002,True,True,True,0,2,0,False
3,20560514,cross_shard_frontrun,baseline,103,1000103,r3-baseline-p103-victim,r3-baseline-p103-attacker,True,True,293.21956634521484,278.2559394836426,1778557883.291133,1778557883.2794793,1778557883.475573,1778557883.441826,True,True,True,0,2,0,False
3,20560514,cross_shard_frontrun,baseline,104,1000104,r3-baseline-p104-victim,r3-baseline-p104-attacker,True,True,287.2636318206787,95.72839736938477,1778557883.291003,1778557883.4815867,1778557883.464905,1778557883.491488,False,False,False,0,2,0,False
3,20560514,cross_shard_frontrun,baseline,105,1000105,r3-baseline-p105-victim,r3-baseline-p105-attacker,True,True,100.98624229431152,145.83635330200195,1778557883.4720485,1778557883.5397992,1778557883.491235,1778557883.540039,False,False,False,0,2,0,False
3,20560514,cross_shard_frontrun,baseline,106,1000106,r3-baseline-p106-victim,r3-baseline-p106-attacker,True,True,277.9412269592285,162.7206802368164,1778557883.5961242,1778557883.5522313,1778557883.601595,1778557883.552434,True,True,True,0,2,0,False
3,20560514,cross_shard_frontrun,baseline,107,1000107,r3-baseline-p107-victim,r3-baseline-p107-attacker,True,True,278.0771255493164,148.39553833007812,1778557883.5964694,1778557883.5400045,1778557883.623727,1778557883.547152,True,True,True,0,2,0,False
3,20560514,cross_shard_frontrun,baseline,108,1000108,r3-baseline-p108-victim,r3-baseline-p108-attacker,True,True,278.261661529541,180.85718154907227,1778557883.5968554,1778557883.5525503,1778557883.649822,1778557883.564504,True,True,True,0,2,0,False
3,20560514,cross_shard_frontrun,baseline,109,1000109,r3-baseline-p109-victim,r3-baseline-p109-attacker,True,True,277.6341438293457,180.1919937133789,1778557883.5967555,1778557883.5523667,1778557883.644673,1778557883.558763,True,True,True,0,2,0,False
3,20560514,cross_shard_frontrun,baseline,110,1000110,r3-baseline-p110-victim,r3-baseline-p110-attacker,True,True,276.64756774902344,179.9299716949463,1778557883.596306,1778557883.558679,1778557883.612975,1778557883.564163,True,True,True,0,2,0,False
3,20560514,cross_shard_frontrun,baseline,111,1000111,r3-baseline-p111-victim,r3-baseline-p111-attacker,True,True,276.3478755950928,197.48401641845703,1778557883.5963802,1778557883.558766,1778557883.618345,1778557883.570342,True,True,True,0,2,0,False
3,20560514,cross_shard_frontrun,baseline,112,1000112,r3-baseline-p112-victim,r3-baseline-p112-attacker,True,True,276.11780166625977,197.33285903930664,1778557883.5965517,1778557883.558844,1778557883.629055,1778557883.576557,True,True,True,0,2,0,False
3,20560514,cross_shard_frontrun,baseline,113,1000113,r3-baseline-p113-victim,r3-baseline-p113-attacker,True,True,275.85768699645996,197.29304313659668,1778557883.5966964,1778557883.5589159,1778557883.639685,1778557883.583416,True,True,True,0,2,0,False
3,20560514,cross_shard_frontrun,baseline,114,1000114,r3-baseline-p114-victim,r3-baseline-p114-attacker,True,True,234.76910591125488,220.8712100982666,1778557883.5972645,1778557883.5707648,1778557883.670943,1778557883.595314,True,True,True,0,2,0,False
3,20560514,cross_shard_frontrun,baseline,115,1000115,r3-baseline-p115-victim,r3-baseline-p115-attacker,True,True,230.54885864257812,134.35006141662598,1778557883.5971158,1778557883.5706334,1778557883.660259,1778557883.583094,True,True,True,0,2,0,False
3,20560514,cross_shard_frontrun,baseline,116,1000116,r3-baseline-p116-victim,r3-baseline-p116-attacker,True,True,214.6451473236084,112.89238929748535,1778557883.5981488,1778557883.5707128,1778557883.670687,1778557883.589915,True,True,True,0,2,0,False
3,20560514,cross_shard_frontrun,baseline,117,1000117,r3-baseline-p117-victim,r3-baseline-p117-attacker,True,True,185.68730354309082,176.6526699066162,1778557883.596628,1778557883.570843,1778557883.634249,1778557883.601319,True,True,True,0,2,0,False
3,20560514,cross_shard_frontrun,baseline,118,1000118,r3-baseline-p118-victim,r3-baseline-p118-attacker,True,True,185.66298484802246,175.96054077148438,1778557883.5969946,1778557883.5842934,1778557883.655003,1778557883.601147,True,True,True,0,2,0,False
3,20560514,cross_shard_frontrun,baseline,119,1000119,r3-baseline-p119-victim,r3-baseline-p119-attacker,True,True,185.55688858032227,175.99940299987793,1778557883.5972059,1778557883.5962076,1778557883.665819,1778557883.607415,True,True,True,0,2,0,False
3,20561514,cross_shard_frontrun,global_sequence,0,1010000,r3-global_sequence-p0-victim,r3-global_sequence-p0-attacker,True,True,86.91143989562988,369.37427520751953,1778557884.984325,1778557885.2667687,1778557884.985457,1778557885.267048,False,False,False,0,2,0,False
3,20561514,cross_shard_frontrun,global_sequence,1,1010001,r3-global_sequence-p1-victim,r3-global_sequence-p1-attacker,True,True,157.4263572692871,369.7082996368408,1778557885.0548294,1778557885.2668734,1778557885.055112,1778557885.273241,False,False,False,0,2,0,False
3,20561514,cross_shard_frontrun,global_sequence,2,1010002,r3-global_sequence-p2-victim,r3-global_sequence-p2-attacker,True,True,296.11921310424805,371.6390132904053,1778557885.1943018,1778557885.2670052,1778557885.194531,1778557885.278315,False,False,False,0,2,0,False
3,20561514,cross_shard_frontrun,global_sequence,3,1010003,r3-global_sequence-p3-victim,r3-global_sequence-p3-attacker,True,True,284.86108779907227,373.70800971984863,1778557885.1832473,1778557885.270343,1778557885.183551,1778557885.27867,False,False,False,0,2,0,False
3,20561514,cross_shard_frontrun,global_sequence,4,1010004,r3-global_sequence-p4-victim,r3-global_sequence-p4-attacker,True,True,389.7221088409424,386.5060806274414,1778557885.288999,1778557885.294007,1778557885.28917,1778557885.294173,False,False,False,0,2,0,False
3,20561514,cross_shard_frontrun,global_sequence,5,1010005,r3-global_sequence-p5-victim,r3-global_sequence-p5-attacker,True,True,504.7183036804199,707.0004940032959,1778557885.4041917,1778557885.4473019,1778557885.404403,1778557885.577204,False,False,False,0,2,0,False
3,20561514,cross_shard_frontrun,global_sequence,6,1010006,r3-global_sequence-p6-victim,r3-global_sequence-p6-attacker,True,True,398.6320495605469,522.5346088409424,1778557885.2987053,1778557885.4309514,1778557885.298862,1778557885.431143,False,False,False,0,2,0,False
3,20561514,cross_shard_frontrun,global_sequence,7,1010007,r3-global_sequence-p7-victim,r3-global_sequence-p7-attacker,True,True,710.477352142334,1020.8203792572021,1778557885.4428062,1778557885.763651,1778557885.513928,1778557885.805978,False,False,False,0,2,0,False
3,20561514,cross_shard_frontrun,global_sequence,8,1010008,r3-global_sequence-p8-victim,r3-global_sequence-p8-attacker,True,True,667.2313213348389,712.144136428833,1778557885.4417534,1778557885.572027,1778557885.441915,1778557885.61733,False,False,False,0,2,0,False
3,20561514,cross_shard_frontrun,global_sequence,9,1010009,r3-global_sequence-p9-victim,r3-global_sequence-p9-attacker,True,True,705.0857543945312,1016.7627334594727,1778557885.442307,1778557885.7574918,1778557885.470029,1778557885.774557,False,False,False,0,2,0,False
3,20561514,cross_shard_frontrun,global_sequence,10,1010010,r3-global_sequence-p10-victim,r3-global_sequence-p10-attacker,True,True,414.52765464782715,704.2069435119629,1778557885.3163948,1778557885.4433866,1778557885.31656,1778557885.571317,False,False,False,0,2,0,False
3,20561514,cross_shard_frontrun,global_sequence,11,1010011,r3-global_sequence-p11-victim,r3-global_sequence-p11-attacker,True,True,710.9622955322266,1050.33278465271,1778557885.4431572,1778557885.7693837,1778557885.545357,1778557885.83858,False,False,False,0,2,0,False
3,20561514,cross_shard_frontrun,global_sequence,12,1010012,r3-global_sequence-p12-victim,r3-global_sequence-p12-attacker,True,True,709.0559005737305,1025.2361297607422,1778557885.442968,1778557885.7691364,1778557885.529794,1778557885.816838,False,False,False,0,2,0,False
3,20561514,cross_shard_frontrun,global_sequence,13,1010013,r3-global_sequence-p13-victim,r3-global_sequence-p13-attacker,True,True,708.1050872802734,1024.4970321655273,1778557885.4428537,1778557885.7637494,1778557885.519448,1778557885.811612,False,False,False,0,2,0,False
3,20561514,cross_shard_frontrun,global_sequence,14,1010014,r3-global_sequence-p14-victim,r3-global_sequence-p14-attacker,True,True,699.6464729309082,720.2749252319336,1778557885.4421716,1778557885.626938,1778557885.459098,1778557885.627181,False,False,False,0,2,0,False
3,20561514,cross_shard_frontrun,global_sequence,15,1010015,r3-global_sequence-p15-victim,r3-global_sequence-p15-attacker,True,True,703.5760879516602,1013.798713684082,1778557885.4424345,1778557885.7575755,1778557885.481212,1778557885.77978,False,False,False,0,2,0,False
3,20561514,cross_shard_frontrun,global_sequence,16,1010016,r3-global_sequence-p16-victim,r3-global_sequence-p16-attacker,True,True,707.6444625854492,1023.4851837158203,1778557885.4430559,1778557885.7691953,1778557885.535086,1778557885.822883,False,False,False,0,2,0,False
3,20561514,cross_shard_frontrun,global_sequence,17,1010017,r3-global_sequence-p17-victim,r3-global_sequence-p17-attacker,True,True,703.8679122924805,1013.2975578308105,1778557885.4425743,1778557885.7577057,1778557885.492189,1778557885.789902,False,False,False,0,2,0,False
3,20561514,cross_shard_frontrun,global_sequence,18,1010018,r3-global_sequence-p18-victim,r3-global_sequence-p18-attacker,True,True,701.4055252075195,1000.4019737243652,1778557885.4423645,1778557885.757437,1778557885.475422,1778557885.768975,False,False,False,0,2,0,False
3,20561514,cross_shard_frontrun,global_sequence,19,1010019,r3-global_sequence-p19-victim,r3-global_sequence-p19-attacker,True,True,703.9093971252441,1015.4135227203369,1778557885.4427087,1778557885.7578914,1778557885.503533,1778557885.805887,False,False,False,0,2,0,False
3,20561514,cross_shard_frontrun,global_sequence,20,1010020,r3-global_sequence-p20-victim,r3-global_sequence-p20-attacker,True,True,698.2049942016602,898.6551761627197,1778557885.442236,1778557885.7573195,1778557885.464849,1778557885.763487,False,False,False,0,2,0,False
3,20561514,cross_shard_frontrun,global_sequence,21,1010021,r3-global_sequence-p21-victim,r3-global_sequence-p21-attacker,True,True,702.5628089904785,1012.8898620605469,1778557885.4426613,1778557885.7577765,1778557885.497992,1778557885.794938,False,False,False,0,2,0,False
3,20561514,cross_shard_frontrun,global_sequence,22,1010022,r3-global_sequence-p22-victim,r3-global_sequence-p22-attacker,True,True,705.2137851715088,1044.022798538208,1778557885.4431067,1778557885.7692535,1778557885.540134,1778557885.827932,False,False,False,0,2,0,False
3,20561514,cross_shard_frontrun,global_sequence,23,1010023,r3-global_sequence-p23-victim,r3-global_sequence-p23-attacker,True,True,706.0644626617432,1046.6587543487549,1778557885.4433424,1778557885.769562,1778557885.566101,1778557885.854341,False,False,False,0,2,0,False
3,20561514,cross_shard_frontrun,global_sequence,24,1010024,r3-global_sequence-p24-victim,r3-global_sequence-p24-attacker,True,True,705.1112651824951,1045.5191135406494,1778557885.443293,1778557885.7695036,1778557885.561011,1778557885.849194,False,False,False,0,2,0,False
3,20561514,cross_shard_frontrun,global_sequence,25,1010025,r3-global_sequence-p25-victim,r3-global_sequence-p25-attacker,True,True,704.1430473327637,1043.0595874786377,1778557885.4431968,1778557885.769328,1778557885.550435,1778557885.833071,False,False,False,0,2,0,False
3,20561514,cross_shard_frontrun,global_sequence,26,1010026,r3-global_sequence-p26-victim,r3-global_sequence-p26-attacker,True,True,692.7571296691895,707.4360847473145,1778557885.441883,1778557885.6069832,1778557885.448554,1778557885.618907,False,False,False,0,2,0,False
3,20561514,cross_shard_frontrun,global_sequence,27,1010027,r3-global_sequence-p27-victim,r3-global_sequence-p27-attacker,True,True,701.5228271484375,1018.5897350311279,1778557885.4429023,1778557885.763836,1778557885.52478,1778557885.817045,False,False,False,0,2,0,False
3,20561514,cross_shard_frontrun,global_sequence,28,1010028,r3-global_sequence-p28-victim,r3-global_sequence-p28-attacker,True,True,692.4500465393066,883.0673694610596,1778557885.4420278,1778557885.7572203,1778557885.453487,1778557885.757499,False,False,False,0,2,0,False
3,20561514,cross_shard_frontrun,global_sequence,29,1010029,r3-global_sequence-p29-victim,r3-global_sequence-p29-attacker,True,True,703.7255764007568,1044.6412563323975,1778557885.4475129,1778557885.7696784,1778557885.58836,1778557885.864616,False,False,False,0,2,0,False
3,20561514,cross_shard_frontrun,global_sequence,30,1010030,r3-global_sequence-p30-victim,r3-global_sequence-p30-attacker,True,True,702.8050422668457,1043.6887741088867,1778557885.4447262,1778557885.76962,1778557885.571821,1778557885.859442,False,False,False,0,2,0,False
3,20561514,cross_shard_frontrun,global_sequence,31,1010031,r3-global_sequence-p31-victim,r3-global_sequence-p31-attacker,True,True,701.073408126831,1040.992021560669,1778557885.4432364,1778557885.7694414,1778557885.555889,1778557885.843908,False,False,False,0,2,0,False
3,20561514,cross_shard_frontrun,global_sequence,32,1010032,r3-global_sequence-p32-victim,r3-global_sequence-p32-attacker,True,True,624.7572898864746,864.058256149292,1778557885.4425175,1778557885.7576475,1778557885.486571,1778557885.784918,False,False,False,0,2,0,False
3,20561514,cross_shard_frontrun,global_sequence,33,1010033,r3-global_sequence-p33-victim,r3-global_sequence-p33-attacker,True,True,426.685094833374,726.4804840087891,1778557885.4427564,1778557885.7578309,1778557885.508789,1778557885.800291,False,False,False,0,2,0,False
3,20561514,cross_shard_frontrun,global_sequence,34,1010034,r3-global_sequence-p34-victim,r3-global_sequence-p34-attacker,True,True,340.71946144104004,682.5780868530273,1778557885.447586,1778557885.7698708,1778557885.593861,1778557885.886488,False,False,False,0,2,0,False
3,20561514,cross_shard_frontrun,global_sequence,35,1010035,r3-global_sequence-p35-victim,r3-global_sequence-p35-attacker,True,True,337.0089530944824,675.5094528198242,1778557885.447423,1778557885.7697308,1778557885.582471,1778557885.870205,False,False,False,0,2,0,False
3,20561514,cross_shard_frontrun,global_sequence,36,1010036,r3-global_sequence-p36-victim,r3-global_sequence-p36-attacker,True,True,326.91049575805664,664.0834808349609,1778557885.447703,1778557885.7698274,1778557885.60586,1778557885.880712,False,False,False,0,2,0,False
3,20561514,cross_shard_frontrun,global_sequence,37,1010037,r3-global_sequence-p37-victim,r3-global_sequence-p37-attacker,True,True,316.82729721069336,641.1542892456055,1778557885.4476495,1778557885.7697797,1778557885.599701,1778557885.875247,False,False,False,0,2,0,False
3,20561514,cross_shard_frontrun,global_sequence,38,1010038,r3-global_sequence-p38-victim,r3-global_sequence-p38-attacker,True,True,211.8093967437744,528.8207530975342,1778557885.4679446,1778557885.7700841,1778557885.6085,1778557885.902413,False,False,False,0,2,0,False
3,20561514,cross_shard_frontrun,global_sequence,39,1010039,r3-global_sequence-p39-victim,r3-global_sequence-p39-attacker,True,True,398.86021614074707,367.36512184143066,1778557885.7699852,1778557885.976546,1778557885.891924,1778557885.979924,False,False,False,0,2,0,False
3,20561514,cross_shard_frontrun,global_sequence,40,1010040,r3-global_sequence-p40-victim,r3-global_sequence-p40-attacker,True,True,363.7382984161377,454.1151523590088,1778557885.7700403,1778557886.0679386,1778557885.897404,1778557886.068276,False,False,False,0,2,0,False
3,20561514,cross_shard_frontrun,global_sequence,41,1010041,r3-global_sequence-p41-victim,r3-global_sequence-p41-attacker,True,True,364.4850254058838,491.01972579956055,1778557885.7702656,1778557886.0735972,1778557885.918283,1778557886.086094,False,False,False,0,2,0,False
3,20561514,cross_shard_frontrun,global_sequence,42,1010042,r3-global_sequence-p42-victim,r3-global_sequence-p42-attacker,True,True,361.91248893737793,489.4294738769531,1778557885.7702148,1778557886.0734656,1778557885.913205,1778557886.080267,False,False,False,0,2,0,False
3,20561514,cross_shard_frontrun,global_sequence,43,1010043,r3-global_sequence-p43-victim,r3-global_sequence-p43-attacker,True,True,359.94720458984375,470.80206871032715,1778557885.7701447,1778557886.0733309,1778557885.907626,1778557886.073543,False,False,False,0,2,0,False
3,20561514,cross_shard_frontrun,global_sequence,44,1010044,r3-global_sequence-p44-victim,r3-global_sequence-p44-attacker,True,True,363.18135261535645,615.4701709747314,1778557885.7751384,1778557886.0848532,1778557885.929939,1778557886.10941,False,False,False,0,2,0,False
3,20561514,cross_shard_frontrun,global_sequence,45,1010045,r3-global_sequence-p45-victim,r3-global_sequence-p45-attacker,True,True,359.882116317749,487.6883029937744,1778557885.7725115,1778557886.0736744,1778557885.918577,1778557886.091662,False,False,False,0,2,0,False
3,20561514,cross_shard_frontrun,global_sequence,46,1010046,r3-global_sequence-p46-victim,r3-global_sequence-p46-attacker,True,True,359.96246337890625,498.80146980285645,1778557885.7750702,1778557886.078956,1778557885.924297,1778557886.098133,False,False,False,0,2,0,False
3,20561514,cross_shard_frontrun,global_sequence,47,1010047,r3-global_sequence-p47-victim,r3-global_sequence-p47-attacker,True,True,358.88123512268066,485.9118461608887,1778557885.7927582,1778557886.0788722,1778557885.931432,1778557886.091374,False,False,False,0,2,0,False
3,20561514,cross_shard_frontrun,global_sequence,48,1010048,r3-global_sequence-p48-victim,r3-global_sequence-p48-attacker,True,True,359.0552806854248,610.4731559753418,1778557885.8139722,1778557886.0790184,1778557885.933539,1778557886.103635,False,False,False,0,2,0,False
3,20561514,cross_shard_frontrun,global_sequence,49,1010049,r3-global_sequence-p49-victim,r3-global_sequence-p49-attacker,True,True,362.1635437011719,615.422248840332,1778557885.8298898,1778557886.101872,1778557885.957932,1778557886.133573,False,False,False,0,2,0,False
3,20561514,cross_shard_frontrun,global_sequence,50,1010050,r3-global_sequence-p50-victim,r3-global_sequence-p50-attacker,True,True,361.09185218811035,613.7423515319824,1778557885.8269792,1778557886.1017232,1778557885.941233,1778557886.12218,False,False,False,0,2,0,False
3,20561514,cross_shard_frontrun,global_sequence,51,1010051,r3-global_sequence-p51-victim,r3-global_sequence-p51-attacker,True,True,359.6334457397461,612.3201847076416,1778557885.8251934,1778557886.0962834,1778557885.940656,1778557886.116292,False,False,False,0,2,0,False
3,20561514,cross_shard_frontrun,global_sequence,52,1010052,r3-global_sequence-p52-victim,r3-global_sequence-p52-attacker,True,True,357.42759704589844,609.332799911499,1778557885.8197143,1778557886.0790794,1778557885.939863,1778557886.10901,False,False,False,0,2,0,False
3,20561514,cross_shard_frontrun,global_sequence,53,1010053,r3-global_sequence-p53-victim,r3-global_sequence-p53-attacker,True,True,360.7804775238037,614.2244338989258,1778557885.830016,1778557886.1019404,1778557885.963278,1778557886.138811,False,False,False,0,2,0,False
3,20561514,cross_shard_frontrun,global_sequence,54,1010054,r3-global_sequence-p54-victim,r3-global_sequence-p54-attacker,True,True,358.82568359375,611.187219619751,1778557885.8140395,1778557886.0963879,1778557885.939649,1778557886.12186,False,False,False,0,2,0,False
3,20561514,cross_shard_frontrun,global_sequence,55,1010055,r3-global_sequence-p55-victim,r3-global_sequence-p55-attacker,True,True,357.2278022766113,605.0541400909424,1778557885.8270497,1778557886.096207,1778557885.947263,1778557886.110473,False,False,False,0,2,0,False
3,20561514,cross_shard_frontrun,global_sequence,56,1010056,r3-global_sequence-p56-victim,r3-global_sequence-p56-attacker,True,True,349.81751441955566,595.4833030700684,1778557885.8299568,1778557886.1017945,1778557885.952588,1778557886.128297,False,False,False,0,2,0,False
3,20561514,cross_shard_frontrun,global_sequence,57,1010057,r3-global_sequence-p57-victim,r3-global_sequence-p57-attacker,True,True,174.03221130371094,416.6984558105469,1778557885.8666897,1778557886.1020076,1778557885.967063,1778557886.144258,False,False,False,0,2,0,False
3,20561514,cross_shard_frontrun,global_sequence,58,1010058,r3-global_sequence-p58-victim,r3-global_sequence-p58-attacker,True,True,324.42617416381836,335.6051445007324,1778557886.1021514,1778557886.271814,1778557886.155269,1778557886.272035,False,False,False,0,2,0,False
3,20561514,cross_shard_frontrun,global_sequence,59,1010059,r3-global_sequence-p59-victim,r3-global_sequence-p59-attacker,True,True,312.0553493499756,330.19113540649414,1778557886.102078,1778557886.2661307,1778557886.14987,1778557886.266353,False,False,False,0,2,0,False
3,20561514,cross_shard_frontrun,global_sequence,60,1010060,r3-global_sequence-p60-victim,r3-global_sequence-p60-attacker,True,True,313.8439655303955,482.26332664489746,1778557886.102226,1778557886.3715234,1778557886.166236,1778557886.378605,False,False,False,0,2,0,False
3,20561514,cross_shard_frontrun,global_sequence,61,1010061,r3-global_sequence-p61-victim,r3-global_sequence-p61-attacker,True,True,311.2044334411621,475.799560546875,1778557886.1022928,1778557886.371383,1778557886.161199,1778557886.371644,False,False,False,0,2,0,False
3,20561514,cross_shard_frontrun,global_sequence,62,1010062,r3-global_sequence-p62-victim,r3-global_sequence-p62-attacker,True,True,324.5720863342285,586.3757133483887,1778557886.1025846,1778557886.3719904,1778557886.191072,1778557886.40586,False,False,False,0,2,0,False
3,20561514,cross_shard_frontrun,global_sequence,63,1010063,r3-global_sequence-p63-victim,r3-global_sequence-p63-attacker,True,True,304.43501472473145,578.2256126403809,1778557886.1023757,1778557886.3717675,1778557886.171947,1778557886.389907,False,False,False,0,2,0,False
3,20561514,cross_shard_frontrun,global_sequence,64,1010064,r3-global_sequence-p64-victim,r3-global_sequence-p64-attacker,True,True,309.7074031829834,451.97606086730957,1778557886.1024468,1778557886.3716972,1778557886.178072,1778557886.384272,False,False,False,0,2,0,False
3,20561514,cross_shard_frontrun,global_sequence,65,1010065,r3-global_sequence-p65-victim,r3-global_sequence-p65-attacker,True,True,294.64125633239746,561.2630844116211,1778557886.1028252,1778557886.3721516,1778557886.201902,1778557886.411515,False,False,False,0,2,0,False
3,20561514,cross_shard_frontrun,global_sequence,66,1010066,r3-global_sequence-p66-victim,r3-global_sequence-p66-attacker,True,True,286.2884998321533,559.4334602355957,1778557886.1025205,1778557886.371921,1778557886.183584,1778557886.40089,False,False,False,0,2,0,False
3,20561514,cross_shard_frontrun,global_sequence,67,1010067,r3-global_sequence-p67-victim,r3-global_sequence-p67-attacker,True,True,293.3022975921631,560.795783996582,1778557886.10322,1778557886.3889916,1778557886.223146,1778557886.423235,False,False,False,0,2,0,False
3,20561514,cross_shard_frontrun,global_sequence,68,1010068,r3-global_sequence-p68-victim,r3-global_sequence-p68-attacker,True,True,290.27867317199707,555.9186935424805,1778557886.1027029,1778557886.3718593,1778557886.19661,1778557886.39533,False,False,False,0,2,0,False
3,20561514,cross_shard_frontrun,global_sequence,69,1010069,r3-global_sequence-p69-victim,r3-global_sequence-p69-attacker,True,True,290.2843952178955,557.2104454040527,1778557886.103104,1778557886.378171,1778557886.213008,1778557886.416715,False,False,False,0,2,0,False
3,20561514,cross_shard_frontrun,global_sequence,70,1010070,r3-global_sequence-p70-victim,r3-global_sequence-p70-attacker,True,True,289.6695137023926,557.2831630706787,1778557886.1031616,1778557886.3782408,1778557886.217869,1778557886.42267,False,False,False,0,2,0,False
3,20561514,cross_shard_frontrun,global_sequence,71,1010071,r3-global_sequence-p71-victim,r3-global_sequence-p71-attacker,True,True,289.90674018859863,557.9838752746582,1778557886.104158,1778557886.3895855,1778557886.235351,1778557886.434752,False,False,False,0,2,0,False
3,20561514,cross_shard_frontrun,global_sequence,72,1010072,r3-global_sequence-p72-victim,r3-global_sequence-p72-attacker,True,True,286.72218322753906,554.5196533203125,1778557886.1029644,1778557886.3722446,1778557886.207193,1778557886.416891,False,False,False,0,2,0,False
3,20561514,cross_shard_frontrun,global_sequence,73,1010073,r3-global_sequence-p73-victim,r3-global_sequence-p73-attacker,True,True,287.20593452453613,555.1707744598389,1778557886.103268,1778557886.3892124,1778557886.229113,1778557886.429447,False,False,False,0,2,0,False
3,20561514,cross_shard_frontrun,global_sequence,74,1010074,r3-global_sequence-p74-victim,r3-global_sequence-p74-attacker,True,True,286.79919242858887,555.2401542663574,1778557886.131562,1778557886.3896964,1778557886.240279,1778557886.44011,False,False,False,0,2,0,False
3,20561514,cross_shard_frontrun,global_sequence,75,1010075,r3-global_sequence-p75-victim,r3-global_sequence-p75-attacker,True,True,286.8766784667969,555.5353164672852,1778557886.1531904,1778557886.3899844,1778557886.242378,1778557886.456483,False,False,False,0,2,0,False
3,20561514,cross_shard_frontrun,global_sequence,76,1010076,r3-global_sequence-p76-victim,r3-global_sequence-p76-attacker,True,True,286.1323356628418,554.6507835388184,1778557886.1640205,1778557886.390038,1778557886.243885,1778557886.461692,False,False,False,0,2,0,False
3,20561514,cross_shard_frontrun,global_sequence,77,1010077,r3-global_sequence-p77-victim,r3-global_sequence-p77-attacker,True,True,284.3010425567627,552.9248714447021,1778557886.1387844,1778557886.3898776,1778557886.24042,1778557886.451425,False,False,False,0,2,0,False
3,20561514,cross_shard_frontrun,global_sequence,78,1010078,r3-global_sequence-p78-victim,r3-global_sequence-p78-attacker,True,True,284.592866897583,553.990364074707,1778557886.173389,1778557886.391381,1778557886.243947,1778557886.472539,False,False,False,0,2,0,False
3,20561514,cross_shard_frontrun,global_sequence,79,1010079,r3-global_sequence-p79-victim,r3-global_sequence-p79-attacker,True,True,282.4368476867676,550.7330894470215,1778557886.1423287,1778557886.3897943,1778557886.241107,1778557886.445804,False,False,False,0,2,0,False
3,20561514,cross_shard_frontrun,global_sequence,80,1010080,r3-global_sequence-p80-victim,r3-global_sequence-p80-attacker,True,True,283.2362651824951,551.832914352417,1778557886.1851168,1778557886.3914502,1778557886.250931,1778557886.477581,False,False,False,0,2,0,False
3,20561514,cross_shard_frontrun,global_sequence,81,1010081,r3-global_sequence-p81-victim,r3-global_sequence-p81-attacker,True,True,193.47453117370605,487.32757568359375,1778557886.1850457,1778557886.3915224,1778557886.251146,1778557886.483176,False,False,False,0,2,0,False
3,20561514,cross_shard_frontrun,global_sequence,82,1010082,r3-global_sequence-p82-victim,r3-global_sequence-p82-attacker,True,True,153.67937088012695,422.89161682128906,1778557886.1849327,1778557886.3912904,1778557886.244845,1778557886.466553,False,False,False,0,2,0,False
3,20561514,cross_shard_frontrun,global_sequence,83,1010083,r3-global_sequence-p83-victim,r3-global_sequence-p83-attacker,True,True,153.61332893371582,471.6331958770752,1778557886.1861935,1778557886.3918052,1778557886.251533,1778557886.499304,False,False,False,0,2,0,False
3,20561514,cross_shard_frontrun,global_sequence,84,1010084,r3-global_sequence-p84-victim,r3-global_sequence-p84-attacker,True,True,146.20423316955566,344.3152904510498,1778557886.190576,1778557886.3916066,1778557886.25822,1778557886.488418,False,False,False,0,2,0,False
3,20561514,cross_shard_frontrun,global_sequence,85,1010085,r3-global_sequence-p85-victim,r3-global_sequence-p85-attacker,True,True,353.39903831481934,472.1548557281494,1778557886.3918734,1778557886.7148094,1778557886.505109,1778557886.715154,False,False,False,0,2,0,False
3,20561514,cross_shard_frontrun,global_sequence,86,1010086,r3-global_sequence-p86-victim,r3-global_sequence-p86-attacker,True,True,350.89802742004395,363.60621452331543,1778557886.391723,1778557886.606832,1778557886.494166,1778557886.607033,False,False,False,0,2,0,False
3,20561514,cross_shard_frontrun,global_sequence,87,1010087,r3-global_sequence-p87-victim,r3-global_sequence-p87-attacker,True,True,357.68604278564453,557.0905208587646,1778557886.391966,1778557886.741757,1778557886.51014,1778557886.754676,False,False,False,0,2,0,False
3,20561514,cross_shard_frontrun,global_sequence,88,1010088,r3-global_sequence-p88-victim,r3-global_sequence-p88-attacker,True,True,357.4051856994629,658.3290100097656,1778557886.3920863,1778557886.7419305,1778557886.515033,1778557886.765591,False,False,False,0,2,0,False
3,20561514,cross_shard_frontrun,global_sequence,89,1010089,r3-global_sequence-p89-victim,r3-global_sequence-p89-attacker,True,True,358.27159881591797,658.839225769043,1778557886.395086,1778557886.742263,1778557886.532938,1778557886.787454,False,False,False,0,2,0,False
3,20561514,cross_shard_frontrun,global_sequence,90,1010090,r3-global_sequence-p90-victim,r3-global_sequence-p90-attacker,True,True,355.9556007385254,656.343936920166,1778557886.3921309,1778557886.7419927,1778557886.52154,1778557886.771047,False,False,False,0,2,0,False
3,20561514,cross_shard_frontrun,global_sequence,91,1010091,r3-global_sequence-p91-victim,r3-global_sequence-p91-attacker,True,True,355.1318645477295,655.2457809448242,1778557886.3925276,1778557886.742168,1778557886.526952,1778557886.782127,False,False,False,0,2,0,False
3,20561514,cross_shard_frontrun,global_sequence,92,1010092,r3-global_sequence-p92-victim,r3-global_sequence-p92-attacker,True,True,353.79791259765625,648.2172012329102,1778557886.3950093,1778557886.7420537,1778557886.527245,1778557886.776612,False,False,False,0,2,0,False
3,20561514,cross_shard_frontrun,global_sequence,93,1010093,r3-global_sequence-p93-victim,r3-global_sequence-p93-attacker,True,True,349.29490089416504,642.9855823516846,1778557886.4933631,1778557886.748162,1778557886.547596,1778557886.793601,False,False,False,0,2,0,False
3,20561514,cross_shard_frontrun,global_sequence,94,1010094,r3-global_sequence-p94-victim,r3-global_sequence-p94-attacker,True,True,346.5290069580078,644.829273223877,1778557886.5066075,1778557886.7599683,1778557886.586897,1778557886.841444,False,False,False,0,2,0,False
3,20561514,cross_shard_frontrun,global_sequence,95,1010095,r3-global_sequence-p95-victim,r3-global_sequence-p95-attacker,True,True,345.2324867248535,643.2697772979736,1778557886.4939666,1778557886.759906,1778557886.581526,1778557886.836387,False,False,False,0,2,0,False
3,20561514,cross_shard_frontrun,global_sequence,96,1010096,r3-global_sequence-p96-victim,r3-global_sequence-p96-attacker,True,True,343.3239459991455,642.0326232910156,1778557886.4937296,1778557886.7595882,1778557886.564751,1778557886.815414,False,False,False,0,2,0,False
3,20561514,cross_shard_frontrun,global_sequence,97,1010097,r3-global_sequence-p97-victim,r3-global_sequence-p97-attacker,True,True,341.52913093566895,640.6898498535156,1778557886.4935691,1778557886.7483304,1778557886.554241,1778557886.804277,False,False,False,0,2,0,False
3,20561514,cross_shard_frontrun,global_sequence,98,1010098,r3-global_sequence-p98-victim,r3-global_sequence-p98-attacker,True,True,341.1386013031006,640.1395797729492,1778557886.4936526,1778557886.7594087,1778557886.559197,1778557886.804456,False,False,False,0,2,0,False
3,20561514,cross_shard_frontrun,global_sequence,99,1010099,r3-global_sequence-p99-victim,r3-global_sequence-p99-attacker,True,True,342.04816818237305,641.1054134368896,1778557886.4939032,1778557886.7598162,1778557886.57575,1778557886.831134,False,False,False,0,2,0,False
3,20561514,cross_shard_frontrun,global_sequence,100,1010100,r3-global_sequence-p100-victim,r3-global_sequence-p100-attacker,True,True,340.8346176147461,641.0751342773438,1778557886.4938405,1778557886.7597318,1778557886.570279,1778557886.825902,False,False,False,0,2,0,False
3,20561514,cross_shard_frontrun,global_sequence,101,1010101,r3-global_sequence-p101-victim,r3-global_sequence-p101-attacker,True,True,342.26155281066895,639.7824287414551,1778557886.509662,1778557886.7601583,1778557886.590664,1778557886.852154,False,False,False,0,2,0,False
3,20561514,cross_shard_frontrun,global_sequence,102,1010102,r3-global_sequence-p102-victim,r3-global_sequence-p102-attacker,True,True,342.2107696533203,640.3653621673584,1778557886.5097425,1778557886.7602417,1778557886.596394,1778557886.857632,False,False,False,0,2,0,False
3,20561514,cross_shard_frontrun,global_sequence,103,1010103,r3-global_sequence-p103-victim,r3-global_sequence-p103-attacker,True,True,332.1502208709717,632.2989463806152,1778557886.4879813,1778557886.7482438,1778557886.541813,1778557886.798526,False,False,False,0,2,0,False
3,20561514,cross_shard_frontrun,global_sequence,104,1010104,r3-global_sequence-p104-victim,r3-global_sequence-p104-attacker,True,True,326.6010284423828,483.31642150878906,1778557886.4551833,1778557886.74802,1778557886.538816,1778557886.787365,False,False,False,0,2,0,False
3,20561514,cross_shard_frontrun,global_sequence,105,1010105,r3-global_sequence-p105-victim,r3-global_sequence-p105-attacker,True,True,182.1613311767578,479.755163192749,1778557886.50941,1778557886.7600386,1778557886.588604,1778557886.846979,False,False,False,0,2,0,False
3,20561514,cross_shard_frontrun,global_sequence,106,1010106,r3-global_sequence-p106-victim,r3-global_sequence-p106-attacker,True,True,80.62386512756348,371.0286617279053,1778557886.587938,1778557886.7604675,1778557886.604302,1778557886.873898,False,False,False,0,2,0,False
3,20561514,cross_shard_frontrun,global_sequence,107,1010107,r3-global_sequence-p107-victim,r3-global_sequence-p107-attacker,True,True,377.00533866882324,441.0233497619629,1778557886.7596602,1778557886.947317,1778557886.820424,1778557886.953527,False,False,False,0,2,0,False
3,20561514,cross_shard_frontrun,global_sequence,108,1010108,r3-global_sequence-p108-victim,r3-global_sequence-p108-attacker,True,True,141.23201370239258,370.394229888916,1778557886.6722977,1778557886.7614715,1778557886.672558,1778557886.906723,False,False,False,0,2,0,False
3,20561514,cross_shard_frontrun,global_sequence,109,1010109,r3-global_sequence-p109-victim,r3-global_sequence-p109-attacker,True,True,268.71395111083984,370.7551956176758,1778557886.74161,1778557886.8051283,1778557886.748577,1778557886.909178,False,False,False,0,2,0,False
3,20561514,cross_shard_frontrun,global_sequence,110,1010110,r3-global_sequence-p110-victim,r3-global_sequence-p110-attacker,True,True,373.5172748565674,375.4720687866211,1778557886.7595088,1778557886.9172692,1778557886.810151,1778557886.917469,False,False,False,0,2,0,False
3,20561514,cross_shard_frontrun,global_sequence,111,1010111,r3-global_sequence-p111-victim,r3-global_sequence-p111-attacker,True,True,374.6044635772705,436.64097785949707,1778557886.7603123,1778557886.94722,1778557886.862562,1778557886.947406,False,False,False,0,2,0,False
3,20561514,cross_shard_frontrun,global_sequence,112,1010112,r3-global_sequence-p112-victim,r3-global_sequence-p112-attacker,True,True,374.5110034942627,436.3389015197754,1778557886.760592,1778557886.9475095,1778557886.87978,1778557886.966827,False,False,False,0,2,0,False
3,20561514,cross_shard_frontrun,global_sequence,113,1010113,r3-global_sequence-p113-victim,r3-global_sequence-p113-attacker,True,True,247.90239334106445,367.1393394470215,1778557886.7414641,1778557886.7883317,1778557886.7417,1778557886.907817,False,False,False,0,2,0,False
3,20561514,cross_shard_frontrun,global_sequence,114,1010114,r3-global_sequence-p114-victim,r3-global_sequence-p114-attacker,True,True,366.38545989990234,368.2887554168701,1778557886.7418578,1778557886.9080153,1778557886.759896,1778557886.913475,False,False,False,0,2,0,False
3,20561514,cross_shard_frontrun,global_sequence,115,1010115,r3-global_sequence-p115-victim,r3-global_sequence-p115-attacker,True,True,371.1822032928467,388.1487846374512,1778557886.760391,1778557886.9474375,1778557886.868614,1778557886.958753,False,False,False,0,2,0,False
3,20561514,cross_shard_frontrun,global_sequence,116,1010116,r3-global_sequence-p116-victim,r3-global_sequence-p116-attacker,True,True,325.6349563598633,389.0495300292969,1778557886.7609205,1778557886.9506476,1778557886.89577,1778557886.982853,False,False,False,0,2,0,False
3,20561514,cross_shard_frontrun,global_sequence,117,1010117,r3-global_sequence-p117-victim,r3-global_sequence-p117-attacker,True,True,323.5952854156494,389.981746673584,1778557886.7607675,1778557886.9475691,1778557886.884817,1778557886.983088,False,False,False,0,2,0,False
3,20561514,cross_shard_frontrun,global_sequence,118,1010118,r3-global_sequence-p118-victim,r3-global_sequence-p118-attacker,True,True,316.99633598327637,378.237247467041,1778557886.7608466,1778557886.9476578,1778557886.890646,1778557886.977837,False,False,False,0,2,0,False
3,20561514,cross_shard_frontrun,global_sequence,119,1010119,r3-global_sequence-p119-victim,r3-global_sequence-p119-attacker,True,True,315.20962715148926,376.85084342956543,1778557886.7610056,1778557886.947619,1778557886.901277,1778557886.972525,False,False,False,0,2,0,False
3,20562514,cross_shard_frontrun,occ,0,1020000,r3-occ-p0-victim,r3-occ-p0-attacker,True,True,77.84485816955566,502.34508514404297,1778557888.131544,1778557888.4055798,1778557888.132455,1778557888.543147,False,False,False,0,2,0,False
3,20562514,cross_shard_frontrun,occ,1,1020001,r3-occ-p1-victim,r3-occ-p1-attacker,True,True,146.03948593139648,501.1868476867676,1778557888.201337,1778557888.4056602,1778557888.201567,1778557888.549573,False,False,False,0,2,0,False
3,20562514,cross_shard_frontrun,occ,2,1020002,r3-occ-p2-victim,r3-occ-p2-attacker,True,True,317.9590702056885,501.0807514190674,1778557888.3745844,1778557888.4057143,1778557888.374855,1778557888.556313,False,False,False,0,2,0,False
3,20562514,cross_shard_frontrun,occ,3,1020003,r3-occ-p3-victim,r3-occ-p3-attacker,True,True,326.7679214477539,500.8277893066406,1778557888.3822484,1778557888.4090948,1778557888.382439,1778557888.56214,False,False,False,0,2,0,False
3,20562514,cross_shard_frontrun,occ,4,1020004,r3-occ-p4-victim,r3-occ-p4-attacker,True,False,668.9407825469971,475.00061988830566,1778557888.5815337,,1778557888.665747,,False,False,False,1,1,1,False
3,20562514,cross_shard_frontrun,occ,5,1020005,r3-occ-p5-victim,r3-occ-p5-attacker,True,False,671.2427139282227,474.8525619506836,1778557888.5820844,,1778557888.70871,,False,False,False,1,1,1,False
3,20562514,cross_shard_frontrun,occ,6,1020006,r3-occ-p6-victim,r3-occ-p6-attacker,True,False,671.0774898529053,474.57432746887207,1778557888.582152,,1778557888.714186,,False,False,False,1,1,1,False
3,20562514,cross_shard_frontrun,occ,7,1020007,r3-occ-p7-victim,r3-occ-p7-attacker,True,False,669.6553230285645,493.52169036865234,1778557888.581894,,1778557888.692684,,False,False,False,1,1,1,False
3,20562514,cross_shard_frontrun,occ,8,1020008,r3-occ-p8-victim,r3-occ-p8-attacker,True,False,666.3296222686768,492.8548336029053,1778557888.5812514,,1778557888.643363,,False,False,False,1,1,1,False
3,20562514,cross_shard_frontrun,occ,9,1020009,r3-occ-p9-victim,r3-occ-p9-attacker,True,False,659.5313549041748,491.2078380584717,1778557888.580977,,1778557888.619333,,False,False,False,1,1,1,False
3,20562514,cross_shard_frontrun,occ,10,1020010,r3-occ-p10-victim,r3-occ-p10-attacker,True,False,516.5815353393555,491.00494384765625,1778557888.574726,,1778557888.575051,,False,False,False,1,1,1,False
3,20562514,cross_shard_frontrun,occ,11,1020011,r3-occ-p11-victim,r3-occ-p11-attacker,True,False,658.1499576568604,491.2433624267578,1778557888.5805788,,1778557888.59241,,False,False,False,1,1,1,False
3,20562514,cross_shard_frontrun,occ,12,1020012,r3-occ-p12-victim,r3-occ-p12-attacker,True,False,658.1676006317139,490.8866882324219,1778557888.580814,,1778557888.60887,,False,False,False,1,1,1,False
3,20562514,cross_shard_frontrun,occ,13,1020013,r3-occ-p13-victim,r3-occ-p13-attacker,True,False,651.4360904693604,495.14174461364746,1778557888.580246,,1778557888.580465,,False,False,False,1,1,1,False
3,20562514,cross_shard_frontrun,occ,14,1020014,r3-occ-p14-victim,r3-occ-p14-attacker,True,False,663.3391380310059,491.11461639404297,1778557888.5810459,,1778557888.625372,,False,False,False,1,1,1,False
3,20562514,cross_shard_frontrun,occ,15,1020015,r3-occ-p15-victim,r3-occ-p15-attacker,True,False,663.1662845611572,491.7926788330078,1778557888.581112,,1778557888.632552,,False,False,False,1,1,1,False
3,20562514,cross_shard_frontrun,occ,16,1020016,r3-occ-p16-victim,r3-occ-p16-attacker,True,False,665.2712821960449,490.81873893737793,1778557888.5818322,,1778557888.687525,,False,False,False,1,1,1,False
3,20562514,cross_shard_frontrun,occ,17,1020017,r3-occ-p17-victim,r3-occ-p17-attacker,True,False,503.8876533508301,490.71431159973145,1778557888.46429,,1778557888.56381,,False,False,False,1,1,1,False
3,20562514,cross_shard_frontrun,occ,18,1020018,r3-occ-p18-victim,r3-occ-p18-attacker,True,False,505.97405433654785,490.60750007629395,1778557888.5147755,,1778557888.567287,,False,False,False,1,1,1,False
3,20562514,cross_shard_frontrun,occ,19,1020019,r3-occ-p19-victim,r3-occ-p19-attacker,True,False,655.4346084594727,490.45753479003906,1778557888.5809064,,1778557888.614114,,False,False,False,1,1,1,False
3,20562514,cross_shard_frontrun,occ,20,1020020,r3-occ-p20-victim,r3-occ-p20-attacker,True,False,662.7094745635986,490.2842044830322,1778557888.5816123,,1778557888.671102,,False,False,False,1,1,1,False
3,20562514,cross_shard_frontrun,occ,21,1020021,r3-occ-p21-victim,r3-occ-p21-attacker,True,False,663.0830764770508,490.2489185333252,1778557888.5817566,,1778557888.682006,,False,False,False,1,1,1,False
3,20562514,cross_shard_frontrun,occ,22,1020022,r3-occ-p22-victim,r3-occ-p22-attacker,True,False,664.3543243408203,490.1401996612549,1778557888.5820231,,1778557888.703222,,False,False,False,1,1,1,False
3,20562514,cross_shard_frontrun,occ,23,1020023,r3-occ-p23-victim,r3-occ-p23-attacker,True,False,663.8436317443848,489.9024963378906,1778557888.5819616,,1778557888.697979,,False,False,False,1,1,1,False
3,20562514,cross_shard_frontrun,occ,24,1020024,r3-occ-p24-victim,r3-occ-p24-attacker,True,False,653.2478332519531,489.65907096862793,1778557888.5806544,,1778557888.598156,,False,False,False,1,1,1,False
3,20562514,cross_shard_frontrun,occ,25,1020025,r3-occ-p25-victim,r3-occ-p25-attacker,True,False,663.7730598449707,489.5179271697998,1778557888.5871732,,1778557888.719931,,False,False,False,1,1,1,False
3,20562514,cross_shard_frontrun,occ,26,1020026,r3-occ-p26-victim,r3-occ-p26-attacker,True,False,659.2514514923096,489.41612243652344,1778557888.5811813,,1778557888.638078,,False,False,False,1,1,1,False
3,20562514,cross_shard_frontrun,occ,27,1020027,r3-occ-p27-victim,r3-occ-p27-attacker,True,False,651.9970893859863,489.27855491638184,1778557888.5803792,,1778557888.587,,False,False,False,1,1,1,False
3,20562514,cross_shard_frontrun,occ,28,1020028,r3-occ-p28-victim,r3-occ-p28-attacker,True,False,659.1103076934814,489.2864227294922,1778557888.5813398,,1778557888.648964,,False,False,False,1,1,1,False
3,20562514,cross_shard_frontrun,occ,29,1020029,r3-occ-p29-victim,r3-occ-p29-attacker,True,False,659.9438190460205,489.23444747924805,1778557888.5816798,,1778557888.676706,,False,False,False,1,1,1,False
3,20562514,cross_shard_frontrun,occ,30,1020030,r3-occ-p30-victim,r3-occ-p30-attacker,True,False,659.0409278869629,489.27950859069824,1778557888.5814672,,1778557888.660448,,False,False,False,1,1,1,False
3,20562514,cross_shard_frontrun,occ,31,1020031,r3-occ-p31-victim,r3-occ-p31-attacker,True,False,651.1764526367188,488.7502193450928,1778557888.5807338,,1778557888.603515,,False,False,False,1,1,1,False
3,20562514,cross_shard_frontrun,occ,32,1020032,r3-occ-p32-victim,r3-occ-p32-attacker,True,False,593.1339263916016,355.1061153411865,1778557888.5814073,,1778557888.654469,,False,False,False,1,1,1,False
3,20562514,cross_shard_frontrun,occ,33,1020033,r3-occ-p33-victim,r3-occ-p33-attacker,True,False,354.89487648010254,174.98278617858887,1778557888.5831351,,1778557888.714094,,False,False,False,1,1,1,False
3,20562514,cross_shard_frontrun,occ,34,1020034,r3-occ-p34-victim,r3-occ-p34-attacker,True,False,265.3782367706299,19.884109497070312,1778557888.627301,,1778557888.726553,,False,False,False,1,1,1,False
3,20562514,cross_shard_frontrun,occ,35,1020035,r3-occ-p35-victim,r3-occ-p35-attacker,True,False,188.22240829467773,243.62611770629883,1778557888.6238673,,1778557888.720643,,False,False,False,1,1,1,False
3,20562514,cross_shard_frontrun,occ,36,1020036,r3-occ-p36-victim,r3-occ-p36-attacker,True,False,245.49174308776855,243.53313446044922,1778557888.6334705,,1778557888.726308,,False,False,False,1,1,1,False
3,20562514,cross_shard_frontrun,occ,37,1020037,r3-occ-p37-victim,r3-occ-p37-attacker,True,False,245.62883377075195,243.19791793823242,1778557888.7001874,,1778557888.72998,,False,False,False,1,1,1,False
3,20562514,cross_shard_frontrun,occ,38,1020038,r3-occ-p38-victim,r3-occ-p38-attacker,True,False,245.41997909545898,243.32904815673828,1778557888.7035582,,1778557888.730189,,False,False,False,1,1,1,False
3,20562514,cross_shard_frontrun,occ,39,1020039,r3-occ-p39-victim,r3-occ-p39-attacker,True,False,258.77857208251953,243.07560920715332,1778557888.785242,,1778557888.815009,,False,False,False,1,1,1,False
3,20562514,cross_shard_frontrun,occ,40,1020040,r3-occ-p40-victim,r3-occ-p40-attacker,True,False,260.9870433807373,242.4478530883789,1778557888.8175874,,1778557888.821501,,False,False,False,1,1,1,False
3,20562514,cross_shard_frontrun,occ,41,1020041,r3-occ-p41-victim,r3-occ-p41-attacker,True,False,314.29505348205566,242.36106872558594,1778557888.8290555,,1778557888.840382,,False,False,False,1,1,1,False
3,20562514,cross_shard_frontrun,occ,42,1020042,r3-occ-p42-victim,r3-occ-p42-attacker,True,False,262.68982887268066,242.14792251586914,1778557888.8069656,,1778557888.821533,,False,False,False,1,1,1,False
3,20562514,cross_shard_frontrun,occ,43,1020043,r3-occ-p43-victim,r3-occ-p43-attacker,True,False,257.36498832702637,241.99199676513672,1778557888.8069167,,1778557888.815577,,False,False,False,1,1,1,False
3,20562514,cross_shard_frontrun,occ,44,1020044,r3-occ-p44-victim,r3-occ-p44-attacker,True,False,340.3186798095703,241.8053150177002,1778557888.8293624,,1778557888.861672,,False,False,False,1,1,1,False
3,20562514,cross_shard_frontrun,occ,45,1020045,r3-occ-p45-victim,r3-occ-p45-attacker,True,False,340.3441905975342,241.38140678405762,1778557888.8294914,,1778557888.872467,,False,False,False,1,1,1,False
3,20562514,cross_shard_frontrun,occ,46,1020046,r3-occ-p46-victim,r3-occ-p46-attacker,True,False,339.53285217285156,241.16086959838867,1778557888.8294308,,1778557888.866968,,False,False,False,1,1,1,False
3,20562514,cross_shard_frontrun,occ,47,1020047,r3-occ-p47-victim,r3-occ-p47-attacker,True,False,311.6917610168457,241.00375175476074,1778557888.8288975,,1778557888.834883,,False,False,False,1,1,1,False
3,20562514,cross_shard_frontrun,occ,48,1020048,r3-occ-p48-victim,r3-occ-p48-attacker,True,False,311.1739158630371,240.58294296264648,1778557888.828773,,1778557888.829007,,False,False,False,1,1,1,False
3,20562514,cross_shard_frontrun,occ,49,1020049,r3-occ-p49-victim,r3-occ-p49-attacker,True,False,338.6693000793457,245.56541442871094,1778557888.832361,,1778557888.87797,,False,False,False,1,1,1,False
3,20562514,cross_shard_frontrun,occ,50,1020050,r3-occ-p50-victim,r3-occ-p50-attacker,True,False,331.601619720459,244.91024017333984,1778557888.8291273,,1778557888.845853,,False,False,False,1,1,1,False
3,20562514,cross_shard_frontrun,occ,51,1020051,r3-occ-p51-victim,r3-occ-p51-attacker,True,False,336.40408515930176,242.7694797515869,1778557888.829199,,1778557888.850939,,False,False,False,1,1,1,False
3,20562514,cross_shard_frontrun,occ,52,1020052,r3-occ-p52-victim,r3-occ-p52-attacker,True,False,334.3534469604492,235.487699508667,1778557888.8292801,,1778557888.856252,,False,False,False,1,1,1,False
3,20562514,cross_shard_frontrun,occ,53,1020053,r3-occ-p53-victim,r3-occ-p53-attacker,True,False,213.8662338256836,177.92105674743652,1778557888.8518453,,1778557888.899408,,False,False,False,1,1,1,False
3,20562514,cross_shard_frontrun,occ,54,1020054,r3-occ-p54-victim,r3-occ-p54-attacker,True,False,208.33086967468262,177.7052879333496,1778557888.8547158,,1778557888.904894,,False,False,False,1,1,1,False
3,20562514,cross_shard_frontrun,occ,55,1020055,r3-occ-p55-victim,r3-occ-p55-attacker,True,False,208.64415168762207,182.97767639160156,1778557888.8929205,,1778557888.911475,,False,False,False,1,1,1,False
3,20562514,cross_shard_frontrun,occ,56,1020056,r3-occ-p56-victim,r3-occ-p56-attacker,True,False,213.53936195373535,199.03874397277832,1778557888.8894546,,1778557888.911724,,False,False,False,1,1,1,False
3,20562514,cross_shard_frontrun,occ,57,1020057,r3-occ-p57-victim,r3-occ-p57-attacker,True,False,202.30460166931152,193.4072971343994,1778557888.889384,,1778557888.906151,,False,False,False,1,1,1,False
3,20562514,cross_shard_frontrun,occ,58,1020058,r3-occ-p58-victim,r3-occ-p58-attacker,True,False,235.07404327392578,193.71533393859863,1778557888.9335368,,1778557888.94076,,False,False,False,1,1,1,False
3,20562514,cross_shard_frontrun,occ,59,1020059,r3-occ-p59-victim,r3-occ-p59-attacker,True,False,207.52453804016113,199.08404350280762,1778557888.9068894,,1778557888.92818,,False,False,False,1,1,1,False
3,20562514,cross_shard_frontrun,occ,60,1020060,r3-occ-p60-victim,r3-occ-p60-attacker,True,False,233.51287841796875,198.2104778289795,1778557888.9175177,,1778557888.934358,,False,False,False,1,1,1,False
3,20562514,cross_shard_frontrun,occ,61,1020061,r3-occ-p61-victim,r3-occ-p61-attacker,True,False,206.6802978515625,197.8917121887207,1778557888.9174705,,1778557888.928879,,False,False,False,1,1,1,False
3,20562514,cross_shard_frontrun,occ,62,1020062,r3-occ-p62-victim,r3-occ-p62-attacker,True,False,255.8281421661377,247.42484092712402,1778557888.9370866,,1778557888.961539,,False,False,False,1,1,1,False
3,20562514,cross_shard_frontrun,occ,63,1020063,r3-occ-p63-victim,r3-occ-p63-attacker,True,False,237.97869682312012,246.78683280944824,1778557888.9336371,,1778557888.951055,,False,False,False,1,1,1,False
3,20562514,cross_shard_frontrun,occ,64,1020064,r3-occ-p64-victim,r3-occ-p64-attacker,True,False,237.2581958770752,246.29878997802734,1778557888.9335918,,1778557888.945919,,False,False,False,1,1,1,False
3,20562514,cross_shard_frontrun,occ,65,1020065,r3-occ-p65-victim,r3-occ-p65-attacker,True,False,230.79586029052734,246.3366985321045,1778557888.9334757,,1778557888.934797,,False,False,False,1,1,1,False
3,20562514,cross_shard_frontrun,occ,66,1020066,r3-occ-p66-victim,r3-occ-p66-attacker,True,False,248.20351600646973,246.28305435180664,1778557888.933689,,1778557888.956264,,False,False,False,1,1,1,False
3,20562514,cross_shard_frontrun,occ,67,1020067,r3-occ-p67-victim,r3-occ-p67-attacker,True,False,279.8583507537842,169.36159133911133,1778557889.0535467,,1778557889.053718,,False,False,False,1,1,1,False
3,20562514,cross_shard_frontrun,occ,68,1020068,r3-occ-p68-victim,r3-occ-p68-attacker,True,False,240.71073532104492,171.6623306274414,1778557889.0472057,,1778557889.047438,,False,False,False,1,1,1,False
3,20562514,cross_shard_frontrun,occ,69,1020069,r3-occ-p69-victim,r3-occ-p69-attacker,True,False,328.2041549682617,168.32494735717773,1778557889.0542614,,1778557889.087798,,False,False,False,1,1,1,False
3,20562514,cross_shard_frontrun,occ,70,1020070,r3-occ-p70-victim,r3-occ-p70-attacker,True,False,215.6052589416504,190.38677215576172,1778557889.0279832,,1778557889.028303,,False,False,False,1,1,1,False
3,20562514,cross_shard_frontrun,occ,71,1020071,r3-occ-p71-victim,r3-occ-p71-attacker,True,False,431.11658096313477,190.31357765197754,1778557889.0591931,,1778557889.135167,,False,False,False,1,1,1,False
3,20562514,cross_shard_frontrun,occ,72,1020072,r3-occ-p72-victim,r3-occ-p72-attacker,True,False,326.54476165771484,195.17254829406738,1778557889.0540354,,1778557889.072156,,False,False,False,1,1,1,False
3,20562514,cross_shard_frontrun,occ,73,1020073,r3-occ-p73-victim,r3-occ-p73-attacker,True,False,326.0047435760498,192.43192672729492,1778557889.0539043,,1778557889.066987,,False,False,False,1,1,1,False
3,20562514,cross_shard_frontrun,occ,74,1020074,r3-occ-p74-victim,r3-occ-p74-attacker,True,False,326.3676166534424,219.95258331298828,1778557889.054209,,1778557889.082456,,False,False,False,1,1,1,False
3,20562514,cross_shard_frontrun,occ,75,1020075,r3-occ-p75-victim,r3-occ-p75-attacker,True,False,325.25134086608887,318.3307647705078,1778557889.053687,,1778557889.061894,,False,False,False,1,1,1,False
3,20562514,cross_shard_frontrun,occ,76,1020076,r3-occ-p76-victim,r3-occ-p76-attacker,True,False,423.0942726135254,312.2215270996094,1778557889.0569665,,1778557889.119518,,False,False,False,1,1,1,False
3,20562514,cross_shard_frontrun,occ,77,1020077,r3-occ-p77-victim,r3-occ-p77-attacker,True,False,319.75483894348145,317.807674407959,1778557889.054074,,1778557889.077269,,False,False,False,1,1,1,False
3,20562514,cross_shard_frontrun,occ,78,1020078,r3-occ-p78-victim,r3-occ-p78-attacker,True,False,447.8895664215088,413.5708808898926,1778557889.0592606,,1778557889.140948,,False,False,False,1,1,1,False
3,20562514,cross_shard_frontrun,occ,79,1020079,r3-occ-p79-victim,r3-occ-p79-attacker,True,False,506.30664825439453,372.1499443054199,1778557889.1347656,,1778557889.24532,,False,False,False,1,1,1,False
3,20562514,cross_shard_frontrun,occ,80,1020080,r3-occ-p80-victim,r3-occ-p80-attacker,True,False,503.50189208984375,357.94830322265625,1778557889.1400282,,1778557889.252162,,False,False,False,1,1,1,False
3,20562514,cross_shard_frontrun,occ,81,1020081,r3-occ-p81-victim,r3-occ-p81-attacker,True,False,453.0150890350342,337.21089363098145,1778557889.12912,,1778557889.245117,,False,False,False,1,1,1,False
3,20562514,cross_shard_frontrun,occ,82,1020082,r3-occ-p82-victim,r3-occ-p82-attacker,True,False,493.7002658843994,331.91514015197754,1778557889.1401224,,1778557889.257977,,False,False,False,1,1,1,False
3,20562514,cross_shard_frontrun,occ,83,1020083,r3-occ-p83-victim,r3-occ-p83-attacker,True,False,493.69263648986816,356.39095306396484,1778557889.1433516,,1778557889.270094,,False,False,False,1,1,1,False
3,20562514,cross_shard_frontrun,occ,84,1020084,r3-occ-p84-victim,r3-occ-p84-attacker,True,False,425.65393447875977,356.2343120574951,1778557889.1399524,,1778557889.245549,,False,False,False,1,1,1,False
3,20562514,cross_shard_frontrun,occ,85,1020085,r3-occ-p85-victim,r3-occ-p85-attacker,True,False,492.7501678466797,353.92260551452637,1778557889.140187,,1778557889.263842,,False,False,False,1,1,1,False
3,20562514,cross_shard_frontrun,occ,86,1020086,r3-occ-p86-victim,r3-occ-p86-attacker,True,False,487.8988265991211,334.5644474029541,1778557889.1402655,,1778557889.270075,,False,False,False,1,1,1,False
3,20562514,cross_shard_frontrun,occ,87,1020087,r3-occ-p87-victim,r3-occ-p87-attacker,True,False,515.2666568756104,352.2162437438965,1778557889.237958,,1778557889.331069,,False,False,False,1,1,1,False
3,20562514,cross_shard_frontrun,occ,88,1020088,r3-occ-p88-victim,r3-occ-p88-attacker,True,False,515.0337219238281,351.99928283691406,1778557889.2508786,,1778557889.331482,,False,False,False,1,1,1,False
3,20562514,cross_shard_frontrun,occ,89,1020089,r3-occ-p89-victim,r3-occ-p89-attacker,True,False,485.86416244506836,352.2758483886719,1778557889.1763027,,1778557889.289344,,False,False,False,1,1,1,False
3,20562514,cross_shard_frontrun,occ,90,1020090,r3-occ-p90-victim,r3-occ-p90-attacker,True,False,509.6731185913086,346.693754196167,1778557889.251008,,1778557889.344231,,False,False,False,1,1,1,False
3,20562514,cross_shard_frontrun,occ,91,1020091,r3-occ-p91-victim,r3-occ-p91-attacker,True,False,479.9916744232178,346.7843532562256,1778557889.163849,,1778557889.288814,,False,False,False,1,1,1,False
3,20562514,cross_shard_frontrun,occ,92,1020092,r3-occ-p92-victim,r3-occ-p92-attacker,True,False,502.2118091583252,346.7748165130615,1778557889.2253792,,1778557889.298062,,False,False,False,1,1,1,False
3,20562514,cross_shard_frontrun,occ,93,1020093,r3-occ-p93-victim,r3-occ-p93-attacker,True,False,475.8148193359375,320.25909423828125,1778557889.2374864,,1778557889.303506,,False,False,False,1,1,1,False
3,20562514,cross_shard_frontrun,occ,94,1020094,r3-occ-p94-victim,r3-occ-p94-attacker,True,False,481.70971870422363,314.2735958099365,1778557889.2509506,,1778557889.339209,,False,False,False,1,1,1,False
3,20562514,cross_shard_frontrun,occ,95,1020095,r3-occ-p95-victim,r3-occ-p95-attacker,True,False,492.71178245544434,302.9961585998535,1778557889.2518625,,1778557889.365573,,False,False,False,1,1,1,False
3,20562514,cross_shard_frontrun,occ,96,1020096,r3-occ-p96-victim,r3-occ-p96-attacker,True,False,459.1708183288574,297.7111339569092,1778557889.251217,,1778557889.349161,,False,False,False,1,1,1,False
3,20562514,cross_shard_frontrun,occ,97,1020097,r3-occ-p97-victim,r3-occ-p97-attacker,True,False,459.2444896697998,297.2521781921387,1778557889.2515678,,1778557889.360277,,False,False,False,1,1,1,False
3,20562514,cross_shard_frontrun,occ,98,1020098,r3-occ-p98-victim,r3-occ-p98-attacker,True,False,457.69762992858887,297.5940704345703,1778557889.237783,,1778557889.320283,,False,False,False,1,1,1,False
3,20562514,cross_shard_frontrun,occ,99,1020099,r3-occ-p99-victim,r3-occ-p99-attacker,True,False,451.2460231781006,294.8267459869385,1778557889.237244,,1778557889.297641,,False,False,False,1,1,1,False
3,20562514,cross_shard_frontrun,occ,100,1020100,r3-occ-p100-victim,r3-occ-p100-attacker,True,False,446.8846321105957,310.19067764282227,1778557889.2375863,,1778557889.309118,,False,False,False,1,1,1,False
3,20562514,cross_shard_frontrun,occ,101,1020101,r3-occ-p101-victim,r3-occ-p101-attacker,True,False,430.2246570587158,274.02186393737793,1778557889.2378712,,1778557889.325651,,False,False,False,1,1,1,False
3,20562514,cross_shard_frontrun,occ,102,1020102,r3-occ-p102-victim,r3-occ-p102-attacker,True,False,424.7243404388428,292.863130569458,1778557889.2376776,,1778557889.314818,,False,False,False,1,1,1,False
3,20562514,cross_shard_frontrun,occ,103,1020103,r3-occ-p103-victim,r3-occ-p103-attacker,True,False,400.6669521331787,274.4946479797363,1778557889.2513473,,1778557889.354809,,False,False,False,1,1,1,False
3,20562514,cross_shard_frontrun,occ,104,1020104,r3-occ-p104-victim,r3-occ-p104-attacker,True,False,327.4378776550293,250.3652572631836,1778557889.225203,,1778557889.291199,,False,False,False,1,1,1,False
3,20562514,cross_shard_frontrun,occ,105,1020105,r3-occ-p105-victim,r3-occ-p105-attacker,True,False,319.8399543762207,250.4122257232666,1778557889.251952,,1778557889.371001,,False,False,False,1,1,1,False
3,20562514,cross_shard_frontrun,occ,106,1020106,r3-occ-p106-victim,r3-occ-p106-attacker,True,False,319.8432922363281,264.4822597503662,1778557889.2521677,,1778557889.38153,,False,False,False,1,1,1,False
3,20562514,cross_shard_frontrun,occ,107,1020107,r3-occ-p107-victim,r3-occ-p107-attacker,True,False,319.1959857940674,264.8437023162842,1778557889.2520347,,1778557889.376266,,False,False,False,1,1,1,False
3,20562514,cross_shard_frontrun,occ,108,1020108,r3-occ-p108-victim,r3-occ-p108-attacker,True,False,319.4622993469238,258.60118865966797,1778557889.2545812,,1778557889.392764,,False,False,False,1,1,1,False
3,20562514,cross_shard_frontrun,occ,109,1020109,r3-occ-p109-victim,r3-occ-p109-attacker,True,False,254.73308563232422,209.09976959228516,1778557889.2767596,,1778557889.399566,,False,False,False,1,1,1,False
3,20562514,cross_shard_frontrun,occ,110,1020110,r3-occ-p110-victim,r3-occ-p110-attacker,True,False,219.08211708068848,208.7993621826172,1778557889.3124058,,1778557889.437339,,False,False,False,1,1,1,False
3,20562514,cross_shard_frontrun,occ,111,1020111,r3-occ-p111-victim,r3-occ-p111-attacker,True,False,218.5673713684082,208.36424827575684,1778557889.320206,,1778557889.442898,,False,False,False,1,1,1,False
3,20562514,cross_shard_frontrun,occ,112,1020112,r3-occ-p112-victim,r3-occ-p112-attacker,True,False,218.22023391723633,183.9463710784912,1778557889.3166792,,1778557889.443072,,False,False,False,1,1,1,False
3,20562514,cross_shard_frontrun,occ,113,1020113,r3-occ-p113-victim,r3-occ-p113-attacker,True,False,193.6023235321045,183.83121490478516,1778557889.3429384,,1778557889.443706,,False,False,False,1,1,1,False
3,20562514,cross_shard_frontrun,occ,114,1020114,r3-occ-p114-victim,r3-occ-p114-attacker,True,False,193.36438179016113,183.53796005249023,1778557889.3350122,,1778557889.443246,,False,False,False,1,1,1,False
3,20562514,cross_shard_frontrun,occ,115,1020115,r3-occ-p115-victim,r3-occ-p115-attacker,True,False,175.68492889404297,165.70472717285156,1778557889.364238,,1778557889.449953,,False,False,False,1,1,1,False
3,20562514,cross_shard_frontrun,occ,116,1020116,r3-occ-p116-victim,r3-occ-p116-attacker,True,False,174.34382438659668,165.3285026550293,1778557889.3641727,,1778557889.444256,,False,False,False,1,1,1,False
3,20562514,cross_shard_frontrun,occ,117,1020117,r3-occ-p117-victim,r3-occ-p117-attacker,True,False,175.0349998474121,165.0090217590332,1778557889.3676038,,1778557889.460901,,False,False,False,1,1,1,False
3,20562514,cross_shard_frontrun,occ,118,1020118,r3-occ-p118-victim,r3-occ-p118-attacker,True,False,174.15475845336914,164.71338272094727,1778557889.3533843,,1778557889.443968,,False,False,False,1,1,1,False
3,20562514,cross_shard_frontrun,occ,119,1020119,r3-occ-p119-victim,r3-occ-p119-attacker,True,False,174.12948608398438,164.44802284240723,1778557889.3643072,,1778557889.455761,,False,False,False,1,1,1,False
3,20563514,cross_shard_frontrun,conflict_key_queue,0,1030000,r3-conflict_key_queue-p0-victim,r3-conflict_key_queue-p0-attacker,True,True,72.3874568939209,181.24127388000488,1778557890.7187274,1778557890.8262827,1778557890.719759,1778557890.832533,False,False,False,0,2,0,False
3,20563514,cross_shard_frontrun,conflict_key_queue,1,1030001,r3-conflict_key_queue-p1-victim,r3-conflict_key_queue-p1-attacker,True,True,121.47831916809082,172.20020294189453,1778557890.769623,1778557890.8261821,1778557890.769885,1778557890.826447,False,False,False,0,2,0,False
3,20563514,cross_shard_frontrun,conflict_key_queue,2,1030002,r3-conflict_key_queue-p2-victim,r3-conflict_key_queue-p2-attacker,True,True,125.12016296386719,174.20268058776855,1778557890.774322,1778557890.832262,1778557890.774526,1778557890.832406,False,False,False,0,2,0,False
3,20563514,cross_shard_frontrun,conflict_key_queue,3,1030003,r3-conflict_key_queue-p3-victim,r3-conflict_key_queue-p3-attacker,True,True,189.99171257019043,193.16363334655762,1778557890.8396497,1778557890.851611,1778557890.839833,1778557890.851819,False,False,False,0,2,0,False
3,20563514,cross_shard_frontrun,conflict_key_queue,4,1030004,r3-conflict_key_queue-p4-victim,r3-conflict_key_queue-p4-attacker,True,True,278.97047996520996,522.2733020782471,1778557890.9293504,1778557891.0301769,1778557890.929633,1778557891.132327,False,False,False,0,2,0,False
3,20563514,cross_shard_frontrun,conflict_key_queue,5,1030005,r3-conflict_key_queue-p5-victim,r3-conflict_key_queue-p5-attacker,True,True,513.7529373168945,540.2393341064453,1778557891.021459,1778557891.1997056,1778557891.039794,1778557891.199911,False,False,False,0,2,0,False
3,20563514,cross_shard_frontrun,conflict_key_queue,6,1030006,r3-conflict_key_queue-p6-victim,r3-conflict_key_queue-p6-attacker,True,True,366.5649890899658,523.8633155822754,1778557891.0012205,1778557891.0507371,1778557891.008011,1778557891.17507,False,False,False,0,2,0,False
3,20563514,cross_shard_frontrun,conflict_key_queue,7,1030007,r3-conflict_key_queue-p7-victim,r3-conflict_key_queue-p7-attacker,True,True,332.83281326293945,522.5956439971924,1778557890.9767866,1778557891.0356467,1778557890.984111,1778557891.167702,False,False,False,0,2,0,False
3,20563514,cross_shard_frontrun,conflict_key_queue,8,1030008,r3-conflict_key_queue-p8-victim,r3-conflict_key_queue-p8-attacker,True,True,512.4313831329346,720.88623046875,1778557891.021926,1778557891.3837004,1778557891.045704,1778557891.38421,False,False,False,0,2,0,False
3,20563514,cross_shard_frontrun,conflict_key_queue,9,1030009,r3-conflict_key_queue-p9-victim,r3-conflict_key_queue-p9-attacker,True,True,452.5282382965088,524.7147083282471,1778557891.0083878,1778557891.128625,1778557891.021276,1778557891.184194,False,False,False,0,2,0,False
3,20563514,cross_shard_frontrun,conflict_key_queue,10,1030010,r3-conflict_key_queue-p10-victim,r3-conflict_key_queue-p10-attacker,True,True,203.05967330932617,355.16357421875,1778557890.8572948,1778557890.9946384,1778557890.857458,1778557891.001439,False,False,False,0,2,0,False
3,20563514,cross_shard_frontrun,conflict_key_queue,11,1030011,r3-conflict_key_queue-p11-victim,r3-conflict_key_queue-p11-attacker,True,True,343.08505058288574,518.8677310943604,1778557890.9945242,1778557891.032921,1778557890.994701,1778557891.161778,False,False,False,0,2,0,False
3,20563514,cross_shard_frontrun,conflict_key_queue,12,1030012,r3-conflict_key_queue-p12-victim,r3-conflict_key_queue-p12-attacker,True,True,502.6893615722656,525.1455307006836,1778557891.0207412,1778557891.1664767,1778557891.029324,1778557891.186009,False,False,False,0,2,0,False
3,20563514,cross_shard_frontrun,conflict_key_queue,13,1030013,r3-conflict_key_queue-p13-victim,r3-conflict_key_queue-p13-attacker,True,True,209.3980312347412,441.2243366241455,1778557890.8660936,1778557891.0202742,1778557890.866274,1778557891.02189,False,False,False,0,2,0,False
3,20563514,cross_shard_frontrun,conflict_key_queue,14,1030014,r3-conflict_key_queue-p14-victim,r3-conflict_key_queue-p14-attacker,True,True,220.91341018676758,514.5227909088135,1778557890.8765993,1778557891.029901,1778557890.876767,1778557891.109841,False,False,False,0,2,0,False
3,20563514,cross_shard_frontrun,conflict_key_queue,15,1030015,r3-conflict_key_queue-p15-victim,r3-conflict_key_queue-p15-attacker,True,True,245.07975578308105,513.4861469268799,1778557890.901939,1778557891.030249,1778557890.90217,1778557891.138313,False,False,False,0,2,0,False
3,20563514,cross_shard_frontrun,conflict_key_queue,16,1030016,r3-conflict_key_queue-p16-victim,r3-conflict_key_queue-p16-attacker,True,True,521.3015079498291,904.1881561279297,1778557891.023153,1778557891.5193193,1778557891.104524,1778557891.567934,False,False,False,0,2,0,False
3,20563514,cross_shard_frontrun,conflict_key_queue,17,1030017,r3-conflict_key_queue-p17-victim,r3-conflict_key_queue-p17-attacker,True,True,447.1900463104248,521.7597484588623,1778557891.0014434,1778557891.1364808,1778557891.021145,1778557891.184629,False,False,False,0,2,0,False
3,20563514,cross_shard_frontrun,conflict_key_queue,18,1030018,r3-conflict_key_queue-p18-victim,r3-conflict_key_queue-p18-attacker,True,True,517.6146030426025,844.0749645233154,1778557891.0221176,1778557891.5122359,1778557891.056398,1778557891.512518,False,False,False,0,2,0,False
3,20563514,cross_shard_frontrun,conflict_key_queue,19,1030019,r3-conflict_key_queue-p19-victim,r3-conflict_key_queue-p19-attacker,True,True,517.6851749420166,902.0748138427734,1778557891.0223265,1778557891.5186536,1778557891.06677,1778557891.532212,False,False,False,0,2,0,False
3,20563514,cross_shard_frontrun,conflict_key_queue,20,1030020,r3-conflict_key_queue-p20-victim,r3-conflict_key_queue-p20-attacker,True,True,519.4258689880371,904.3247699737549,1778557891.0232477,1778557891.5194137,1778557891.109575,1778557891.573581,False,False,False,0,2,0,False
3,20563514,cross_shard_frontrun,conflict_key_queue,21,1030021,r3-conflict_key_queue-p21-victim,r3-conflict_key_queue-p21-attacker,True,True,518.0940628051758,902.0774364471436,1778557891.0228164,1778557891.5191047,1778557891.088615,1778557891.555886,False,False,False,0,2,0,False
3,20563514,cross_shard_frontrun,conflict_key_queue,22,1030022,r3-conflict_key_queue-p22-victim,r3-conflict_key_queue-p22-attacker,True,True,356.75978660583496,513.3099555969238,1778557891.0013587,1778557891.055942,1778557891.01472,1778557891.174914,False,False,False,0,2,0,False
3,20563514,cross_shard_frontrun,conflict_key_queue,23,1030023,r3-conflict_key_queue-p23-victim,r3-conflict_key_queue-p23-attacker,True,True,517.1878337860107,900.6476402282715,1778557891.0229337,1778557891.5189042,1778557891.093503,1778557891.544527,False,False,False,0,2,0,False
3,20563514,cross_shard_frontrun,conflict_key_queue,24,1030024,r3-conflict_key_queue-p24-victim,r3-conflict_key_queue-p24-attacker,True,True,514.977216720581,898.9932537078857,1778557891.0222352,1778557891.5183635,1778557891.061667,1778557891.518596,False,False,False,0,2,0,False
3,20563514,cross_shard_frontrun,conflict_key_queue,25,1030025,r3-conflict_key_queue-p25-victim,r3-conflict_key_queue-p25-attacker,True,True,515.3622627258301,899.6033668518066,1778557891.0226336,1778557891.5190167,1778557891.083304,1778557891.550292,False,False,False,0,2,0,False
3,20563514,cross_shard_frontrun,conflict_key_queue,26,1030026,r3-conflict_key_queue-p26-victim,r3-conflict_key_queue-p26-attacker,True,True,514.3284797668457,898.1223106384277,1778557891.022446,1778557891.5184925,1778557891.072439,1778557891.526379,False,False,False,0,2,0,False
3,20563514,cross_shard_frontrun,conflict_key_queue,27,1030027,r3-conflict_key_queue-p27-victim,r3-conflict_key_queue-p27-attacker,True,True,507.07268714904785,757.4760913848877,1778557891.0220158,1778557891.430249,1778557891.0512,1778557891.430493,False,False,False,0,2,0,False
3,20563514,cross_shard_frontrun,conflict_key_queue,28,1030028,r3-conflict_key_queue-p28-victim,r3-conflict_key_queue-p28-attacker,True,True,317.5830841064453,509.1824531555176,1778557890.9766502,1778557891.0304484,1778557890.976869,1778557891.155596,False,False,False,0,2,0,False
3,20563514,cross_shard_frontrun,conflict_key_queue,29,1030029,r3-conflict_key_queue-p29-victim,r3-conflict_key_queue-p29-attacker,True,True,499.16934967041016,529.5383930206299,1778557891.0210912,1778557891.2031565,1778557891.034438,1778557891.203312,False,False,False,0,2,0,False
3,20563514,cross_shard_frontrun,conflict_key_queue,30,1030030,r3-conflict_key_queue-p30-victim,r3-conflict_key_queue-p30-attacker,True,True,514.986515045166,1090.3496742248535,1778557891.0299528,1778557891.6086895,1778557891.115188,1778557891.60891,False,False,False,0,2,0,False
3,20563514,cross_shard_frontrun,conflict_key_queue,31,1030031,r3-conflict_key_queue-p31-victim,r3-conflict_key_queue-p31-attacker,True,True,512.4948024749756,896.6093063354492,1778557891.022531,1778557891.518783,1778557891.078109,1778557891.53877,False,False,False,0,2,0,False
3,20563514,cross_shard_frontrun,conflict_key_queue,32,1030032,r3-conflict_key_queue-p32-victim,r3-conflict_key_queue-p32-attacker,True,True,459.77139472961426,794.0371036529541,1778557891.023036,1778557891.5192153,1778557891.098992,1778557891.561682,False,False,False,0,2,0,False
3,20563514,cross_shard_frontrun,conflict_key_queue,33,1030033,r3-conflict_key_queue-p33-victim,r3-conflict_key_queue-p33-attacker,True,True,243.15977096557617,345.81804275512695,1778557891.0008624,1778557891.050671,1778557891.001244,1778557891.168512,False,False,False,0,2,0,False
3,20563514,cross_shard_frontrun,conflict_key_queue,34,1030034,r3-conflict_key_queue-p34-victim,r3-conflict_key_queue-p34-attacker,True,True,348.82140159606934,757.2977542877197,1778557891.0300722,1778557891.6027544,1778557891.126215,1778557891.602979,False,False,False,0,2,0,False
3,20563514,cross_shard_frontrun,conflict_key_queue,35,1030035,r3-conflict_key_queue-p35-victim,r3-conflict_key_queue-p35-attacker,True,True,340.8787250518799,716.0887718200684,1778557891.0300055,1778557891.5658374,1778557891.120576,1778557891.575167,False,False,False,0,2,0,False
3,20563514,cross_shard_frontrun,conflict_key_queue,36,1030036,r3-conflict_key_queue-p36-victim,r3-conflict_key_queue-p36-attacker,True,True,324.676513671875,896.7845439910889,1778557891.030395,1778557891.6089687,1778557891.150058,1778557891.621618,False,False,False,0,2,0,False
3,20563514,cross_shard_frontrun,conflict_key_queue,37,1030037,r3-conflict_key_queue-p37-victim,r3-conflict_key_queue-p37-attacker,True,True,303.4405708312988,859.2722415924072,1778557891.0303125,1778557891.608817,1778557891.144284,1778557891.616679,False,False,False,0,2,0,False
3,20563514,cross_shard_frontrun,conflict_key_queue,38,1030038,r3-conflict_key_queue-p38-victim,r3-conflict_key_queue-p38-attacker,True,True,253.2639503479004,780.5526256561279,1778557891.0305543,1778557891.6090536,1778557891.162064,1778557891.627029,False,False,False,0,2,0,False
3,20563514,cross_shard_frontrun,conflict_key_queue,39,1030039,r3-conflict_key_queue-p39-victim,r3-conflict_key_queue-p39-attacker,True,True,199.01752471923828,765.2521133422852,1778557891.05836,1778557891.6091595,1778557891.18115,1778557891.632383,False,False,False,0,2,0,False
3,20563514,cross_shard_frontrun,conflict_key_queue,40,1030040,r3-conflict_key_queue-p40-victim,r3-conflict_key_queue-p40-attacker,True,True,167.13666915893555,745.6161975860596,1778557891.0973625,1778557891.6093178,1778557891.182833,1778557891.642427,False,False,False,0,2,0,False
3,20563514,cross_shard_frontrun,conflict_key_queue,41,1030041,r3-conflict_key_queue-p41-victim,r3-conflict_key_queue-p41-attacker,True,True,166.16177558898926,744.8105812072754,1778557891.1063328,1778557891.6092308,1778557891.183049,1778557891.637291,False,False,False,0,2,0,False
3,20563514,cross_shard_frontrun,conflict_key_queue,42,1030042,r3-conflict_key_queue-p42-victim,r3-conflict_key_queue-p42-attacker,True,True,85.65616607666016,657.5407981872559,1778557891.1916428,1778557891.6096601,1778557891.191828,1778557891.65793,False,False,False,0,2,0,False
3,20563514,cross_shard_frontrun,conflict_key_queue,43,1030043,r3-conflict_key_queue-p43-victim,r3-conflict_key_queue-p43-attacker,True,True,83.0233097076416,605.2062511444092,1778557891.1821022,1778557891.6094532,1778557891.187181,1778557891.64769,False,False,False,0,2,0,False
3,20563514,cross_shard_frontrun,conflict_key_queue,44,1030044,r3-conflict_key_queue-p44-victim,r3-conflict_key_queue-p44-attacker,True,True,69.03958320617676,599.0109443664551,1778557891.2338054,1778557891.6095731,1778557891.234007,1778557891.652958,False,False,False,0,2,0,False
3,20563514,cross_shard_frontrun,conflict_key_queue,45,1030045,r3-conflict_key_queue-p45-victim,r3-conflict_key_queue-p45-attacker,True,True,113.27862739562988,592.2219753265381,1778557891.2787738,1778557891.609737,1778557891.278986,1778557891.663461,False,False,False,0,2,0,False
3,20563514,cross_shard_frontrun,conflict_key_queue,46,1030046,r3-conflict_key_queue-p46-victim,r3-conflict_key_queue-p46-attacker,True,True,608.0758571624756,898.4005451202393,1778557891.6100936,1778557892.0717008,1778557891.67906,1778557892.084398,False,False,False,0,2,0,False
3,20563514,cross_shard_frontrun,conflict_key_queue,47,1030047,r3-conflict_key_queue-p47-victim,r3-conflict_key_queue-p47-attacker,True,True,594.2745208740234,894.1211700439453,1778557891.609869,1778557892.0714164,1778557891.668377,1778557892.071697,False,False,False,0,2,0,False
3,20563514,cross_shard_frontrun,conflict_key_queue,48,1030048,r3-conflict_key_queue-p48-victim,r3-conflict_key_queue-p48-attacker,True,True,607.3882579803467,1034.4429016113281,1778557891.6102715,1778557892.1761203,1778557891.689255,1778557892.176352,False,False,False,0,2,0,False
3,20563514,cross_shard_frontrun,conflict_key_queue,49,1030049,r3-conflict_key_queue-p49-victim,r3-conflict_key_queue-p49-attacker,True,True,606.6265106201172,963.4368419647217,1778557891.6101763,1778557892.1509953,1778557891.684269,1778557892.151371,False,False,False,0,2,0,False
3,20563514,cross_shard_frontrun,conflict_key_queue,50,1030050,r3-conflict_key_queue-p50-victim,r3-conflict_key_queue-p50-attacker,True,True,606.6405773162842,1034.0304374694824,1778557891.6104414,1778557892.1765063,1778557891.699005,1778557892.190001,False,False,False,0,2,0,False
3,20563514,cross_shard_frontrun,conflict_key_queue,51,1030051,r3-conflict_key_queue-p51-victim,r3-conflict_key_queue-p51-attacker,True,True,606.7862510681152,1039.2670631408691,1778557891.6109183,1778557892.177211,1778557891.732561,1778557892.225075,False,False,False,0,2,0,False
3,20563514,cross_shard_frontrun,conflict_key_queue,52,1030052,r3-conflict_key_queue-p52-victim,r3-conflict_key_queue-p52-attacker,True,True,607.5026988983154,1222.4383354187012,1778557891.6115596,1778557892.2388322,1778557891.767981,1778557892.251393,False,False,False,0,2,0,False
3,20563514,cross_shard_frontrun,conflict_key_queue,53,1030053,r3-conflict_key_queue-p53-victim,r3-conflict_key_queue-p53-attacker,True,True,605.6432723999023,1033.2105159759521,1778557891.6105986,1778557892.1767075,1778557891.709536,1778557892.201703,False,False,False,0,2,0,False
3,20563514,cross_shard_frontrun,conflict_key_queue,54,1030054,r3-conflict_key_queue-p54-victim,r3-conflict_key_queue-p54-attacker,True,True,606.3508987426758,1220.8476066589355,1778557891.6128438,1778557892.2386465,1778557891.76758,1778557892.245665,False,False,False,0,2,0,False
3,20563514,cross_shard_frontrun,conflict_key_queue,55,1030055,r3-conflict_key_queue-p55-victim,r3-conflict_key_queue-p55-attacker,True,True,604.8755645751953,1033.0791473388672,1778557891.6108475,1778557892.1769118,1778557891.726716,1778557892.213787,False,False,False,0,2,0,False
3,20563514,cross_shard_frontrun,conflict_key_queue,56,1030056,r3-conflict_key_queue-p56-victim,r3-conflict_key_queue-p56-attacker,True,True,604.6338081359863,1034.1496467590332,1778557891.6110787,1778557892.1840413,1778557891.738253,1778557892.224853,False,False,False,0,2,0,False
3,20563514,cross_shard_frontrun,conflict_key_queue,57,1030057,r3-conflict_key_queue-p57-victim,r3-conflict_key_queue-p57-attacker,True,True,603.4128665924072,1030.9174060821533,1778557891.6105201,1778557892.176614,1778557891.704356,1778557892.195746,False,False,False,0,2,0,False
3,20563514,cross_shard_frontrun,conflict_key_queue,58,1030058,r3-conflict_key_queue-p58-victim,r3-conflict_key_queue-p58-attacker,True,True,602.1077632904053,888.7434005737305,1778557891.6099722,1778557892.0715485,1778557891.67408,1778557892.078387,False,False,False,0,2,0,False
3,20563514,cross_shard_frontrun,conflict_key_queue,59,1030059,r3-conflict_key_queue-p59-victim,r3-conflict_key_queue-p59-attacker,True,True,603.492259979248,1035.4924201965332,1778557891.6113286,1778557892.221251,1778557891.755511,1778557892.226745,False,False,False,0,2,0,False
3,20563514,cross_shard_frontrun,conflict_key_queue,60,1030060,r3-conflict_key_queue-p60-victim,r3-conflict_key_queue-p60-attacker,True,True,602.0088195800781,1028.7632942199707,1778557891.6106765,1778557892.176999,1778557891.714753,1778557892.219268,False,False,False,0,2,0,False
3,20563514,cross_shard_frontrun,conflict_key_queue,61,1030061,r3-conflict_key_queue-p61-victim,r3-conflict_key_queue-p61-attacker,True,True,597.4266529083252,1025.3679752349854,1778557891.6107671,1778557892.17681,1778557891.720923,1778557892.207586,False,False,False,0,2,0,False
3,20563514,cross_shard_frontrun,conflict_key_queue,62,1030062,r3-conflict_key_queue-p62-victim,r3-conflict_key_queue-p62-attacker,True,True,596.3046550750732,1021.8398571014404,1778557891.6103501,1778557892.176309,1778557891.694328,1778557892.183755,False,False,False,0,2,0,False
3,20563514,cross_shard_frontrun,conflict_key_queue,63,1030063,r3-conflict_key_queue-p63-victim,r3-conflict_key_queue-p63-attacker,True,True,587.5833034515381,1016.4279937744141,1778557891.6111777,1778557892.2027934,1778557891.744044,1778557892.225879,False,False,False,0,2,0,False
3,20563514,cross_shard_frontrun,conflict_key_queue,64,1030064,r3-conflict_key_queue-p64-victim,r3-conflict_key_queue-p64-attacker,True,True,554.227352142334,1003.7388801574707,1778557891.6114275,1778557892.2385569,1778557891.761335,1778557892.238932,False,False,False,0,2,0,False
3,20563514,cross_shard_frontrun,conflict_key_queue,65,1030065,r3-conflict_key_queue-p65-victim,r3-conflict_key_queue-p65-attacker,True,True,405.4090976715088,789.5801067352295,1778557891.6112528,1778557892.2088912,1778557891.750017,1778557892.226231,False,False,False,0,2,0,False
3,20563514,cross_shard_frontrun,conflict_key_queue,66,1030066,r3-conflict_key_queue-p66-victim,r3-conflict_key_queue-p66-attacker,True,True,275.75135231018066,833.1954479217529,1778557891.6151602,1778557892.2389255,1778557891.774127,1778557892.257056,False,False,False,0,2,0,False
3,20563514,cross_shard_frontrun,conflict_key_queue,67,1030067,r3-conflict_key_queue-p67-victim,r3-conflict_key_queue-p67-attacker,True,True,218.08600425720215,833.3184719085693,1778557891.649443,1778557892.2390492,1778557891.774947,1778557892.267446,False,False,False,0,2,0,False
3,20563514,cross_shard_frontrun,conflict_key_queue,68,1030068,r3-conflict_key_queue-p68-victim,r3-conflict_key_queue-p68-attacker,True,True,217.7877426147461,833.228349685669,1778557891.6765273,1778557892.239185,1778557891.783109,1778557892.277898,False,False,False,0,2,0,False
3,20563514,cross_shard_frontrun,conflict_key_queue,69,1030069,r3-conflict_key_queue-p69-victim,r3-conflict_key_queue-p69-attacker,True,True,216.83287620544434,832.1378231048584,1778557891.6654167,1778557892.2389915,1778557891.775383,1778557892.261927,False,False,False,0,2,0,False
3,20563514,cross_shard_frontrun,conflict_key_queue,70,1030070,r3-conflict_key_queue-p70-victim,r3-conflict_key_queue-p70-attacker,True,True,216.94254875183105,832.7620029449463,1778557891.6799626,1778557892.239328,1778557891.788853,1778557892.288456,False,False,False,0,2,0,False
3,20563514,cross_shard_frontrun,conflict_key_queue,71,1030071,r3-conflict_key_queue-p71-victim,r3-conflict_key_queue-p71-attacker,True,True,215.10601043701172,828.3741474151611,1778557891.67644,1778557892.2391064,1778557891.775739,1778557892.272907,False,False,False,0,2,0,False
3,20563514,cross_shard_frontrun,conflict_key_queue,72,1030072,r3-conflict_key_queue-p72-victim,r3-conflict_key_queue-p72-attacker,True,True,188.37261199951172,640.239953994751,1778557891.6765988,1778557892.2392569,1778557891.789351,1778557892.282974,False,False,False,0,2,0,False
3,20563514,cross_shard_frontrun,conflict_key_queue,73,1030073,r3-conflict_key_queue-p73-victim,r3-conflict_key_queue-p73-attacker,True,True,79.84685897827148,634.8176002502441,1778557891.8513796,1778557892.2393856,1778557891.851631,1778557892.294078,False,False,False,0,2,0,False
3,20563514,cross_shard_frontrun,conflict_key_queue,74,1030074,r3-conflict_key_queue-p74-victim,r3-conflict_key_queue-p74-attacker,True,True,109.28773880004883,634.0122222900391,1778557891.8750916,1778557892.2394805,1778557891.880672,1778557892.293725,False,False,False,0,2,0,False
3,20563514,cross_shard_frontrun,conflict_key_queue,75,1030075,r3-conflict_key_queue-p75-victim,r3-conflict_key_queue-p75-attacker,True,True,111.4509105682373,634.5431804656982,1778557891.8740542,1778557892.2395895,1778557891.880874,1778557892.304604,False,False,False,0,2,0,False
3,20563514,cross_shard_frontrun,conflict_key_queue,76,1030076,r3-conflict_key_queue-p76-victim,r3-conflict_key_queue-p76-attacker,True,True,105.37552833557129,633.9378356933594,1778557891.8724494,1778557892.2395377,1778557891.872702,1778557892.299261,False,False,False,0,2,0,False
3,20563514,cross_shard_frontrun,conflict_key_queue,77,1030077,r3-conflict_key_queue-p77-victim,r3-conflict_key_queue-p77-attacker,True,True,642.4565315246582,940.8402442932129,1778557892.239646,1778557892.7211177,1778557892.309887,1778557892.721404,False,False,False,0,2,0,False
3,20563514,cross_shard_frontrun,conflict_key_queue,78,1030078,r3-conflict_key_queue-p78-victim,r3-conflict_key_queue-p78-attacker,True,True,662.67991065979,1218.9276218414307,1778557892.239926,1778557892.8045902,1778557892.331137,1778557892.840108,False,False,False,0,2,0,False
3,20563514,cross_shard_frontrun,conflict_key_queue,79,1030079,r3-conflict_key_queue-p79-victim,r3-conflict_key_queue-p79-attacker,True,True,648.9088535308838,1053.572416305542,1778557892.2397583,1778557892.8036554,1778557892.320778,1778557892.804285,False,False,False,0,2,0,False
3,20563514,cross_shard_frontrun,conflict_key_queue,80,1030080,r3-conflict_key_queue-p80-victim,r3-conflict_key_queue-p80-attacker,True,True,628.7417411804199,1053.7347793579102,1778557892.2397048,1778557892.8040981,1778557892.314984,1778557892.818395,False,False,False,0,2,0,False
3,20563514,cross_shard_frontrun,conflict_key_queue,81,1030081,r3-conflict_key_queue-p81-victim,r3-conflict_key_queue-p81-attacker,True,True,648.967981338501,1218.4031009674072,1778557892.240019,1778557892.8046618,1778557892.336727,1778557892.845788,False,False,False,0,2,0,False
3,20563514,cross_shard_frontrun,conflict_key_queue,82,1030082,r3-conflict_key_queue-p82-victim,r3-conflict_key_queue-p82-attacker,True,True,648.3192443847656,1218.3356285095215,1778557892.239805,1778557892.8176963,1778557892.326,1778557892.851208,False,False,False,0,2,0,False
3,20563514,cross_shard_frontrun,conflict_key_queue,83,1030083,r3-conflict_key_queue-p83-victim,r3-conflict_key_queue-p83-attacker,True,True,648.9732265472412,1218.8992500305176,1778557892.2402878,1778557892.8047311,1778557892.353825,1778557892.851244,False,False,False,0,2,0,False
3,20563514,cross_shard_frontrun,conflict_key_queue,84,1030084,r3-conflict_key_queue-p84-victim,r3-conflict_key_queue-p84-attacker,True,True,649.0564346313477,1218.4932231903076,1778557892.2404962,1778557892.838718,1778557892.366073,1778557892.851741,False,False,False,0,2,0,False
3,20563514,cross_shard_frontrun,conflict_key_queue,85,1030085,r3-conflict_key_queue-p85-victim,r3-conflict_key_queue-p85-attacker,True,True,650.3286361694336,1219.071626663208,1778557892.2439992,1778557892.839035,1778557892.408679,1778557892.874488,False,False,False,0,2,0,False
3,20563514,cross_shard_frontrun,conflict_key_queue,86,1030086,r3-conflict_key_queue-p86-victim,r3-conflict_key_queue-p86-attacker,True,True,647.7274894714355,1052.5355339050293,1778557892.24013,1778557892.8044822,1778557892.342206,1778557892.834647,False,False,False,0,2,0,False
3,20563514,cross_shard_frontrun,conflict_key_queue,87,1030087,r3-conflict_key_queue-p87-victim,r3-conflict_key_queue-p87-attacker,True,True,647.6321220397949,1052.1435737609863,1778557892.240217,1778557892.8043685,1778557892.348029,1778557892.829421,False,False,False,0,2,0,False
3,20563514,cross_shard_frontrun,conflict_key_queue,88,1030088,r3-conflict_key_queue-p88-victim,r3-conflict_key_queue-p88-attacker,True,True,647.6984024047852,1051.4087677001953,1778557892.2404041,1778557892.803835,1778557892.359721,1778557892.812562,False,False,False,0,2,0,False
3,20563514,cross_shard_frontrun,conflict_key_queue,89,1030089,r3-conflict_key_queue-p89-victim,r3-conflict_key_queue-p89-attacker,True,True,648.3144760131836,1217.3411846160889,1778557892.240692,1778557892.838788,1778557892.384718,1778557892.858408,False,False,False,0,2,0,False
3,20563514,cross_shard_frontrun,conflict_key_queue,90,1030090,r3-conflict_key_queue-p90-victim,r3-conflict_key_queue-p90-attacker,True,True,647.5660800933838,1051.1455535888672,1778557892.2405837,1778557892.8042526,1778557892.372168,1778557892.824119,False,False,False,0,2,0,False
3,20563514,cross_shard_frontrun,conflict_key_queue,91,1030091,r3-conflict_key_queue-p91-victim,r3-conflict_key_queue-p91-attacker,True,True,646.1949348449707,1155.820608139038,1778557892.240819,1778557892.8389611,1778557892.397239,1778557892.869195,False,False,False,0,2,0,False
3,20563514,cross_shard_frontrun,conflict_key_queue,92,1030092,r3-conflict_key_queue-p92-victim,r3-conflict_key_queue-p92-attacker,True,True,559.6139430999756,1125.8032321929932,1778557892.2407608,1778557892.838881,1778557892.391213,1778557892.863823,False,False,False,0,2,0,False
3,20563514,cross_shard_frontrun,conflict_key_queue,93,1030093,r3-conflict_key_queue-p93-victim,r3-conflict_key_queue-p93-attacker,True,True,553.5705089569092,924.640417098999,1778557892.2406404,1778557892.8334956,1778557892.378595,1778557892.851564,False,False,False,0,2,0,False
3,20563514,cross_shard_frontrun,conflict_key_queue,94,1030094,r3-conflict_key_queue-p94-victim,r3-conflict_key_queue-p94-attacker,True,True,356.6267490386963,922.2862720489502,1778557892.2439263,1778557892.8391294,1778557892.40293,1778557892.87971,False,False,False,0,2,0,False
3,20563514,cross_shard_frontrun,conflict_key_queue,95,1030095,r3-conflict_key_queue-p95-victim,r3-conflict_key_queue-p95-attacker,True,True,286.79800033569336,785.3658199310303,1778557892.2464836,1778557892.8392057,1778557892.414419,1778557892.885141,False,False,False,0,2,0,False
3,20563514,cross_shard_frontrun,conflict_key_queue,96,1030096,r3-conflict_key_queue-p96-victim,r3-conflict_key_queue-p96-attacker,True,True,216.33553504943848,785.1624488830566,1778557892.293792,1778557892.8392656,1778557892.416423,1778557892.890243,False,False,False,0,2,0,False
3,20563514,cross_shard_frontrun,conflict_key_queue,97,1030097,r3-conflict_key_queue-p97-victim,r3-conflict_key_queue-p97-attacker,True,True,216.4604663848877,785.2053642272949,1778557892.3207953,1778557892.8396337,1778557892.427046,1778557892.906233,False,False,False,0,2,0,False
3,20563514,cross_shard_frontrun,conflict_key_queue,98,1030098,r3-conflict_key_queue-p98-victim,r3-conflict_key_queue-p98-attacker,True,True,215.35825729370117,784.2066287994385,1778557892.3190076,1778557892.8393595,1778557892.418269,1778557892.895402,False,False,False,0,2,0,False
3,20563514,cross_shard_frontrun,conflict_key_queue,99,1030099,r3-conflict_key_queue-p99-victim,r3-conflict_key_queue-p99-attacker,True,True,214.72620964050293,782.7706336975098,1778557892.313279,1778557892.8395615,1778557892.417967,1778557892.900897,False,False,False,0,2,0,False
3,20563514,cross_shard_frontrun,conflict_key_queue,100,1030100,r3-conflict_key_queue-p100-victim,r3-conflict_key_queue-p100-attacker,True,True,211.76910400390625,780.8034420013428,1778557892.3235855,1778557892.839791,1778557892.43271,1778557892.917304,False,False,False,0,2,0,False
3,20563514,cross_shard_frontrun,conflict_key_queue,101,1030101,r3-conflict_key_queue-p101-victim,r3-conflict_key_queue-p101-attacker,True,True,214.86210823059082,780.2495956420898,1778557892.3236613,1778557892.839721,1778557892.438259,1778557892.911715,False,False,False,0,2,0,False
3,20563514,cross_shard_frontrun,conflict_key_queue,102,1030102,r3-conflict_key_queue-p102-victim,r3-conflict_key_queue-p102-attacker,True,True,154.86574172973633,597.785472869873,1778557892.3485258,1778557892.839838,1778557892.438716,1778557892.922945,False,False,False,0,2,0,False
3,20563514,cross_shard_frontrun,conflict_key_queue,103,1030103,r3-conflict_key_queue-p103-victim,r3-conflict_key_queue-p103-attacker,True,True,76.84659957885742,597.456693649292,1778557892.4882584,1778557892.8398778,1778557892.488494,1778557892.929719,False,False,False,0,2,0,False
3,20563514,cross_shard_frontrun,conflict_key_queue,104,1030104,r3-conflict_key_queue-p104-victim,r3-conflict_key_queue-p104-attacker,True,True,84.50937271118164,597.6800918579102,1778557892.4965782,1778557892.8401108,1778557892.496768,1778557892.952894,False,False,False,0,2,0,False
3,20563514,cross_shard_frontrun,conflict_key_queue,105,1030105,r3-conflict_key_queue-p105-victim,r3-conflict_key_queue-p105-attacker,True,True,108.19268226623535,596.9595909118652,1778557892.5206091,1778557892.8400114,1778557892.520861,1778557892.947013,False,False,False,0,2,0,False
3,20563514,cross_shard_frontrun,conflict_key_queue,106,1030106,r3-conflict_key_queue-p106-victim,r3-conflict_key_queue-p106-attacker,True,True,118.13974380493164,596.6823101043701,1778557892.5312011,1778557892.8401668,1778557892.531378,1778557892.958433,False,False,False,0,2,0,False
3,20563514,cross_shard_frontrun,conflict_key_queue,107,1030107,r3-conflict_key_queue-p107-victim,r3-conflict_key_queue-p107-attacker,True,True,103.5616397857666,595.6082344055176,1778557892.517213,1778557892.8399596,1778557892.517387,1778557892.941358,False,False,False,0,2,0,False
3,20563514,cross_shard_frontrun,conflict_key_queue,108,1030108,r3-conflict_key_queue-p108-victim,r3-conflict_key_queue-p108-attacker,True,True,113.33560943603516,594.9203968048096,1778557892.5275443,1778557892.8399153,1778557892.52777,1778557892.935579,False,False,False,0,2,0,False
3,20563514,cross_shard_frontrun,conflict_key_queue,109,1030109,r3-conflict_key_queue-p109-victim,r3-conflict_key_queue-p109-attacker,True,True,603.6844253540039,743.8766956329346,1778557892.840283,1778557893.1197932,1778557892.970002,1778557893.127351,False,False,False,0,2,0,False
3,20563514,cross_shard_frontrun,conflict_key_queue,110,1030110,r3-conflict_key_queue-p110-victim,r3-conflict_key_queue-p110-attacker,True,True,583.9090347290039,724.0035533905029,1778557892.8404021,1778557893.119899,1778557892.981742,1778557893.133088,False,False,False,0,2,0,False
3,20563514,cross_shard_frontrun,conflict_key_queue,111,1030111,r3-conflict_key_queue-p111-victim,r3-conflict_key_queue-p111-attacker,True,True,583.3978652954102,723.2050895690918,1778557892.840335,1778557893.119724,1778557892.975617,1778557893.11994,False,False,False,0,2,0,False
3,20563514,cross_shard_frontrun,conflict_key_queue,112,1030112,r3-conflict_key_queue-p112-victim,r3-conflict_key_queue-p112-attacker,True,True,583.9357376098633,723.9136695861816,1778557892.8407078,1778557893.1201634,1778557893.010538,1778557893.164305,False,False,False,0,2,0,False
3,20563514,cross_shard_frontrun,conflict_key_queue,113,1030113,r3-conflict_key_queue-p113-victim,r3-conflict_key_queue-p113-attacker,True,True,582.2868347167969,587.4733924865723,1778557892.8402379,1778557893.0317237,1778557892.964343,1778557893.031922,False,False,False,0,2,0,False
3,20563514,cross_shard_frontrun,conflict_key_queue,114,1030114,r3-conflict_key_queue-p114-victim,r3-conflict_key_queue-p114-attacker,True,True,583.5115909576416,725.0730991363525,1778557892.8415997,1778557893.1241217,1778557893.016179,1778557893.169933,False,False,False,0,2,0,False
3,20563514,cross_shard_frontrun,conflict_key_queue,115,1030115,r3-conflict_key_queue-p115-victim,r3-conflict_key_queue-p115-attacker,True,True,582.4282169342041,722.4342823028564,1778557892.8405952,1778557893.120051,1778557892.999034,1778557893.153114,False,False,False,0,2,0,False
3,20563514,cross_shard_frontrun,conflict_key_queue,116,1030116,r3-conflict_key_queue-p116-victim,r3-conflict_key_queue-p116-attacker,True,True,581.9351673126221,721.7850685119629,1778557892.8405237,1778557893.1200085,1778557892.993306,1778557893.146919,False,False,False,0,2,0,False
3,20563514,cross_shard_frontrun,conflict_key_queue,117,1030117,r3-conflict_key_queue-p117-victim,r3-conflict_key_queue-p117-attacker,True,True,581.6924571990967,721.642255783081,1778557892.8406503,1778557893.1201057,1778557893.004586,1778557893.15881,False,False,False,0,2,0,False
3,20563514,cross_shard_frontrun,conflict_key_queue,118,1030118,r3-conflict_key_queue-p118-victim,r3-conflict_key_queue-p118-attacker,True,True,580.8572769165039,720.8511829376221,1778557892.840471,1778557893.1199439,1778557892.987705,1778557893.141252,False,False,False,0,2,0,False
3,20563514,cross_shard_frontrun,conflict_key_queue,119,1030119,r3-conflict_key_queue-p119-victim,r3-conflict_key_queue-p119-attacker,True,True,581.108570098877,725.3904342651367,1778557892.8442402,1778557893.120212,1778557893.015994,1778557893.170317,False,False,False,0,2,0,False
3,20564514,cross_shard_frontrun,two_phase_commit,0,1040000,r3-two_phase_commit-p0-victim,r3-two_phase_commit-p0-attacker,True,True,74.17893409729004,1008.70680809021,1778557894.4466565,1778557895.0651476,1778557894.447879,1778557895.074093,False,False,False,0,2,0,False
3,20564514,cross_shard_frontrun,two_phase_commit,1,1040001,r3-two_phase_commit-p1-victim,r3-two_phase_commit-p1-attacker,True,True,128.10611724853516,1008.1653594970703,1778557894.5012224,1778557895.0654464,1778557894.501481,1778557895.079685,False,False,False,0,2,0,False
3,20564514,cross_shard_frontrun,two_phase_commit,2,1040002,r3-two_phase_commit-p2-victim,r3-two_phase_commit-p2-attacker,True,True,131.44969940185547,1008.1751346588135,1778557894.5053353,1778557895.065808,1778557894.505522,1778557895.096508,False,False,False,0,2,0,False
3,20564514,cross_shard_frontrun,two_phase_commit,3,1040003,r3-two_phase_commit-p3-victim,r3-two_phase_commit-p3-attacker,True,True,231.0488224029541,1008.2764625549316,1778557894.6055033,1778557895.0660853,1778557894.605729,1778557895.107394,False,False,False,0,2,0,False
3,20564514,cross_shard_frontrun,two_phase_commit,4,1040004,r3-two_phase_commit-p4-victim,r3-two_phase_commit-p4-attacker,True,True,801.1469841003418,1008.1253051757812,1778557895.064975,1778557895.0665703,1778557895.065429,1778557895.122494,False,False,False,0,2,0,False
3,20564514,cross_shard_frontrun,two_phase_commit,5,1040005,r3-two_phase_commit-p5-victim,r3-two_phase_commit-p5-attacker,True,True,1014.5771503448486,1015.040397644043,1778557895.0655758,1778557895.067136,1778557895.085687,1778557895.14341,False,False,False,0,2,0,False
3,20564514,cross_shard_frontrun,two_phase_commit,6,1040006,r3-two_phase_commit-p6-victim,r3-two_phase_commit-p6-attacker,True,True,1014.7674083709717,1015.0141716003418,1778557895.0659628,1778557895.0674105,1778557895.101516,1778557895.153464,False,False,False,0,2,0,False
3,20564514,cross_shard_frontrun,two_phase_commit,7,1040007,r3-two_phase_commit-p7-victim,r3-two_phase_commit-p7-attacker,True,True,1013.5626792907715,1014.8112773895264,1778557895.0657015,1778557895.0677235,1778557895.091421,1778557895.163258,False,False,False,0,2,0,False
3,20564514,cross_shard_frontrun,two_phase_commit,8,1040008,r3-two_phase_commit-p8-victim,r3-two_phase_commit-p8-attacker,True,True,1013.8497352600098,1014.6245956420898,1778557895.066242,1778557895.0684972,1778557895.112494,1778557895.179857,False,False,False,0,2,0,False
3,20564514,cross_shard_frontrun,two_phase_commit,9,1040009,r3-two_phase_commit-p9-victim,r3-two_phase_commit-p9-attacker,True,True,1012.8417015075684,1013.7906074523926,1778557895.0663736,1778557895.0688236,1778557895.117405,1778557895.180239,False,False,False,0,2,0,False
3,20564514,cross_shard_frontrun,two_phase_commit,10,1040010,r3-two_phase_commit-p10-victim,r3-two_phase_commit-p10-attacker,True,True,1012.6798152923584,1013.2348537445068,1778557895.066891,1778557895.069142,1778557895.132732,1778557895.191624,False,False,False,0,2,0,False
3,20564514,cross_shard_frontrun,two_phase_commit,11,1040011,r3-two_phase_commit-p11-victim,r3-two_phase_commit-p11-attacker,True,True,1011.5616321563721,1013.3147239685059,1778557895.0667398,1778557895.0692532,1778557895.127867,1778557895.202757,False,False,False,0,2,0,False
3,20564514,cross_shard_frontrun,two_phase_commit,12,1040012,r3-two_phase_commit-p12-victim,r3-two_phase_commit-p12-attacker,True,True,1017.9605484008789,1013.0519866943359,1778557895.0670054,1778557895.0694108,1778557895.138106,1778557895.218598,False,False,False,0,2,0,False
3,20564514,cross_shard_frontrun,two_phase_commit,13,1040013,r3-two_phase_commit-p13-victim,r3-two_phase_commit-p13-attacker,True,True,1018.2068347930908,1013.2439136505127,1778557895.06757,1778557895.069506,1778557895.158233,1778557895.247045,False,False,False,0,2,0,False
3,20564514,cross_shard_frontrun,two_phase_commit,14,1040014,r3-two_phase_commit-p14-victim,r3-two_phase_commit-p14-attacker,True,True,1017.1804428100586,1012.169599533081,1778557895.067284,1778557895.0695584,1778557895.148323,1778557895.230852,False,False,False,0,2,0,False
3,20564514,cross_shard_frontrun,two_phase_commit,15,1040015,r3-two_phase_commit-p15-victim,r3-two_phase_commit-p15-attacker,True,True,1017.5473690032959,1012.9644870758057,1778557895.0680327,1778557895.0698016,1778557895.168484,1778557895.259009,False,False,False,0,2,0,False
3,20564514,cross_shard_frontrun,two_phase_commit,16,1040016,r3-two_phase_commit-p16-victim,r3-two_phase_commit-p16-attacker,True,True,1017.2162055969238,1012.5219821929932,1778557895.0683227,1778557895.06986,1778557895.173944,1778557895.264936,False,False,False,0,2,0,False
3,20564514,cross_shard_frontrun,two_phase_commit,17,1040017,r3-two_phase_commit-p17-victim,r3-two_phase_commit-p17-attacker,True,True,1017.2858238220215,1010.5373859405518,1778557895.0690904,1778557895.0699763,1778557895.18609,1778557895.276717,False,False,False,0,2,0,False
3,20564514,cross_shard_frontrun,two_phase_commit,18,1040018,r3-two_phase_commit-p18-victim,r3-two_phase_commit-p18-attacker,True,True,1017.3931121826172,1011.1188888549805,1778557895.069199,1778557895.0702236,1778557895.197225,1778557895.301023,False,False,False,0,2,0,False
3,20564514,cross_shard_frontrun,two_phase_commit,19,1040019,r3-two_phase_commit-p19-victim,r3-two_phase_commit-p19-attacker,True,True,1017.3389911651611,1010.6704235076904,1778557895.0693104,1778557895.070096,1778557895.208433,1778557895.288484,False,False,False,0,2,0,False
3,20564514,cross_shard_frontrun,two_phase_commit,20,1040020,r3-two_phase_commit-p20-victim,r3-two_phase_commit-p20-attacker,True,True,1017.0016288757324,1011.094331741333,1778557895.0693612,1778557895.070327,1778557895.213552,1778557895.307049,False,False,False,0,2,0,False
3,20564514,cross_shard_frontrun,two_phase_commit,21,1040021,r3-two_phase_commit-p21-victim,r3-two_phase_commit-p21-attacker,True,True,1016.859769821167,1011.3189220428467,1778557895.0694554,1778557895.0704546,1778557895.224503,1778557895.318575,False,False,False,0,2,0,False
3,20564514,cross_shard_frontrun,two_phase_commit,22,1040022,r3-two_phase_commit-p22-victim,r3-two_phase_commit-p22-attacker,True,True,1016.4251327514648,1011.0893249511719,1778557895.0696025,1778557895.0705993,1778557895.236576,1778557895.330177,False,False,False,0,2,0,False
3,20564514,cross_shard_frontrun,two_phase_commit,23,1040023,r3-two_phase_commit-p23-victim,r3-two_phase_commit-p23-attacker,True,True,1016.5939331054688,1010.1759433746338,1778557895.0697236,1778557895.0705311,1778557895.252953,1778557895.324265,False,False,False,0,2,0,False
3,20564514,cross_shard_frontrun,two_phase_commit,24,1040024,r3-two_phase_commit-p24-victim,r3-two_phase_commit-p24-attacker,True,True,1015.2323246002197,1010.0553035736084,1778557895.0696452,1778557895.0706937,1778557895.241739,1778557895.341851,False,False,False,0,2,0,False
3,20564514,cross_shard_frontrun,two_phase_commit,25,1040025,r3-two_phase_commit-p25-victim,r3-two_phase_commit-p25-attacker,True,True,1015.9022808074951,1009.7494125366211,1778557895.0699184,1778557895.070814,1778557895.270815,1778557895.354005,False,False,False,0,2,0,False
3,20564514,cross_shard_frontrun,two_phase_commit,26,1040026,r3-two_phase_commit-p26-victim,r3-two_phase_commit-p26-attacker,True,True,1016.0794258117676,1009.4139575958252,1778557895.0701613,1778557895.0709531,1778557895.295399,1778557895.365257,False,False,False,0,2,0,False
3,20564514,cross_shard_frontrun,two_phase_commit,27,1040027,r3-two_phase_commit-p27-victim,r3-two_phase_commit-p27-attacker,True,True,1015.0136947631836,1009.1431140899658,1778557895.0700374,1778557895.0709999,1778557895.282564,1778557895.370654,False,False,False,0,2,0,False
3,20564514,cross_shard_frontrun,two_phase_commit,28,1040028,r3-two_phase_commit-p28-victim,r3-two_phase_commit-p28-attacker,True,True,1015.3708457946777,1008.7130069732666,1778557895.070396,1778557895.0710502,1778557895.312709,1778557895.376556,False,False,False,0,2,0,False
3,20564514,cross_shard_frontrun,two_phase_commit,29,1040029,r3-two_phase_commit-p29-victim,r3-two_phase_commit-p29-attacker,True,True,1015.3717994689941,1008.3508491516113,1778557895.0706472,1778557895.0711403,1778557895.336174,1778557895.381862,False,False,False,0,2,0,False
3,20564514,cross_shard_frontrun,two_phase_commit,30,1040030,r3-two_phase_commit-p30-victim,r3-two_phase_commit-p30-attacker,True,True,1015.2773857116699,1007.9710483551025,1778557895.0707529,1778557895.071211,1778557895.348076,1778557895.387534,False,False,False,0,2,0,False
3,20564514,cross_shard_frontrun,two_phase_commit,31,1040031,r3-two_phase_commit-p31-victim,r3-two_phase_commit-p31-attacker,True,True,1014.9767398834229,1007.5602531433105,1778557895.070894,1778557895.071452,1778557895.359406,1778557895.393182,False,False,False,0,2,0,False
3,20564514,cross_shard_frontrun,two_phase_commit,32,1040032,r3-two_phase_commit-p32-victim,r3-two_phase_commit-p32-attacker,True,True,961.7228507995605,900.0027179718018,1778557895.1389573,1778557895.142123,1778557895.395677,1778557895.402786,False,False,False,0,2,0,False
3,20564514,cross_shard_frontrun,two_phase_commit,33,1040033,r3-two_phase_commit-p33-victim,r3-two_phase_commit-p33-attacker,True,True,902.822732925415,794.2829132080078,1778557895.1223001,1778557895.1253924,1778557895.394896,1778557895.395079,False,False,False,0,2,0,False
3,20564514,cross_shard_frontrun,two_phase_commit,34,1040034,r3-two_phase_commit-p34-victim,r3-two_phase_commit-p34-attacker,True,True,235.062837600708,1018.871545791626,1778557895.254574,1778557896.089438,1778557895.407213,1778557896.102415,False,False,False,0,2,0,False
3,20564514,cross_shard_frontrun,two_phase_commit,35,1040035,r3-two_phase_commit-p35-victim,r3-two_phase_commit-p35-attacker,True,True,79.37312126159668,748.0587959289551,1778557895.466058,1778557896.0891054,1778557895.466292,1778557896.089506,False,False,False,0,2,0,False
3,20564514,cross_shard_frontrun,two_phase_commit,36,1040036,r3-two_phase_commit-p36-victim,r3-two_phase_commit-p36-attacker,True,True,116.3017749786377,1017.5168514251709,1778557895.5067465,1778557896.089257,1778557895.507198,1778557896.096353,False,False,False,0,2,0,False
3,20564514,cross_shard_frontrun,two_phase_commit,37,1040037,r3-two_phase_commit-p37-victim,r3-two_phase_commit-p37-attacker,True,True,103.05309295654297,1018.0037021636963,1778557895.4942036,1778557896.089516,1778557895.494397,1778557896.108111,False,False,False,0,2,0,False
3,20564514,cross_shard_frontrun,two_phase_commit,38,1040038,r3-two_phase_commit-p38-victim,r3-two_phase_commit-p38-attacker,True,True,210.70003509521484,1018.0981159210205,1778557895.6020093,1778557896.0895743,1778557895.602376,1778557896.113575,False,False,False,0,2,0,False
3,20564514,cross_shard_frontrun,two_phase_commit,39,1040039,r3-two_phase_commit-p39-victim,r3-two_phase_commit-p39-attacker,True,True,320.38378715515137,1018.0544853210449,1778557895.7137344,1778557896.0896316,1778557895.714085,1778557896.118658,False,False,False,0,2,0,False
3,20564514,cross_shard_frontrun,two_phase_commit,40,1040040,r3-two_phase_commit-p40-victim,r3-two_phase_commit-p40-attacker,True,True,1026.3526439666748,1020.0250148773193,1778557896.0897236,1778557896.0906968,1778557896.123866,1778557896.179854,False,False,False,0,2,0,False
3,20564514,cross_shard_frontrun,two_phase_commit,41,1040041,r3-two_phase_commit-p41-victim,r3-two_phase_commit-p41-attacker,True,True,1019.5341110229492,1020.2805995941162,1778557896.089831,1778557896.0910306,1778557896.129016,1778557896.208219,False,False,False,0,2,0,False
3,20564514,cross_shard_frontrun,two_phase_commit,42,1040042,r3-two_phase_commit-p42-victim,r3-two_phase_commit-p42-attacker,True,True,1019.6523666381836,1020.432710647583,1778557896.0899806,1778557896.0913503,1778557896.139337,1778557896.227428,False,False,False,0,2,0,False
3,20564514,cross_shard_frontrun,two_phase_commit,43,1040043,r3-two_phase_commit-p43-victim,r3-two_phase_commit-p43-attacker,True,True,1018.8262462615967,1020.2844142913818,1778557896.0899103,1778557896.0914834,1778557896.13394,1778557896.245634,False,False,False,0,2,0,False
3,20564514,cross_shard_frontrun,two_phase_commit,44,1040044,r3-two_phase_commit-p44-victim,r3-two_phase_commit-p44-attacker,True,True,1025.498628616333,1020.634651184082,1778557896.09005,1778557896.091864,1778557896.14459,1778557896.269406,False,False,False,0,2,0,False
3,20564514,cross_shard_frontrun,two_phase_commit,45,1040045,r3-two_phase_commit-p45-victim,r3-two_phase_commit-p45-attacker,True,True,1025.5794525146484,1019.780158996582,1778557896.090382,1778557896.091703,1778557896.156251,1778557896.257756,False,False,False,0,2,0,False
3,20564514,cross_shard_frontrun,two_phase_commit,46,1040046,r3-two_phase_commit-p46-victim,r3-two_phase_commit-p46-attacker,True,True,1024.648904800415,1019.6843147277832,1778557896.0902998,1778557896.092093,1778557896.149883,1778557896.282394,False,False,False,0,2,0,False
3,20564514,cross_shard_frontrun,two_phase_commit,47,1040047,r3-two_phase_commit-p47-victim,r3-two_phase_commit-p47-attacker,True,True,1024.2791175842285,1019.4792747497559,1778557896.0901325,1778557896.0922225,1778557896.150155,1778557896.288204,False,False,False,0,2,0,False
3,20564514,cross_shard_frontrun,two_phase_commit,48,1040048,r3-two_phase_commit-p48-victim,r3-two_phase_commit-p48-attacker,True,True,1024.562120437622,1019.3691253662109,1778557896.0906215,1778557896.092389,1778557896.174622,1778557896.293939,False,False,False,0,2,0,False
3,20564514,cross_shard_frontrun,two_phase_commit,49,1040049,r3-two_phase_commit-p49-victim,r3-two_phase_commit-p49-attacker,True,True,1024.0726470947266,1019.3231105804443,1778557896.090539,1778557896.0925186,1778557896.168372,1778557896.305413,False,False,False,0,2,0,False
3,20564514,cross_shard_frontrun,two_phase_commit,50,1040050,r3-two_phase_commit-p50-victim,r3-two_phase_commit-p50-attacker,True,True,1023.6303806304932,1020.6670761108398,1778557896.0904644,1778557896.0930395,1778557896.162547,1778557896.364653,False,False,False,0,2,0,False
3,20564514,cross_shard_frontrun,two_phase_commit,51,1040051,r3-two_phase_commit-p51-victim,r3-two_phase_commit-p51-attacker,True,True,1023.8156318664551,1018.3556079864502,1778557896.090762,1778557896.0926383,1778557896.186053,1778557896.321618,False,False,False,0,2,0,False
3,20564514,cross_shard_frontrun,two_phase_commit,52,1040052,r3-two_phase_commit-p52-victim,r3-two_phase_commit-p52-attacker,True,True,1023.3824253082275,1018.7335014343262,1778557896.0909042,1778557896.092754,1778557896.19703,1778557896.332393,False,False,False,0,2,0,False
3,20564514,cross_shard_frontrun,two_phase_commit,53,1040053,r3-two_phase_commit-p53-victim,r3-two_phase_commit-p53-attacker,True,True,1022.8824615478516,1018.5043811798096,1778557896.0908346,1778557896.0928168,1778557896.191446,1778557896.337808,False,False,False,0,2,0,False
3,20564514,cross_shard_frontrun,two_phase_commit,54,1040054,r3-two_phase_commit-p54-victim,r3-two_phase_commit-p54-attacker,True,True,1022.8757858276367,1018.3062553405762,1778557896.0909715,1778557896.0928779,1778557896.202332,1778557896.343567,False,False,False,0,2,0,False
3,20564514,cross_shard_frontrun,two_phase_commit,55,1040055,r3-two_phase_commit-p55-victim,r3-two_phase_commit-p55-attacker,True,True,1022.8171348571777,1018.0625915527344,1778557896.0910964,1778557896.0929298,1778557896.214612,1778557896.348719,False,False,False,0,2,0,False
3,20564514,cross_shard_frontrun,two_phase_commit,56,1040056,r3-two_phase_commit-p56-victim,r3-two_phase_commit-p56-attacker,True,True,1022.6678848266602,1017.9519653320312,1778557896.0912879,1778557896.0929823,1778557896.220959,1778557896.354017,False,False,False,0,2,0,False
3,20564514,cross_shard_frontrun,two_phase_commit,57,1040057,r3-two_phase_commit-p57-victim,r3-two_phase_commit-p57-attacker,True,True,1022.6883888244629,1017.9047584533691,1778557896.0912097,1778557896.0930984,1778557896.233295,1778557896.359255,False,False,False,0,2,0,False
3,20564514,cross_shard_frontrun,two_phase_commit,58,1040058,r3-two_phase_commit-p58-victim,r3-two_phase_commit-p58-attacker,True,True,1023.2160091400146,1017.7688598632812,1778557896.0918002,1778557896.0931447,1778557896.26342,1778557896.370434,False,False,False,0,2,0,False
3,20564514,cross_shard_frontrun,two_phase_commit,59,1040059,r3-two_phase_commit-p59-victim,r3-two_phase_commit-p59-attacker,True,True,1022.1850872039795,1017.6198482513428,1778557896.0914156,1778557896.0931942,1778557896.239473,1778557896.375491,False,False,False,0,2,0,False
3,20564514,cross_shard_frontrun,two_phase_commit,60,1040060,r3-two_phase_commit-p60-victim,r3-two_phase_commit-p60-attacker,True,True,1022.209644317627,1017.5964832305908,1778557896.0915892,1778557896.0932925,1778557896.251422,1778557896.385608,False,False,False,0,2,0,False
3,20564514,cross_shard_frontrun,two_phase_commit,61,1040061,r3-two_phase_commit-p61-victim,r3-two_phase_commit-p61-attacker,True,True,1022.3956108093262,1017.3380374908447,1778557896.091959,1778557896.0933733,1778557896.275024,1778557896.391008,False,False,False,0,2,0,False
3,20564514,cross_shard_frontrun,two_phase_commit,62,1040062,r3-two_phase_commit-p62-victim,r3-two_phase_commit-p62-attacker,True,True,1023.3819484710693,1017.2441005706787,1778557896.0923176,1778557896.0934732,1778557896.310794,1778557896.39666,False,False,False,0,2,0,False
3,20564514,cross_shard_frontrun,two_phase_commit,63,1040063,r3-two_phase_commit-p63-victim,r3-two_phase_commit-p63-attacker,True,True,1022.5582122802734,1017.1191692352295,1778557896.0924523,1778557896.0935354,1778557896.299977,1778557896.40211,False,False,False,0,2,0,False
3,20564514,cross_shard_frontrun,two_phase_commit,64,1040064,r3-two_phase_commit-p64-victim,r3-two_phase_commit-p64-attacker,True,True,1022.9344367980957,1016.9360637664795,1778557896.0925813,1778557896.0935864,1778557896.31602,1778557896.40795,False,False,False,0,2,0,False
3,20564514,cross_shard_frontrun,two_phase_commit,65,1040065,r3-two_phase_commit-p65-victim,r3-two_phase_commit-p65-attacker,True,True,1022.7041244506836,1015.904426574707,1778557896.0926945,1778557896.0936303,1778557896.326586,1778557896.413929,False,False,False,0,2,0,False
3,20564514,cross_shard_frontrun,two_phase_commit,66,1040066,r3-two_phase_commit-p66-victim,r3-two_phase_commit-p66-attacker,True,True,1020.8170413970947,955.8088779449463,1778557896.0932505,1778557896.093705,1778557896.380748,1778557896.420018,False,False,False,0,2,0,False
3,20564514,cross_shard_frontrun,two_phase_commit,67,1040067,r3-two_phase_commit-p67-victim,r3-two_phase_commit-p67-attacker,True,True,939.3630027770996,919.1575050354004,1778557896.1390426,1778557896.14528,1778557896.422709,1778557896.429834,False,False,False,0,2,0,False
3,20564514,cross_shard_frontrun,two_phase_commit,68,1040068,r3-two_phase_commit-p68-victim,r3-two_phase_commit-p68-attacker,True,True,831.5763473510742,713.5305404663086,1778557896.1427705,1778557896.1478045,1778557896.423136,1778557896.429523,False,False,False,0,2,0,False
3,20564514,cross_shard_frontrun,two_phase_commit,69,1040069,r3-two_phase_commit-p69-victim,r3-two_phase_commit-p69-attacker,True,True,287.4455451965332,238.61098289489746,1778557896.212977,1778557896.6633043,1778557896.431536,1778557896.663536,False,False,False,0,2,0,False
3,20564514,cross_shard_frontrun,two_phase_commit,70,1040070,r3-two_phase_commit-p70-victim,r3-two_phase_commit-p70-attacker,True,True,71.4406967163086,234.04502868652344,1778557896.485072,1778557896.6596656,1778557896.485328,1778557896.659931,False,False,False,0,2,0,False
3,20564514,cross_shard_frontrun,two_phase_commit,71,1040071,r3-two_phase_commit-p71-victim,r3-two_phase_commit-p71-attacker,True,True,97.01061248779297,525.5997180938721,1778557896.5150623,1778557896.9538906,1778557896.515294,1778557896.954284,False,False,False,0,2,0,False
3,20564514,cross_shard_frontrun,two_phase_commit,72,1040072,r3-two_phase_commit-p72-victim,r3-two_phase_commit-p72-attacker,True,True,84.36179161071777,889.7705078125,1778557896.5031462,1778557897.1136003,1778557896.503405,1778557897.113947,False,False,False,0,2,0,False
3,20564514,cross_shard_frontrun,two_phase_commit,73,1040073,r3-two_phase_commit-p73-victim,r3-two_phase_commit-p73-attacker,True,True,196.26951217651367,1000.934362411499,1778557896.6155083,1778557897.1137977,1778557896.61581,1778557897.121225,False,False,False,0,2,0,False
3,20564514,cross_shard_frontrun,two_phase_commit,74,1040074,r3-two_phase_commit-p74-victim,r3-two_phase_commit-p74-attacker,True,True,292.9232120513916,1013.4830474853516,1778557896.7191277,1778557897.1154456,1778557896.719388,1778557897.234772,False,False,False,0,2,0,False
3,20564514,cross_shard_frontrun,two_phase_commit,75,1040075,r3-two_phase_commit-p75-victim,r3-two_phase_commit-p75-attacker,True,True,1002.7694702148438,1013.3016109466553,1778557897.1139843,1778557897.1154943,1778557897.126904,1778557897.240388,False,False,False,0,2,0,False
3,20564514,cross_shard_frontrun,two_phase_commit,76,1040076,r3-two_phase_commit-p76-victim,r3-two_phase_commit-p76-attacker,True,True,1002.9287338256836,1013.2112503051758,1778557897.1140697,1778557897.1155608,1778557897.132517,1778557897.245818,False,False,False,0,2,0,False
3,20564514,cross_shard_frontrun,two_phase_commit,77,1040077,r3-two_phase_commit-p77-victim,r3-two_phase_commit-p77-attacker,True,True,1002.8855800628662,1013.4627819061279,1778557897.1141455,1778557897.1158023,1778557897.137901,1778557897.261887,False,False,False,0,2,0,False
3,20564514,cross_shard_frontrun,two_phase_commit,78,1040078,r3-two_phase_commit-p78-victim,r3-two_phase_commit-p78-attacker,True,True,1016.3116455078125,1013.5025978088379,1778557897.1143088,1778557897.11602,1778557897.148493,1778557897.272839,False,False,False,0,2,0,False
3,20564514,cross_shard_frontrun,two_phase_commit,79,1040079,r3-two_phase_commit-p79-victim,r3-two_phase_commit-p79-attacker,True,True,1016.1898136138916,1013.3702754974365,1778557897.1143835,1778557897.1161225,1778557897.153781,1778557897.278069,False,False,False,0,2,0,False
3,20564514,cross_shard_frontrun,two_phase_commit,80,1040080,r3-two_phase_commit-p80-victim,r3-two_phase_commit-p80-attacker,True,True,1016.0336494445801,1014.106035232544,1778557897.1144457,1778557897.1164277,1778557897.158815,1778557897.31396,False,False,False,0,2,0,False
3,20564514,cross_shard_frontrun,two_phase_commit,81,1040081,r3-two_phase_commit-p81-victim,r3-two_phase_commit-p81-attacker,True,True,1015.9187316894531,1013.0014419555664,1778557897.1145062,1778557897.1162794,1778557897.164288,1778557897.289053,False,False,False,0,2,0,False
3,20564514,cross_shard_frontrun,two_phase_commit,82,1040082,r3-two_phase_commit-p82-victim,r3-two_phase_commit-p82-attacker,True,True,1016.021728515625,1013.4069919586182,1778557897.114573,1778557897.1166131,1778557897.169382,1778557897.309116,False,False,False,0,2,0,False
3,20564514,cross_shard_frontrun,two_phase_commit,83,1040083,r3-two_phase_commit-p83-victim,r3-two_phase_commit-p83-attacker,True,True,1016.0050392150879,1012.866735458374,1778557897.1146255,1778557897.1164944,1778557897.174686,1778557897.299191,False,False,False,0,2,0,False
3,20564514,cross_shard_frontrun,two_phase_commit,84,1040084,r3-two_phase_commit-p84-victim,r3-two_phase_commit-p84-attacker,True,True,1016.0717964172363,1013.9350891113281,1778557897.1146889,1778557897.1171556,1778557897.179914,1778557897.336733,False,False,False,0,2,0,False
3,20564514,cross_shard_frontrun,two_phase_commit,85,1040085,r3-two_phase_commit-p85-victim,r3-two_phase_commit-p85-attacker,True,True,1016.3779258728027,1013.4637355804443,1778557897.1148596,1778557897.1170177,1778557897.191529,1778557897.331306,False,False,False,0,2,0,False
3,20564514,cross_shard_frontrun,two_phase_commit,86,1040086,r3-two_phase_commit-p86-victim,r3-two_phase_commit-p86-attacker,True,True,1015.7339572906494,1013.4758949279785,1778557897.1147637,1778557897.117226,1778557897.184646,1778557897.341797,False,False,False,0,2,0,False
3,20564514,cross_shard_frontrun,two_phase_commit,87,1040087,r3-two_phase_commit-p87-victim,r3-two_phase_commit-p87-attacker,True,True,1016.0684585571289,1013.3388042449951,1778557897.114933,1778557897.117293,1778557897.19799,1778557897.347105,False,False,False,0,2,0,False
3,20564514,cross_shard_frontrun,two_phase_commit,88,1040088,r3-two_phase_commit-p88-victim,r3-two_phase_commit-p88-attacker,True,True,1015.9239768981934,1013.2608413696289,1778557897.1149926,1778557897.1173604,1778557897.203697,1778557897.35283,False,False,False,0,2,0,False
3,20564514,cross_shard_frontrun,two_phase_commit,89,1040089,r3-two_phase_commit-p89-victim,r3-two_phase_commit-p89-attacker,True,True,1015.850305557251,1013.1266117095947,1778557897.1150498,1778557897.117456,1778557897.209183,1778557897.359077,False,False,False,0,2,0,False
3,20564514,cross_shard_frontrun,two_phase_commit,90,1040090,r3-two_phase_commit-p90-victim,r3-two_phase_commit-p90-attacker,True,True,1016.1252021789551,1013.225793838501,1778557897.115135,1778557897.1176198,1778557897.214502,1778557897.366181,False,False,False,0,2,0,False
3,20564514,cross_shard_frontrun,two_phase_commit,91,1040091,r3-two_phase_commit-p91-victim,r3-two_phase_commit-p91-attacker,True,True,1016.4282321929932,1013.1778717041016,1778557897.1152837,1778557897.117722,1778557897.22799,1778557897.371722,False,False,False,0,2,0,False
3,20564514,cross_shard_frontrun,two_phase_commit,92,1040092,r3-two_phase_commit-p92-victim,r3-two_phase_commit-p92-attacker,True,True,1015.7890319824219,1013.0083560943604,1778557897.1152182,1778557897.1178093,1778557897.221343,1778557897.377386,False,False,False,0,2,0,False
3,20564514,cross_shard_frontrun,two_phase_commit,93,1040093,r3-two_phase_commit-p93-victim,r3-two_phase_commit-p93-attacker,True,True,1016.9534683227539,1012.7789974212646,1778557897.115889,1778557897.1178708,1778557897.26754,1778557897.38303,False,False,False,0,2,0,False
3,20564514,cross_shard_frontrun,two_phase_commit,94,1040094,r3-two_phase_commit-p94-victim,r3-two_phase_commit-p94-attacker,True,True,1016.1542892456055,1012.7551555633545,1778557897.1156178,1778557897.1179383,1778557897.251283,1778557897.389687,False,False,False,0,2,0,False
3,20564514,cross_shard_frontrun,two_phase_commit,95,1040095,r3-two_phase_commit-p95-victim,r3-two_phase_commit-p95-attacker,True,True,1016.0691738128662,1012.6206874847412,1778557897.115704,1778557897.1180007,1778557897.256516,1778557897.395489,False,False,False,0,2,0,False
3,20564514,cross_shard_frontrun,two_phase_commit,96,1040096,r3-two_phase_commit-p96-victim,r3-two_phase_commit-p96-attacker,True,True,1016.685962677002,1012.462854385376,1778557897.1162047,1778557897.1180649,1778557897.283547,1778557897.401959,False,False,False,0,2,0,False
3,20564514,cross_shard_frontrun,two_phase_commit,97,1040097,r3-two_phase_commit-p97-victim,r3-two_phase_commit-p97-attacker,True,True,1016.7779922485352,1012.3507976531982,1778557897.116361,1778557897.1181273,1778557897.293986,1778557897.407704,False,False,False,0,2,0,False
3,20564514,cross_shard_frontrun,two_phase_commit,98,1040098,r3-two_phase_commit-p98-victim,r3-two_phase_commit-p98-attacker,True,True,1017.3420906066895,1012.218713760376,1778557897.1166863,1778557897.1182635,1778557897.320698,1778557897.413944,False,False,False,0,2,0,False
3,20564514,cross_shard_frontrun,two_phase_commit,99,1040099,r3-two_phase_commit-p99-victim,r3-two_phase_commit-p99-attacker,True,True,1016.54052734375,1012.1843814849854,1778557897.11656,1778557897.1183767,1778557897.304274,1778557897.426536,False,False,False,0,2,0,False
3,20564514,cross_shard_frontrun,two_phase_commit,100,1040100,r3-two_phase_commit-p100-victim,r3-two_phase_commit-p100-attacker,True,True,1017.1315670013428,1011.789083480835,1778557897.1170819,1778557897.1184537,1778557897.32601,1778557897.420173,False,False,False,0,2,0,False
3,20564514,cross_shard_frontrun,two_phase_commit,101,1040101,r3-two_phase_commit-p101-victim,r3-two_phase_commit-p101-attacker,True,True,1016.3757801055908,939.8462772369385,1778557897.116941,1778557897.1142452,1778557897.320326,1778557897.143194,True,True,True,0,2,0,False
3,20564514,cross_shard_frontrun,two_phase_commit,102,1040102,r3-two_phase_commit-p102-victim,r3-two_phase_commit-p102-attacker,True,True,951.319694519043,931.4157962799072,1778557897.1435225,1778557897.1466064,1778557897.433547,1778557897.440195,False,False,False,0,2,0,False
3,20564514,cross_shard_frontrun,two_phase_commit,103,1040103,r3-two_phase_commit-p103-victim,r3-two_phase_commit-p103-attacker,True,True,839.4432067871094,786.3302230834961,1778557897.1638033,1778557897.1185775,1778557897.447522,1778557897.432182,True,True,True,0,2,0,False
3,20564514,cross_shard_frontrun,two_phase_commit,104,1040104,r3-two_phase_commit-p104-victim,r3-two_phase_commit-p104-attacker,True,True,791.386604309082,727.4885177612305,1778557897.1450253,1778557897.1482317,1778557897.440361,1778557897.447388,False,False,False,0,2,0,False
3,20564514,cross_shard_frontrun,two_phase_commit,105,1040105,r3-two_phase_commit-p105-victim,r3-two_phase_commit-p105-attacker,True,True,502.75278091430664,130.16724586486816,1778557897.193855,1778557897.3329701,1778557897.449057,1778557897.454405,False,False,False,0,2,0,False
3,20564514,cross_shard_frontrun,two_phase_commit,106,1040106,r3-two_phase_commit-p106-victim,r3-two_phase_commit-p106-attacker,True,True,116.34325981140137,107.78450965881348,1778557897.491758,1778557897.4939208,1778557897.491984,1778557897.532093,False,False,False,0,2,0,False
3,20564514,cross_shard_frontrun,two_phase_commit,107,1040107,r3-two_phase_commit-p107-victim,r3-two_phase_commit-p107-attacker,True,True,115.85116386413574,109.25650596618652,1778557897.5191681,1778557897.5215998,1778557897.543387,1778557897.548801,False,False,False,0,2,0,False
3,20564514,cross_shard_frontrun,two_phase_commit,108,1040108,r3-two_phase_commit-p108-victim,r3-two_phase_commit-p108-attacker,True,True,108.86478424072266,309.83734130859375,1778557897.51757,1778557897.6574433,1778557897.538027,1778557897.67984,False,False,False,0,2,0,False
3,20564514,cross_shard_frontrun,two_phase_commit,109,1040109,r3-two_phase_commit-p109-victim,r3-two_phase_commit-p109-attacker,True,True,102.5545597076416,309.0803623199463,1778557897.5351558,1778557897.657298,1778557897.548503,1778557897.669532,False,False,False,0,2,0,False
3,20564514,cross_shard_frontrun,two_phase_commit,110,1040110,r3-two_phase_commit-p110-victim,r3-two_phase_commit-p110-attacker,True,True,295.3815460205078,308.8836669921875,1778557897.6569824,1778557897.6573677,1778557897.657248,1778557897.674587,False,False,False,0,2,0,False
3,20564514,cross_shard_frontrun,two_phase_commit,111,1040111,r3-two_phase_commit-p111-victim,r3-two_phase_commit-p111-attacker,True,True,316.2040710449219,308.58469009399414,1778557897.6571085,1778557897.657593,1778557897.664145,1778557897.690115,False,False,False,0,2,0,False
3,20564514,cross_shard_frontrun,two_phase_commit,112,1040112,r3-two_phase_commit-p112-victim,r3-two_phase_commit-p112-attacker,True,True,316.35308265686035,308.1235885620117,1778557897.6575303,1778557897.6577158,1778557897.684924,1778557897.700516,False,False,False,0,2,0,False
3,20564514,cross_shard_frontrun,two_phase_commit,113,1040113,r3-two_phase_commit-p113-victim,r3-two_phase_commit-p113-attacker,True,True,315.9000873565674,307.9187870025635,1778557897.6576517,1778557897.657879,1778557897.69492,1778557897.710667,False,False,False,0,2,0,False
3,20564514,cross_shard_frontrun,two_phase_commit,114,1040114,r3-two_phase_commit-p114-victim,r3-two_phase_commit-p114-attacker,True,True,315.59205055236816,307.18135833740234,1778557897.6577804,1778557897.657943,1778557897.705503,1778557897.715913,False,False,False,0,2,0,False
3,20564514,cross_shard_frontrun,two_phase_commit,115,1040115,r3-two_phase_commit-p115-victim,r3-two_phase_commit-p115-attacker,True,True,315.13285636901855,307.6186180114746,1778557897.6580086,1778557897.6582735,1778557897.721134,1778557897.743427,False,False,False,0,2,0,False
3,20564514,cross_shard_frontrun,two_phase_commit,116,1040116,r3-two_phase_commit-p116-victim,r3-two_phase_commit-p116-attacker,True,True,314.8033618927002,307.0352077484131,1778557897.6581013,1778557897.6583712,1778557897.726896,1778557897.743182,False,False,False,0,2,0,False
3,20564514,cross_shard_frontrun,two_phase_commit,117,1040117,r3-two_phase_commit-p117-victim,r3-two_phase_commit-p117-attacker,True,True,314.6531581878662,306.7901134490967,1778557897.6581647,1778557897.6584458,1778557897.732369,1778557897.749062,False,False,False,0,2,0,False
3,20564514,cross_shard_frontrun,two_phase_commit,118,1040118,r3-two_phase_commit-p118-victim,r3-two_phase_commit-p118-attacker,True,True,314.97788429260254,306.8978786468506,1778557897.6582155,1778557897.6584954,1778557897.737421,1778557897.754651,False,False,False,0,2,0,False
3,20564514,cross_shard_frontrun,two_phase_commit,119,1040119,r3-two_phase_commit-p119-victim,r3-two_phase_commit-p119-attacker,True,True,314.88561630249023,306.8263530731201,1778557897.6586065,1778557897.6608531,1778557897.759766,1778557897.764909,False,False,False,0,2,0,False
4,20660514,cross_shard_frontrun,baseline,0,1100000,r4-baseline-p0-victim,r4-baseline-p0-attacker,True,True,89.15019035339355,415.2529239654541,1778557898.9635146,1778557899.2988513,1778557898.964716,1778557899.299281,False,False,False,0,2,0,False
4,20660514,cross_shard_frontrun,baseline,1,1100001,r4-baseline-p1-victim,r4-baseline-p1-attacker,True,True,144.35505867004395,509.27209854125977,1778557899.0224094,1778557899.393749,1778557899.022677,1778557899.394002,False,False,False,0,2,0,False
4,20660514,cross_shard_frontrun,baseline,2,1100002,r4-baseline-p2-victim,r4-baseline-p2-attacker,True,True,303.8821220397949,558.936595916748,1778557899.1801748,1778557899.399673,1778557899.180451,1778557899.399926,False,False,False,0,2,0,False
4,20660514,cross_shard_frontrun,baseline,3,1100003,r4-baseline-p3-victim,r4-baseline-p3-attacker,True,True,1013.8792991638184,558.6800575256348,1778557899.5538914,1778557899.3998744,1778557899.661077,1778557899.408354,True,True,True,0,2,0,False
4,20660514,cross_shard_frontrun,baseline,4,1100004,r4-baseline-p4-victim,r4-baseline-p4-attacker,True,True,1013.5762691497803,558.3090782165527,1778557899.5542161,1778557899.4001462,1778557899.672459,1778557899.415781,True,True,True,0,2,0,False
4,20660514,cross_shard_frontrun,baseline,5,1100005,r4-baseline-p5-victim,r4-baseline-p5-attacker,True,True,1023.29421043396,557.9013824462891,1778557899.579367,1778557899.400252,1778557899.782648,1778557899.422152,True,True,True,0,2,0,False
4,20660514,cross_shard_frontrun,baseline,6,1100006,r4-baseline-p6-victim,r4-baseline-p6-attacker,True,True,1013.9741897583008,558.7522983551025,1778557899.5557284,1778557899.4006572,1778557899.74071,1778557899.440934,True,True,True,0,2,0,False
4,20660514,cross_shard_frontrun,baseline,7,1100007,r4-baseline-p7-victim,r4-baseline-p7-attacker,True,True,1014.5678520202637,557.7695369720459,1778557899.5792167,1778557899.400537,1778557899.771969,1778557899.434927,True,True,True,0,2,0,False
4,20660514,cross_shard_frontrun,baseline,8,1100008,r4-baseline-p8-victim,r4-baseline-p8-attacker,True,True,1012.4192237854004,557.2509765625,1778557899.5549052,1778557899.4003785,1778557899.69784,1778557899.428872,True,True,True,0,2,0,False
4,20660514,cross_shard_frontrun,baseline,9,1100009,r4-baseline-p9-victim,r4-baseline-p9-attacker,True,True,1012.3391151428223,557.5706958770752,1778557899.555485,1778557899.4007885,1778557899.729178,1778557899.447387,True,True,True,0,2,0,False
4,20660514,cross_shard_frontrun,baseline,10,1100010,r4-baseline-p10-victim,r4-baseline-p10-attacker,True,True,1012.0389461517334,566.0488605499268,1778557899.5556188,1778557899.4490259,1778557899.734471,1778557899.449285,True,True,True,0,2,0,False
4,20660514,cross_shard_frontrun,baseline,11,1100011,r4-baseline-p11-victim,r4-baseline-p11-attacker,True,True,1012.2308731079102,637.495756149292,1778557899.57899,1778557899.5279174,1778557899.753474,1778557899.528285,True,True,True,0,2,0,False
4,20660514,cross_shard_frontrun,baseline,12,1100012,r4-baseline-p12-victim,r4-baseline-p12-attacker,True,True,1011.1267566680908,858.971357345581,1778557899.555366,1778557899.55106,1778557899.722506,1778557899.551311,True,True,True,0,2,0,False
4,20660514,cross_shard_frontrun,baseline,13,1100013,r4-baseline-p13-victim,r4-baseline-p13-attacker,True,True,1020.3678607940674,859.3356609344482,1778557899.5794713,1778557899.551261,1778557899.793781,1778557899.559664,True,True,True,0,2,0,False
4,20660514,cross_shard_frontrun,baseline,14,1100014,r4-baseline-p14-victim,r4-baseline-p14-attacker,True,True,1019.7367668151855,859.7493171691895,1778557899.5794308,1778557899.5517995,1778557899.788319,1778557899.576019,True,True,True,0,2,0,False
4,20660514,cross_shard_frontrun,baseline,15,1100015,r4-baseline-p15-victim,r4-baseline-p15-attacker,True,True,1009.2825889587402,858.9987754821777,1778557899.554583,1778557899.5514953,1778557899.685325,1778557899.565305,True,True,True,0,2,0,False
4,20660514,cross_shard_frontrun,baseline,16,1100016,r4-baseline-p16-victim,r4-baseline-p16-attacker,True,True,1009.1285705566406,858.8995933532715,1778557899.554722,1778557899.5516906,1778557899.691858,1778557899.570651,True,True,True,0,2,0,False
4,20660514,cross_shard_frontrun,baseline,17,1100017,r4-baseline-p17-victim,r4-baseline-p17-attacker,True,True,1019.1402435302734,920.9909439086914,1778557899.5795379,1778557899.551881,1778557899.798738,1778557899.581457,True,True,True,0,2,0,False
4,20660514,cross_shard_frontrun,baseline,18,1100018,r4-baseline-p18-victim,r4-baseline-p18-attacker,True,True,1019.1004276275635,920.9086894989014,1778557899.5796971,1778557899.5520046,1778557899.809989,1778557899.586721,True,True,True,0,2,0,False
4,20660514,cross_shard_frontrun,baseline,19,1100019,r4-baseline-p19-victim,r4-baseline-p19-attacker,True,True,1007.8485012054443,920.764684677124,1778557899.5543635,1778557899.552215,1778557899.679166,1778557899.592467,True,True,True,0,2,0,False
4,20660514,cross_shard_frontrun,baseline,20,1100020,r4-baseline-p20-victim,r4-baseline-p20-attacker,True,True,1008.9249610900879,920.7210540771484,1778557899.5558157,1778557899.5523233,1778557899.746343,1778557899.597787,True,True,True,0,2,0,False
4,20660514,cross_shard_frontrun,baseline,21,1100021,r4-baseline-p21-victim,r4-baseline-p21-attacker,True,True,1009.5486640930176,920.7680225372314,1778557899.5792983,1778557899.5525656,1778557899.777467,1778557899.613098,True,True,True,0,2,0,False
4,20660514,cross_shard_frontrun,baseline,22,1100022,r4-baseline-p22-victim,r4-baseline-p22-attacker,True,True,1008.4588527679443,920.257568359375,1778557899.5791433,1778557899.5524127,1778557899.766814,1778557899.602875,True,True,True,0,2,0,False
4,20660514,cross_shard_frontrun,baseline,23,1100023,r4-baseline-p23-victim,r4-baseline-p23-attacker,True,True,1018.1198120117188,920.0911521911621,1778557899.6393597,1778557899.552487,1778557899.823356,1778557899.608193,True,True,True,0,2,0,False
4,20660514,cross_shard_frontrun,baseline,24,1100024,r4-baseline-p24-victim,r4-baseline-p24-attacker,True,True,1017.2319412231445,919.6758270263672,1778557899.6393058,1778557899.5527015,1778557899.816839,1778557899.618904,True,True,True,0,2,0,False
4,20660514,cross_shard_frontrun,baseline,25,1100025,r4-baseline-p25-victim,r4-baseline-p25-attacker,True,True,1006.40869140625,919.4943904876709,1778557899.5552495,1778557899.5528288,1778557899.716902,1778557899.623982,True,True,True,0,2,0,False
4,20660514,cross_shard_frontrun,baseline,26,1100026,r4-baseline-p26-victim,r4-baseline-p26-attacker,True,True,1005.8817863464355,919.2831516265869,1778557899.5550487,1778557899.5529554,1778557899.704144,1778557899.62906,True,True,True,0,2,0,False
4,20660514,cross_shard_frontrun,baseline,27,1100027,r4-baseline-p27-victim,r4-baseline-p27-attacker,True,True,1006.8690776824951,919.0378189086914,1778557899.5559793,1778557899.5531266,1778557899.752359,1778557899.634232,True,True,True,0,2,0,False
4,20660514,cross_shard_frontrun,baseline,28,1100028,r4-baseline-p28-victim,r4-baseline-p28-attacker,True,True,1005.284309387207,995.2597618103027,1778557899.5551248,1778557899.5534382,1778557899.71095,1778557899.644747,True,True,True,0,2,0,False
4,20660514,cross_shard_frontrun,baseline,29,1100029,r4-baseline-p29-victim,r4-baseline-p29-attacker,True,True,1006.2968730926514,994.9824810028076,1778557899.5790744,1778557899.5535629,1778557899.761744,1778557899.649836,True,True,True,0,2,0,False
4,20660514,cross_shard_frontrun,baseline,30,1100030,r4-baseline-p30-victim,r4-baseline-p30-attacker,True,True,1015.9769058227539,994.7667121887207,1778557899.6395607,1778557899.5537193,1778557899.83392,1778557899.655102,True,True,True,0,2,0,False
4,20660514,cross_shard_frontrun,baseline,31,1100031,r4-baseline-p31-victim,r4-baseline-p31-attacker,True,True,1014.3210887908936,988.3730411529541,1778557899.5796158,1778557899.5532713,1778557899.804876,1778557899.639334,True,True,True,0,2,0,False
4,20660514,cross_shard_frontrun,baseline,32,1100032,r4-baseline-p32-victim,r4-baseline-p32-attacker,True,True,938.1065368652344,862.407922744751,1778557899.639468,1778557899.554078,1778557899.828743,1778557899.666539,True,True,True,0,2,0,False
4,20660514,cross_shard_frontrun,baseline,33,1100033,r4-baseline-p33-victim,r4-baseline-p33-attacker,True,True,721.8914031982422,595.7365036010742,1778557899.5797894,1778557899.6397064,1778557899.81565,1778557899.839078,False,False,False,0,2,0,False
4,20660514,cross_shard_frontrun,baseline,34,1100034,r4-baseline-p34-victim,r4-baseline-p34-attacker,True,True,509.4282627105713,451.68566703796387,1778557899.6398017,1778557899.639888,1778557899.844644,1778557899.849994,False,False,False,0,2,0,False
4,20660514,cross_shard_frontrun,baseline,35,1100035,r4-baseline-p35-victim,r4-baseline-p35-attacker,True,True,460.0341320037842,476.6724109649658,1778557899.640176,1778557899.6403856,1778557899.871795,1778557899.882748,False,False,False,0,2,0,False
4,20660514,cross_shard_frontrun,baseline,36,1100036,r4-baseline-p36-victim,r4-baseline-p36-attacker,True,True,459.64550971984863,450.73509216308594,1778557899.640263,1778557899.6399486,1778557899.877418,1778557899.855326,True,True,True,0,2,0,False
4,20660514,cross_shard_frontrun,baseline,37,1100037,r4-baseline-p37-victim,r4-baseline-p37-attacker,True,True,489.4375801086426,450.0753879547119,1778557899.6405113,1778557899.6400232,1778557899.888089,1778557899.860722,True,True,True,0,2,0,False
4,20660514,cross_shard_frontrun,baseline,38,1100038,r4-baseline-p38-victim,r4-baseline-p38-attacker,True,True,487.11371421813965,440.0508403778076,1778557899.642872,1778557899.640102,1778557899.887965,1778557899.866531,True,True,True,0,2,0,False
4,20660514,cross_shard_frontrun,baseline,39,1100039,r4-baseline-p39-victim,r4-baseline-p39-attacker,True,True,407.61256217956543,178.04598808288574,1778557899.6452754,1778557899.786175,1778557899.893707,1778557899.89696,False,False,False,0,2,0,False
4,20660514,cross_shard_frontrun,baseline,40,1100040,r4-baseline-p40-victim,r4-baseline-p40-attacker,True,True,186.53106689453125,177.98447608947754,1778557899.8335655,1778557899.7880952,1778557899.905891,1778557899.905046,True,True,True,0,2,0,False
4,20660514,cross_shard_frontrun,baseline,41,1100041,r4-baseline-p41-victim,r4-baseline-p41-attacker,True,True,186.3083839416504,177.22320556640625,1778557899.8482764,1778557899.7895937,1778557899.906182,1778557899.904722,True,True,True,0,2,0,False
4,20660514,cross_shard_frontrun,baseline,42,1100042,r4-baseline-p42-victim,r4-baseline-p42-attacker,True,True,135.4997158050537,115.19861221313477,1778557899.8863075,1778557899.884219,1778557899.932496,1778557899.907538,True,True,True,0,2,0,False
4,20660514,cross_shard_frontrun,baseline,43,1100043,r4-baseline-p43-victim,r4-baseline-p43-attacker,True,True,135.6666088104248,115.3097152709961,1778557899.9161084,1778557899.8842747,1778557899.939445,1778557899.913776,True,True,True,0,2,0,False
4,20660514,cross_shard_frontrun,baseline,44,1100044,r4-baseline-p44-victim,r4-baseline-p44-attacker,True,True,135.41865348815918,126.37925148010254,1778557899.9134889,1778557899.8843236,1778557899.939253,1778557899.929177,True,True,True,0,2,0,False
4,20660514,cross_shard_frontrun,baseline,45,1100045,r4-baseline-p45-victim,r4-baseline-p45-attacker,True,True,135.2529525756836,126.69944763183594,1778557899.9264905,1778557899.8843687,1778557899.945545,1778557899.932891,True,True,True,0,2,0,False
4,20660514,cross_shard_frontrun,baseline,46,1100046,r4-baseline-p46-victim,r4-baseline-p46-attacker,True,True,137.12596893310547,126.31535530090332,1778557899.933219,1778557899.8879085,1778557899.950833,1778557899.938189,True,True,True,0,2,0,False
4,20660514,cross_shard_frontrun,baseline,47,1100047,r4-baseline-p47-victim,r4-baseline-p47-attacker,True,True,139.38260078430176,232.80668258666992,1778557899.9283998,1778557900.1256223,1778557899.951023,1778557900.125795,False,False,False,0,2,0,False
4,20660514,cross_shard_frontrun,baseline,48,1100048,r4-baseline-p48-victim,r4-baseline-p48-attacker,True,True,76.25365257263184,282.84454345703125,1778557899.9686484,1778557900.1830676,1778557899.968832,1778557900.183299,False,False,False,0,2,0,False
4,20660514,cross_shard_frontrun,baseline,49,1100049,r4-baseline-p49-victim,r4-baseline-p49-attacker,True,True,124.36652183532715,381.4737796783447,1778557900.0172272,1778557900.2822115,1778557900.01741,1778557900.282483,False,False,False,0,2,0,False
4,20660514,cross_shard_frontrun,baseline,50,1100050,r4-baseline-p50-victim,r4-baseline-p50-attacker,True,True,131.7007541656494,415.3485298156738,1778557900.022823,1778557900.3098934,1778557900.023036,1778557900.310125,False,False,False,0,2,0,False
4,20660514,cross_shard_frontrun,baseline,51,1100051,r4-baseline-p51-victim,r4-baseline-p51-attacker,True,True,213.423490524292,468.33252906799316,1778557900.1066272,1778557900.3393679,1778557900.10681,1778557900.339614,False,False,False,0,2,0,False
4,20660514,cross_shard_frontrun,baseline,52,1100052,r4-baseline-p52-victim,r4-baseline-p52-attacker,True,True,242.54941940307617,468.30010414123535,1778557900.1343648,1778557900.3394828,1778557900.134535,1778557900.347938,False,False,False,0,2,0,False
4,20660514,cross_shard_frontrun,baseline,53,1100053,r4-baseline-p53-victim,r4-baseline-p53-attacker,True,True,290.82512855529785,468.3992862701416,1778557900.1844769,1778557900.3396313,1778557900.184664,1778557900.353668,False,False,False,0,2,0,False
4,20660514,cross_shard_frontrun,baseline,54,1100054,r4-baseline-p54-victim,r4-baseline-p54-attacker,True,True,288.14005851745605,468.414306640625,1778557900.1719377,1778557900.339838,1778557900.180019,1778557900.359436,False,False,False,0,2,0,False
4,20660514,cross_shard_frontrun,baseline,55,1100055,r4-baseline-p55-victim,r4-baseline-p55-attacker,True,True,293.3237552642822,468.37425231933594,1778557900.187333,1778557900.3399465,1778557900.187522,1778557900.365464,False,False,False,0,2,0,False
4,20660514,cross_shard_frontrun,baseline,56,1100056,r4-baseline-p56-victim,r4-baseline-p56-attacker,True,True,284.3482494354248,469.00153160095215,1778557900.1699965,1778557900.3400328,1778557900.170216,1778557900.37162,False,False,False,0,2,0,False
4,20660514,cross_shard_frontrun,baseline,57,1100057,r4-baseline-p57-victim,r4-baseline-p57-attacker,True,True,804.701566696167,520.1375484466553,1778557900.4905527,1778557900.4235554,1778557900.538756,1778557900.423806,True,True,True,0,2,0,False
4,20660514,cross_shard_frontrun,baseline,58,1100058,r4-baseline-p58-victim,r4-baseline-p58-attacker,True,True,916.5980815887451,573.5476016998291,1778557900.5163941,1778557900.4464273,1778557900.558616,1778557900.45947,True,True,True,0,2,0,False
4,20660514,cross_shard_frontrun,baseline,59,1100059,r4-baseline-p59-victim,r4-baseline-p59-attacker,True,True,922.5509166717529,573.4548568725586,1778557900.5166235,1778557900.4465275,1778557900.569422,1778557900.465867,True,True,True,0,2,0,False
4,20660514,cross_shard_frontrun,baseline,60,1100060,r4-baseline-p60-victim,r4-baseline-p60-attacker,True,True,914.7839546203613,565.1240348815918,1778557900.516944,1778557900.4462128,1778557900.584932,1778557900.453808,True,True,True,0,2,0,False
4,20660514,cross_shard_frontrun,baseline,61,1100061,r4-baseline-p61-victim,r4-baseline-p61-attacker,True,True,916.2616729736328,564.4693374633789,1778557900.5237315,1778557900.4460402,1778557900.616663,1778557900.446278,True,True,True,0,2,0,False
4,20660514,cross_shard_frontrun,baseline,62,1100062,r4-baseline-p62-victim,r4-baseline-p62-attacker,True,True,917.9964065551758,565.1271343231201,1778557900.530903,1778557900.4466426,1778557900.654569,1778557900.471904,True,True,True,0,2,0,False
4,20660514,cross_shard_frontrun,baseline,63,1100063,r4-baseline-p63-victim,r4-baseline-p63-attacker,True,True,916.1934852600098,637.0892524719238,1778557900.5240095,1778557900.4899094,1778557900.631716,1778557900.503108,True,True,True,0,2,0,False
4,20660514,cross_shard_frontrun,baseline,64,1100064,r4-baseline-p64-victim,r4-baseline-p64-attacker,True,True,916.5334701538086,630.0530433654785,1778557900.5307353,1778557900.489522,1778557900.643087,1778557900.489793,True,True,True,0,2,0,False
4,20660514,cross_shard_frontrun,baseline,65,1100065,r4-baseline-p65-victim,r4-baseline-p65-attacker,True,True,913.6092662811279,566.6525363922119,1778557900.516827,1778557900.4467466,1778557900.579808,1778557900.478251,True,True,True,0,2,0,False
4,20660514,cross_shard_frontrun,baseline,66,1100066,r4-baseline-p66-victim,r4-baseline-p66-attacker,True,True,914.2045974731445,629.725456237793,1778557900.52355,1778557900.4896715,1778557900.606435,1778557900.496639,True,True,True,0,2,0,False
4,20660514,cross_shard_frontrun,baseline,67,1100067,r4-baseline-p67-victim,r4-baseline-p67-attacker,True,True,914.125919342041,635.9806060791016,1778557900.5236394,1778557900.4900668,1778557900.611404,1778557900.508886,True,True,True,0,2,0,False
4,20660514,cross_shard_frontrun,baseline,68,1100068,r4-baseline-p68-victim,r4-baseline-p68-attacker,True,True,913.4871959686279,674.1604804992676,1778557900.5234616,1778557900.4901693,1778557900.600929,1778557900.514363,True,True,True,0,2,0,False
4,20660514,cross_shard_frontrun,baseline,69,1100069,r4-baseline-p69-victim,r4-baseline-p69-attacker,True,True,914.0927791595459,702.4595737457275,1778557900.5239322,1778557900.4903677,1778557900.626686,1778557900.527285,True,True,True,0,2,0,False
4,20660514,cross_shard_frontrun,baseline,70,1100070,r4-baseline-p70-victim,r4-baseline-p70-attacker,True,True,884.5350742340088,691.0765171051025,1778557900.5241654,1778557900.4902673,1778557900.637682,1778557900.521051,True,True,True,0,2,0,False
4,20660514,cross_shard_frontrun,baseline,71,1100071,r4-baseline-p71-victim,r4-baseline-p71-attacker,True,True,884.6814632415771,754.0075778961182,1778557900.5243883,1778557900.4904609,1778557900.64329,1778557900.53306,True,True,True,0,2,0,False
4,20660514,cross_shard_frontrun,baseline,72,1100072,r4-baseline-p72-victim,r4-baseline-p72-attacker,True,True,883.5935592651367,754.3351650238037,1778557900.5243008,1778557900.490648,1778557900.637347,1778557900.544821,True,True,True,0,2,0,False
4,20660514,cross_shard_frontrun,baseline,73,1100073,r4-baseline-p73-victim,r4-baseline-p73-attacker,True,True,880.7733058929443,753.8313865661621,1778557900.516725,1778557900.5033326,1778557900.574445,1778557900.544803,True,True,True,0,2,0,False
4,20660514,cross_shard_frontrun,baseline,74,1100074,r4-baseline-p74-victim,r4-baseline-p74-attacker,True,True,881.2263011932373,865.4050827026367,1778557900.5233784,1778557900.503432,1778557900.595387,1778557900.551458,True,True,True,0,2,0,False
4,20660514,cross_shard_frontrun,baseline,75,1100075,r4-baseline-p75-victim,r4-baseline-p75-attacker,True,True,872.3623752593994,742.3419952392578,1778557900.5308208,1778557900.5162954,1778557900.649627,1778557900.551334,True,True,True,0,2,0,False
4,20660514,cross_shard_frontrun,baseline,76,1100076,r4-baseline-p76-victim,r4-baseline-p76-attacker,True,True,870.2852725982666,853.926420211792,1778557900.5238388,1778557900.5165162,1778557900.621736,1778557900.564171,True,True,True,0,2,0,False
4,20660514,cross_shard_frontrun,baseline,77,1100077,r4-baseline-p77-victim,r4-baseline-p77-attacker,True,True,868.7529563903809,864.4974231719971,1778557900.5232892,1778557900.5311477,1778557900.589699,1778557900.671377,False,False,False,0,2,0,False
4,20660514,cross_shard_frontrun,baseline,78,1100078,r4-baseline-p78-victim,r4-baseline-p78-attacker,True,True,868.1967258453369,861.8295192718506,1778557900.5170324,1778557900.5309882,1778557900.589953,1778557900.659913,False,False,False,0,2,0,False
4,20660514,cross_shard_frontrun,baseline,79,1100079,r4-baseline-p79-victim,r4-baseline-p79-attacker,True,True,867.598295211792,846.5847969055176,1778557900.5310774,1778557900.5312333,1778557900.665675,1778557900.677604,False,False,False,0,2,0,False
4,20660514,cross_shard_frontrun,baseline,80,1100080,r4-baseline-p80-victim,r4-baseline-p80-attacker,True,True,815.3936862945557,790.5035018920898,1778557900.5551653,1778557900.5313196,1778557900.74522,1778557900.683661,True,True,True,0,2,0,False
4,20660514,cross_shard_frontrun,baseline,81,1100081,r4-baseline-p81-victim,r4-baseline-p81-attacker,True,True,725.0633239746094,687.934160232544,1778557900.5549035,1778557900.5313978,1778557900.727602,1778557900.689349,True,True,True,0,2,0,False
4,20660514,cross_shard_frontrun,baseline,82,1100082,r4-baseline-p82-victim,r4-baseline-p82-attacker,True,True,695.3954696655273,636.8277072906494,1778557900.5547314,1778557900.531522,1778557900.714823,1778557900.695064,True,True,True,0,2,0,False
4,20660514,cross_shard_frontrun,baseline,83,1100083,r4-baseline-p83-victim,r4-baseline-p83-attacker,True,True,649.7781276702881,632.941722869873,1778557900.5549734,1778557900.5545373,1778557900.733017,1778557900.701514,True,True,True,0,2,0,False
4,20660514,cross_shard_frontrun,baseline,84,1100084,r4-baseline-p84-victim,r4-baseline-p84-attacker,True,True,647.0437049865723,628.1459331512451,1778557900.554813,1778557900.5315866,1778557900.721547,1778557900.700912,True,True,True,0,2,0,False
4,20660514,cross_shard_frontrun,baseline,85,1100085,r4-baseline-p85-victim,r4-baseline-p85-attacker,True,True,549.6845245361328,499.71938133239746,1778557900.555072,1778557900.5546458,1778557900.739607,1778557900.708471,True,True,True,0,2,0,False
4,20660514,cross_shard_frontrun,baseline,86,1100086,r4-baseline-p86-victim,r4-baseline-p86-attacker,True,True,462.99004554748535,454.27966117858887,1778557900.5554433,1778557900.5552442,1778557900.762798,1778557900.750852,True,True,True,0,2,0,False
4,20660514,cross_shard_frontrun,baseline,87,1100087,r4-baseline-p87-victim,r4-baseline-p87-attacker,True,True,462.8920555114746,454.33926582336426,1778557900.5557241,1778557900.5555327,1778557900.779573,1778557900.76859,True,True,True,0,2,0,False
4,20660514,cross_shard_frontrun,baseline,88,1100088,r4-baseline-p88-victim,r4-baseline-p88-attacker,True,True,462.3560905456543,452.93688774108887,1778557900.555622,1778557900.555348,1778557900.774205,1778557900.756772,True,True,True,0,2,0,False
4,20660514,cross_shard_frontrun,baseline,89,1100089,r4-baseline-p89-victim,r4-baseline-p89-attacker,True,True,410.5815887451172,348.75988960266113,1778557900.563036,1778557900.5558264,1778557900.801893,1778557900.78512,True,True,True,0,2,0,False
4,20660514,cross_shard_frontrun,baseline,90,1100090,r4-baseline-p90-victim,r4-baseline-p90-attacker,True,True,357.4821949005127,348.51741790771484,1778557900.5631487,1778557900.5559123,1778557900.813274,1778557900.790667,True,True,True,0,2,0,False
4,20660514,cross_shard_frontrun,baseline,91,1100091,r4-baseline-p91-victim,r4-baseline-p91-attacker,True,True,356.764554977417,348.2038974761963,1778557900.5630856,1778557900.5629354,1778557900.807154,1778557900.796314,True,True,True,0,2,0,False
4,20660514,cross_shard_frontrun,baseline,92,1100092,r4-baseline-p92-victim,r4-baseline-p92-attacker,True,True,354.51412200927734,282.9716205596924,1778557900.572157,1778557900.5659072,1778557900.819673,1778557900.813238,True,True,True,0,2,0,False
4,20660514,cross_shard_frontrun,baseline,93,1100093,r4-baseline-p93-victim,r4-baseline-p93-attacker,True,True,291.3165092468262,276.63183212280273,1778557900.618331,1778557900.568345,1778557900.821313,1778557900.813531,True,True,True,0,2,0,False
4,20660514,cross_shard_frontrun,baseline,94,1100094,r4-baseline-p94-victim,r4-baseline-p94-attacker,True,True,284.70754623413086,238.47174644470215,1778557900.6098707,1778557900.6012938,1778557900.821112,1778557900.820598,True,True,True,0,2,0,False
4,20660514,cross_shard_frontrun,baseline,95,1100095,r4-baseline-p95-victim,r4-baseline-p95-attacker,True,True,199.18489456176758,185.3024959564209,1778557900.6964707,1778557900.653839,1778557900.825177,1778557900.823306,True,True,True,0,2,0,False
4,20660514,cross_shard_frontrun,baseline,96,1100096,r4-baseline-p96-victim,r4-baseline-p96-attacker,True,True,138.46516609191895,127.70271301269531,1778557900.762941,1778557900.71731,1778557900.834132,1778557900.82591,True,True,True,0,2,0,False
4,20660514,cross_shard_frontrun,baseline,97,1100097,r4-baseline-p97-victim,r4-baseline-p97-attacker,True,True,137.84241676330566,127.38656997680664,1778557900.7656653,1778557900.721046,1778557900.834346,1778557900.833268,True,True,True,0,2,0,False
4,20660514,cross_shard_frontrun,baseline,98,1100098,r4-baseline-p98-victim,r4-baseline-p98-attacker,True,True,137.56513595581055,198.26579093933105,1778557900.778222,1778557901.009005,1778557900.834567,1778557901.009251,False,False,False,0,2,0,False
4,20660514,cross_shard_frontrun,baseline,99,1100099,r4-baseline-p99-victim,r4-baseline-p99-attacker,True,True,58.80331993103027,251.35326385498047,1778557900.8686934,1778557901.0698156,1778557900.868902,1778557901.070029,False,False,False,0,2,0,False
4,20660514,cross_shard_frontrun,baseline,100,1100100,r4-baseline-p100-victim,r4-baseline-p100-attacker,True,True,69.72742080688477,364.44902420043945,1778557900.886061,1778557901.1390214,1778557900.886278,1778557901.139304,False,False,False,0,2,0,False
4,20660514,cross_shard_frontrun,baseline,101,1100101,r4-baseline-p101-victim,r4-baseline-p101-attacker,True,True,60.23097038269043,364.4897937774658,1778557900.8769956,1778557901.1391897,1778557900.87717,1778557901.147988,False,False,False,0,2,0,False
4,20660514,cross_shard_frontrun,baseline,102,1100102,r4-baseline-p102-victim,r4-baseline-p102-attacker,True,True,78.9637565612793,364.5977973937988,1778557900.8957362,1778557901.1394138,1778557900.895941,1778557901.160608,False,False,False,0,2,0,False
4,20660514,cross_shard_frontrun,baseline,103,1100103,r4-baseline-p103-victim,r4-baseline-p103-attacker,True,True,151.5481472015381,363.77835273742676,1778557900.968987,1778557901.1393318,1778557900.969179,1778557901.154269,False,False,False,0,2,0,False
4,20660514,cross_shard_frontrun,baseline,104,1100104,r4-baseline-p104-victim,r4-baseline-p104-attacker,True,True,147.6738452911377,363.8157844543457,1778557900.965554,1778557901.1394937,1778557900.96578,1778557901.166919,False,False,False,0,2,0,False
4,20660514,cross_shard_frontrun,baseline,105,1100105,r4-baseline-p105-victim,r4-baseline-p105-attacker,True,True,493.4399127960205,363.77978324890137,1778557901.2039855,1778557901.1396604,1778557901.25242,1778557901.179951,True,True,True,0,2,0,False
4,20660514,cross_shard_frontrun,baseline,106,1100106,r4-baseline-p106-victim,r4-baseline-p106-attacker,True,True,493.5486316680908,363.02638053894043,1778557901.2043753,1778557901.139576,1778557901.267682,1778557901.173341,True,True,True,0,2,0,False
4,20660514,cross_shard_frontrun,baseline,107,1100107,r4-baseline-p107-victim,r4-baseline-p107-attacker,True,True,495.44239044189453,369.2183494567871,1778557901.208327,1778557901.1397488,1778557901.31317,1778557901.187155,True,True,True,0,2,0,False
4,20660514,cross_shard_frontrun,baseline,108,1100108,r4-baseline-p108-victim,r4-baseline-p108-attacker,True,True,493.1445121765137,368.81232261657715,1778557901.2048979,1778557901.1398964,1778557901.287109,1778557901.192592,True,True,True,0,2,0,False
4,20660514,cross_shard_frontrun,baseline,109,1100109,r4-baseline-p109-victim,r4-baseline-p109-attacker,True,True,491.44458770751953,368.5121536254883,1778557901.203839,1778557901.1843426,1778557901.246948,1778557901.193512,True,True,True,0,2,0,False
4,20660514,cross_shard_frontrun,baseline,110,1100110,r4-baseline-p110-victim,r4-baseline-p110-attacker,True,True,491.85895919799805,382.95698165893555,1778557901.204788,1778557901.1845298,1778557901.282228,1778557901.200216,True,True,True,0,2,0,False
4,20660514,cross_shard_frontrun,baseline,111,1100111,r4-baseline-p111-victim,r4-baseline-p111-attacker,True,True,491.9085502624512,474.5523929595947,1778557901.2049847,1778557901.202611,1778557901.291729,1778557901.20285,True,True,True,0,2,0,False
4,20660514,cross_shard_frontrun,baseline,112,1100112,r4-baseline-p112-victim,r4-baseline-p112-attacker,True,True,492.46907234191895,479.6266555786133,1778557901.2053072,1778557901.2028239,1778557901.307456,1778557901.210333,True,True,True,0,2,0,False
4,20660514,cross_shard_frontrun,baseline,113,1100113,r4-baseline-p113-victim,r4-baseline-p113-attacker,True,True,489.6280765533447,479.5083999633789,1778557901.2041087,1778557901.2030041,1778557901.257275,1778557901.215564,True,True,True,0,2,0,False
4,20660514,cross_shard_frontrun,baseline,114,1100114,r4-baseline-p114-victim,r4-baseline-p114-attacker,True,True,490.7200336456299,478.8012504577637,1778557901.2050753,1778557901.2031531,1778557901.296758,1778557901.215137,True,True,True,0,2,0,False
4,20660514,cross_shard_frontrun,baseline,115,1100115,r4-baseline-p115-victim,r4-baseline-p115-attacker,True,True,482.3801517486572,472.3498821258545,1778557901.2045417,1778557901.2032459,1778557901.272539,1778557901.221238,True,True,True,0,2,0,False
4,20660514,cross_shard_frontrun,baseline,116,1100116,r4-baseline-p116-victim,r4-baseline-p116-attacker,True,True,481.8530082702637,472.28360176086426,1778557901.204261,1778557901.20337,1778557901.262436,1778557901.226065,True,True,True,0,2,0,False
4,20660514,cross_shard_frontrun,baseline,117,1100117,r4-baseline-p117-victim,r4-baseline-p117-attacker,True,True,483.234167098999,472.1660614013672,1778557901.2052076,1778557901.2034965,1778557901.301893,1778557901.230879,True,True,True,0,2,0,False
4,20660514,cross_shard_frontrun,baseline,118,1100118,r4-baseline-p118-victim,r4-baseline-p118-attacker,True,True,481.51326179504395,472.05114364624023,1778557901.2046635,1778557901.2035818,1778557901.277245,1778557901.235614,True,True,True,0,2,0,False
4,20660514,cross_shard_frontrun,baseline,119,1100119,r4-baseline-p119-victim,r4-baseline-p119-attacker,True,True,482.71870613098145,472.0339775085449,1778557901.205806,1778557901.203726,1778557901.307229,1778557901.240956,True,True,True,0,2,0,False
4,20661514,cross_shard_frontrun,global_sequence,0,1110000,r4-global_sequence-p0-victim,r4-global_sequence-p0-attacker,True,True,74.17917251586914,366.79530143737793,1778557902.4474337,1778557902.740784,1778557902.448711,1778557902.747152,False,False,False,0,2,0,False
4,20661514,cross_shard_frontrun,global_sequence,1,1110001,r4-global_sequence-p1-victim,r4-global_sequence-p1-attacker,True,True,181.76913261413574,380.0196647644043,1778557902.5565445,1778557902.7460725,1778557902.556765,1778557902.752587,False,False,False,0,2,0,False
4,20661514,cross_shard_frontrun,global_sequence,2,1110002,r4-global_sequence-p2-victim,r4-global_sequence-p2-attacker,True,True,373.34203720092773,379.5022964477539,1778557902.7406948,1778557902.759841,1778557902.740898,1778557902.76011,False,False,False,0,2,0,False
4,20661514,cross_shard_frontrun,global_sequence,3,1110003,r4-global_sequence-p3-victim,r4-global_sequence-p3-attacker,True,True,315.7382011413574,375.748872756958,1778557902.6935596,1778557902.7486203,1778557902.693872,1778557902.752316,False,False,False,0,2,0,False
4,20661514,cross_shard_frontrun,global_sequence,4,1110004,r4-global_sequence-p4-victim,r4-global_sequence-p4-attacker,True,True,727.5521755218506,1032.7537059783936,1778557902.9234724,1778557903.257949,1778557903.006646,1778557903.303317,False,False,False,0,2,0,False
4,20661514,cross_shard_frontrun,global_sequence,5,1110005,r4-global_sequence-p5-victim,r4-global_sequence-p5-attacker,True,True,723.8621711730957,1029.3078422546387,1778557902.9231293,1778557903.2445319,1778557902.985515,1778557903.286155,False,False,False,0,2,0,False
4,20661514,cross_shard_frontrun,global_sequence,6,1110006,r4-global_sequence-p6-victim,r4-global_sequence-p6-attacker,True,True,720.7999229431152,1024.660348892212,1778557902.9224842,1778557903.2442465,1778557902.967619,1778557903.270418,False,False,False,0,2,0,False
4,20661514,cross_shard_frontrun,global_sequence,7,1110007,r4-global_sequence-p7-victim,r4-global_sequence-p7-attacker,True,True,718.480110168457,1023.5154628753662,1778557902.9222224,1778557903.2441442,1778557902.957068,1778557903.264999,False,False,False,0,2,0,False
4,20661514,cross_shard_frontrun,global_sequence,8,1110008,r4-global_sequence-p8-victim,r4-global_sequence-p8-attacker,True,True,729.3288707733154,1035.2261066436768,1778557902.9246368,1778557903.258357,1778557903.054202,1778557903.345049,False,False,False,0,2,0,False
4,20661514,cross_shard_frontrun,global_sequence,9,1110009,r4-global_sequence-p9-victim,r4-global_sequence-p9-attacker,True,True,721.3668823242188,1026.2503623962402,1778557902.922912,1778557903.2444484,1778557902.978432,1778557903.281001,False,False,False,0,2,0,False
4,20661514,cross_shard_frontrun,global_sequence,10,1110010,r4-global_sequence-p10-victim,r4-global_sequence-p10-attacker,True,True,721.837043762207,1028.5520553588867,1778557902.922738,1778557903.2446089,1778557902.978647,1778557903.291562,False,False,False,0,2,0,False
4,20661514,cross_shard_frontrun,global_sequence,11,1110011,r4-global_sequence-p11-victim,r4-global_sequence-p11-attacker,True,True,713.9153480529785,735.9952926635742,1778557902.9218833,1778557903.1233616,1778557902.936521,1778557903.123577,False,False,False,0,2,0,False
4,20661514,cross_shard_frontrun,global_sequence,12,1110012,r4-global_sequence-p12-victim,r4-global_sequence-p12-attacker,True,True,724.3058681488037,1029.2294025421143,1778557902.923393,1778557903.2578688,1778557903.001601,1778557903.297536,False,False,False,0,2,0,False
4,20661514,cross_shard_frontrun,global_sequence,13,1110013,r4-global_sequence-p13-victim,r4-global_sequence-p13-attacker,True,True,725.9459495544434,1031.1143398284912,1778557902.9238586,1778557903.2581246,1778557903.023353,1778557903.319308,False,False,False,0,2,0,False
4,20661514,cross_shard_frontrun,global_sequence,14,1110014,r4-global_sequence-p14-victim,r4-global_sequence-p14-attacker,True,True,726.3765335083008,1031.5909385681152,1778557902.924199,1778557903.2581742,1778557903.035656,1778557903.324841,False,False,False,0,2,0,False
4,20661514,cross_shard_frontrun,global_sequence,15,1110015,r4-global_sequence-p15-victim,r4-global_sequence-p15-attacker,True,True,721.9505310058594,1027.045726776123,1778557902.923223,1778557903.251508,1778557902.990974,1778557903.291381,False,False,False,0,2,0,False
4,20661514,cross_shard_frontrun,global_sequence,16,1110016,r4-global_sequence-p16-victim,r4-global_sequence-p16-attacker,True,True,475.0359058380127,720.8859920501709,1778557902.8573358,1778557902.9288409,1778557902.857512,1778557903.083322,False,False,False,0,2,0,False
4,20661514,cross_shard_frontrun,global_sequence,17,1110017,r4-global_sequence-p17-victim,r4-global_sequence-p17-attacker,True,True,594.5358276367188,722.0985889434814,1778557902.921569,1778557902.9816804,1778557902.921791,1778557903.103036,False,False,False,0,2,0,False
4,20661514,cross_shard_frontrun,global_sequence,18,1110018,r4-global_sequence-p18-victim,r4-global_sequence-p18-attacker,True,True,444.9920654296875,718.3623313903809,1778557902.8278854,1778557902.925603,1778557902.828149,1778557903.059901,False,False,False,0,2,0,False
4,20661514,cross_shard_frontrun,global_sequence,19,1110019,r4-global_sequence-p19-victim,r4-global_sequence-p19-attacker,True,True,712.7501964569092,898.4284400939941,1778557902.9220252,1778557903.2437563,1778557902.946544,1778557903.243938,False,False,False,0,2,0,False
4,20661514,cross_shard_frontrun,global_sequence,20,1110020,r4-global_sequence-p20-victim,r4-global_sequence-p20-attacker,True,True,515.4678821563721,719.0907001495361,1778557902.898775,1778557902.928746,1778557902.899002,1778557903.077832,False,False,False,0,2,0,False
4,20661514,cross_shard_frontrun,global_sequence,21,1110021,r4-global_sequence-p21-victim,r4-global_sequence-p21-attacker,True,True,716.7327404022217,1022.0985412597656,1778557902.9226146,1778557903.244327,1778557902.97329,1778557903.275643,False,False,False,0,2,0,False
4,20661514,cross_shard_frontrun,global_sequence,22,1110022,r4-global_sequence-p22-victim,r4-global_sequence-p22-attacker,True,True,722.3141193389893,1027.2321701049805,1778557902.9235845,1778557903.2580059,1778557903.011914,1778557903.308722,False,False,False,0,2,0,False
4,20661514,cross_shard_frontrun,global_sequence,23,1110023,r4-global_sequence-p23-victim,r4-global_sequence-p23-attacker,True,True,719.9900150299072,1025.6457328796387,1778557902.923315,1778557903.2517197,1778557902.996372,1778557903.297456,False,False,False,0,2,0,False
4,20661514,cross_shard_frontrun,global_sequence,24,1110024,r4-global_sequence-p24-victim,r4-global_sequence-p24-attacker,True,True,712.1148109436035,902.7249813079834,1778557902.9220994,1778557903.2438583,1778557902.951291,1778557903.253338,False,False,False,0,2,0,False
4,20661514,cross_shard_frontrun,global_sequence,25,1110025,r4-global_sequence-p25-victim,r4-global_sequence-p25-attacker,True,True,709.7070217132568,799.4613647460938,1778557902.9219697,1778557903.193097,1778557902.941812,1778557903.193432,False,False,False,0,2,0,False
4,20661514,cross_shard_frontrun,global_sequence,26,1110026,r4-global_sequence-p26-victim,r4-global_sequence-p26-attacker,True,True,723.2530117034912,1029.5875072479248,1778557902.9244936,1778557903.258315,1778557903.048364,1778557903.339948,False,False,False,0,2,0,False
4,20661514,cross_shard_frontrun,global_sequence,27,1110027,r4-global_sequence-p27-victim,r4-global_sequence-p27-attacker,True,True,722.3892211914062,1028.2871723175049,1778557902.924331,1778557903.2582633,1778557903.042705,1778557903.334933,False,False,False,0,2,0,False
4,20661514,cross_shard_frontrun,global_sequence,28,1110028,r4-global_sequence-p28-victim,r4-global_sequence-p28-attacker,True,True,720.5870151519775,1026.0570049285889,1778557902.9236875,1778557903.2580633,1778557903.017527,1778557903.313742,False,False,False,0,2,0,False
4,20661514,cross_shard_frontrun,global_sequence,29,1110029,r4-global_sequence-p29-victim,r4-global_sequence-p29-attacker,True,True,720.9961414337158,1026.9827842712402,1778557902.9240131,1778557903.2582247,1778557903.029197,1778557903.329942,False,False,False,0,2,0,False
4,20661514,cross_shard_frontrun,global_sequence,30,1110030,r4-global_sequence-p30-victim,r4-global_sequence-p30-attacker,True,True,701.1375427246094,719.6512222290039,1778557902.9217274,1778557903.090639,1778557902.930824,1778557903.112981,False,False,False,0,2,0,False
4,20661514,cross_shard_frontrun,global_sequence,31,1110031,r4-global_sequence-p31-victim,r4-global_sequence-p31-attacker,True,True,711.6625308990479,1010.7307434082031,1778557902.922406,1778557903.2440343,1778557902.962264,1778557903.259449,False,False,False,0,2,0,False
4,20661514,cross_shard_frontrun,global_sequence,32,1110032,r4-global_sequence-p32-victim,r4-global_sequence-p32-attacker,True,True,660.7065200805664,908.4131717681885,1778557902.9289534,1778557903.258534,1778557903.089368,1778557903.36203,False,False,False,0,2,0,False
4,20661514,cross_shard_frontrun,global_sequence,33,1110033,r4-global_sequence-p33-victim,r4-global_sequence-p33-attacker,True,True,418.06936264038086,716.4340019226074,1778557902.9356833,1778557903.2585866,1778557903.090031,1778557903.368225,False,False,False,0,2,0,False
4,20661514,cross_shard_frontrun,global_sequence,34,1110034,r4-global_sequence-p34-victim,r4-global_sequence-p34-attacker,True,True,360.15963554382324,705.8846950531006,1778557902.9357543,1778557903.25864,1778557903.096172,1778557903.373913,False,False,False,0,2,0,False
4,20661514,cross_shard_frontrun,global_sequence,35,1110035,r4-global_sequence-p35-victim,r4-global_sequence-p35-attacker,True,True,344.285249710083,700.2975940704346,1778557902.928387,1778557903.258411,1778557903.065518,1778557903.350745,False,False,False,0,2,0,False
4,20661514,cross_shard_frontrun,global_sequence,36,1110036,r4-global_sequence-p36-victim,r4-global_sequence-p36-attacker,True,True,282.21821784973145,609.4183921813965,1778557902.9285288,1778557903.2584841,1778557903.071712,1778557903.356441,False,False,False,0,2,0,False
4,20661514,cross_shard_frontrun,global_sequence,37,1110037,r4-global_sequence-p37-victim,r4-global_sequence-p37-attacker,True,True,213.10758590698242,491.08242988586426,1778557902.9673433,1778557903.258854,1778557903.10042,1778557903.379761,False,False,False,0,2,0,False
4,20661514,cross_shard_frontrun,global_sequence,38,1110038,r4-global_sequence-p38-victim,r4-global_sequence-p38-attacker,True,True,388.8547420501709,388.3545398712158,1778557903.2589257,1778557903.4898295,1778557903.385774,1778557903.490011,False,False,False,0,2,0,False
4,20661514,cross_shard_frontrun,global_sequence,39,1110039,r4-global_sequence-p39-victim,r4-global_sequence-p39-attacker,True,True,383.699893951416,625.128984451294,1778557903.2589898,1778557903.580482,1778557903.390896,1778557903.599555,False,False,False,0,2,0,False
4,20661514,cross_shard_frontrun,global_sequence,40,1110040,r4-global_sequence-p40-victim,r4-global_sequence-p40-attacker,True,True,382.3211193084717,625.2002716064453,1778557903.263589,1778557903.5806413,1778557903.414144,1778557903.610337,False,False,False,0,2,0,False
4,20661514,cross_shard_frontrun,global_sequence,41,1110041,r4-global_sequence-p41-victim,r4-global_sequence-p41-attacker,True,True,379.17470932006836,555.4866790771484,1778557903.2590518,1778557903.580184,1778557903.39641,1778557903.589019,False,False,False,0,2,0,False
4,20661514,cross_shard_frontrun,global_sequence,42,1110042,r4-global_sequence-p42-victim,r4-global_sequence-p42-attacker,True,True,377.4230480194092,554.7347068786621,1778557903.2591145,1778557903.5803971,1778557903.402175,1778557903.594122,False,False,False,0,2,0,False
4,20661514,cross_shard_frontrun,global_sequence,43,1110043,r4-global_sequence-p43-victim,r4-global_sequence-p43-attacker,True,True,376.49035453796387,619.7454929351807,1778557903.2609217,1778557903.5805635,1778557903.407622,1778557903.605079,False,False,False,0,2,0,False
4,20661514,cross_shard_frontrun,global_sequence,44,1110044,r4-global_sequence-p44-victim,r4-global_sequence-p44-attacker,True,True,373.471736907959,550.2922534942627,1778557903.2635396,1778557903.579946,1778557903.40761,1778557903.580288,False,False,False,0,2,0,False
4,20661514,cross_shard_frontrun,global_sequence,45,1110045,r4-global_sequence-p45-victim,r4-global_sequence-p45-attacker,True,True,376.36375427246094,621.4284896850586,1778557903.3504548,1778557903.5811014,1778557903.444209,1778557903.642744,False,False,False,0,2,0,False
4,20661514,cross_shard_frontrun,global_sequence,46,1110046,r4-global_sequence-p46-victim,r4-global_sequence-p46-attacker,True,True,376.3105869293213,623.7285137176514,1778557903.3518312,1778557903.598545,1778557903.47031,1778557903.666136,False,False,False,0,2,0,False
4,20661514,cross_shard_frontrun,global_sequence,47,1110047,r4-global_sequence-p47-victim,r4-global_sequence-p47-attacker,True,True,372.56813049316406,616.264820098877,1778557903.3059099,1778557903.580721,1778557903.419891,1778557903.61544,False,False,False,0,2,0,False
4,20661514,cross_shard_frontrun,global_sequence,48,1110048,r4-global_sequence-p48-victim,r4-global_sequence-p48-attacker,True,True,372.6065158843994,617.2068119049072,1778557903.3502333,1778557903.580897,1778557903.426205,1778557903.625987,False,False,False,0,2,0,False
4,20661514,cross_shard_frontrun,global_sequence,49,1110049,r4-global_sequence-p49-victim,r4-global_sequence-p49-attacker,True,True,374.4676113128662,623.4688758850098,1778557903.352699,1778557903.5986066,1778557903.475521,1778557903.672151,False,False,False,0,2,0,False
4,20661514,cross_shard_frontrun,global_sequence,50,1110050,r4-global_sequence-p50-victim,r4-global_sequence-p50-attacker,True,True,372.4977970123291,618.6583042144775,1778557903.3505285,1778557903.5811903,1778557903.449289,1778557903.647982,False,False,False,0,2,0,False
4,20661514,cross_shard_frontrun,global_sequence,51,1110051,r4-global_sequence-p51-victim,r4-global_sequence-p51-attacker,True,True,372.36714363098145,618.8173294067383,1778557903.3506534,1778557903.5814147,1778557903.459616,1778557903.664724,False,False,False,0,2,0,False
4,20661514,cross_shard_frontrun,global_sequence,52,1110052,r4-global_sequence-p52-victim,r4-global_sequence-p52-attacker,True,True,368.999719619751,612.8919124603271,1778557903.323721,1778557903.5808141,1778557903.422435,1778557903.620768,False,False,False,0,2,0,False
4,20661514,cross_shard_frontrun,global_sequence,53,1110053,r4-global_sequence-p53-victim,r4-global_sequence-p53-attacker,True,True,369.2300319671631,613.6417388916016,1778557903.3503394,1778557903.5809605,1778557903.432269,1778557903.63137,False,False,False,0,2,0,False
4,20661514,cross_shard_frontrun,global_sequence,54,1110054,r4-global_sequence-p54-victim,r4-global_sequence-p54-attacker,True,True,369.1060543060303,613.9547824859619,1778557903.3503988,1778557903.5810356,1778557903.437814,1778557903.637473,False,False,False,0,2,0,False
4,20661514,cross_shard_frontrun,global_sequence,55,1110055,r4-global_sequence-p55-victim,r4-global_sequence-p55-attacker,True,True,368.0124282836914,604.3992042541504,1778557903.3507109,1778557903.5813427,1778557903.465196,1778557903.659413,False,False,False,0,2,0,False
4,20661514,cross_shard_frontrun,global_sequence,56,1110056,r4-global_sequence-p56-victim,r4-global_sequence-p56-attacker,True,True,289.3025875091553,439.0368461608887,1778557903.350593,1778557903.5812595,1778557903.454461,1778557903.653793,False,False,False,0,2,0,False
4,20661514,cross_shard_frontrun,global_sequence,57,1110057,r4-global_sequence-p57-victim,r4-global_sequence-p57-attacker,True,True,187.6058578491211,328.4764289855957,1778557903.3679338,1778557903.5990174,1778557903.47717,1778557903.694347,False,False,False,0,2,0,False
4,20661514,cross_shard_frontrun,global_sequence,58,1110058,r4-global_sequence-p58-victim,r4-global_sequence-p58-attacker,True,True,73.1959342956543,321.46382331848145,1778557903.4703147,1778557903.599128,1778557903.484186,1778557903.706966,False,False,False,0,2,0,False
4,20661514,cross_shard_frontrun,global_sequence,59,1110059,r4-global_sequence-p59-victim,r4-global_sequence-p59-attacker,True,True,327.08048820495605,456.70509338378906,1778557903.598666,1778557903.774858,1778557903.677712,1778557903.813859,False,False,False,0,2,0,False
4,20661514,cross_shard_frontrun,global_sequence,60,1110060,r4-global_sequence-p60-victim,r4-global_sequence-p60-attacker,True,True,325.864315032959,455.63507080078125,1778557903.598769,1778557903.7749808,1778557903.682941,1778557903.824574,False,False,False,0,2,0,False
4,20661514,cross_shard_frontrun,global_sequence,61,1110061,r4-global_sequence-p61-victim,r4-global_sequence-p61-attacker,True,True,326.718807220459,454.6682834625244,1778557903.599179,1778557903.7750533,1778557903.713352,1778557903.829687,False,False,False,0,2,0,False
4,20661514,cross_shard_frontrun,global_sequence,62,1110062,r4-global_sequence-p62-victim,r4-global_sequence-p62-attacker,True,True,326.4126777648926,454.3161392211914,1778557903.599216,1778557903.775177,1778557903.719185,1778557903.840874,False,False,False,0,2,0,False
4,20661514,cross_shard_frontrun,global_sequence,63,1110063,r4-global_sequence-p63-victim,r4-global_sequence-p63-attacker,True,True,326.01165771484375,459.64717864990234,1778557903.5992558,1778557903.7752354,1778557903.72527,1778557903.846346,False,False,False,0,2,0,False
4,20661514,cross_shard_frontrun,global_sequence,64,1110064,r4-global_sequence-p64-victim,r4-global_sequence-p64-attacker,True,True,323.11201095581055,451.9636631011963,1778557903.5990722,1778557903.7751138,1778557903.700355,1778557903.835588,False,False,False,0,2,0,False
4,20661514,cross_shard_frontrun,global_sequence,65,1110065,r4-global_sequence-p65-victim,r4-global_sequence-p65-attacker,True,True,324.18227195739746,458.51993560791016,1778557903.6004438,1778557903.7767665,1778557903.731394,1778557903.851425,False,False,False,0,2,0,False
4,20661514,cross_shard_frontrun,global_sequence,66,1110066,r4-global_sequence-p66-victim,r4-global_sequence-p66-attacker,True,True,319.05078887939453,447.9784965515137,1778557903.5989544,1778557903.7749276,1778557903.688632,1778557903.819029,False,False,False,0,2,0,False
4,20661514,cross_shard_frontrun,global_sequence,67,1110067,r4-global_sequence-p67-victim,r4-global_sequence-p67-attacker,True,True,314.45765495300293,407.4127674102783,1778557903.694916,1778557903.801965,1778557903.744395,1778557903.8534,False,False,False,0,2,0,False
4,20661514,cross_shard_frontrun,global_sequence,68,1110068,r4-global_sequence-p68-victim,r4-global_sequence-p68-attacker,True,True,393.8469886779785,483.1736087799072,1778557903.7693074,1778557903.9188192,1778557903.808412,1778557903.924147,False,False,False,0,2,0,False
4,20661514,cross_shard_frontrun,global_sequence,69,1110069,r4-global_sequence-p69-victim,r4-global_sequence-p69-attacker,True,True,314.0289783477783,408.9691638946533,1778557903.7416973,1778557903.8155792,1778557903.764091,1778557903.876631,False,False,False,0,2,0,False
4,20661514,cross_shard_frontrun,global_sequence,70,1110070,r4-global_sequence-p70-victim,r4-global_sequence-p70-attacker,True,True,312.455415725708,406.3131809234619,1778557903.7397594,1778557903.8130157,1778557903.74756,1778557903.865672,False,False,False,0,2,0,False
4,20661514,cross_shard_frontrun,global_sequence,71,1110071,r4-global_sequence-p71-victim,r4-global_sequence-p71-attacker,True,True,373.2013702392578,435.8677864074707,1778557903.7449563,1778557903.897117,1778557903.79005,1778557903.906331,False,False,False,0,2,0,False
4,20661514,cross_shard_frontrun,global_sequence,72,1110072,r4-global_sequence-p72-victim,r4-global_sequence-p72-attacker,True,True,372.8358745574951,435.75382232666016,1778557903.7690897,1778557903.8971713,1778557903.791679,1778557903.912527,False,False,False,0,2,0,False
4,20661514,cross_shard_frontrun,global_sequence,73,1110073,r4-global_sequence-p73-victim,r4-global_sequence-p73-attacker,True,True,310.58692932128906,404.7870635986328,1778557903.7415748,1778557903.813083,1778557903.758603,1778557903.870871,False,False,False,0,2,0,False
4,20661514,cross_shard_frontrun,global_sequence,74,1110074,r4-global_sequence-p74-victim,r4-global_sequence-p74-attacker,True,True,370.51963806152344,433.52794647216797,1778557903.7443597,1778557903.891526,1778557903.784836,1778557903.906535,False,False,False,0,2,0,False
4,20661514,cross_shard_frontrun,global_sequence,75,1110075,r4-global_sequence-p75-victim,r4-global_sequence-p75-attacker,True,True,325.5434036254883,402.6930332183838,1778557903.7419333,1778557903.814206,1778557903.769102,1778557903.870657,False,False,False,0,2,0,False
4,20661514,cross_shard_frontrun,global_sequence,76,1110076,r4-global_sequence-p76-victim,r4-global_sequence-p76-attacker,True,True,368.0448532104492,431.0421943664551,1778557903.743072,1778557903.8899891,1778557903.774644,1778557903.895302,False,False,False,0,2,0,False
4,20661514,cross_shard_frontrun,global_sequence,77,1110077,r4-global_sequence-p77-victim,r4-global_sequence-p77-attacker,True,True,307.38186836242676,401.03721618652344,1778557903.7397933,1778557903.8129601,1778557903.753535,1778557903.859917,False,False,False,0,2,0,False
4,20661514,cross_shard_frontrun,global_sequence,78,1110078,r4-global_sequence-p78-victim,r4-global_sequence-p78-attacker,True,True,369.3428039550781,443.28856468200684,1778557903.7691667,1778557903.8972447,1778557903.7978,1778557903.917717,False,False,False,0,2,0,False
4,20661514,cross_shard_frontrun,global_sequence,79,1110079,r4-global_sequence-p79-victim,r4-global_sequence-p79-attacker,True,True,366.9147491455078,430.04488945007324,1778557903.7434995,1778557903.8908124,1778557903.779808,1778557903.901223,False,False,False,0,2,0,False
4,20661514,cross_shard_frontrun,global_sequence,80,1110080,r4-global_sequence-p80-victim,r4-global_sequence-p80-attacker,True,True,302.7796745300293,391.3843631744385,1778557903.7131774,1778557903.8128846,1778557903.745639,1778557903.854046,False,False,False,0,2,0,False
4,20661514,cross_shard_frontrun,global_sequence,81,1110081,r4-global_sequence-p81-victim,r4-global_sequence-p81-attacker,True,True,189.03326988220215,294.5983409881592,1778557903.7692294,1778557903.8973029,1778557903.80307,1778557903.922726,False,False,False,0,2,0,False
4,20661514,cross_shard_frontrun,global_sequence,82,1110082,r4-global_sequence-p82-victim,r4-global_sequence-p82-attacker,True,True,188.20619583129883,229.46619987487793,1778557903.774798,1778557903.9081273,1778557903.808491,1778557903.923094,False,False,False,0,2,0,False
4,20661514,cross_shard_frontrun,global_sequence,83,1110083,r4-global_sequence-p83-victim,r4-global_sequence-p83-attacker,True,True,159.01875495910645,270.2763080596924,1778557903.7894192,1778557903.9249096,1778557903.85175,1778557903.94739,False,False,False,0,2,0,False
4,20661514,cross_shard_frontrun,global_sequence,84,1110084,r4-global_sequence-p84-victim,r4-global_sequence-p84-attacker,True,True,161.5583896636963,269.58441734313965,1778557903.8156283,1778557903.9249616,1778557903.881821,1778557903.952371,False,False,False,0,2,0,False
4,20661514,cross_shard_frontrun,global_sequence,85,1110085,r4-global_sequence-p85-victim,r4-global_sequence-p85-attacker,True,True,171.33831977844238,282.6228141784668,1778557903.8483865,1778557903.9336555,1778557903.889874,1778557903.970321,False,False,False,0,2,0,False
4,20661514,cross_shard_frontrun,global_sequence,86,1110086,r4-global_sequence-p86-victim,r4-global_sequence-p86-attacker,True,True,158.7989330291748,279.5436382293701,1778557903.8449562,1778557903.925306,1778557903.883351,1778557903.968132,False,False,False,0,2,0,False
4,20661514,cross_shard_frontrun,global_sequence,87,1110087,r4-global_sequence-p87-victim,r4-global_sequence-p87-attacker,True,True,260.01906394958496,304.6894073486328,1778557903.918979,1778557904.0193405,1778557903.93598,1778557904.032575,False,False,False,0,2,0,False
4,20661514,cross_shard_frontrun,global_sequence,88,1110088,r4-global_sequence-p88-victim,r4-global_sequence-p88-attacker,True,True,285.4166030883789,331.3109874725342,1778557903.9252384,1778557904.0716777,1778557903.962487,1778557904.077335,False,False,False,0,2,0,False
4,20661514,cross_shard_frontrun,global_sequence,89,1110089,r4-global_sequence-p89-victim,r4-global_sequence-p89-attacker,True,True,229.83288764953613,300.55689811706543,1778557903.9189186,1778557903.9725645,1778557903.930516,1778557904.025827,False,False,False,0,2,0,False
4,20661514,cross_shard_frontrun,global_sequence,90,1110090,r4-global_sequence-p90-victim,r4-global_sequence-p90-attacker,True,True,284.62743759155273,351.2282371520996,1778557903.9337904,1778557904.0950575,1778557903.981722,1778557904.101588,False,False,False,0,2,0,False
4,20661514,cross_shard_frontrun,global_sequence,91,1110091,r4-global_sequence-p91-victim,r4-global_sequence-p91-attacker,True,True,254.99629974365234,298.98762702941895,1778557903.924649,1778557904.019417,1778557903.936656,1778557904.038603,False,False,False,0,2,0,False
4,20661514,cross_shard_frontrun,global_sequence,92,1110092,r4-global_sequence-p92-victim,r4-global_sequence-p92-attacker,True,True,260.1964473724365,299.2556095123291,1778557903.924854,1778557904.0285473,1778557903.941988,1778557904.050092,False,False,False,0,2,0,False
4,20661514,cross_shard_frontrun,global_sequence,93,1110093,r4-global_sequence-p93-victim,r4-global_sequence-p93-attacker,True,True,277.8148651123047,322.4470615386963,1778557903.9250324,1778557904.071558,1778557903.957402,1778557904.071784,False,False,False,0,2,0,False
4,20661514,cross_shard_frontrun,global_sequence,94,1110094,r4-global_sequence-p94-victim,r4-global_sequence-p94-attacker,True,True,279.6487808227539,334.470272064209,1778557903.9337292,1778557904.0826051,1778557903.976542,1778557904.088413,False,False,False,0,2,0,False
4,20661514,cross_shard_frontrun,global_sequence,95,1110095,r4-global_sequence-p95-victim,r4-global_sequence-p95-attacker,True,True,238.34991455078125,337.130069732666,1778557903.9338653,1778557904.1337097,1778557903.987053,1778557904.133978,False,False,False,0,2,0,False
4,20661514,cross_shard_frontrun,global_sequence,96,1110096,r4-global_sequence-p96-victim,r4-global_sequence-p96-attacker,True,True,239.41874504089355,467.0538902282715,1778557903.9423707,1778557904.1403077,1778557903.999372,1778557904.152895,False,False,False,0,2,0,False
4,20661514,cross_shard_frontrun,global_sequence,97,1110097,r4-global_sequence-p97-victim,r4-global_sequence-p97-attacker,True,True,238.16180229187012,404.72888946533203,1778557903.9339979,1778557904.1399,1778557903.998174,1778557904.140192,False,False,False,0,2,0,False
4,20661514,cross_shard_frontrun,global_sequence,98,1110098,r4-global_sequence-p98-victim,r4-global_sequence-p98-attacker,True,True,220.89862823486328,406.6956043243408,1778557903.9339318,1778557904.1400905,1778557903.993121,1778557904.147407,False,False,False,0,2,0,False
4,20661514,cross_shard_frontrun,global_sequence,99,1110099,r4-global_sequence-p99-victim,r4-global_sequence-p99-attacker,True,True,180.12213706970215,406.39662742614746,1778557903.948353,1778557904.1405199,1778557904.011568,1778557904.16428,False,False,False,0,2,0,False
4,20661514,cross_shard_frontrun,global_sequence,100,1110100,r4-global_sequence-p100-victim,r4-global_sequence-p100-attacker,True,True,185.66608428955078,406.8262577056885,1778557903.9539554,1778557904.1410034,1778557904.018684,1778557904.1934,False,False,False,0,2,0,False
4,20661514,cross_shard_frontrun,global_sequence,101,1110101,r4-global_sequence-p101-victim,r4-global_sequence-p101-attacker,True,True,177.92773246765137,405.1318168640137,1778557903.9424458,1778557904.1406467,1778557904.005542,1778557904.170024,False,False,False,0,2,0,False
4,20661514,cross_shard_frontrun,global_sequence,102,1110102,r4-global_sequence-p102-victim,r4-global_sequence-p102-attacker,True,True,176.59592628479004,387.71748542785645,1778557903.9482942,1778557904.1404102,1778557904.005459,1778557904.158232,False,False,False,0,2,0,False
4,20661514,cross_shard_frontrun,global_sequence,103,1110103,r4-global_sequence-p103-victim,r4-global_sequence-p103-attacker,True,True,151.0169506072998,377.3682117462158,1778557903.9511623,1778557904.1409194,1778557904.012109,1778557904.187832,False,False,False,0,2,0,False
4,20661514,cross_shard_frontrun,global_sequence,104,1110104,r4-global_sequence-p104-victim,r4-global_sequence-p104-attacker,True,True,167.17267036437988,377.1679401397705,1778557903.9564805,1778557904.1411867,1778557904.023848,1778557904.204645,False,False,False,0,2,0,False
4,20661514,cross_shard_frontrun,global_sequence,105,1110105,r4-global_sequence-p105-victim,r4-global_sequence-p105-attacker,True,True,166.94307327270508,377.3322105407715,1778557903.966044,1778557904.1413732,1778557904.024629,1778557904.210488,False,False,False,0,2,0,False
4,20661514,cross_shard_frontrun,global_sequence,106,1110106,r4-global_sequence-p106-victim,r4-global_sequence-p106-attacker,True,True,149.19304847717285,369.89617347717285,1778557903.96234,1778557904.1412826,1778557904.02379,1778557904.204498,False,False,False,0,2,0,False
4,20661514,cross_shard_frontrun,global_sequence,107,1110107,r4-global_sequence-p107-victim,r4-global_sequence-p107-attacker,True,True,141.11900329589844,367.4159049987793,1778557903.953898,1778557904.1407275,1778557904.012981,1778557904.175718,False,False,False,0,2,0,False
4,20661514,cross_shard_frontrun,global_sequence,108,1110108,r4-global_sequence-p108-victim,r4-global_sequence-p108-attacker,True,True,157.9759120941162,367.8872585296631,1778557903.9770694,1778557904.14146,1778557904.026152,1778557904.216315,False,False,False,0,2,0,False
4,20661514,cross_shard_frontrun,global_sequence,109,1110109,r4-global_sequence-p109-victim,r4-global_sequence-p109-attacker,True,True,157.83405303955078,367.45214462280273,1778557904.013886,1778557904.1415684,1778557904.031402,1778557904.221554,False,False,False,0,2,0,False
4,20661514,cross_shard_frontrun,global_sequence,110,1110110,r4-global_sequence-p110-victim,r4-global_sequence-p110-attacker,True,True,157.91559219360352,366.6985034942627,1778557904.0271208,1778557904.1417398,1778557904.044566,1778557904.232662,False,False,False,0,2,0,False
4,20661514,cross_shard_frontrun,global_sequence,111,1110111,r4-global_sequence-p111-victim,r4-global_sequence-p111-attacker,True,True,156.92806243896484,366.02282524108887,1778557904.0264373,1778557904.141649,1778557904.038865,1778557904.227551,False,False,False,0,2,0,False
4,20661514,cross_shard_frontrun,global_sequence,112,1110112,r4-global_sequence-p112-victim,r4-global_sequence-p112-attacker,True,True,194.99540328979492,339.7057056427002,1778557904.0948808,1778557904.1459897,1778557904.095196,1778557904.255633,False,False,False,0,2,0,False
4,20661514,cross_shard_frontrun,global_sequence,113,1110113,r4-global_sequence-p113-victim,r4-global_sequence-p113-attacker,True,True,133.8672637939453,338.53960037231445,1778557904.0554502,1778557904.1434507,1778557904.055671,1778557904.250203,False,False,False,0,2,0,False
4,20661514,cross_shard_frontrun,global_sequence,114,1110114,r4-global_sequence-p114-victim,r4-global_sequence-p114-attacker,True,True,128.62205505371094,337.81981468200684,1778557904.027317,1778557904.1419492,1778557904.049667,1778557904.243597,False,False,False,0,2,0,False
4,20661514,cross_shard_frontrun,global_sequence,115,1110115,r4-global_sequence-p115-victim,r4-global_sequence-p115-attacker,True,True,152.31847763061523,294.5590019226074,1778557904.0824869,1778557904.1461282,1778557904.082687,1778557904.266311,False,False,False,0,2,0,False
4,20661514,cross_shard_frontrun,global_sequence,116,1110116,r4-global_sequence-p116-victim,r4-global_sequence-p116-attacker,True,True,299.13830757141113,299.78013038635254,1778557904.1408253,1778557904.2753906,1778557904.182218,1778557904.275693,False,False,False,0,2,0,False
4,20661514,cross_shard_frontrun,global_sequence,117,1110117,r4-global_sequence-p117-victim,r4-global_sequence-p117-attacker,True,True,298.1255054473877,277.97961235046387,1778557904.141082,1778557904.282724,1778557904.199265,1778557904.282898,False,False,False,0,2,0,False
4,20661514,cross_shard_frontrun,global_sequence,118,1110118,r4-global_sequence-p118-victim,r4-global_sequence-p118-attacker,True,True,270.86734771728516,268.86916160583496,1778557904.1418626,1778557904.2809417,1778557904.23809,1778557904.281119,False,False,False,0,2,0,False
4,20661514,cross_shard_frontrun,global_sequence,119,1110119,r4-global_sequence-p119-victim,r4-global_sequence-p119-attacker,True,True,259.07158851623535,266.4048671722412,1778557904.1460636,1778557904.2851827,1778557904.260933,1778557904.285348,False,False,False,0,2,0,False
4,20662514,cross_shard_frontrun,occ,0,1120000,r4-occ-p0-victim,r4-occ-p0-attacker,True,True,90.75641632080078,538.2134914398193,1778557905.4185941,1778557905.6988416,1778557905.419883,1778557905.859988,False,False,False,0,2,0,False
4,20662514,cross_shard_frontrun,occ,1,1120001,r4-occ-p1-victim,r4-occ-p1-attacker,True,True,183.77161026000977,543.5221195220947,1778557905.5138292,1778557905.701682,1778557905.514154,1778557905.87129,False,False,False,0,2,0,False
4,20662514,cross_shard_frontrun,occ,2,1120002,r4-occ-p2-victim,r4-occ-p2-attacker,True,False,545.2349185943604,510.6363296508789,1778557905.6986868,,1778557905.853909,,False,False,False,1,1,1,False
4,20662514,cross_shard_frontrun,occ,3,1120003,r4-occ-p3-victim,r4-occ-p3-attacker,True,True,350.15201568603516,542.3004627227783,1778557905.6814005,1778557905.700435,1778557905.681652,1778557905.865868,False,False,False,0,2,0,False
4,20662514,cross_shard_frontrun,occ,4,1120004,r4-occ-p4-victim,r4-occ-p4-attacker,True,False,809.6179962158203,509.9942684173584,1778557905.8802452,,1778557905.997387,,False,False,False,1,1,1,False
4,20662514,cross_shard_frontrun,occ,5,1120005,r4-occ-p5-victim,r4-occ-p5-attacker,True,False,679.6388626098633,527.0867347717285,1778557905.8778133,,1778557905.912935,,False,False,False,1,1,1,False
4,20662514,cross_shard_frontrun,occ,6,1120006,r4-occ-p6-victim,r4-occ-p6-attacker,True,False,677.5693893432617,527.4257659912109,1778557905.754825,,1778557905.874279,,False,False,False,1,1,1,False
4,20662514,cross_shard_frontrun,occ,7,1120007,r4-occ-p7-victim,r4-occ-p7-attacker,True,False,678.4648895263672,526.4284610748291,1778557905.8768885,,1778557905.896985,,False,False,False,1,1,1,False
4,20662514,cross_shard_frontrun,occ,8,1120008,r4-occ-p8-victim,r4-occ-p8-attacker,True,False,807.0068359375,527.6193618774414,1778557905.8800197,,1778557905.976865,,False,False,False,1,1,1,False
4,20662514,cross_shard_frontrun,occ,9,1120009,r4-occ-p9-victim,r4-occ-p9-attacker,True,False,677.6657104492188,527.8103351593018,1778557905.876512,,1778557905.897322,,False,False,False,1,1,1,False
4,20662514,cross_shard_frontrun,occ,10,1120010,r4-occ-p10-victim,r4-occ-p10-attacker,True,False,677.0038604736328,525.6295204162598,1778557905.875951,,1778557905.891808,,False,False,False,1,1,1,False
4,20662514,cross_shard_frontrun,occ,11,1120011,r4-occ-p11-victim,r4-occ-p11-attacker,True,False,677.1571636199951,526.0217189788818,1778557905.8776023,,1778557905.907939,,False,False,False,1,1,1,False
4,20662514,cross_shard_frontrun,occ,12,1120012,r4-occ-p12-victim,r4-occ-p12-attacker,True,False,675.5416393280029,524.4309902191162,1778557905.8393233,,1778557905.878473,,False,False,False,1,1,1,False
4,20662514,cross_shard_frontrun,occ,13,1120013,r4-occ-p13-victim,r4-occ-p13-attacker,True,False,805.4521083831787,525.1283645629883,1778557905.8800783,,1778557905.981905,,False,False,False,1,1,1,False
4,20662514,cross_shard_frontrun,occ,14,1120014,r4-occ-p14-victim,r4-occ-p14-attacker,True,False,675.5044460296631,525.496244430542,1778557905.863165,,1778557905.885878,,False,False,False,1,1,1,False
4,20662514,cross_shard_frontrun,occ,15,1120015,r4-occ-p15-victim,r4-occ-p15-attacker,True,False,676.6438484191895,525.9225368499756,1778557905.8793688,,1778557905.939446,,False,False,False,1,1,1,False
4,20662514,cross_shard_frontrun,occ,16,1120016,r4-occ-p16-victim,r4-occ-p16-attacker,True,False,803.929328918457,526.1414051055908,1778557905.8799753,,1778557905.971467,,False,False,False,1,1,1,False
4,20662514,cross_shard_frontrun,occ,17,1120017,r4-occ-p17-victim,r4-occ-p17-attacker,True,False,675.0288009643555,526.3411998748779,1778557905.877132,,1778557905.902416,,False,False,False,1,1,1,False
4,20662514,cross_shard_frontrun,occ,18,1120018,r4-occ-p18-victim,r4-occ-p18-attacker,True,False,682.7239990234375,526.7777442932129,1778557905.8798828,,1778557905.960982,,False,False,False,1,1,1,False
4,20662514,cross_shard_frontrun,occ,19,1120019,r4-occ-p19-victim,r4-occ-p19-attacker,True,False,675.0495433807373,525.9609222412109,1778557905.879576,,1778557905.945068,,False,False,False,1,1,1,False
4,20662514,cross_shard_frontrun,occ,20,1120020,r4-occ-p20-victim,r4-occ-p20-attacker,True,False,681.0610294342041,526.8793106079102,1778557905.879767,,1778557905.950532,,False,False,False,1,1,1,False
4,20662514,cross_shard_frontrun,occ,21,1120021,r4-occ-p21-victim,r4-occ-p21-attacker,True,False,760.9658241271973,526.2494087219238,1778557905.8799324,,1778557905.965928,,False,False,False,1,1,1,False
4,20662514,cross_shard_frontrun,occ,22,1120022,r4-occ-p22-victim,r4-occ-p22-attacker,True,False,680.5884838104248,526.404857635498,1778557905.8798242,,1778557905.955602,,False,False,False,1,1,1,False
4,20662514,cross_shard_frontrun,occ,23,1120023,r4-occ-p23-victim,r4-occ-p23-attacker,True,False,554.4159412384033,526.2324810028076,1778557905.7388098,,1778557905.873205,,False,False,False,1,1,1,False
4,20662514,cross_shard_frontrun,occ,24,1120024,r4-occ-p24-victim,r4-occ-p24-attacker,True,False,671.0565090179443,525.8524417877197,1778557905.8756807,,1778557905.885765,,False,False,False,1,1,1,False
4,20662514,cross_shard_frontrun,occ,25,1120025,r4-occ-p25-victim,r4-occ-p25-attacker,True,False,672.0037460327148,525.5954265594482,1778557905.8791926,,1778557905.934338,,False,False,False,1,1,1,False
4,20662514,cross_shard_frontrun,occ,26,1120026,r4-occ-p26-victim,r4-occ-p26-attacker,True,False,800.0869750976562,525.3851413726807,1778557905.8801258,,1778557905.986774,,False,False,False,1,1,1,False
4,20662514,cross_shard_frontrun,occ,27,1120027,r4-occ-p27-victim,r4-occ-p27-attacker,True,False,800.5220890045166,525.2203941345215,1778557905.8802912,,1778557906.002493,,False,False,False,1,1,1,False
4,20662514,cross_shard_frontrun,occ,28,1120028,r4-occ-p28-victim,r4-occ-p28-attacker,True,False,799.5450496673584,524.9321460723877,1778557905.8801963,,1778557905.991931,,False,False,False,1,1,1,False
4,20662514,cross_shard_frontrun,occ,29,1120029,r4-occ-p29-victim,r4-occ-p29-attacker,True,False,670.0923442840576,524.8239040374756,1778557905.8785658,,1778557905.923204,,False,False,False,1,1,1,False
4,20662514,cross_shard_frontrun,occ,30,1120030,r4-occ-p30-victim,r4-occ-p30-attacker,True,False,800.203800201416,524.7013568878174,1778557905.8813717,,1778557906.013748,,False,False,False,1,1,1,False
4,20662514,cross_shard_frontrun,occ,31,1120031,r4-occ-p31-victim,r4-occ-p31-attacker,True,False,799.4363307952881,524.6193408966064,1778557905.8803465,,1778557906.00862,,False,False,False,1,1,1,False
4,20662514,cross_shard_frontrun,occ,32,1120032,r4-occ-p32-victim,r4-occ-p32-attacker,True,False,591.9187068939209,353.7907600402832,1778557905.8787413,,1778557905.928592,,False,False,False,1,1,1,False
4,20662514,cross_shard_frontrun,occ,33,1120033,r4-occ-p33-victim,r4-occ-p33-attacker,True,False,330.1501274108887,152.6179313659668,1778557905.8781238,,1778557905.917933,,False,False,False,1,1,1,False
4,20662514,cross_shard_frontrun,occ,34,1120034,r4-occ-p34-victim,r4-occ-p34-attacker,True,False,292.4692630767822,267.34185218811035,1778557905.9170477,,1778557906.015262,,False,False,False,1,1,1,False
4,20662514,cross_shard_frontrun,occ,35,1120035,r4-occ-p35-victim,r4-occ-p35-attacker,True,False,276.0775089263916,268.0482864379883,1778557905.9366696,,1778557906.015628,,False,False,False,1,1,1,False
4,20662514,cross_shard_frontrun,occ,36,1120036,r4-occ-p36-victim,r4-occ-p36-attacker,True,False,327.7397155761719,268.0530548095703,1778557905.968887,,1778557906.103041,,False,False,False,1,1,1,False
4,20662514,cross_shard_frontrun,occ,37,1120037,r4-occ-p37-victim,r4-occ-p37-attacker,True,False,327.3904323577881,267.65894889831543,1778557905.9690115,,1778557906.114036,,False,False,False,1,1,1,False
4,20662514,cross_shard_frontrun,occ,38,1120038,r4-occ-p38-victim,r4-occ-p38-attacker,True,False,273.27513694763184,267.1771049499512,1778557905.9473505,,1778557906.015843,,False,False,False,1,1,1,False
4,20662514,cross_shard_frontrun,occ,39,1120039,r4-occ-p39-victim,r4-occ-p39-attacker,True,False,272.83215522766113,266.57891273498535,1778557905.953197,,1778557906.015992,,False,False,False,1,1,1,False
4,20662514,cross_shard_frontrun,occ,40,1120040,r4-occ-p40-victim,r4-occ-p40-attacker,True,False,273.49305152893066,266.15166664123535,1778557905.9532442,,1778557906.022986,,False,False,False,1,1,1,False
4,20662514,cross_shard_frontrun,occ,41,1120041,r4-occ-p41-victim,r4-occ-p41-attacker,True,False,324.5713710784912,265.8228874206543,1778557905.9689498,,1778557906.108852,,False,False,False,1,1,1,False
4,20662514,cross_shard_frontrun,occ,42,1120042,r4-occ-p42-victim,r4-occ-p42-attacker,True,False,324.2619037628174,264.88614082336426,1778557905.969231,,1778557906.137358,,False,False,False,1,1,1,False
4,20662514,cross_shard_frontrun,occ,43,1120043,r4-occ-p43-victim,r4-occ-p43-attacker,True,False,323.3480453491211,264.3895149230957,1778557905.9690778,,1778557906.119479,,False,False,False,1,1,1,False
4,20662514,cross_shard_frontrun,occ,44,1120044,r4-occ-p44-victim,r4-occ-p44-attacker,True,False,322.9260444641113,263.98181915283203,1778557905.9691367,,1778557906.125244,,False,False,False,1,1,1,False
4,20662514,cross_shard_frontrun,occ,45,1120045,r4-occ-p45-victim,r4-occ-p45-attacker,True,False,322.92675971984863,263.8423442840576,1778557905.972896,,1778557906.143962,,False,False,False,1,1,1,False
4,20662514,cross_shard_frontrun,occ,46,1120046,r4-occ-p46-victim,r4-occ-p46-attacker,True,False,322.28684425354004,263.6399269104004,1778557905.969185,,1778557906.131518,,False,False,False,1,1,1,False
4,20662514,cross_shard_frontrun,occ,47,1120047,r4-occ-p47-victim,r4-occ-p47-attacker,True,False,322.3400115966797,263.29565048217773,1778557906.009977,,1778557906.145836,,False,False,False,1,1,1,False
4,20662514,cross_shard_frontrun,occ,48,1120048,r4-occ-p48-victim,r4-occ-p48-attacker,True,False,322.1614360809326,312.36767768859863,1778557906.0259132,,1778557906.148428,,False,False,False,1,1,1,False
4,20662514,cross_shard_frontrun,occ,49,1120049,r4-occ-p49-victim,r4-occ-p49-attacker,True,False,321.52557373046875,256.7577362060547,1778557906.0372932,,1778557906.148881,,False,False,False,1,1,1,False
4,20662514,cross_shard_frontrun,occ,50,1120050,r4-occ-p50-victim,r4-occ-p50-attacker,True,False,315.48285484313965,245.42689323425293,1778557906.0345569,,1778557906.148722,,False,False,False,1,1,1,False
4,20662514,cross_shard_frontrun,occ,51,1120051,r4-occ-p51-victim,r4-occ-p51-attacker,True,False,187.94989585876465,179.4588565826416,1778557906.082839,,1778557906.15005,,False,False,False,1,1,1,False
4,20662514,cross_shard_frontrun,occ,52,1120052,r4-occ-p52-victim,r4-occ-p52-attacker,True,False,187.55412101745605,179.0175437927246,1778557906.0881572,,1778557906.150212,,False,False,False,1,1,1,False
4,20662514,cross_shard_frontrun,occ,53,1120053,r4-occ-p53-victim,r4-occ-p53-attacker,True,False,218.42336654663086,179.1856288909912,1778557906.1121614,,1778557906.200124,,False,False,False,1,1,1,False
4,20662514,cross_shard_frontrun,occ,54,1120054,r4-occ-p54-victim,r4-occ-p54-attacker,True,False,217.47064590454102,184.53311920166016,1778557906.1084917,,1778557906.199885,,False,False,False,1,1,1,False
4,20662514,cross_shard_frontrun,occ,55,1120055,r4-occ-p55-victim,r4-occ-p55-attacker,True,False,217.53263473510742,208.21642875671387,1778557906.1505964,,1778557906.201,,False,False,False,1,1,1,False
4,20662514,cross_shard_frontrun,occ,56,1120056,r4-occ-p56-victim,r4-occ-p56-attacker,True,False,217.88740158081055,208.221435546875,1778557906.1714954,,1778557906.20763,,False,False,False,1,1,1,False
4,20662514,cross_shard_frontrun,occ,57,1120057,r4-occ-p57-victim,r4-occ-p57-attacker,True,False,216.92848205566406,208.1766128540039,1778557906.1687007,,1778557906.202003,,False,False,False,1,1,1,False
4,20662514,cross_shard_frontrun,occ,58,1120058,r4-occ-p58-victim,r4-occ-p58-attacker,True,False,223.24514389038086,208.1611156463623,1778557906.1741717,,1778557906.213399,,False,False,False,1,1,1,False
4,20662514,cross_shard_frontrun,occ,59,1120059,r4-occ-p59-victim,r4-occ-p59-attacker,True,False,217.00072288513184,201.22051239013672,1778557906.1632946,,1778557906.201805,,False,False,False,1,1,1,False
4,20662514,cross_shard_frontrun,occ,60,1120060,r4-occ-p60-victim,r4-occ-p60-attacker,True,False,210.37054061889648,201.59435272216797,1778557906.1687763,,1778557906.207899,,False,False,False,1,1,1,False
4,20662514,cross_shard_frontrun,occ,61,1120061,r4-occ-p61-victim,r4-occ-p61-attacker,True,False,157.38224983215332,120.79858779907227,1778557906.1742284,,1778557906.231979,,False,False,False,1,1,1,False
4,20662514,cross_shard_frontrun,occ,62,1120062,r4-occ-p62-victim,r4-occ-p62-attacker,True,False,117.09952354431152,120.38993835449219,1778557906.2293985,,1778557906.245052,,False,False,False,1,1,1,False
4,20662514,cross_shard_frontrun,occ,63,1120063,r4-occ-p63-victim,r4-occ-p63-attacker,True,False,116.25933647155762,122.59054183959961,1778557906.2293527,,1778557906.239035,,False,False,False,1,1,1,False
4,20662514,cross_shard_frontrun,occ,64,1120064,r4-occ-p64-victim,r4-occ-p64-attacker,True,True,115.59224128723145,152.5554656982422,1778557906.2131193,1778557906.3029678,1778557906.233268,1778557906.303144,False,False,False,0,2,0,False
4,20662514,cross_shard_frontrun,occ,65,1120065,r4-occ-p65-victim,r4-occ-p65-attacker,True,True,115.50211906433105,175.55832862854004,1778557906.229458,1778557906.326742,1778557906.250055,1778557906.326892,False,False,False,0,2,0,False
4,20662514,cross_shard_frontrun,occ,66,1120066,r4-occ-p66-victim,r4-occ-p66-attacker,True,True,126.04761123657227,231.9645881652832,1778557906.2295492,1778557906.360155,1778557906.260714,1778557906.375757,False,False,False,0,2,0,False
4,20662514,cross_shard_frontrun,occ,67,1120067,r4-occ-p67-victim,r4-occ-p67-attacker,True,True,113.97838592529297,225.73375701904297,1778557906.213167,1778557906.3598654,1778557906.239407,1778557906.360051,False,False,False,0,2,0,False
4,20662514,cross_shard_frontrun,occ,68,1120068,r4-occ-p68-victim,r4-occ-p68-attacker,True,True,124.76420402526855,230.2877902984619,1778557906.2355094,1778557906.359958,1778557906.260361,1778557906.365643,False,False,False,0,2,0,False
4,20662514,cross_shard_frontrun,occ,69,1120069,r4-occ-p69-victim,r4-occ-p69-attacker,True,True,123.66580963134766,229.7511100769043,1778557906.2295105,1778557906.3600874,1778557906.255401,1778557906.370606,False,False,False,0,2,0,False
4,20662514,cross_shard_frontrun,occ,70,1120070,r4-occ-p70-victim,r4-occ-p70-attacker,True,True,136.68322563171387,229.6910285949707,1778557906.2825778,1778557906.3602011,1778557906.282741,1778557906.38142,False,False,False,0,2,0,False
4,20662514,cross_shard_frontrun,occ,71,1120071,r4-occ-p71-victim,r4-occ-p71-attacker,True,True,130.01585006713867,229.20918464660645,1778557906.2762742,1778557906.363421,1778557906.276461,1778557906.381,False,False,False,0,2,0,False
4,20662514,cross_shard_frontrun,occ,72,1120072,r4-occ-p72-victim,r4-occ-p72-attacker,True,True,194.37670707702637,232.01632499694824,1778557906.3326077,1778557906.3688402,1778557906.339088,1778557906.386759,False,False,False,0,2,0,False
4,20662514,cross_shard_frontrun,occ,73,1120073,r4-occ-p73-victim,r4-occ-p73-attacker,True,True,193.98999214172363,253.34787368774414,1778557906.3325036,1778557906.4057314,1778557906.332703,1778557906.405925,False,False,False,0,2,0,False
4,20662514,cross_shard_frontrun,occ,74,1120074,r4-occ-p74-victim,r4-occ-p74-attacker,True,True,197.32117652893066,258.41760635375977,1778557906.3327372,1778557906.4058316,1778557906.344253,1778557906.411733,False,False,False,0,2,0,False
4,20662514,cross_shard_frontrun,occ,75,1120075,r4-occ-p75-victim,r4-occ-p75-attacker,True,True,201.77078247070312,255.71203231811523,1778557906.3490899,1778557906.409358,1778557906.34928,1778557906.411417,False,False,False,0,2,0,False
4,20662514,cross_shard_frontrun,occ,76,1120076,r4-occ-p76-victim,r4-occ-p76-attacker,True,True,170.989990234375,314.30768966674805,1778557906.3186214,1778557906.434206,1778557906.318788,1778557906.463822,False,False,False,0,2,0,False
4,20662514,cross_shard_frontrun,occ,77,1120077,r4-occ-p77-victim,r4-occ-p77-attacker,True,False,432.8618049621582,255.59163093566895,1778557906.4625714,,1778557906.517032,,False,False,False,1,1,1,False
4,20662514,cross_shard_frontrun,occ,78,1120078,r4-occ-p78-victim,r4-occ-p78-attacker,True,False,438.1253719329834,274.08528327941895,1778557906.4652104,,1778557906.522691,,False,False,False,1,1,1,False
4,20662514,cross_shard_frontrun,occ,79,1120079,r4-occ-p79-victim,r4-occ-p79-attacker,True,False,415.2388572692871,291.32533073425293,1778557906.4596305,,1778557906.5001,,False,False,False,1,1,1,False
4,20662514,cross_shard_frontrun,occ,80,1120080,r4-occ-p80-victim,r4-occ-p80-attacker,True,False,519.1054344177246,290.82751274108887,1778557906.4797482,,1778557906.60972,,False,False,False,1,1,1,False
4,20662514,cross_shard_frontrun,occ,81,1120081,r4-occ-p81-victim,r4-occ-p81-attacker,True,False,439.10980224609375,307.6171875,1778557906.4751842,,1778557906.577769,,False,False,False,1,1,1,False
4,20662514,cross_shard_frontrun,occ,82,1120082,r4-occ-p82-victim,r4-occ-p82-attacker,True,False,519.3581581115723,313.1418228149414,1778557906.4948041,,1778557906.610347,,False,False,False,1,1,1,False
4,20662514,cross_shard_frontrun,occ,83,1120083,r4-occ-p83-victim,r4-occ-p83-attacker,True,False,518.7802314758301,313.1284713745117,1778557906.4914207,,1778557906.610051,,False,False,False,1,1,1,False
4,20662514,cross_shard_frontrun,occ,84,1120084,r4-occ-p84-victim,r4-occ-p84-attacker,True,False,518.3689594268799,400.1011848449707,1778557906.5012136,,1778557906.610519,,False,False,False,1,1,1,False
4,20662514,cross_shard_frontrun,occ,85,1120085,r4-occ-p85-victim,r4-occ-p85-attacker,True,False,519.5531845092773,393.94474029541016,1778557906.5012734,,1778557906.61601,,False,False,False,1,1,1,False
4,20662514,cross_shard_frontrun,occ,86,1120086,r4-occ-p86-victim,r4-occ-p86-attacker,True,False,489.2773628234863,369.9955940246582,1778557906.5047097,,1778557906.615905,,False,False,False,1,1,1,False
4,20662514,cross_shard_frontrun,occ,87,1120087,r4-occ-p87-victim,r4-occ-p87-attacker,True,False,489.8536205291748,370.07904052734375,1778557906.517034,,1778557906.622085,,False,False,False,1,1,1,False
4,20662514,cross_shard_frontrun,occ,88,1120088,r4-occ-p88-victim,r4-occ-p88-attacker,True,False,490.1704788208008,370.0106143951416,1778557906.5171733,,1778557906.633072,,False,False,False,1,1,1,False
4,20662514,cross_shard_frontrun,occ,89,1120089,r4-occ-p89-victim,r4-occ-p89-attacker,True,False,488.8954162597656,375.22196769714355,1778557906.516771,,1778557906.616566,,False,False,False,1,1,1,False
4,20662514,cross_shard_frontrun,occ,90,1120090,r4-occ-p90-victim,r4-occ-p90-attacker,True,False,489.3767833709717,375.0805854797363,1778557906.5199835,,1778557906.632794,,False,False,False,1,1,1,False
4,20662514,cross_shard_frontrun,occ,91,1120091,r4-occ-p91-victim,r4-occ-p91-attacker,True,False,489.57324028015137,391.6773796081543,1778557906.5227811,,1778557906.633026,,False,False,False,1,1,1,False
4,20662514,cross_shard_frontrun,occ,92,1120092,r4-occ-p92-victim,r4-occ-p92-attacker,True,False,488.5995388031006,369.39144134521484,1778557906.5170984,,1778557906.627386,,False,False,False,1,1,1,False
4,20662514,cross_shard_frontrun,occ,93,1120093,r4-occ-p93-victim,r4-occ-p93-attacker,True,False,475.1732349395752,369.9021339416504,1778557906.5250776,,1778557906.63865,,False,False,False,1,1,1,False
4,20662514,cross_shard_frontrun,occ,94,1120094,r4-occ-p94-victim,r4-occ-p94-attacker,True,False,491.75071716308594,369.7190284729004,1778557906.59803,,1778557906.657236,,False,False,False,1,1,1,False
4,20662514,cross_shard_frontrun,occ,95,1120095,r4-occ-p95-victim,r4-occ-p95-attacker,True,False,474.06697273254395,369.57645416259766,1778557906.538714,,1778557906.638857,,False,False,False,1,1,1,False
4,20662514,cross_shard_frontrun,occ,96,1120096,r4-occ-p96-victim,r4-occ-p96-attacker,True,False,463.2906913757324,358.6256504058838,1778557906.5812523,,1778557906.640192,,False,False,False,1,1,1,False
4,20662514,cross_shard_frontrun,occ,97,1120097,r4-occ-p97-victim,r4-occ-p97-attacker,True,False,479.71343994140625,359.07697677612305,1778557906.5979047,,1778557906.646612,,False,False,False,1,1,1,False
4,20662514,cross_shard_frontrun,occ,98,1120098,r4-occ-p98-victim,r4-occ-p98-attacker,True,False,480.053186416626,356.04381561279297,1778557906.5981596,,1778557906.667621,,False,False,False,1,1,1,False
4,20662514,cross_shard_frontrun,occ,99,1120099,r4-occ-p99-victim,r4-occ-p99-attacker,True,False,479.403018951416,345.6277847290039,1778557906.6043034,,1778557906.701624,,False,False,False,1,1,1,False
4,20662514,cross_shard_frontrun,occ,100,1120100,r4-occ-p100-victim,r4-occ-p100-attacker,True,False,429.30102348327637,310.05215644836426,1778557906.5978153,,1778557906.640573,,False,False,False,1,1,1,False
4,20662514,cross_shard_frontrun,occ,101,1120101,r4-occ-p101-victim,r4-occ-p101-attacker,True,False,422.5740432739258,287.9064083099365,1778557906.5979707,,1778557906.65191,,False,False,False,1,1,1,False
4,20662514,cross_shard_frontrun,occ,102,1120102,r4-occ-p102-victim,r4-occ-p102-attacker,True,False,408.58912467956543,284.49106216430664,1778557906.598097,,1778557906.662258,,False,False,False,1,1,1,False
4,20662514,cross_shard_frontrun,occ,103,1120103,r4-occ-p103-victim,r4-occ-p103-attacker,True,False,406.25810623168945,251.20115280151367,1778557906.5984056,,1778557906.689504,,False,False,False,1,1,1,False
4,20662514,cross_shard_frontrun,occ,104,1120104,r4-occ-p104-victim,r4-occ-p104-attacker,True,False,383.2848072052002,245.87607383728027,1778557906.6052053,,1778557906.714221,,False,False,False,1,1,1,False
4,20662514,cross_shard_frontrun,occ,105,1120105,r4-occ-p105-victim,r4-occ-p105-attacker,True,False,366.2252426147461,245.76616287231445,1778557906.5982301,,1778557906.673263,,False,False,False,1,1,1,False
4,20662514,cross_shard_frontrun,occ,106,1120106,r4-occ-p106-victim,r4-occ-p106-attacker,True,False,366.119384765625,291.2449836730957,1778557906.5982902,,1778557906.678645,,False,False,False,1,1,1,False
4,20662514,cross_shard_frontrun,occ,107,1120107,r4-occ-p107-victim,r4-occ-p107-attacker,True,False,341.6781425476074,297.2745895385742,1778557906.5983572,,1778557906.68403,,False,False,False,1,1,1,False
4,20662514,cross_shard_frontrun,occ,108,1120108,r4-occ-p108-victim,r4-occ-p108-attacker,True,False,336.5781307220459,248.5969066619873,1778557906.6041996,,1778557906.689248,,False,False,False,1,1,1,False
4,20662514,cross_shard_frontrun,occ,109,1120109,r4-occ-p109-victim,r4-occ-p109-attacker,True,False,275.94780921936035,213.16289901733398,1778557906.6042526,,1778557906.695379,,False,False,False,1,1,1,False
4,20662514,cross_shard_frontrun,occ,110,1120110,r4-occ-p110-victim,r4-occ-p110-attacker,True,False,258.8772773742676,209.8548412322998,1778557906.604362,,1778557906.707378,,False,False,False,1,1,1,False
4,20662514,cross_shard_frontrun,occ,111,1120111,r4-occ-p111-victim,r4-occ-p111-attacker,True,False,247.66802787780762,204.21886444091797,1778557906.605264,,1778557906.720036,,False,False,False,1,1,1,False
4,20662514,cross_shard_frontrun,occ,112,1120112,r4-occ-p112-victim,r4-occ-p112-attacker,True,False,247.03454971313477,152.1763801574707,1778557906.6079323,,1778557906.719787,,False,False,False,1,1,1,False
4,20662514,cross_shard_frontrun,occ,113,1120113,r4-occ-p113-victim,r4-occ-p113-attacker,True,False,161.38744354248047,152.1291732788086,1778557906.6727812,,1778557906.752746,,False,False,False,1,1,1,False
4,20662514,cross_shard_frontrun,occ,114,1120114,r4-occ-p114-victim,r4-occ-p114-attacker,True,False,161.12327575683594,151.94201469421387,1778557906.6936152,,1778557906.758706,,False,False,False,1,1,1,False
4,20662514,cross_shard_frontrun,occ,115,1120115,r4-occ-p115-victim,r4-occ-p115-attacker,True,False,155.6406021118164,146.35086059570312,1778557906.696184,,1778557906.758414,,False,False,False,1,1,1,False
4,20662514,cross_shard_frontrun,occ,116,1120116,r4-occ-p116-victim,r4-occ-p116-attacker,True,False,155.00378608703613,145.97392082214355,1778557906.6924698,,1778557906.753327,,False,False,False,1,1,1,False
4,20662514,cross_shard_frontrun,occ,117,1120117,r4-occ-p117-victim,r4-occ-p117-attacker,True,False,140.3977870941162,129.7159194946289,1778557906.7161531,,1778557906.770043,,False,False,False,1,1,1,False
4,20662514,cross_shard_frontrun,occ,118,1120118,r4-occ-p118-victim,r4-occ-p118-attacker,True,False,133.26787948608398,124.27997589111328,1778557906.7152095,,1778557906.764797,,False,False,False,1,1,1,False
4,20662514,cross_shard_frontrun,occ,119,1120119,r4-occ-p119-victim,r4-occ-p119-attacker,True,False,132.85112380981445,124.08733367919922,1778557906.7106814,,1778557906.759045,,False,False,False,1,1,1,False
4,20663514,cross_shard_frontrun,conflict_key_queue,0,1130000,r4-conflict_key_queue-p0-victim,r4-conflict_key_queue-p0-attacker,True,True,84.26117897033691,188.89522552490234,1778557908.0586472,1778557908.1611276,1778557908.059796,1778557908.167246,False,False,False,0,2,0,False
4,20663514,cross_shard_frontrun,conflict_key_queue,1,1130001,r4-conflict_key_queue-p1-victim,r4-conflict_key_queue-p1-attacker,True,True,194.36001777648926,192.6875114440918,1778557908.1327622,1778557908.1772568,1778557908.133068,1778557908.177456,False,False,False,0,2,0,False
4,20663514,cross_shard_frontrun,conflict_key_queue,2,1130002,r4-conflict_key_queue-p2-victim,r4-conflict_key_queue-p2-attacker,True,True,217.268705368042,262.87341117858887,1778557908.1941335,1778557908.2482464,1778557908.194283,1778557908.24848,False,False,False,0,2,0,False
4,20663514,cross_shard_frontrun,conflict_key_queue,3,1130003,r4-conflict_key_queue-p3-victim,r4-conflict_key_queue-p3-attacker,True,True,209.98883247375488,219.10977363586426,1778557908.1878688,1778557908.2048683,1778557908.18805,1778557908.205038,False,False,False,0,2,0,False
4,20663514,cross_shard_frontrun,conflict_key_queue,4,1130004,r4-conflict_key_queue-p4-victim,r4-conflict_key_queue-p4-attacker,True,True,539.1445159912109,988.152027130127,1778557908.3391263,1778557908.9191759,1778557908.397235,1778557908.960337,False,False,False,0,2,0,False
4,20663514,cross_shard_frontrun,conflict_key_queue,5,1130005,r4-conflict_key_queue-p5-victim,r4-conflict_key_queue-p5-attacker,True,True,330.66391944885254,534.1575145721436,1778557908.30186,1778557908.344433,1778557908.302206,1778557908.518505,False,False,False,0,2,0,False
4,20663514,cross_shard_frontrun,conflict_key_queue,6,1130006,r4-conflict_key_queue-p6-victim,r4-conflict_key_queue-p6-attacker,True,True,538.1481647491455,987.0824813842773,1778557908.3392074,1778557908.9192882,1778557908.402191,1778557908.965947,False,False,False,0,2,0,False
4,20663514,cross_shard_frontrun,conflict_key_queue,7,1130007,r4-conflict_key_queue-p7-victim,r4-conflict_key_queue-p7-attacker,True,True,538.0582809448242,989.4273281097412,1778557908.3394122,1778557908.9194977,1778557908.413,1778557908.977194,False,False,False,0,2,0,False
4,20663514,cross_shard_frontrun,conflict_key_queue,8,1130008,r4-conflict_key_queue-p8-victim,r4-conflict_key_queue-p8-attacker,True,True,340.15798568725586,532.8171253204346,1778557908.3208146,1778557908.3443682,1778557908.321006,1778557908.512216,False,False,False,0,2,0,False
4,20663514,cross_shard_frontrun,conflict_key_queue,9,1130009,r4-conflict_key_queue-p9-victim,r4-conflict_key_queue-p9-attacker,True,True,535.3782176971436,984.7128391265869,1778557908.338817,1778557908.918469,1778557908.376188,1778557908.9327,False,False,False,0,2,0,False
4,20663514,cross_shard_frontrun,conflict_key_queue,10,1130010,r4-conflict_key_queue-p10-victim,r4-conflict_key_queue-p10-attacker,True,True,534.3291759490967,983.9382171630859,1778557908.3386726,1778557908.918266,1778557908.36578,1778557908.926647,False,False,False,0,2,0,False
4,20663514,cross_shard_frontrun,conflict_key_queue,11,1130011,r4-conflict_key_queue-p11-victim,r4-conflict_key_queue-p11-attacker,True,True,233.86263847351074,529.7517776489258,1778557908.2160017,1778557908.3404353,1778557908.216213,1778557908.457767,False,False,False,0,2,0,False
4,20663514,cross_shard_frontrun,conflict_key_queue,12,1130012,r4-conflict_key_queue-p12-victim,r4-conflict_key_queue-p12-attacker,True,True,532.69362449646,982.6149940490723,1778557908.3385236,1778557908.9181008,1778557908.352887,1778557908.918407,False,False,False,0,2,0,False
4,20663514,cross_shard_frontrun,conflict_key_queue,13,1130013,r4-conflict_key_queue-p13-victim,r4-conflict_key_queue-p13-attacker,True,True,290.76457023620605,529.9992561340332,1778557908.2727506,1778557908.3421566,1778557908.27294,1778557908.506209,False,False,False,0,2,0,False
4,20663514,cross_shard_frontrun,conflict_key_queue,14,1130014,r4-conflict_key_queue-p14-victim,r4-conflict_key_queue-p14-attacker,True,True,532.0751667022705,803.6110401153564,1778557908.338614,1778557908.7959294,1778557908.360247,1778557908.796188,False,False,False,0,2,0,False
4,20663514,cross_shard_frontrun,conflict_key_queue,15,1130015,r4-conflict_key_queue-p15-victim,r4-conflict_key_queue-p15-attacker,True,True,534.0490341186523,984.1146469116211,1778557908.339494,1778557908.931163,1778557908.41815,1778557908.977164,False,False,False,0,2,0,False
4,20663514,cross_shard_frontrun,conflict_key_queue,16,1130016,r4-conflict_key_queue-p16-victim,r4-conflict_key_queue-p16-attacker,True,True,530.0366878509521,541.8078899383545,1778557908.3383858,1778557908.5349438,1778557908.347123,1778557908.535212,False,False,False,0,2,0,False
4,20663514,cross_shard_frontrun,conflict_key_queue,17,1130017,r4-conflict_key_queue-p17-victim,r4-conflict_key_queue-p17-attacker,True,True,534.1818332672119,1171.736240386963,1778557908.340333,1778557908.9896507,1778557908.451628,1778557909.013048,False,False,False,0,2,0,False
4,20663514,cross_shard_frontrun,conflict_key_queue,18,1130018,r4-conflict_key_queue-p18-victim,r4-conflict_key_queue-p18-attacker,True,True,530.7595729827881,978.2042503356934,1778557908.3389826,1778557908.9187005,1778557908.386887,1778557908.944101,False,False,False,0,2,0,False
4,20663514,cross_shard_frontrun,conflict_key_queue,19,1130019,r4-conflict_key_queue-p19-victim,r4-conflict_key_queue-p19-attacker,True,True,530.0338268280029,978.3105850219727,1778557908.3388808,1778557908.9189355,1778557908.381739,1778557908.949394,False,False,False,0,2,0,False
4,20663514,cross_shard_frontrun,conflict_key_queue,20,1130020,r4-conflict_key_queue-p20-victim,r4-conflict_key_queue-p20-attacker,True,True,529.9594402313232,978.386640548706,1778557908.3390505,1778557908.9190514,1778557908.391983,1778557908.954586,False,False,False,0,2,0,False
4,20663514,cross_shard_frontrun,conflict_key_queue,21,1130021,r4-conflict_key_queue-p21-victim,r4-conflict_key_queue-p21-attacker,True,True,532.6604843139648,1169.5153713226318,1778557908.340546,1778557908.9897137,1778557908.463793,1778557909.018238,False,False,False,0,2,0,False
4,20663514,cross_shard_frontrun,conflict_key_queue,22,1130022,r4-conflict_key_queue-p22-victim,r4-conflict_key_queue-p22-attacker,True,True,530.7362079620361,1168.4753894805908,1778557908.3398342,1778557908.9893515,1778557908.428992,1778557908.995902,False,False,False,0,2,0,False
4,20663514,cross_shard_frontrun,conflict_key_queue,23,1130023,r4-conflict_key_queue-p23-victim,r4-conflict_key_queue-p23-attacker,True,True,532.0944786071777,1169.5241928100586,1778557908.341187,1778557908.989878,1778557908.481302,1778557909.034374,False,False,False,0,2,0,False
4,20663514,cross_shard_frontrun,conflict_key_queue,24,1130024,r4-conflict_key_queue-p24-victim,r4-conflict_key_queue-p24-attacker,True,True,526.860237121582,976.8002033233643,1778557908.3387475,1778557908.9185526,1778557908.370762,1778557908.938357,False,False,False,0,2,0,False
4,20663514,cross_shard_frontrun,conflict_key_queue,25,1130025,r4-conflict_key_queue-p25-victim,r4-conflict_key_queue-p25-attacker,True,True,530.7555198669434,1168.2214736938477,1778557908.341066,1778557908.9898305,1778557908.475575,1778557909.02919,False,False,False,0,2,0,False
4,20663514,cross_shard_frontrun,conflict_key_queue,26,1130026,r4-conflict_key_queue-p26-victim,r4-conflict_key_queue-p26-attacker,True,True,529.015302658081,1166.3618087768555,1778557908.340054,1778557908.9895194,1778557908.439722,1778557909.001538,False,False,False,0,2,0,False
4,20663514,cross_shard_frontrun,conflict_key_queue,27,1130027,r4-conflict_key_queue-p27-victim,r4-conflict_key_queue-p27-attacker,True,True,527.9858112335205,1091.855764389038,1778557908.339937,1778557908.989218,1778557908.434013,1778557908.989454,False,False,False,0,2,0,False
4,20663514,cross_shard_frontrun,conflict_key_queue,28,1130028,r4-conflict_key_queue-p28-victim,r4-conflict_key_queue-p28-attacker,True,True,526.0837078094482,974.8396873474121,1778557908.339296,1778557908.9194012,1778557908.407694,1778557908.971438,False,False,False,0,2,0,False
4,20663514,cross_shard_frontrun,conflict_key_queue,29,1130029,r4-conflict_key_queue-p29-victim,r4-conflict_key_queue-p29-attacker,True,True,526.9851684570312,1164.4039154052734,1778557908.3402178,1778557908.9895852,1778557908.44507,1778557909.007101,False,False,False,0,2,0,False
4,20663514,cross_shard_frontrun,conflict_key_queue,30,1130030,r4-conflict_key_queue-p30-victim,r4-conflict_key_queue-p30-attacker,True,True,527.2057056427002,1164.6051406860352,1778557908.340653,1778557908.989779,1778557908.469646,1778557909.023524,False,False,False,0,2,0,False
4,20663514,cross_shard_frontrun,conflict_key_queue,31,1130031,r4-conflict_key_queue-p31-victim,r4-conflict_key_queue-p31-attacker,True,True,496.27041816711426,522.0584869384766,1778557908.338246,1778557908.5060124,1778557908.338503,1778557908.524615,False,False,False,0,2,0,False
4,20663514,cross_shard_frontrun,conflict_key_queue,32,1130032,r4-conflict_key_queue-p32-victim,r4-conflict_key_queue-p32-attacker,True,True,458.34970474243164,798.9072799682617,1778557908.3396995,1778557908.9631965,1778557908.423828,1778557908.977999,False,False,False,0,2,0,False
4,20663514,cross_shard_frontrun,conflict_key_queue,33,1130033,r4-conflict_key_queue-p33-victim,r4-conflict_key_queue-p33-attacker,True,True,347.578763961792,980.9668064117432,1778557908.3415198,1778557908.9900067,1778557908.493644,1778557909.044797,False,False,False,0,2,0,False
4,20663514,cross_shard_frontrun,conflict_key_queue,34,1130034,r4-conflict_key_queue-p34-victim,r4-conflict_key_queue-p34-attacker,True,True,333.41526985168457,964.6286964416504,1778557908.3413324,1778557908.9900663,1778557908.493834,1778557909.051179,False,False,False,0,2,0,False
4,20663514,cross_shard_frontrun,conflict_key_queue,35,1130035,r4-conflict_key_queue-p35-victim,r4-conflict_key_queue-p35-attacker,True,True,315.4726028442383,942.5349235534668,1778557908.3412592,1778557908.9899473,1778557908.486717,1778557909.039598,False,False,False,0,2,0,False
4,20663514,cross_shard_frontrun,conflict_key_queue,36,1130036,r4-conflict_key_queue-p36-victim,r4-conflict_key_queue-p36-attacker,True,True,272.8097438812256,885.5032920837402,1778557908.3420594,1778557908.9901204,1778557908.500696,1778557909.058955,False,False,False,0,2,0,False
4,20663514,cross_shard_frontrun,conflict_key_queue,37,1130037,r4-conflict_key_queue-p37-victim,r4-conflict_key_queue-p37-attacker,True,True,212.27550506591797,846.177339553833,1778557908.3765001,1778557908.9901967,1778557908.519508,1778557909.0654,False,False,False,0,2,0,False
4,20663514,cross_shard_frontrun,conflict_key_queue,38,1130038,r4-conflict_key_queue-p38-victim,r4-conflict_key_queue-p38-attacker,True,True,72.25465774536133,652.1780490875244,1778557908.5626445,1778557908.99027,1778557908.562864,1778557909.071281,False,False,False,0,2,0,False
4,20663514,cross_shard_frontrun,conflict_key_queue,39,1130039,r4-conflict_key_queue-p39-victim,r4-conflict_key_queue-p39-attacker,True,True,660.1512432098389,935.255765914917,1778557908.990324,1778557909.449838,1778557909.077248,1778557909.456605,False,False,False,0,2,0,False
4,20663514,cross_shard_frontrun,conflict_key_queue,40,1130040,r4-conflict_key_queue-p40-victim,r4-conflict_key_queue-p40-attacker,True,True,670.414924621582,934.2622756958008,1778557908.9904845,1778557909.4555678,1778557909.089167,1778557909.45633,False,False,False,0,2,0,False
4,20663514,cross_shard_frontrun,conflict_key_queue,41,1130041,r4-conflict_key_queue-p41-victim,r4-conflict_key_queue-p41-attacker,True,True,670.43137550354,1088.1593227386475,1778557908.9907646,1778557909.5600443,1778557909.106737,1778557909.579041,False,False,False,0,2,0,False
4,20663514,cross_shard_frontrun,conflict_key_queue,42,1130042,r4-conflict_key_queue-p42-victim,r4-conflict_key_queue-p42-attacker,True,True,669.874906539917,1074.3818283081055,1778557908.9906988,1778557909.559788,1778557909.101195,1778557909.567236,False,False,False,0,2,0,False
4,20663514,cross_shard_frontrun,conflict_key_queue,43,1130043,r4-conflict_key_queue-p43-victim,r4-conflict_key_queue-p43-attacker,True,True,670.0749397277832,1088.3243083953857,1778557908.9910436,1778557909.5606346,1778557909.135128,1778557909.602859,False,False,False,0,2,0,False
4,20663514,cross_shard_frontrun,conflict_key_queue,44,1130044,r4-conflict_key_queue-p44-victim,r4-conflict_key_queue-p44-attacker,True,True,670.222282409668,1170.0255870819092,1778557908.9911976,1778557909.5793946,1778557909.157109,1778557909.616592,False,False,False,0,2,0,False
4,20663514,cross_shard_frontrun,conflict_key_queue,45,1130045,r4-conflict_key_queue-p45-victim,r4-conflict_key_queue-p45-attacker,True,True,668.8144207000732,1086.5046977996826,1778557908.9908724,1778557909.5602236,1778557909.118301,1778557909.585166,False,False,False,0,2,0,False
4,20663514,cross_shard_frontrun,conflict_key_queue,46,1130046,r4-conflict_key_queue-p46-victim,r4-conflict_key_queue-p46-attacker,True,True,669.5864200592041,1237.5006675720215,1778557908.9935873,1778557909.6095653,1778557909.168386,1778557909.617759,False,False,False,0,2,0,False
4,20663514,cross_shard_frontrun,conflict_key_queue,47,1130047,r4-conflict_key_queue-p47-victim,r4-conflict_key_queue-p47-attacker,True,True,667.1545505523682,934.9379539489746,1778557908.9906526,1778557909.4556448,1778557909.094756,1778557909.462166,False,False,False,0,2,0,False
4,20663514,cross_shard_frontrun,conflict_key_queue,48,1130048,r4-conflict_key_queue-p48-victim,r4-conflict_key_queue-p48-attacker,True,True,667.9105758666992,1086.1787796020508,1778557908.991126,1778557909.5791948,1778557909.146131,1778557909.603119,False,False,False,0,2,0,False
4,20663514,cross_shard_frontrun,conflict_key_queue,49,1130049,r4-conflict_key_queue-p49-victim,r4-conflict_key_queue-p49-attacker,True,True,665.9731864929199,924.4940280914307,1778557908.9904082,1778557909.4497108,1778557909.083283,1778557909.45004,False,False,False,0,2,0,False
4,20663514,cross_shard_frontrun,conflict_key_queue,50,1130050,r4-conflict_key_queue-p50-victim,r4-conflict_key_queue-p50-attacker,True,True,666.1279201507568,1070.5602169036865,1778557908.9905596,1778557909.5596552,1778557909.094908,1778557909.559946,False,False,False,0,2,0,False
4,20663514,cross_shard_frontrun,conflict_key_queue,51,1130051,r4-conflict_key_queue-p51-victim,r4-conflict_key_queue-p51-attacker,True,True,666.2735939025879,1070.645809173584,1778557908.9908223,1778557909.559954,1778557909.112424,1778557909.573492,False,False,False,0,2,0,False
4,20663514,cross_shard_frontrun,conflict_key_queue,52,1130052,r4-conflict_key_queue-p52-victim,r4-conflict_key_queue-p52-attacker,True,True,666.266918182373,1084.0530395507812,1778557908.9909914,1778557909.5603426,1778557909.129578,1778557909.591232,False,False,False,0,2,0,False
4,20663514,cross_shard_frontrun,conflict_key_queue,53,1130053,r4-conflict_key_queue-p53-victim,r4-conflict_key_queue-p53-attacker,True,True,666.797399520874,1235.2848052978516,1778557908.9912288,1778557909.5968904,1778557909.162754,1778557909.616866,False,False,False,0,2,0,False
4,20663514,cross_shard_frontrun,conflict_key_queue,54,1130054,r4-conflict_key_queue-p54-victim,r4-conflict_key_queue-p54-attacker,True,True,666.2716865539551,1091.7630195617676,1778557908.991164,1778557909.5793056,1778557909.151651,1778557909.610524,False,False,False,0,2,0,False
4,20663514,cross_shard_frontrun,conflict_key_queue,55,1130055,r4-conflict_key_queue-p55-victim,r4-conflict_key_queue-p55-attacker,True,True,663.0887985229492,1070.6098079681396,1778557908.990915,1778557909.5604699,1778557909.123991,1778557909.597132,False,False,False,0,2,0,False
4,20663514,cross_shard_frontrun,conflict_key_queue,56,1130056,r4-conflict_key_queue-p56-victim,r4-conflict_key_queue-p56-attacker,True,True,625.1876354217529,810.0488185882568,1778557908.9910862,1778557909.573332,1778557909.140514,1778557909.602855,False,False,False,0,2,0,False
4,20663514,cross_shard_frontrun,conflict_key_queue,57,1130057,r4-conflict_key_queue-p57-victim,r4-conflict_key_queue-p57-attacker,True,True,214.9491310119629,789.0534400939941,1778557909.0400755,1778557909.6097202,1778557909.169671,1778557909.625247,False,False,False,0,2,0,False
4,20663514,cross_shard_frontrun,conflict_key_queue,58,1130058,r4-conflict_key_queue-p58-victim,r4-conflict_key_queue-p58-attacker,True,True,214.8911952972412,789.0238761901855,1778557909.066888,1778557909.6177711,1778557909.178587,1778557909.636082,False,False,False,0,2,0,False
4,20663514,cross_shard_frontrun,conflict_key_queue,59,1130059,r4-conflict_key_queue-p59-victim,r4-conflict_key_queue-p59-attacker,True,True,214.3714427947998,788.47336769104,1778557909.075622,1778557909.6174896,1778557909.178531,1778557909.630599,False,False,False,0,2,0,False
4,20663514,cross_shard_frontrun,conflict_key_queue,60,1130060,r4-conflict_key_queue-p60-victim,r4-conflict_key_queue-p60-attacker,True,True,214.40863609313965,788.5706424713135,1778557909.0825338,1778557909.617898,1778557909.178728,1778557909.64114,False,False,False,0,2,0,False
4,20663514,cross_shard_frontrun,conflict_key_queue,61,1130061,r4-conflict_key_queue-p61-victim,r4-conflict_key_queue-p61-attacker,True,True,214.4339084625244,788.6085510253906,1778557909.0862513,1778557909.618137,1778557909.189705,1778557909.652137,False,False,False,0,2,0,False
4,20663514,cross_shard_frontrun,conflict_key_queue,62,1130062,r4-conflict_key_queue-p62-victim,r4-conflict_key_queue-p62-attacker,True,True,211.92526817321777,785.0606441497803,1778557909.0631006,1778557909.6164231,1778557909.170847,1778557909.624926,False,False,False,0,2,0,False
4,20663514,cross_shard_frontrun,conflict_key_queue,63,1130063,r4-conflict_key_queue-p63-victim,r4-conflict_key_queue-p63-attacker,True,True,211.38310432434082,672.2464561462402,1778557909.08277,1778557909.618013,1778557909.184672,1778557909.646667,False,False,False,0,2,0,False
4,20663514,cross_shard_frontrun,conflict_key_queue,64,1130064,r4-conflict_key_queue-p64-victim,r4-conflict_key_queue-p64-attacker,True,True,79.36954498291016,598.7656116485596,1778557909.2441936,1778557909.6182284,1778557909.244488,1778557909.657885,False,False,False,0,2,0,False
4,20663514,cross_shard_frontrun,conflict_key_queue,65,1130065,r4-conflict_key_queue-p65-victim,r4-conflict_key_queue-p65-attacker,True,True,89.08700942993164,598.3076095581055,1778557909.2546358,1778557909.6183908,1778557909.254864,1778557909.663123,False,False,False,0,2,0,False
4,20663514,cross_shard_frontrun,conflict_key_queue,66,1130066,r4-conflict_key_queue-p66-victim,r4-conflict_key_queue-p66-attacker,True,True,91.76063537597656,598.2894897460938,1778557909.2579138,1778557909.6185071,1778557909.258079,1778557909.668352,False,False,False,0,2,0,False
4,20663514,cross_shard_frontrun,conflict_key_queue,67,1130067,r4-conflict_key_queue-p67-victim,r4-conflict_key_queue-p67-attacker,True,True,106.91976547241211,598.1526374816895,1778557909.2733097,1778557909.6186686,1778557909.273512,1778557909.673628,False,False,False,0,2,0,False
4,20663514,cross_shard_frontrun,conflict_key_queue,68,1130068,r4-conflict_key_queue-p68-victim,r4-conflict_key_queue-p68-attacker,True,True,110.68224906921387,597.7401733398438,1778557909.2772446,1778557909.6188204,1778557909.277453,1778557909.678641,False,False,False,0,2,0,False
4,20663514,cross_shard_frontrun,conflict_key_queue,69,1130069,r4-conflict_key_queue-p69-victim,r4-conflict_key_queue-p69-attacker,True,True,606.522798538208,1016.228199005127,1778557909.6195004,1778557910.1446128,1778557909.699543,1778557910.166196,False,False,False,0,2,0,False
4,20663514,cross_shard_frontrun,conflict_key_queue,70,1130070,r4-conflict_key_queue-p70-victim,r4-conflict_key_queue-p70-attacker,True,True,598.4807014465332,1008.2945823669434,1778557909.6192076,1778557910.1442993,1778557909.694426,1778557910.152823,False,False,False,0,2,0,False
4,20663514,cross_shard_frontrun,conflict_key_queue,71,1130071,r4-conflict_key_queue-p71-victim,r4-conflict_key_queue-p71-attacker,True,True,598.7787246704102,997.6711273193359,1778557909.6196003,1778557910.1447425,1778557909.705462,1778557910.173444,False,False,False,0,2,0,False
4,20663514,cross_shard_frontrun,conflict_key_queue,72,1130072,r4-conflict_key_queue-p72-victim,r4-conflict_key_queue-p72-attacker,True,True,587.5561237335205,997.1237182617188,1778557909.619347,1778557910.1445184,1778557909.699758,1778557910.158776,False,False,False,0,2,0,False
4,20663514,cross_shard_frontrun,conflict_key_queue,73,1130073,r4-conflict_key_queue-p73-victim,r4-conflict_key_queue-p73-attacker,True,True,586.2812995910645,825.927734375,1778557909.6189632,1778557910.0227482,1778557909.684122,1778557910.023279,False,False,False,0,2,0,False
4,20663514,cross_shard_frontrun,conflict_key_queue,74,1130074,r4-conflict_key_queue-p74-victim,r4-conflict_key_queue-p74-attacker,True,True,586.3125324249268,985.3553771972656,1778557909.6190937,1778557910.1440446,1778557909.689302,1778557910.144477,False,False,False,0,2,0,False
4,20663514,cross_shard_frontrun,conflict_key_queue,75,1130075,r4-conflict_key_queue-p75-victim,r4-conflict_key_queue-p75-attacker,True,True,587.3010158538818,997.0493316650391,1778557909.61986,1778557910.144983,1778557909.71644,1778557910.184118,False,False,False,0,2,0,False
4,20663514,cross_shard_frontrun,conflict_key_queue,76,1130076,r4-conflict_key_queue-p76-victim,r4-conflict_key_queue-p76-attacker,True,True,587.8117084503174,1005.002498626709,1778557909.6209059,1778557910.2008471,1778557909.745852,1778557910.20107,False,False,False,0,2,0,False
4,20663514,cross_shard_frontrun,conflict_key_queue,77,1130077,r4-conflict_key_queue-p77-victim,r4-conflict_key_queue-p77-attacker,True,True,586.9388580322266,1001.5048980712891,1778557909.6199982,1778557910.1523442,1778557909.722174,1778557910.195135,False,False,False,0,2,0,False
4,20663514,cross_shard_frontrun,conflict_key_queue,78,1130078,r4-conflict_key_queue-p78-victim,r4-conflict_key_queue-p78-attacker,True,True,587.1181488037109,998.4116554260254,1778557909.620602,1778557910.159019,1778557909.739943,1778557910.194907,False,False,False,0,2,0,False
4,20663514,cross_shard_frontrun,conflict_key_queue,79,1130079,r4-conflict_key_queue-p79-victim,r4-conflict_key_queue-p79-attacker,True,True,587.8567695617676,1191.709280014038,1778557909.621148,1778557910.223918,1778557909.768261,1778557910.240244,False,False,False,0,2,0,False
4,20663514,cross_shard_frontrun,conflict_key_queue,80,1130080,r4-conflict_key_queue-p80-victim,r4-conflict_key_queue-p80-attacker,True,True,586.1332416534424,995.567798614502,1778557909.6202142,1778557910.152024,1778557909.728319,1778557910.183837,False,False,False,0,2,0,False
4,20663514,cross_shard_frontrun,conflict_key_queue,81,1130081,r4-conflict_key_queue-p81-victim,r4-conflict_key_queue-p81-attacker,True,True,585.3915214538574,995.1117038726807,1778557909.6197171,1778557910.1448514,1778557909.710576,1778557910.178805,False,False,False,0,2,0,False
4,20663514,cross_shard_frontrun,conflict_key_queue,82,1130082,r4-conflict_key_queue-p82-victim,r4-conflict_key_queue-p82-attacker,True,True,586.6420269012451,1190.427541732788,1778557909.6210845,1778557910.2236652,1778557909.762434,1778557910.2299,False,False,False,0,2,0,False
4,20663514,cross_shard_frontrun,conflict_key_queue,83,1130083,r4-conflict_key_queue-p83-victim,r4-conflict_key_queue-p83-attacker,True,True,585.3338241577148,940.2735233306885,1778557909.6203835,1778557910.1522453,1778557909.734253,1778557910.190123,False,False,False,0,2,0,False
4,20663514,cross_shard_frontrun,conflict_key_queue,84,1130084,r4-conflict_key_queue-p84-victim,r4-conflict_key_queue-p84-attacker,True,True,521.1291313171387,1121.6719150543213,1778557909.6210282,1778557910.223507,1778557909.756994,1778557910.223806,False,False,False,0,2,0,False
4,20663514,cross_shard_frontrun,conflict_key_queue,85,1130085,r4-conflict_key_queue-p85-victim,r4-conflict_key_queue-p85-attacker,True,True,502.3190975189209,927.5484085083008,1778557909.6209779,1778557910.2118661,1778557909.751427,1778557910.212127,False,False,False,0,2,0,False
4,20663514,cross_shard_frontrun,conflict_key_queue,86,1130086,r4-conflict_key_queue-p86-victim,r4-conflict_key_queue-p86-attacker,True,True,322.97754287719727,921.4363098144531,1778557909.6231399,1778557910.2238255,1778557909.768291,1778557910.23536,False,False,False,0,2,0,False
4,20663514,cross_shard_frontrun,conflict_key_queue,87,1130087,r4-conflict_key_queue-p87-victim,r4-conflict_key_queue-p87-attacker,True,True,317.3637390136719,917.8059101104736,1778557909.6231983,1778557910.2239954,1778557909.77447,1778557910.245607,False,False,False,0,2,0,False
4,20663514,cross_shard_frontrun,conflict_key_queue,88,1130088,r4-conflict_key_queue-p88-victim,r4-conflict_key_queue-p88-attacker,True,True,178.49278450012207,781.6116809844971,1778557909.6790848,1778557910.2242267,1778557909.77596,1778557910.261419,False,False,False,0,2,0,False
4,20663514,cross_shard_frontrun,conflict_key_queue,89,1130089,r4-conflict_key_queue-p89-victim,r4-conflict_key_queue-p89-attacker,True,True,177.96564102172852,767.9152488708496,1778557909.6703646,1778557910.2241602,1778557909.775654,1778557910.256208,False,False,False,0,2,0,False
4,20663514,cross_shard_frontrun,conflict_key_queue,90,1130090,r4-conflict_key_queue-p90-victim,r4-conflict_key_queue-p90-attacker,True,True,163.8801097869873,767.0104503631592,1778557909.6872933,1778557910.2240865,1778557909.776407,1778557910.251057,False,False,False,0,2,0,False
4,20663514,cross_shard_frontrun,conflict_key_queue,91,1130091,r4-conflict_key_queue-p91-victim,r4-conflict_key_queue-p91-attacker,True,True,165.22836685180664,767.838716506958,1778557909.6985154,1778557910.2244232,1778557909.776899,1778557910.276916,False,False,False,0,2,0,False
4,20663514,cross_shard_frontrun,conflict_key_queue,92,1130092,r4-conflict_key_queue-p92-victim,r4-conflict_key_queue-p92-attacker,True,True,163.8650894165039,766.974925994873,1778557909.6967256,1778557910.2243047,1778557909.776578,1778557910.266251,False,False,False,0,2,0,False
4,20663514,cross_shard_frontrun,conflict_key_queue,93,1130093,r4-conflict_key_queue-p93-victim,r4-conflict_key_queue-p93-attacker,True,True,156.76426887512207,685.3697299957275,1778557909.7037272,1778557910.2243648,1778557909.777075,1778557910.271707,False,False,False,0,2,0,False
4,20663514,cross_shard_frontrun,conflict_key_queue,94,1130094,r4-conflict_key_queue-p94-victim,r4-conflict_key_queue-p94-attacker,True,True,62.59584426879883,617.0330047607422,1778557909.829582,1778557910.224498,1778557909.829815,1778557910.281937,False,False,False,0,2,0,False
4,20663514,cross_shard_frontrun,conflict_key_queue,95,1130095,r4-conflict_key_queue-p95-victim,r4-conflict_key_queue-p95-attacker,True,True,67.58475303649902,611.1733913421631,1778557909.8386765,1778557910.2245653,1778557909.838919,1778557910.287217,False,False,False,0,2,0,False
4,20663514,cross_shard_frontrun,conflict_key_queue,96,1130096,r4-conflict_key_queue-p96-victim,r4-conflict_key_queue-p96-attacker,True,True,619.8766231536865,966.1562442779541,1778557910.2249157,1778557910.6377208,1778557910.304298,1778557910.651531,False,False,False,0,2,0,False
4,20663514,cross_shard_frontrun,conflict_key_queue,97,1130097,r4-conflict_key_queue-p97-victim,r4-conflict_key_queue-p97-attacker,True,True,619.0080642700195,628.1375885009766,1778557910.2246382,1778557910.4098313,1778557910.292633,1778557910.410057,False,False,False,0,2,0,False
4,20663514,cross_shard_frontrun,conflict_key_queue,98,1130098,r4-conflict_key_queue-p98-victim,r4-conflict_key_queue-p98-attacker,True,True,620.0966835021973,965.3911590576172,1778557910.2251124,1778557910.6375656,1778557910.321094,1778557910.64594,False,False,False,0,2,0,False
4,20663514,cross_shard_frontrun,conflict_key_queue,99,1130099,r4-conflict_key_queue-p99-victim,r4-conflict_key_queue-p99-attacker,True,True,621.213436126709,966.6643142700195,1778557910.2257402,1778557910.6385334,1778557910.367928,1778557910.700955,False,False,False,0,2,0,False
4,20663514,cross_shard_frontrun,conflict_key_queue,100,1130100,r4-conflict_key_queue-p100-victim,r4-conflict_key_queue-p100-attacker,True,True,618.9689636230469,964.9760723114014,1778557910.2250571,1778557910.6378365,1778557910.315354,1778557910.657098,False,False,False,0,2,0,False
4,20663514,cross_shard_frontrun,conflict_key_queue,101,1130101,r4-conflict_key_queue-p101-victim,r4-conflict_key_queue-p101-attacker,True,True,618.330717086792,931.6015243530273,1778557910.2249987,1778557910.637465,1778557910.309908,1778557910.637736,False,False,False,0,2,0,False
4,20663514,cross_shard_frontrun,conflict_key_queue,102,1130102,r4-conflict_key_queue-p102-victim,r4-conflict_key_queue-p102-attacker,True,True,618.7021732330322,964.4300937652588,1778557910.2251668,1778557910.6380732,1778557910.326601,1778557910.673243,False,False,False,0,2,0,False
4,20663514,cross_shard_frontrun,conflict_key_queue,103,1130103,r4-conflict_key_queue-p103-victim,r4-conflict_key_queue-p103-attacker,True,True,616.8885231018066,781.4319133758545,1778557910.224732,1778557910.5659645,1778557910.298496,1778557910.566214,False,False,False,0,2,0,False
4,20663514,cross_shard_frontrun,conflict_key_queue,104,1130104,r4-conflict_key_queue-p104-victim,r4-conflict_key_queue-p104-attacker,True,True,618.2339191436768,963.5043144226074,1778557910.2253506,1778557910.6379983,1778557910.338516,1778557910.66791,False,False,False,0,2,0,False
4,20663514,cross_shard_frontrun,conflict_key_queue,105,1130105,r4-conflict_key_queue-p105-victim,r4-conflict_key_queue-p105-attacker,True,True,617.7322864532471,963.0484580993652,1778557910.2252758,1778557910.6379247,1778557910.333041,1778557910.662666,False,False,False,0,2,0,False
4,20663514,cross_shard_frontrun,conflict_key_queue,106,1130106,r4-conflict_key_queue-p106-victim,r4-conflict_key_queue-p106-attacker,True,True,618.2997226715088,963.7820720672607,1778557910.2256722,1778557910.638468,1778557910.362314,1778557910.695848,False,False,False,0,2,0,False
4,20663514,cross_shard_frontrun,conflict_key_queue,107,1130107,r4-conflict_key_queue-p107-victim,r4-conflict_key_queue-p107-attacker,True,True,618.5643672943115,964.1587734222412,1778557910.226991,1778557910.6388628,1778557910.390961,1778557910.716339,False,False,False,0,2,0,False
4,20663514,cross_shard_frontrun,conflict_key_queue,108,1130108,r4-conflict_key_queue-p108-victim,r4-conflict_key_queue-p108-attacker,True,True,617.180347442627,962.5132083892822,1778557910.2255292,1778557910.6382287,1778557910.351085,1778557910.678833,False,False,False,0,2,0,False
4,20663514,cross_shard_frontrun,conflict_key_queue,109,1130109,r4-conflict_key_queue-p109-victim,r4-conflict_key_queue-p109-attacker,True,True,617.6908016204834,963.6380672454834,1778557910.2259223,1778557910.638743,1778557910.38505,1778557910.716541,False,False,False,0,2,0,False
4,20663514,cross_shard_frontrun,conflict_key_queue,110,1130110,r4-conflict_key_queue-p110-victim,r4-conflict_key_queue-p110-attacker,True,True,616.3132190704346,961.3485336303711,1778557910.2254465,1778557910.6383219,1778557910.344514,1778557910.684364,False,False,False,0,2,0,False
4,20663514,cross_shard_frontrun,conflict_key_queue,111,1130111,r4-conflict_key_queue-p111-victim,r4-conflict_key_queue-p111-attacker,True,True,615.7829761505127,961.4040851593018,1778557910.2258034,1778557910.638595,1778557910.374061,1778557910.706161,False,False,False,0,2,0,False
4,20663514,cross_shard_frontrun,conflict_key_queue,112,1130112,r4-conflict_key_queue-p112-victim,r4-conflict_key_queue-p112-attacker,True,True,615.0305271148682,960.1569175720215,1778557910.2255964,1778557910.6383975,1778557910.35678,1778557910.68991,False,False,False,0,2,0,False
4,20663514,cross_shard_frontrun,conflict_key_queue,113,1130113,r4-conflict_key_queue-p113-victim,r4-conflict_key_queue-p113-attacker,True,True,614.6702766418457,911.8788242340088,1778557910.2258675,1778557910.638676,1778557910.379516,1778557910.711452,False,False,False,0,2,0,False
4,20663514,cross_shard_frontrun,conflict_key_queue,114,1130114,r4-conflict_key_queue-p114-victim,r4-conflict_key_queue-p114-attacker,True,True,555.567741394043,719.3958759307861,1778557910.2259674,1778557910.638992,1778557910.391093,1778557910.727042,False,False,False,0,2,0,False
4,20663514,cross_shard_frontrun,conflict_key_queue,115,1130115,r4-conflict_key_queue-p115-victim,r4-conflict_key_queue-p115-attacker,True,True,213.4385108947754,548.4709739685059,1778557910.2432683,1778557910.6389253,1778557910.391683,1778557910.721934,False,False,False,0,2,0,False
4,20663514,cross_shard_frontrun,conflict_key_queue,116,1130116,r4-conflict_key_queue-p116-victim,r4-conflict_key_queue-p116-attacker,True,True,202.62551307678223,548.50172996521,1778557910.259832,1778557910.6390433,1778557910.392289,1778557910.732198,False,False,False,0,2,0,False
4,20663514,cross_shard_frontrun,conflict_key_queue,117,1130117,r4-conflict_key_queue-p117-victim,r4-conflict_key_queue-p117-attacker,True,True,202.58140563964844,548.3255386352539,1778557910.2714179,1778557910.6391127,1778557910.392806,1778557910.737536,False,False,False,0,2,0,False
4,20663514,cross_shard_frontrun,conflict_key_queue,118,1130118,r4-conflict_key_queue-p118-victim,r4-conflict_key_queue-p118-attacker,True,True,202.41045951843262,548.1405258178711,1778557910.2750525,1778557910.63917,1778557910.393014,1778557910.742457,False,False,False,0,2,0,False
4,20663514,cross_shard_frontrun,conflict_key_queue,119,1130119,r4-conflict_key_queue-p119-victim,r4-conflict_key_queue-p119-attacker,True,True,202.3615837097168,546.2286472320557,1778557910.2810738,1778557910.6412265,1778557910.393306,1778557910.749282,False,False,False,0,2,0,False
4,20664514,cross_shard_frontrun,two_phase_commit,0,1140000,r4-two_phase_commit-p0-victim,r4-two_phase_commit-p0-attacker,True,True,85.31785011291504,1006.77490234375,1778557911.991095,1778557912.6046126,1778557911.992391,1778557912.616792,False,False,False,0,2,0,False
4,20664514,cross_shard_frontrun,two_phase_commit,1,1140001,r4-two_phase_commit-p1-victim,r4-two_phase_commit-p1-attacker,True,True,159.3914031982422,1006.5484046936035,1778557912.073437,1778557912.6046813,1778557912.073767,1778557912.622051,False,False,False,0,2,0,False
4,20664514,cross_shard_frontrun,two_phase_commit,2,1140002,r4-two_phase_commit-p2-victim,r4-two_phase_commit-p2-attacker,True,True,314.59856033325195,1006.1273574829102,1778557912.2274761,1778557912.604792,1778557912.227733,1778557912.632848,False,False,False,0,2,0,False
4,20664514,cross_shard_frontrun,two_phase_commit,3,1140003,r4-two_phase_commit-p3-victim,r4-two_phase_commit-p3-attacker,True,True,296.5662479400635,1006.3879489898682,1778557912.2119179,1778557912.6049466,1778557912.21236,1778557912.648872,False,False,False,0,2,0,False
4,20664514,cross_shard_frontrun,two_phase_commit,4,1140004,r4-two_phase_commit-p4-victim,r4-two_phase_commit-p4-attacker,True,True,793.4253215789795,1006.1078071594238,1778557912.6043682,1778557912.605012,1778557912.604669,1778557912.654321,False,False,False,0,2,0,False
4,20664514,cross_shard_frontrun,two_phase_commit,5,1140005,r4-two_phase_commit-p5-victim,r4-two_phase_commit-p5-attacker,True,True,1011.8672847747803,1007.0159435272217,1778557912.6044757,1778557912.6054015,1778557912.61129,1778557912.685648,False,False,False,0,2,0,False
4,20664514,cross_shard_frontrun,two_phase_commit,6,1140006,r4-two_phase_commit-p6-victim,r4-two_phase_commit-p6-attacker,True,True,1012.0584964752197,1006.7741870880127,1778557912.604737,1778557912.605452,1778557912.627301,1778557912.690576,False,False,False,0,2,0,False
4,20664514,cross_shard_frontrun,two_phase_commit,7,1140007,r4-two_phase_commit-p7-victim,r4-two_phase_commit-p7-attacker,True,True,1012.1192932128906,1007.4853897094727,1778557912.6048458,1778557912.605691,1778557912.638275,1778557912.710924,False,False,False,0,2,0,False
4,20664514,cross_shard_frontrun,two_phase_commit,8,1140008,r4-two_phase_commit-p8-victim,r4-two_phase_commit-p8-attacker,True,True,1011.8379592895508,1006.704568862915,1778557912.604898,1778557912.6058095,1778557912.64345,1778557912.711009,False,False,False,0,2,0,False
4,20664514,cross_shard_frontrun,two_phase_commit,9,1140009,r4-two_phase_commit-p9-victim,r4-two_phase_commit-p9-attacker,True,True,1012.5958919525146,1006.4091682434082,1778557912.6051745,1778557912.6058693,1778557912.669735,1778557912.717392,False,False,False,0,2,0,False
4,20664514,cross_shard_frontrun,two_phase_commit,10,1140010,r4-two_phase_commit-p10-victim,r4-two_phase_commit-p10-attacker,True,True,1011.8386745452881,1006.582498550415,1778557912.6051223,1778557912.606067,1778557912.66472,1778557912.733099,False,False,False,0,2,0,False
4,20664514,cross_shard_frontrun,two_phase_commit,11,1140011,r4-two_phase_commit-p11-victim,r4-two_phase_commit-p11-attacker,True,True,1010.9636783599854,1006.8068504333496,1778557912.6050696,1778557912.60618,1778557912.659352,1778557912.743494,False,False,False,0,2,0,False
4,20664514,cross_shard_frontrun,two_phase_commit,12,1140012,r4-two_phase_commit-p12-victim,r4-two_phase_commit-p12-attacker,True,True,1011.20924949646,1006.3724517822266,1778557912.6052291,1778557912.6062346,1778557912.675434,1778557912.748931,False,False,False,0,2,0,False
4,20664514,cross_shard_frontrun,two_phase_commit,13,1140013,r4-two_phase_commit-p13-victim,r4-two_phase_commit-p13-attacker,True,True,1011.0044479370117,1006.4904689788818,1778557912.6053045,1778557912.6064084,1778557912.680296,1778557912.765248,False,False,False,0,2,0,False
4,20664514,cross_shard_frontrun,two_phase_commit,14,1140014,r4-two_phase_commit-p14-victim,r4-two_phase_commit-p14-attacker,True,True,1011.1143589019775,1005.7017803192139,1778557912.6055772,1778557912.606555,1778557912.700954,1778557912.775671,False,False,False,0,2,0,False
4,20664514,cross_shard_frontrun,two_phase_commit,15,1140015,r4-two_phase_commit-p15-victim,r4-two_phase_commit-p15-attacker,True,True,1010.6542110443115,1005.5942535400391,1778557912.6056325,1778557912.6066418,1778557912.705915,1778557912.780766,False,False,False,0,2,0,False
4,20664514,cross_shard_frontrun,two_phase_commit,16,1140016,r4-two_phase_commit-p16-victim,r4-two_phase_commit-p16-attacker,True,True,1009.4645023345947,1004.9333572387695,1778557912.6055186,1778557912.6067145,1778557912.695969,1778557912.785873,False,False,False,0,2,0,False
4,20664514,cross_shard_frontrun,two_phase_commit,17,1140017,r4-two_phase_commit-p17-victim,r4-two_phase_commit-p17-attacker,True,True,1009.9289417266846,1004.321813583374,1778557912.6059406,1778557912.6069138,1778557912.722426,1778557912.802242,False,False,False,0,2,0,False
4,20664514,cross_shard_frontrun,two_phase_commit,18,1140018,r4-two_phase_commit-p18-victim,r4-two_phase_commit-p18-attacker,True,True,1009.5005035400391,1002.4204254150391,1778557912.6060114,1778557912.6069815,1778557912.72787,1778557912.807982,False,False,False,0,2,0,False
4,20664514,cross_shard_frontrun,two_phase_commit,19,1140019,r4-two_phase_commit-p19-victim,r4-two_phase_commit-p19-attacker,True,True,1009.4830989837646,1002.9819011688232,1778557912.6061234,1778557912.6072042,1778557912.738088,1778557912.825921,False,False,False,0,2,0,False
4,20664514,cross_shard_frontrun,two_phase_commit,20,1140020,r4-two_phase_commit-p20-victim,r4-two_phase_commit-p20-attacker,True,True,1009.8898410797119,1003.4778118133545,1778557912.6063554,1778557912.6075692,1778557912.759331,1778557912.848839,False,False,False,0,2,0,False
4,20664514,cross_shard_frontrun,two_phase_commit,21,1140021,r4-two_phase_commit-p21-victim,r4-two_phase_commit-p21-attacker,True,True,1009.1695785522461,1002.3927688598633,1778557912.606299,1778557912.6070433,1778557912.754077,1778557912.813787,False,False,False,0,2,0,False
4,20664514,cross_shard_frontrun,two_phase_commit,22,1140022,r4-two_phase_commit-p22-victim,r4-two_phase_commit-p22-attacker,True,True,1009.1221332550049,1002.9196739196777,1778557912.6064632,1778557912.6076322,1778557912.770372,1778557912.854478,False,False,False,0,2,0,False
4,20664514,cross_shard_frontrun,two_phase_commit,23,1140023,r4-two_phase_commit-p23-victim,r4-two_phase_commit-p23-attacker,True,True,1009.2711448669434,1002.720832824707,1778557912.6068509,1778557912.6077192,1778557912.796701,1778557912.865956,False,False,False,0,2,0,False
4,20664514,cross_shard_frontrun,two_phase_commit,24,1140024,r4-two_phase_commit-p24-victim,r4-two_phase_commit-p24-attacker,True,True,1008.6119174957275,1002.4080276489258,1778557912.6067863,1778557912.607848,1778557912.790873,1778557912.871545,False,False,False,0,2,0,False
4,20664514,cross_shard_frontrun,two_phase_commit,25,1140025,r4-two_phase_commit-p25-victim,r4-two_phase_commit-p25-attacker,True,True,1008.9898109436035,1001.6317367553711,1778557912.6071095,1778557912.607783,1778557912.819762,1778557912.86014,False,False,False,0,2,0,False
4,20664514,cross_shard_frontrun,two_phase_commit,26,1140026,r4-two_phase_commit-p26-victim,r4-two_phase_commit-p26-attacker,True,True,1008.9921951293945,1001.4159679412842,1778557912.6074986,1778557912.6079202,1778557912.842866,1778557912.877075,False,False,False,0,2,0,False
4,20664514,cross_shard_frontrun,two_phase_commit,27,1140027,r4-two_phase_commit-p27-victim,r4-two_phase_commit-p27-attacker,True,True,1007.8647136688232,1000.7321834564209,1778557912.6072912,1778557912.6081176,1778557912.831377,1778557912.882815,False,False,False,0,2,0,False
4,20664514,cross_shard_frontrun,two_phase_commit,28,1140028,r4-two_phase_commit-p28-victim,r4-two_phase_commit-p28-attacker,True,True,1007.4195861816406,1000.6258487701416,1778557912.6074042,1778557912.6083431,1778557912.837081,1778557912.900926,False,False,False,0,2,0,False
4,20664514,cross_shard_frontrun,two_phase_commit,29,1140029,r4-two_phase_commit-p29-victim,r4-two_phase_commit-p29-attacker,True,True,1008.4903240203857,1000.2007484436035,1778557912.608446,1778557912.6085103,1778557912.906472,1778557912.9122,False,False,False,0,2,0,False
4,20664514,cross_shard_frontrun,two_phase_commit,30,1140030,r4-two_phase_commit-p30-victim,r4-two_phase_commit-p30-attacker,True,True,1007.5440406799316,999.7446537017822,1778557912.6080182,1778557912.608584,1778557912.888632,1778557912.918076,False,False,False,0,2,0,False
4,20664514,cross_shard_frontrun,two_phase_commit,31,1140031,r4-two_phase_commit-p31-victim,r4-two_phase_commit-p31-attacker,True,True,1007.0188045501709,999.2296695709229,1778557912.608215,1778557912.6086507,1778557912.894744,1778557912.923715,False,False,False,0,2,0,False
4,20664514,cross_shard_frontrun,two_phase_commit,32,1140032,r4-two_phase_commit-p32-victim,r4-two_phase_commit-p32-attacker,True,True,941.6103363037109,858.5810661315918,1778557912.6452007,1778557912.6485913,1778557912.931258,1778557912.931628,False,False,False,0,2,0,False
4,20664514,cross_shard_frontrun,two_phase_commit,33,1140033,r4-two_phase_commit-p33-victim,r4-two_phase_commit-p33-attacker,True,True,728.2028198242188,702.4168968200684,1778557912.6639643,1778557912.6087217,1778557912.932372,1778557912.930185,True,True,True,0,2,0,False
4,20664514,cross_shard_frontrun,two_phase_commit,34,1140034,r4-two_phase_commit-p34-victim,r4-two_phase_commit-p34-attacker,True,True,230.99565505981445,1031.8419933319092,1778557912.7758782,1778557913.6278117,1778557912.9373,1778557913.654741,False,False,False,0,2,0,False
4,20664514,cross_shard_frontrun,two_phase_commit,35,1140035,r4-two_phase_commit-p35-victim,r4-two_phase_commit-p35-attacker,True,True,81.9559097290039,1031.7392349243164,1778557913.008869,1778557913.6281812,1778557913.009182,1778557913.665838,False,False,False,0,2,0,False
4,20664514,cross_shard_frontrun,two_phase_commit,36,1140036,r4-two_phase_commit-p36-victim,r4-two_phase_commit-p36-attacker,True,True,210.24274826049805,1032.4127674102783,1778557913.1377718,1778557913.6286533,1778557913.138004,1778557913.687095,False,False,False,0,2,0,False
4,20664514,cross_shard_frontrun,two_phase_commit,37,1140037,r4-two_phase_commit-p37-victim,r4-two_phase_commit-p37-attacker,True,True,328.22275161743164,1033.3926677703857,1778557913.2577903,1778557913.629494,1778557913.258124,1778557913.718113,False,False,False,0,2,0,False
4,20664514,cross_shard_frontrun,two_phase_commit,38,1140038,r4-two_phase_commit-p38-victim,r4-two_phase_commit-p38-attacker,True,True,313.76194953918457,1033.7519645690918,1778557913.2445545,1778557913.6299665,1778557913.244767,1778557913.733554,False,False,False,0,2,0,False
4,20664514,cross_shard_frontrun,two_phase_commit,39,1140039,r4-two_phase_commit-p39-victim,r4-two_phase_commit-p39-attacker,True,True,1036.6365909576416,1034.0023040771484,1778557913.6272159,1778557913.630432,1778557913.627769,1778557913.750229,False,False,False,0,2,0,False
4,20664514,cross_shard_frontrun,two_phase_commit,40,1140040,r4-two_phase_commit-p40-victim,r4-two_phase_commit-p40-attacker,True,True,1036.6528034210205,1034.0824127197266,1778557913.627577,1778557913.6309254,1778557913.643543,1778557913.767632,False,False,False,0,2,0,False
4,20664514,cross_shard_frontrun,two_phase_commit,41,1140041,r4-two_phase_commit-p41-victim,r4-two_phase_commit-p41-attacker,True,True,1035.9532833099365,1034.0766906738281,1778557913.6276927,1778557913.6311283,1778557913.649124,1778557913.779468,False,False,False,0,2,0,False
4,20664514,cross_shard_frontrun,two_phase_commit,42,1140042,r4-two_phase_commit-p42-victim,r4-two_phase_commit-p42-attacker,True,True,1035.8824729919434,1033.8904857635498,1778557913.6273782,1778557913.6314318,1778557913.637622,1778557913.79108,False,False,False,0,2,0,False
4,20664514,cross_shard_frontrun,two_phase_commit,43,1140043,r4-two_phase_commit-p43-victim,r4-two_phase_commit-p43-attacker,True,True,1036.0069274902344,1033.6289405822754,1778557913.6279533,1778557913.6315415,1778557913.660513,1778557913.797014,False,False,False,0,2,0,False
4,20664514,cross_shard_frontrun,two_phase_commit,44,1140044,r4-two_phase_commit-p44-victim,r4-two_phase_commit-p44-attacker,True,True,1037.1134281158447,1033.797025680542,1778557913.628782,1778557913.632289,1778557913.692351,1778557913.821381,False,False,False,0,2,0,False
4,20664514,cross_shard_frontrun,two_phase_commit,45,1140045,r4-two_phase_commit-p45-victim,r4-two_phase_commit-p45-attacker,True,True,1035.6361865997314,1033.003568649292,1778557913.6282868,1778557913.6319864,1778557913.671127,1778557913.809136,False,False,False,0,2,0,False
4,20664514,cross_shard_frontrun,two_phase_commit,46,1140046,r4-two_phase_commit-p46-victim,r4-two_phase_commit-p46-attacker,True,True,1036.4489555358887,1033.195972442627,1778557913.6289227,1778557913.632428,1778557913.697848,1778557913.832355,False,False,False,0,2,0,False
4,20664514,cross_shard_frontrun,two_phase_commit,47,1140047,r4-two_phase_commit-p47-victim,r4-two_phase_commit-p47-attacker,True,True,1034.8613262176514,1033.1189632415771,1778557913.628405,1778557913.6326969,1778557913.676726,1778557913.856343,False,False,False,0,2,0,False
4,20664514,cross_shard_frontrun,two_phase_commit,48,1140048,r4-two_phase_commit-p48-victim,r4-two_phase_commit-p48-attacker,True,True,1034.5213413238525,1032.4640274047852,1778557913.6285434,1778557913.63257,1778557913.681976,1778557913.843807,False,False,False,0,2,0,False
4,20664514,cross_shard_frontrun,two_phase_commit,49,1140049,r4-two_phase_commit-p49-victim,r4-two_phase_commit-p49-attacker,True,True,1035.2528095245361,1033.1640243530273,1778557913.629087,1778557913.6329706,1778557913.702927,1778557913.873572,False,False,False,0,2,0,False
4,20664514,cross_shard_frontrun,two_phase_commit,50,1140050,r4-two_phase_commit-p50-victim,r4-two_phase_commit-p50-attacker,True,True,1035.2156162261963,1032.346248626709,1778557913.6292236,1778557913.632795,1778557913.707884,1778557913.861946,False,False,False,0,2,0,False
4,20664514,cross_shard_frontrun,two_phase_commit,51,1140051,r4-two_phase_commit-p51-victim,r4-two_phase_commit-p51-attacker,True,True,1035.0620746612549,1032.850742340088,1778557913.6293404,1778557913.6330533,1778557913.713073,1778557913.879151,False,False,False,0,2,0,False
4,20664514,cross_shard_frontrun,two_phase_commit,52,1140052,r4-two_phase_commit-p52-victim,r4-two_phase_commit-p52-attacker,True,True,1035.2702140808105,1032.9666137695312,1778557913.629644,1778557913.6331956,1778557913.723144,1778557913.890452,False,False,False,0,2,0,False
4,20664514,cross_shard_frontrun,two_phase_commit,53,1140053,r4-two_phase_commit-p53-victim,r4-two_phase_commit-p53-attacker,True,True,1035.3350639343262,1032.7672958374023,1778557913.6298106,1778557913.633276,1778557913.728194,1778557913.895999,False,False,False,0,2,0,False
4,20664514,cross_shard_frontrun,two_phase_commit,54,1140054,r4-two_phase_commit-p54-victim,r4-two_phase_commit-p54-attacker,True,True,1035.9256267547607,1032.4466228485107,1778557913.6301365,1778557913.6333475,1778557913.738905,1778557913.902267,False,False,False,0,2,0,False
4,20664514,cross_shard_frontrun,two_phase_commit,55,1140055,r4-two_phase_commit-p55-victim,r4-two_phase_commit-p55-attacker,True,True,1035.5932712554932,1032.247543334961,1778557913.6302953,1778557913.6333961,1778557913.744882,1778557913.907605,False,False,False,0,2,0,False
4,20664514,cross_shard_frontrun,two_phase_commit,56,1140056,r4-two_phase_commit-p56-victim,r4-two_phase_commit-p56-attacker,True,True,1035.7332229614258,1032.1519374847412,1778557913.6306067,1778557913.6334896,1778557913.756172,1778557913.913326,False,False,False,0,2,0,False
4,20664514,cross_shard_frontrun,two_phase_commit,57,1140057,r4-two_phase_commit-p57-victim,r4-two_phase_commit-p57-attacker,True,True,1035.7294082641602,1032.052993774414,1778557913.6307602,1778557913.6335752,1778557913.76199,1778557913.918633,False,False,False,0,2,0,False
4,20664514,cross_shard_frontrun,two_phase_commit,58,1140058,r4-two_phase_commit-p58-victim,r4-two_phase_commit-p58-attacker,True,True,1036.128044128418,1031.8903923034668,1778557913.6313076,1778557913.6336474,1778557913.785137,1778557913.924284,False,False,False,0,2,0,False
4,20664514,cross_shard_frontrun,two_phase_commit,59,1140059,r4-two_phase_commit-p59-victim,r4-two_phase_commit-p59-attacker,True,True,1035.451889038086,1031.7161083221436,1778557913.6310527,1778557913.6337256,1778557913.7735,1778557913.930074,False,False,False,0,2,0,False
4,20664514,cross_shard_frontrun,two_phase_commit,60,1140060,r4-two_phase_commit-p60-victim,r4-two_phase_commit-p60-attacker,True,True,1035.9632968902588,1031.5237045288086,1778557913.631697,1778557913.6337953,1778557913.802608,1778557913.935929,False,False,False,0,2,0,False
4,20664514,cross_shard_frontrun,two_phase_commit,61,1140061,r4-two_phase_commit-p61-victim,r4-two_phase_commit-p61-attacker,True,True,1035.9892845153809,1031.416416168213,1778557913.632174,1778557913.6338496,1778557913.814695,1778557913.941911,False,False,False,0,2,0,False
4,20664514,cross_shard_frontrun,two_phase_commit,62,1140062,r4-two_phase_commit-p62-victim,r4-two_phase_commit-p62-attacker,True,True,1036.085605621338,1031.327486038208,1778557913.6323528,1778557913.633909,1778557913.826771,1778557913.947364,False,False,False,0,2,0,False
4,20664514,cross_shard_frontrun,two_phase_commit,63,1140063,r4-two_phase_commit-p63-victim,r4-two_phase_commit-p63-attacker,True,True,1036.240577697754,1031.3186645507812,1778557913.6325161,1778557913.6339703,1778557913.838098,1778557913.953109,False,False,False,0,2,0,False
4,20664514,cross_shard_frontrun,two_phase_commit,64,1140064,r4-two_phase_commit-p64-victim,r4-two_phase_commit-p64-attacker,True,True,1036.3008975982666,1031.045913696289,1778557913.6326368,1778557913.6340315,1778557913.850457,1778557913.958588,False,False,False,0,2,0,False
4,20664514,cross_shard_frontrun,two_phase_commit,65,1140065,r4-two_phase_commit-p65-victim,r4-two_phase_commit-p65-attacker,True,True,1037.1928215026855,1030.9062004089355,1778557913.6331336,1778557913.6340845,1778557913.884937,1778557913.963948,False,False,False,0,2,0,False
4,20664514,cross_shard_frontrun,two_phase_commit,66,1140066,r4-two_phase_commit-p66-victim,r4-two_phase_commit-p66-attacker,True,True,1036.3373756408691,960.4904651641846,1778557913.6328995,1778557913.6341403,1778557913.867782,1778557913.96913,False,False,False,0,2,0,False
4,20664514,cross_shard_frontrun,two_phase_commit,67,1140067,r4-two_phase_commit-p67-victim,r4-two_phase_commit-p67-attacker,True,True,840.1577472686768,727.2777557373047,1778557913.6722457,1778557913.6737182,1778557913.970908,1778557913.970949,False,False,False,0,2,0,False
4,20664514,cross_shard_frontrun,two_phase_commit,68,1140068,r4-two_phase_commit-p68-victim,r4-two_phase_commit-p68-attacker,True,True,721.8198776245117,1048.0389595031738,1778557913.6878076,1778557914.6789858,1778557913.971537,1778557914.694468,False,False,False,0,2,0,False
4,20664514,cross_shard_frontrun,two_phase_commit,69,1140069,r4-two_phase_commit-p69-victim,r4-two_phase_commit-p69-attacker,True,True,71.93374633789062,1048.694133758545,1778557914.037638,1778557914.6793456,1778557914.037879,1778557914.715826,False,False,False,0,2,0,False
4,20664514,cross_shard_frontrun,two_phase_commit,70,1140070,r4-two_phase_commit-p70-victim,r4-two_phase_commit-p70-attacker,True,True,206.34841918945312,1048.9094257354736,1778557914.1730027,1778557914.6795678,1778557914.17322,1778557914.73124,False,False,False,0,2,0,False
4,20664514,cross_shard_frontrun,two_phase_commit,71,1140071,r4-two_phase_commit-p71-victim,r4-two_phase_commit-p71-attacker,True,True,196.70701026916504,1049.9491691589355,1778557914.157017,1778557914.680004,1778557914.157274,1778557914.748014,False,False,False,0,2,0,False
4,20664514,cross_shard_frontrun,two_phase_commit,72,1140072,r4-two_phase_commit-p72-victim,r4-two_phase_commit-p72-attacker,True,True,335.5822563171387,1050.0352382659912,1778557914.3052309,1778557914.6804893,1778557914.305548,1778557914.769887,False,False,False,0,2,0,False
4,20664514,cross_shard_frontrun,two_phase_commit,73,1140073,r4-two_phase_commit-p73-victim,r4-two_phase_commit-p73-attacker,True,True,765.336275100708,1050.1229763031006,1778557914.6786504,1778557914.6807508,1778557914.679076,1778557914.780696,False,False,False,0,2,0,False
4,20664514,cross_shard_frontrun,two_phase_commit,74,1140074,r4-two_phase_commit-p74-victim,r4-two_phase_commit-p74-attacker,True,True,1053.9875030517578,1050.356149673462,1778557914.6791604,1778557914.6813722,1778557914.705266,1778557914.804598,False,False,False,0,2,0,False
4,20664514,cross_shard_frontrun,two_phase_commit,75,1140075,r4-two_phase_commit-p75-victim,r4-two_phase_commit-p75-attacker,True,True,1052.2964000701904,1050.0142574310303,1778557914.6787987,1778557914.681634,1778557914.688996,1778557914.816076,False,False,False,0,2,0,False
4,20664514,cross_shard_frontrun,two_phase_commit,76,1140076,r4-two_phase_commit-p76-victim,r4-two_phase_commit-p76-attacker,True,True,1052.7229309082031,1050.9421825408936,1778557914.679071,1778557914.6821706,1778557914.700001,1778557914.833654,False,False,False,0,2,0,False
4,20664514,cross_shard_frontrun,two_phase_commit,77,1140077,r4-two_phase_commit-p77-victim,r4-two_phase_commit-p77-attacker,True,True,1052.7517795562744,1050.9910583496094,1778557914.6792433,1778557914.6825705,1778557914.7102,1778557914.845024,False,False,False,0,2,0,False
4,20664514,cross_shard_frontrun,two_phase_commit,78,1140078,r4-two_phase_commit-p78-victim,r4-two_phase_commit-p78-attacker,True,True,1052.6232719421387,1049.1745471954346,1778557914.6794903,1778557914.6832604,1778557914.726036,1778557914.863003,False,False,False,0,2,0,False
4,20664514,cross_shard_frontrun,two_phase_commit,79,1140079,r4-two_phase_commit-p79-victim,r4-two_phase_commit-p79-attacker,True,True,1052.0315170288086,1049.6547222137451,1778557914.6794176,1778557914.6836994,1778557914.721085,1778557914.875221,False,False,False,0,2,0,False
4,20664514,cross_shard_frontrun,two_phase_commit,80,1140080,r4-two_phase_commit-p80-victim,r4-two_phase_commit-p80-attacker,True,True,1053.3227920532227,1049.3254661560059,1778557914.679925,1778557914.6839888,1778557914.742397,1778557914.881583,False,False,False,0,2,0,False
4,20664514,cross_shard_frontrun,two_phase_commit,81,1140081,r4-two_phase_commit-p81-victim,r4-two_phase_commit-p81-attacker,True,True,1052.541732788086,1047.6365089416504,1778557914.6796503,1778557914.6842604,1778557914.736883,1778557914.894597,False,False,False,0,2,0,False
4,20664514,cross_shard_frontrun,two_phase_commit,82,1140082,r4-two_phase_commit-p82-victim,r4-two_phase_commit-p82-attacker,True,True,1051.7542362213135,1047.2369194030762,1778557914.6798444,1778557914.6843412,1778557914.736872,1778557914.900201,False,False,False,0,2,0,False
4,20664514,cross_shard_frontrun,two_phase_commit,83,1140083,r4-two_phase_commit-p83-victim,r4-two_phase_commit-p83-attacker,True,True,1052.821159362793,1048.5105514526367,1778557914.6801884,1778557914.6844733,1778557914.753503,1778557914.906357,False,False,False,0,2,0,False
4,20664514,cross_shard_frontrun,two_phase_commit,84,1140084,r4-two_phase_commit-p84-victim,r4-two_phase_commit-p84-attacker,True,True,1052.6232719421387,1048.2332706451416,1778557914.6803207,1778557914.684584,1778557914.758925,1778557914.912046,False,False,False,0,2,0,False
4,20664514,cross_shard_frontrun,two_phase_commit,85,1140085,r4-two_phase_commit-p85-victim,r4-two_phase_commit-p85-attacker,True,True,1052.8590679168701,1049.121618270874,1778557914.680574,1778557914.685406,1778557914.774984,1778557914.966028,False,False,False,0,2,0,False
4,20664514,cross_shard_frontrun,two_phase_commit,86,1140086,r4-two_phase_commit-p86-victim,r4-two_phase_commit-p86-attacker,True,True,1052.2050857543945,1048.0189323425293,1778557914.6803992,1778557914.684966,1778557914.764262,1778557914.93654,False,False,False,0,2,0,False
4,20664514,cross_shard_frontrun,two_phase_commit,87,1140087,r4-two_phase_commit-p87-victim,r4-two_phase_commit-p87-attacker,True,True,1052.988052368164,1047.5904941558838,1778557914.6810188,1778557914.6848679,1778557914.792477,1778557914.930702,False,False,False,0,2,0,False
4,20664514,cross_shard_frontrun,two_phase_commit,88,1140088,r4-two_phase_commit-p88-victim,r4-two_phase_commit-p88-attacker,True,True,1052.5763034820557,1048.4278202056885,1778557914.6809049,1778557914.6855543,1778557914.786613,1778557914.977975,False,False,False,0,2,0,False
4,20664514,cross_shard_frontrun,two_phase_commit,89,1140089,r4-two_phase_commit-p89-victim,r4-two_phase_commit-p89-attacker,True,True,1052.4404048919678,1047.126054763794,1778557914.681225,1778557914.6851642,1778557914.79851,1778557914.948165,False,False,False,0,2,0,False
4,20664514,cross_shard_frontrun,two_phase_commit,90,1140090,r4-two_phase_commit-p90-victim,r4-two_phase_commit-p90-attacker,True,True,1052.1481037139893,1046.881914138794,1778557914.6814823,1778557914.68524,1778557914.810202,1778557914.953922,False,False,False,0,2,0,False
4,20664514,cross_shard_frontrun,two_phase_commit,91,1140091,r4-two_phase_commit-p91-victim,r4-two_phase_commit-p91-attacker,True,True,1052.0012378692627,1046.7071533203125,1778557914.681976,1778557914.6853075,1778557914.828129,1778557914.959957,False,False,False,0,2,0,False
4,20664514,cross_shard_frontrun,two_phase_commit,92,1140092,r4-two_phase_commit-p92-victim,r4-two_phase_commit-p92-attacker,True,True,1051.640510559082,1048.1939315795898,1778557914.6817682,1778557914.6861444,1778557914.82194,1778557915.019264,False,False,False,0,2,0,False
4,20664514,cross_shard_frontrun,two_phase_commit,93,1140093,r4-two_phase_commit-p93-victim,r4-two_phase_commit-p93-attacker,True,True,1052.8056621551514,1046.5378761291504,1778557914.6830256,1778557914.6854873,1778557914.85731,1778557914.972205,False,False,False,0,2,0,False
4,20664514,cross_shard_frontrun,two_phase_commit,94,1140094,r4-two_phase_commit-p94-victim,r4-two_phase_commit-p94-attacker,True,True,1051.699161529541,1046.4670658111572,1778557914.6823256,1778557914.6856134,1778557914.839308,1778557914.984148,False,False,False,0,2,0,False
4,20664514,cross_shard_frontrun,two_phase_commit,95,1140095,r4-two_phase_commit-p95-victim,r4-two_phase_commit-p95-attacker,True,True,1051.487922668457,1046.4999675750732,1778557914.683492,1778557914.6856778,1778557914.868927,1778557914.990048,False,False,False,0,2,0,False
4,20664514,cross_shard_frontrun,two_phase_commit,96,1140096,r4-two_phase_commit-p96-victim,r4-two_phase_commit-p96-attacker,True,True,1050.8058071136475,1046.4913845062256,1778557914.6827343,1778557914.6857433,1778557914.851773,1778557914.996023,False,False,False,0,2,0,False
4,20664514,cross_shard_frontrun,two_phase_commit,97,1140097,r4-two_phase_commit-p97-victim,r4-two_phase_commit-p97-attacker,True,True,1052.4532794952393,1046.3037490844727,1778557914.6847725,1778557914.6859171,1778557914.924711,1778557915.00162,False,False,False,0,2,0,False
4,20664514,cross_shard_frontrun,two_phase_commit,98,1140098,r4-two_phase_commit-p98-victim,r4-two_phase_commit-p98-attacker,True,True,1051.0642528533936,1046.3645458221436,1778557914.684079,1778557914.686052,1778557914.888018,1778557915.013412,False,False,False,0,2,0,False
4,20664514,cross_shard_frontrun,two_phase_commit,99,1140099,r4-two_phase_commit-p99-victim,r4-two_phase_commit-p99-attacker,True,True,1051.8724918365479,1046.0031032562256,1778557914.6846657,1778557914.6859803,1778557914.918656,1778557915.007323,False,False,False,0,2,0,False
4,20664514,cross_shard_frontrun,two_phase_commit,100,1140100,r4-two_phase_commit-p100-victim,r4-two_phase_commit-p100-attacker,True,True,1052.0176887512207,986.309289932251,1778557914.6850562,1778557914.6862102,1778557914.942919,1778557915.02506,False,False,False,0,2,0,False
4,20664514,cross_shard_frontrun,two_phase_commit,101,1140101,r4-two_phase_commit-p101-victim,r4-two_phase_commit-p101-attacker,True,True,868.6120510101318,851.6013622283936,1778557914.740155,1778557914.7435274,1778557915.027674,1778557915.028584,False,False,False,0,2,0,False
4,20664514,cross_shard_frontrun,two_phase_commit,102,1140102,r4-two_phase_commit-p102-victim,r4-two_phase_commit-p102-attacker,True,True,729.423999786377,291.8078899383545,1778557914.748449,1778557914.7522445,1778557915.028598,1778557915.028738,False,False,False,0,2,0,False
4,20664514,cross_shard_frontrun,two_phase_commit,103,1140103,r4-two_phase_commit-p103-victim,r4-two_phase_commit-p103-attacker,True,True,67.43788719177246,423.25878143310547,1778557915.09075,1778557915.310357,1778557915.091027,1778557915.319012,False,False,False,0,2,0,False
4,20664514,cross_shard_frontrun,two_phase_commit,104,1140104,r4-two_phase_commit-p104-victim,r4-two_phase_commit-p104-attacker,True,True,79.32305335998535,423.0482578277588,1778557915.103652,1778557915.3105822,1778557915.103814,1778557915.330011,False,False,False,0,2,0,False
4,20664514,cross_shard_frontrun,two_phase_commit,105,1140105,r4-two_phase_commit-p105-victim,r4-two_phase_commit-p105-attacker,True,True,75.05536079406738,423.28929901123047,1778557915.0967033,1778557915.3109102,1778557915.096927,1778557915.351722,False,False,False,0,2,0,False
4,20664514,cross_shard_frontrun,two_phase_commit,106,1140106,r4-two_phase_commit-p106-victim,r4-two_phase_commit-p106-attacker,True,True,93.96219253540039,422.34086990356445,1778557915.1192844,1778557915.3107903,1778557915.119447,1778557915.341003,False,False,False,0,2,0,False
4,20664514,cross_shard_frontrun,two_phase_commit,107,1140107,r4-two_phase_commit-p107-victim,r4-two_phase_commit-p107-attacker,True,True,95.81375122070312,421.97227478027344,1778557915.12178,1778557915.310855,1778557915.121919,1778557915.34629,False,False,False,0,2,0,False
4,20664514,cross_shard_frontrun,two_phase_commit,108,1140108,r4-two_phase_commit-p108-victim,r4-two_phase_commit-p108-attacker,True,True,271.86036109924316,421.45705223083496,1778557915.2985775,1778557915.3110278,1778557915.298894,1778557915.361924,False,False,False,0,2,0,False
4,20664514,cross_shard_frontrun,two_phase_commit,109,1140109,r4-two_phase_commit-p109-victim,r4-two_phase_commit-p109-attacker,True,True,427.6776313781738,421.2460517883301,1778557915.3102508,1778557915.3110774,1778557915.310502,1778557915.367402,False,False,False,0,2,0,False
4,20664514,cross_shard_frontrun,two_phase_commit,110,1140110,r4-two_phase_commit-p110-victim,r4-two_phase_commit-p110-attacker,True,True,427.86335945129395,421.5433597564697,1778557915.3105042,1778557915.3114417,1778557915.32429,1778557915.39391,False,False,False,0,2,0,False
4,20664514,cross_shard_frontrun,two_phase_commit,111,1140111,r4-two_phase_commit-p111-victim,r4-two_phase_commit-p111-attacker,True,True,427.9642105102539,421.4451313018799,1778557915.3106582,1778557915.3116605,1778557915.335356,1778557915.404133,False,False,False,0,2,0,False
4,20664514,cross_shard_frontrun,two_phase_commit,112,1140112,r4-two_phase_commit-p112-victim,r4-two_phase_commit-p112-attacker,True,True,428.0087947845459,420.91941833496094,1778557915.3109772,1778557915.3117511,1778557915.356976,1778557915.409458,False,False,False,0,2,0,False
4,20664514,cross_shard_frontrun,two_phase_commit,113,1140113,r4-two_phase_commit-p113-victim,r4-two_phase_commit-p113-attacker,True,True,428.3938407897949,420.88961601257324,1778557915.3113527,1778557915.311863,1778557915.388757,1778557915.414963,False,False,False,0,2,0,False
4,20664514,cross_shard_frontrun,two_phase_commit,114,1140114,r4-two_phase_commit-p114-victim,r4-two_phase_commit-p114-attacker,True,True,427.7327060699463,421.2777614593506,1778557915.3111362,1778557915.312195,1778557915.372995,1778557915.433046,False,False,False,0,2,0,False
4,20664514,cross_shard_frontrun,two_phase_commit,115,1140115,r4-two_phase_commit-p115-victim,r4-two_phase_commit-p115-attacker,True,True,427.6852607727051,421.23985290527344,1778557915.3112123,1778557915.3122687,1778557915.378059,1778557915.438851,False,False,False,0,2,0,False
4,20664514,cross_shard_frontrun,two_phase_commit,116,1140116,r4-two_phase_commit-p116-victim,r4-two_phase_commit-p116-attacker,True,True,427.65069007873535,421.51594161987305,1778557915.3112838,1778557915.3124764,1778557915.383678,1778557915.450889,False,False,False,0,2,0,False
4,20664514,cross_shard_frontrun,two_phase_commit,117,1140117,r4-two_phase_commit-p117-victim,r4-two_phase_commit-p117-attacker,True,True,427.7820587158203,421.05627059936523,1778557915.3115468,1778557915.312414,1778557915.398752,1778557915.44544,False,False,False,0,2,0,False
4,20664514,cross_shard_frontrun,two_phase_commit,118,1140118,r4-two_phase_commit-p118-victim,r4-two_phase_commit-p118-attacker,True,True,428.386926651001,427.18005180358887,1778557915.3120904,1778557915.3125405,1778557915.426539,1778557915.456888,False,False,False,0,2,0,False
4,20664514,cross_shard_frontrun,two_phase_commit,119,1140119,r4-two_phase_commit-p119-victim,r4-two_phase_commit-p119-attacker,True,True,427.7620315551758,420.80140113830566,1778557915.311965,1778557915.3149285,1778557915.420861,1778557915.456495,False,False,False,0,2,0,False
5,20760514,cross_shard_frontrun,baseline,0,1200000,r5-baseline-p0-victim,r5-baseline-p0-attacker,True,True,79.54597473144531,442.48485565185547,1778557916.6257956,1778557917.0004344,1778557916.626785,1778557917.00073,False,False,False,0,2,0,False
5,20760514,cross_shard_frontrun,baseline,1,1200001,r5-baseline-p1-victim,r5-baseline-p1-attacker,True,True,199.49793815612793,567.7764415740967,1778557916.7474015,1778557917.0819662,1778557916.747709,1778557917.082248,False,False,False,0,2,0,False
5,20760514,cross_shard_frontrun,baseline,2,1200002,r5-baseline-p2-victim,r5-baseline-p2-attacker,True,True,345.97134590148926,567.5640106201172,1778557916.89477,1778557917.0820723,1778557916.895036,1778557917.089744,False,False,False,0,2,0,False
5,20760514,cross_shard_frontrun,baseline,3,1200003,r5-baseline-p3-victim,r5-baseline-p3-attacker,True,True,334.87892150878906,567.4688816070557,1778557916.8859413,1778557917.08222,1778557916.886242,1778557917.096731,False,False,False,0,2,0,False
5,20760514,cross_shard_frontrun,baseline,4,1200004,r5-baseline-p4-victim,r5-baseline-p4-attacker,True,True,1008.7001323699951,567.284345626831,1778557917.2374742,1778557917.0823004,1778557917.336027,1778557917.103107,True,True,True,0,2,0,False
5,20760514,cross_shard_frontrun,baseline,5,1200005,r5-baseline-p5-victim,r5-baseline-p5-attacker,True,True,1009.7968578338623,567.028284072876,1778557917.2381773,1778557917.0824046,1778557917.358087,1778557917.109454,True,True,True,0,2,0,False
5,20760514,cross_shard_frontrun,baseline,6,1200006,r5-baseline-p6-victim,r5-baseline-p6-attacker,True,True,1012.0809078216553,567.1360492706299,1778557917.2617424,1778557917.0824714,1778557917.435987,1778557917.115661,True,True,True,0,2,0,False
5,20760514,cross_shard_frontrun,baseline,7,1200007,r5-baseline-p7-victim,r5-baseline-p7-attacker,True,True,1009.347677230835,566.9951438903809,1778557917.2386136,1778557917.082659,1778557917.368936,1778557917.121728,True,True,True,0,2,0,False
5,20760514,cross_shard_frontrun,baseline,8,1200008,r5-baseline-p8-victim,r5-baseline-p8-attacker,True,True,1010.6158256530762,570.6222057342529,1778557917.2395475,1778557917.0827787,1778557917.418558,1778557917.128284,True,True,True,0,2,0,False
5,20760514,cross_shard_frontrun,baseline,9,1200009,r5-baseline-p9-victim,r5-baseline-p9-attacker,True,True,1012.0346546173096,567.9643154144287,1778557917.262262,1778557917.0953157,1778557917.470837,1778557917.128144,True,True,True,0,2,0,False
5,20760514,cross_shard_frontrun,baseline,10,1200010,r5-baseline-p10-victim,r5-baseline-p10-attacker,True,True,1008.9025497436523,853.0063629150391,1778557917.239243,1778557917.2346199,1778557917.394967,1778557917.243473,True,True,True,0,2,0,False
5,20760514,cross_shard_frontrun,baseline,11,1200011,r5-baseline-p11-victim,r5-baseline-p11-attacker,True,True,1006.8793296813965,619.488000869751,1778557917.23767,1778557917.1810174,1778557917.342045,1778557917.181299,True,True,True,0,2,0,False
5,20760514,cross_shard_frontrun,baseline,12,1200012,r5-baseline-p12-victim,r5-baseline-p12-attacker,True,True,1006.7713260650635,666.600227355957,1778557917.2378168,1778557917.2282765,1778557917.347207,1778557917.228515,True,True,True,0,2,0,False
5,20760514,cross_shard_frontrun,baseline,13,1200013,r5-baseline-p13-victim,r5-baseline-p13-attacker,True,True,1010.0748538970947,770.9031105041504,1778557917.261854,1778557917.2344885,1778557917.447037,1778557917.234733,True,True,True,0,2,0,False
5,20760514,cross_shard_frontrun,baseline,14,1200014,r5-baseline-p14-victim,r5-baseline-p14-attacker,True,True,1010.0994110107422,591.7367935180664,1778557917.2621186,1778557917.1524165,1778557917.459125,1778557917.152676,True,True,True,0,2,0,False
5,20760514,cross_shard_frontrun,baseline,15,1200015,r5-baseline-p15-victim,r5-baseline-p15-attacker,True,True,1008.3296298980713,852.9937267303467,1778557917.2616043,1778557917.2349339,1778557917.425087,1778557917.25391,True,True,True,0,2,0,False
5,20760514,cross_shard_frontrun,baseline,16,1200016,r5-baseline-p16-victim,r5-baseline-p16-attacker,True,True,1009.0954303741455,852.6501655578613,1778557917.2620556,1778557917.2347593,1778557917.453224,1778557917.248467,True,True,True,0,2,0,False
5,20760514,cross_shard_frontrun,baseline,17,1200017,r5-baseline-p17-victim,r5-baseline-p17-attacker,True,True,1009.7951889038086,887.1650695800781,1778557917.2677872,1778557917.235129,1778557917.481974,1778557917.259058,True,True,True,0,2,0,False
5,20760514,cross_shard_frontrun,baseline,18,1200018,r5-baseline-p18-victim,r5-baseline-p18-attacker,True,True,1008.7871551513672,915.42649269104,1778557917.2621999,1778557917.2352097,1778557917.465209,1778557917.264151,True,True,True,0,2,0,False
5,20760514,cross_shard_frontrun,baseline,19,1200019,r5-baseline-p19-victim,r5-baseline-p19-attacker,True,True,1004.5692920684814,984.1532707214355,1778557917.2383482,1778557917.2353063,1778557917.363384,1778557917.269678,True,True,True,0,2,0,False
5,20760514,cross_shard_frontrun,baseline,20,1200020,r5-baseline-p20-victim,r5-baseline-p20-attacker,True,True,1003.9496421813965,984.0865135192871,1778557917.2379482,1778557917.2353935,1778557917.352719,1778557917.275056,True,True,True,0,2,0,False
5,20760514,cross_shard_frontrun,baseline,21,1200021,r5-baseline-p21-victim,r5-baseline-p21-attacker,True,True,1004.6610832214355,983.9222431182861,1778557917.239161,1778557917.2355242,1778557917.389897,1778557917.280162,True,True,True,0,2,0,False
5,20760514,cross_shard_frontrun,baseline,22,1200022,r5-baseline-p22-victim,r5-baseline-p22-attacker,True,True,1004.7910213470459,983.7949275970459,1778557917.239312,1778557917.2356322,1778557917.400039,1778557917.285543,True,True,True,0,2,0,False
5,20760514,cross_shard_frontrun,baseline,23,1200023,r5-baseline-p23-victim,r5-baseline-p23-attacker,True,True,1007.8015327453613,990.6706809997559,1778557917.2623792,1778557917.2357912,1778557917.482052,1778557917.290354,True,True,True,0,2,0,False
5,20760514,cross_shard_frontrun,baseline,24,1200024,r5-baseline-p24-victim,r5-baseline-p24-attacker,True,True,1006.0544013977051,991.706371307373,1778557917.2619355,1778557917.2358902,1778557917.453379,1778557917.295712,True,True,True,0,2,0,False
5,20760514,cross_shard_frontrun,baseline,25,1200025,r5-baseline-p25-victim,r5-baseline-p25-attacker,True,True,1004.1556358337402,990.3240203857422,1778557917.2615337,1778557917.236008,1778557917.418527,1778557917.301198,True,True,True,0,2,0,False
5,20760514,cross_shard_frontrun,baseline,26,1200026,r5-baseline-p26-victim,r5-baseline-p26-attacker,True,True,1004.7123432159424,989.6395206451416,1778557917.2618012,1778557917.2362764,1778557917.441648,1778557917.306401,True,True,True,0,2,0,False
5,20760514,cross_shard_frontrun,baseline,27,1200027,r5-baseline-p27-victim,r5-baseline-p27-attacker,True,True,1003.3161640167236,990.9970760345459,1778557917.239478,1778557917.2364967,1778557917.411982,1778557917.311217,True,True,True,0,2,0,False
5,20760514,cross_shard_frontrun,baseline,28,1200028,r5-baseline-p28-victim,r5-baseline-p28-attacker,True,True,1003.6399364471436,992.2764301300049,1778557917.2616756,1778557917.236778,1778557917.430574,1778557917.31618,True,True,True,0,2,0,False
5,20760514,cross_shard_frontrun,baseline,29,1200029,r5-baseline-p29-victim,r5-baseline-p29-attacker,True,True,1001.6770362854004,991.6341304779053,1778557917.2390778,1778557917.2369444,1778557917.38436,1778557917.321183,True,True,True,0,2,0,False
5,20760514,cross_shard_frontrun,baseline,30,1200030,r5-baseline-p30-victim,r5-baseline-p30-attacker,True,True,1001.1956691741943,990.5595779418945,1778557917.239014,1778557917.2370803,1778557917.37912,1778557917.326075,True,True,True,0,2,0,False
5,20760514,cross_shard_frontrun,baseline,31,1200031,r5-baseline-p31-victim,r5-baseline-p31-attacker,True,True,1000.3433227539062,990.300178527832,1778557917.2389474,1778557917.2373312,1778557917.373908,1778557917.33605,True,True,True,0,2,0,False
5,20760514,cross_shard_frontrun,baseline,32,1200032,r5-baseline-p32-victim,r5-baseline-p32-attacker,True,True,936.8515014648438,800.9469509124756,1778557917.2623236,1778557917.2372332,1778557917.476311,1778557917.331022,True,True,True,0,2,0,False
5,20760514,cross_shard_frontrun,baseline,33,1200033,r5-baseline-p33-victim,r5-baseline-p33-attacker,True,True,680.5846691131592,658.5958003997803,1778557917.2678688,1778557917.2393844,1778557917.487992,1778557917.406014,True,True,True,0,2,0,False
5,20760514,cross_shard_frontrun,baseline,34,1200034,r5-baseline-p34-victim,r5-baseline-p34-attacker,True,True,566.4248466491699,432.44147300720215,1778557917.2679608,1778557917.2680354,1778557917.493462,1778557917.499244,False,False,False,0,2,0,False
5,20760514,cross_shard_frontrun,baseline,35,1200035,r5-baseline-p35-victim,r5-baseline-p35-attacker,True,True,441.241979598999,432.15489387512207,1778557917.2684462,1778557917.2681434,1778557917.528269,1778557917.505023,True,True,True,0,2,0,False
5,20760514,cross_shard_frontrun,baseline,36,1200036,r5-baseline-p36-victim,r5-baseline-p36-attacker,True,True,441.417932510376,432.436466217041,1778557917.2698066,1778557917.2685888,1778557917.551351,1778557917.540308,True,True,True,0,2,0,False
5,20760514,cross_shard_frontrun,baseline,37,1200037,r5-baseline-p37-victim,r5-baseline-p37-attacker,True,True,440.60564041137695,431.28204345703125,1778557917.2686427,1778557917.2682064,1778557917.545835,1778557917.510775,True,True,True,0,2,0,False
5,20760514,cross_shard_frontrun,baseline,38,1200038,r5-baseline-p38-victim,r5-baseline-p38-attacker,True,True,438.10272216796875,427.09970474243164,1778557917.2685242,1778557917.2682664,1778557917.534316,1778557917.516173,True,True,True,0,2,0,False
5,20760514,cross_shard_frontrun,baseline,39,1200039,r5-baseline-p39-victim,r5-baseline-p39-attacker,True,True,413.3572578430176,376.5432834625244,1778557917.3359046,1778557917.2683837,1778557917.551922,1778557917.522111,True,True,True,0,2,0,False
5,20760514,cross_shard_frontrun,baseline,40,1200040,r5-baseline-p40-victim,r5-baseline-p40-attacker,True,True,338.56797218322754,226.2709140777588,1778557917.3415504,1778557917.348305,1778557917.559491,1778557917.562513,False,False,False,0,2,0,False
5,20760514,cross_shard_frontrun,baseline,41,1200041,r5-baseline-p41-victim,r5-baseline-p41-attacker,True,True,152.70543098449707,144.09303665161133,1778557917.4832542,1778557917.4286568,1778557917.567328,1778557917.565429,True,True,True,0,2,0,False
5,20760514,cross_shard_frontrun,baseline,42,1200042,r5-baseline-p42-victim,r5-baseline-p42-attacker,True,True,152.25481986999512,109.28177833557129,1778557917.4864821,1778557917.4637814,1778557917.567761,1778557917.566756,True,True,True,0,2,0,False
5,20760514,cross_shard_frontrun,baseline,43,1200043,r5-baseline-p43-victim,r5-baseline-p43-attacker,True,True,89.30730819702148,153.14126014709473,1778557917.5416915,1778557917.709951,1778557917.569465,1778557917.710151,False,False,False,0,2,0,False
5,20760514,cross_shard_frontrun,baseline,44,1200044,r5-baseline-p44-victim,r5-baseline-p44-attacker,True,True,75.9432315826416,267.5058841705322,1778557917.6253624,1778557917.8258073,1778557917.625641,1778557917.826032,False,False,False,0,2,0,False
5,20760514,cross_shard_frontrun,baseline,45,1200045,r5-baseline-p45-victim,r5-baseline-p45-attacker,True,True,95.86811065673828,327.2993564605713,1778557917.6459496,1778557917.8927038,1778557917.646101,1778557917.89294,False,False,False,0,2,0,False
5,20760514,cross_shard_frontrun,baseline,46,1200046,r5-baseline-p46-victim,r5-baseline-p46-attacker,True,True,85.05463600158691,542.8800582885742,1778557917.6423943,1778557918.0530884,1778557917.64257,1778557918.053321,False,False,False,0,2,0,False
5,20760514,cross_shard_frontrun,baseline,47,1200047,r5-baseline-p47-victim,r5-baseline-p47-attacker,True,True,979.2599678039551,542.4094200134277,1778557918.2453153,1778557918.0533657,1778557918.429884,1778557918.067717,True,True,True,0,2,0,False
5,20760514,cross_shard_frontrun,baseline,48,1200048,r5-baseline-p48-victim,r5-baseline-p48-attacker,True,True,975.6109714508057,541.3804054260254,1778557918.20133,1778557918.0532072,1778557918.325355,1778557918.061457,True,True,True,0,2,0,False
5,20760514,cross_shard_frontrun,baseline,49,1200049,r5-baseline-p49-victim,r5-baseline-p49-attacker,True,True,976.6016006469727,541.2609577178955,1778557918.202155,1778557918.0534394,1778557918.395816,1778557918.07381,True,True,True,0,2,0,False
5,20760514,cross_shard_frontrun,baseline,50,1200050,r5-baseline-p50-victim,r5-baseline-p50-attacker,True,True,975.2984046936035,541.4679050445557,1778557918.2018378,1778557918.0535169,1778557918.372333,1778557918.080147,True,True,True,0,2,0,False
5,20760514,cross_shard_frontrun,baseline,51,1200051,r5-baseline-p51-victim,r5-baseline-p51-attacker,True,True,975.5735397338867,541.0172939300537,1778557918.2019966,1778557918.0536044,1778557918.390557,1778557918.08604,True,True,True,0,2,0,False
5,20760514,cross_shard_frontrun,baseline,52,1200052,r5-baseline-p52-victim,r5-baseline-p52-attacker,True,True,988.2700443267822,540.7817363739014,1778557918.2456305,1778557918.0536683,1778557918.445824,1778557918.09243,True,True,True,0,2,0,False
5,20760514,cross_shard_frontrun,baseline,53,1200053,r5-baseline-p53-victim,r5-baseline-p53-attacker,True,True,972.7745056152344,540.7049655914307,1778557918.2011807,1778557918.0537384,1778557918.314177,1778557918.098363,True,True,True,0,2,0,False
5,20760514,cross_shard_frontrun,baseline,54,1200054,r5-baseline-p54-victim,r5-baseline-p54-attacker,True,True,974.8051166534424,539.8335456848145,1778557918.2022247,1778557918.0538094,1778557918.401181,1778557918.104658,True,True,True,0,2,0,False
5,20760514,cross_shard_frontrun,baseline,55,1200055,r5-baseline-p55-victim,r5-baseline-p55-attacker,True,True,972.8724956512451,540.6274795532227,1778557918.2015414,1778557918.0539908,1778557918.337269,1778557918.11102,True,True,True,0,2,0,False
5,20760514,cross_shard_frontrun,baseline,56,1200056,r5-baseline-p56-victim,r5-baseline-p56-attacker,True,True,972.8567600250244,554.3644428253174,1778557918.2016354,1778557918.1245985,1778557918.348417,1778557918.124822,True,True,True,0,2,0,False
5,20760514,cross_shard_frontrun,baseline,57,1200057,r5-baseline-p57-victim,r5-baseline-p57-attacker,True,True,973.820686340332,564.1930103302002,1778557918.2022755,1778557918.135259,1778557918.406783,1778557918.135475,True,True,True,0,2,0,False
5,20760514,cross_shard_frontrun,baseline,58,1200058,r5-baseline-p58-victim,r5-baseline-p58-attacker,True,True,972.6102352142334,617.5589561462402,1778557918.2017848,1778557918.1888092,1778557918.36652,1778557918.18901,True,True,True,0,2,0,False
5,20760514,cross_shard_frontrun,baseline,59,1200059,r5-baseline-p59-victim,r5-baseline-p59-attacker,True,True,973.5558032989502,751.5296936035156,1778557918.202418,1778557918.1998384,1778557918.417432,1778557918.200029,True,True,True,0,2,0,False
5,20760514,cross_shard_frontrun,baseline,60,1200060,r5-baseline-p60-victim,r5-baseline-p60-attacker,True,True,985.7625961303711,842.9388999938965,1778557918.2458262,1778557918.1999004,1778557918.455956,1778557918.206553,True,True,True,0,2,0,False
5,20760514,cross_shard_frontrun,baseline,61,1200061,r5-baseline-p61-victim,r5-baseline-p61-attacker,True,True,972.3341464996338,842.7345752716064,1778557918.2023237,1778557918.2000139,1778557918.412452,1778557918.212458,True,True,True,0,2,0,False
5,20760514,cross_shard_frontrun,baseline,62,1200062,r5-baseline-p62-victim,r5-baseline-p62-attacker,True,True,972.9156494140625,842.7042961120605,1778557918.245398,1778557918.2001133,1778557918.435042,1778557918.218499,True,True,True,0,2,0,False
5,20760514,cross_shard_frontrun,baseline,63,1200063,r5-baseline-p63-victim,r5-baseline-p63-attacker,True,True,970.4904556274414,842.487096786499,1778557918.2016788,1778557918.200189,1778557918.354028,1778557918.224551,True,True,True,0,2,0,False
5,20760514,cross_shard_frontrun,baseline,64,1200064,r5-baseline-p64-victim,r5-baseline-p64-attacker,True,True,971.5962409973145,842.155933380127,1778557918.2081394,1778557918.2002404,1778557918.417251,1778557918.230614,True,True,True,0,2,0,False
5,20760514,cross_shard_frontrun,baseline,65,1200065,r5-baseline-p65-victim,r5-baseline-p65-attacker,True,True,969.059944152832,841.8490886688232,1778557918.2015877,1778557918.2002885,1778557918.34287,1778557918.236399,True,True,True,0,2,0,False
5,20760514,cross_shard_frontrun,baseline,66,1200066,r5-baseline-p66-victim,r5-baseline-p66-attacker,True,True,969.1131114959717,841.7720794677734,1778557918.2018847,1778557918.2003412,1778557918.378083,1778557918.242128,True,True,True,0,2,0,False
5,20760514,cross_shard_frontrun,baseline,67,1200067,r5-baseline-p67-victim,r5-baseline-p67-attacker,True,True,983.0408096313477,900.846004486084,1778557918.25255,1778557918.2005103,1778557918.462197,1778557918.254879,True,True,True,0,2,0,False
5,20760514,cross_shard_frontrun,baseline,68,1200068,r5-baseline-p68-victim,r5-baseline-p68-attacker,True,True,968.9273834228516,884.9427700042725,1778557918.2019393,1778557918.2004457,1778557918.384048,1778557918.248574,True,True,True,0,2,0,False
5,20760514,cross_shard_frontrun,baseline,69,1200069,r5-baseline-p69-victim,r5-baseline-p69-attacker,True,True,966.8717384338379,956.8493366241455,1778557918.2012525,1778557918.2005715,1778557918.319794,1778557918.261143,True,True,True,0,2,0,False
5,20760514,cross_shard_frontrun,baseline,70,1200070,r5-baseline-p70-victim,r5-baseline-p70-attacker,True,True,969.4375991821289,956.7611217498779,1778557918.245127,1778557918.200638,1778557918.418137,1778557918.267234,True,True,True,0,2,0,False
5,20760514,cross_shard_frontrun,baseline,71,1200071,r5-baseline-p71-victim,r5-baseline-p71-attacker,True,True,969.733715057373,956.7139148712158,1778557918.2455175,1778557918.200702,1778557918.440496,1778557918.273147,True,True,True,0,2,0,False
5,20760514,cross_shard_frontrun,baseline,72,1200072,r5-baseline-p72-victim,r5-baseline-p72-attacker,True,True,967.6148891448975,956.9716453552246,1778557918.2017233,1778557918.2009017,1778557918.360917,1778557918.28488,True,True,True,0,2,0,False
5,20760514,cross_shard_frontrun,baseline,73,1200073,r5-baseline-p73-victim,r5-baseline-p73-attacker,True,True,980.9753894805908,956.5300941467285,1778557918.2457385,1778557918.2007923,1778557918.450826,1778557918.279111,True,True,True,0,2,0,False
5,20760514,cross_shard_frontrun,baseline,74,1200074,r5-baseline-p74-victim,r5-baseline-p74-attacker,True,True,981.1294078826904,956.599235534668,1778557918.24593,1778557918.2009647,1778557918.462428,1778557918.290212,True,True,True,0,2,0,False
5,20760514,cross_shard_frontrun,baseline,75,1200075,r5-baseline-p75-victim,r5-baseline-p75-attacker,True,True,967.9069519042969,900.1224040985107,1778557918.2452254,1778557918.2010186,1778557918.424627,1778557918.297049,True,True,True,0,2,0,False
5,20760514,cross_shard_frontrun,baseline,76,1200076,r5-baseline-p76-victim,r5-baseline-p76-attacker,True,True,892.1339511871338,880.0365924835205,1778557918.201423,1778557918.2010708,1778557918.325398,1778557918.302557,True,True,True,0,2,0,False
5,20760514,cross_shard_frontrun,baseline,77,1200077,r5-baseline-p77-victim,r5-baseline-p77-attacker,True,True,824.0711688995361,700.4902362823486,1778557918.201488,1778557918.20112,1778557918.331496,1778557918.308352,True,True,True,0,2,0,False
5,20760514,cross_shard_frontrun,baseline,78,1200078,r5-baseline-p78-victim,r5-baseline-p78-attacker,True,True,657.4738025665283,433.1076145172119,1778557918.252629,1778557918.252719,1778557918.467791,1778557918.473011,False,False,False,0,2,0,False
5,20760514,cross_shard_frontrun,baseline,79,1200079,r5-baseline-p79-victim,r5-baseline-p79-attacker,True,True,441.91813468933105,432.9416751861572,1778557918.2591355,1778557918.2588544,1778557918.494881,1778557918.477911,True,True,True,0,2,0,False
5,20760514,cross_shard_frontrun,baseline,80,1200080,r5-baseline-p80-victim,r5-baseline-p80-attacker,True,True,453.216552734375,432.6796531677246,1778557918.2593691,1778557918.2528012,1778557918.513177,1778557918.478022,True,True,True,0,2,0,False
5,20760514,cross_shard_frontrun,baseline,81,1200081,r5-baseline-p81-victim,r5-baseline-p81-attacker,True,True,452.8059959411621,432.45720863342285,1778557918.2594502,1778557918.2589757,1778557918.518158,1778557918.483357,True,True,True,0,2,0,False
5,20760514,cross_shard_frontrun,baseline,82,1200082,r5-baseline-p82-victim,r5-baseline-p82-attacker,True,True,452.93307304382324,444.02194023132324,1778557918.2596076,1778557918.2592757,1778557918.528944,1778557918.507995,True,True,True,0,2,0,False
5,20760514,cross_shard_frontrun,baseline,83,1200083,r5-baseline-p83-victim,r5-baseline-p83-attacker,True,True,452.14390754699707,417.5593852996826,1778557918.2595425,1778557918.259057,1778557918.523792,1778557918.489162,True,True,True,0,2,0,False
5,20760514,cross_shard_frontrun,baseline,84,1200084,r5-baseline-p84-victim,r5-baseline-p84-attacker,True,True,427.9773235321045,365.1542663574219,1778557918.262385,1778557918.259214,1778557918.534788,1778557918.502733,True,True,True,0,2,0,False
5,20760514,cross_shard_frontrun,baseline,85,1200085,r5-baseline-p85-victim,r5-baseline-p85-attacker,True,True,240.04840850830078,140.14744758605957,1778557918.3825603,1778557918.4436276,1778557918.536987,1778557918.539633,False,False,False,0,2,0,False
5,20760514,cross_shard_frontrun,baseline,86,1200086,r5-baseline-p86-victim,r5-baseline-p86-attacker,True,True,152.43840217590332,139.99032974243164,1778557918.50596,1778557918.4437294,1778557918.564427,1778557918.540139,True,True,True,0,2,0,False
5,20760514,cross_shard_frontrun,baseline,87,1200087,r5-baseline-p87-victim,r5-baseline-p87-attacker,True,True,148.52404594421387,139.89686965942383,1778557918.5059059,1778557918.4437802,1778557918.559376,1778557918.545828,True,True,True,0,2,0,False
5,20760514,cross_shard_frontrun,baseline,88,1200088,r5-baseline-p88-victim,r5-baseline-p88-attacker,True,True,148.0262279510498,139.68873023986816,1778557918.505842,1778557918.447365,1778557918.552997,1778557918.551512,True,True,True,0,2,0,False
5,20760514,cross_shard_frontrun,baseline,89,1200089,r5-baseline-p89-victim,r5-baseline-p89-attacker,True,True,107.76948928833008,81.43234252929688,1778557918.5247254,1778557918.5104337,1778557918.564802,1778557918.564171,True,True,True,0,2,0,False
5,20760514,cross_shard_frontrun,baseline,90,1200090,r5-baseline-p90-victim,r5-baseline-p90-attacker,True,True,94.54464912414551,421.8313694000244,1778557918.6137118,1778557918.9633224,1778557918.614012,1778557918.963693,False,False,False,0,2,0,False
5,20760514,cross_shard_frontrun,baseline,91,1200091,r5-baseline-p91-victim,r5-baseline-p91-attacker,True,True,160.32695770263672,516.8943405151367,1778557918.6918285,1778557919.01195,1778557918.692243,1778557919.012276,False,False,False,0,2,0,False
5,20760514,cross_shard_frontrun,baseline,92,1200092,r5-baseline-p92-victim,r5-baseline-p92-attacker,True,True,163.37895393371582,517.4336433410645,1778557918.6956744,1778557919.012326,1778557918.69585,1778557919.027689,False,False,False,0,2,0,False
5,20760514,cross_shard_frontrun,baseline,93,1200093,r5-baseline-p93-victim,r5-baseline-p93-attacker,True,True,245.438814163208,519.7587013244629,1778557918.7798302,1778557919.0127327,1778557918.780119,1778557919.060535,False,False,False,0,2,0,False
5,20760514,cross_shard_frontrun,baseline,94,1200094,r5-baseline-p94-victim,r5-baseline-p94-attacker,True,True,276.23867988586426,517.1072483062744,1778557918.810643,1778557919.0124228,1778557918.810899,1778557919.03435,False,False,False,0,2,0,False
5,20760514,cross_shard_frontrun,baseline,95,1200095,r5-baseline-p95-victim,r5-baseline-p95-attacker,True,True,283.5972309112549,517.1127319335938,1778557918.8167331,1778557919.0125918,1778557918.81696,1778557919.047736,False,False,False,0,2,0,False
5,20760514,cross_shard_frontrun,baseline,96,1200096,r5-baseline-p96-victim,r5-baseline-p96-attacker,True,True,524.1365432739258,516.6876316070557,1778557919.012132,1778557919.0125124,1778557919.0205,1778557919.041233,False,False,False,0,2,0,False
5,20760514,cross_shard_frontrun,baseline,97,1200097,r5-baseline-p97-victim,r5-baseline-p97-attacker,True,True,819.2880153656006,516.9811248779297,1778557919.1198108,1778557919.0126579,1778557919.218643,1778557919.054554,True,True,True,0,2,0,False
5,20760514,cross_shard_frontrun,baseline,98,1200098,r5-baseline-p98-victim,r5-baseline-p98-attacker,True,True,821.9685554504395,529.0496349334717,1778557919.122168,1778557919.0567477,1778557919.302743,1778557919.061869,True,True,True,0,2,0,False
5,20760514,cross_shard_frontrun,baseline,99,1200099,r5-baseline-p99-victim,r5-baseline-p99-attacker,True,True,822.1194744110107,528.9642810821533,1778557919.122349,1778557919.032424,1778557919.320377,1778557919.06116,True,True,True,0,2,0,False
5,20760514,cross_shard_frontrun,baseline,100,1200100,r5-baseline-p100-victim,r5-baseline-p100-attacker,True,True,820.9397792816162,556.2658309936523,1778557919.121923,1778557919.0989738,1778557919.278009,1778557919.099239,True,True,True,0,2,0,False
5,20760514,cross_shard_frontrun,baseline,101,1200101,r5-baseline-p101-victim,r5-baseline-p101-attacker,True,True,821.47216796875,683.7866306304932,1778557919.1222847,1778557919.1174638,1778557919.314278,1778557919.117697,True,True,True,0,2,0,False
5,20760514,cross_shard_frontrun,baseline,102,1200102,r5-baseline-p102-victim,r5-baseline-p102-attacker,True,True,818.0851936340332,805.6070804595947,1778557919.120036,1778557919.117618,1778557919.224627,1778557919.125998,True,True,True,0,2,0,False
5,20760514,cross_shard_frontrun,baseline,103,1200103,r5-baseline-p103-victim,r5-baseline-p103-attacker,True,True,818.0766105651855,805.6704998016357,1778557919.1205127,1778557919.1177976,1778557919.230169,1778557919.131518,True,True,True,0,2,0,False
5,20760514,cross_shard_frontrun,baseline,104,1200104,r5-baseline-p104-victim,r5-baseline-p104-attacker,True,True,821.4120864868164,805.6354522705078,1778557919.1232638,1778557919.117869,1778557919.352367,1778557919.137543,True,True,True,0,2,0,False
5,20760514,cross_shard_frontrun,baseline,105,1200105,r5-baseline-p105-victim,r5-baseline-p105-attacker,True,True,818.5968399047852,805.4838180541992,1778557919.121154,1778557919.1180081,1778557919.254276,1778557919.142949,True,True,True,0,2,0,False
5,20760514,cross_shard_frontrun,baseline,106,1200106,r5-baseline-p106-victim,r5-baseline-p106-attacker,True,True,817.4583911895752,805.774450302124,1778557919.1206481,1778557919.1182578,1778557919.237169,1778557919.153581,True,True,True,0,2,0,False
5,20760514,cross_shard_frontrun,baseline,107,1200107,r5-baseline-p107-victim,r5-baseline-p107-attacker,True,True,820.1818466186523,794.2750453948975,1778557919.1228766,1778557919.1183603,1778557919.340215,1778557919.158688,True,True,True,0,2,0,False
5,20760514,cross_shard_frontrun,baseline,108,1200108,r5-baseline-p108-victim,r5-baseline-p108-attacker,True,True,808.2242012023926,793.5581207275391,1778557919.1227083,1778557919.118144,1778557919.3263,1778557919.148299,True,True,True,0,2,0,False
5,20760514,cross_shard_frontrun,baseline,109,1200109,r5-baseline-p109-victim,r5-baseline-p109-attacker,True,True,805.6914806365967,793.9789295196533,1778557919.1208458,1778557919.1184614,1778557919.242642,1778557919.164242,True,True,True,0,2,0,False
5,20760514,cross_shard_frontrun,baseline,110,1200110,r5-baseline-p110-victim,r5-baseline-p110-attacker,True,True,806.9350719451904,794.1141128540039,1778557919.122046,1778557919.1187341,1778557919.290831,1778557919.175076,True,True,True,0,2,0,False
5,20760514,cross_shard_frontrun,baseline,111,1200111,r5-baseline-p111-victim,r5-baseline-p111-attacker,True,True,805.5455684661865,793.5822010040283,1778557919.1212783,1778557919.1186075,1778557919.259798,1778557919.169693,True,True,True,0,2,0,False
5,20760514,cross_shard_frontrun,baseline,112,1200112,r5-baseline-p112-victim,r5-baseline-p112-attacker,True,True,807.215690612793,793.7302589416504,1778557919.122806,1778557919.1188707,1778557919.33253,1778557919.180708,True,True,True,0,2,0,False
5,20760514,cross_shard_frontrun,baseline,113,1200113,r5-baseline-p113-victim,r5-baseline-p113-attacker,True,True,806.2818050384521,782.4640274047852,1778557919.1222215,1778557919.119,1778557919.308687,1778557919.186387,True,True,True,0,2,0,False
5,20760514,cross_shard_frontrun,baseline,114,1200114,r5-baseline-p114-victim,r5-baseline-p114-attacker,True,True,794.0893173217773,782.3467254638672,1778557919.121651,1778557919.1191373,1778557919.272361,1778557919.19139,True,True,True,0,2,0,False
5,20760514,cross_shard_frontrun,baseline,115,1200115,r5-baseline-p115-victim,r5-baseline-p115-attacker,True,True,792.7532196044922,782.3271751403809,1778557919.121009,1778557919.1192636,1778557919.248399,1778557919.196602,True,True,True,0,2,0,False
5,20760514,cross_shard_frontrun,baseline,116,1200116,r5-baseline-p116-victim,r5-baseline-p116-attacker,True,True,794.9695587158203,782.2697162628174,1778557919.1229403,1778557919.1193635,1778557919.34652,1778557919.201967,True,True,True,0,2,0,False
5,20760514,cross_shard_frontrun,baseline,117,1200117,r5-baseline-p117-victim,r5-baseline-p117-attacker,True,True,793.644905090332,782.1605205535889,1778557919.122108,1778557919.119482,1778557919.297047,1778557919.20735,True,True,True,0,2,0,False
5,20760514,cross_shard_frontrun,baseline,118,1200118,r5-baseline-p118-victim,r5-baseline-p118-attacker,True,True,793.0712699890137,781.9747924804688,1778557919.121991,1778557919.1195827,1778557919.28495,1778557919.212703,True,True,True,0,2,0,False
5,20760514,cross_shard_frontrun,baseline,119,1200119,r5-baseline-p119-victim,r5-baseline-p119-attacker,True,True,792.4132347106934,783.0970287322998,1778557919.121399,1778557919.120235,1778557919.265738,1778557919.230223,True,True,True,0,2,0,False
5,20761514,cross_shard_frontrun,global_sequence,0,1210000,r5-global_sequence-p0-victim,r5-global_sequence-p0-attacker,True,True,82.85927772521973,363.4638786315918,1778557920.6028485,1778557920.8852763,1778557920.60376,1778557920.885524,False,False,False,0,2,0,False
5,20761514,cross_shard_frontrun,global_sequence,1,1210001,r5-global_sequence-p1-victim,r5-global_sequence-p1-attacker,True,True,147.8886604309082,363.7220859527588,1778557920.6636415,1778557920.885401,1778557920.663946,1778557920.891388,False,False,False,0,2,0,False
5,20761514,cross_shard_frontrun,global_sequence,2,1210002,r5-global_sequence-p2-victim,r5-global_sequence-p2-attacker,True,True,254.37498092651367,365.3147220611572,1778557920.7789774,1778557920.8855412,1778557920.779337,1778557920.896894,False,False,False,0,2,0,False
5,20761514,cross_shard_frontrun,global_sequence,3,1210003,r5-global_sequence-p3-victim,r5-global_sequence-p3-attacker,True,True,263.5173797607422,370.97764015197754,1778557920.7888494,1778557920.8904014,1778557920.789173,1778557920.897351,False,False,False,0,2,0,False
5,20761514,cross_shard_frontrun,global_sequence,4,1210004,r5-global_sequence-p4-victim,r5-global_sequence-p4-attacker,True,True,378.6799907684326,376.5420913696289,1778557920.8956378,1778557920.9092,1778557920.897713,1778557920.909372,False,False,False,0,2,0,False
5,20761514,cross_shard_frontrun,global_sequence,5,1210005,r5-global_sequence-p5-victim,r5-global_sequence-p5-attacker,True,True,708.9312076568604,1017.4367427825928,1778557921.0560093,1778557921.3772724,1778557921.116957,1778557921.416866,False,False,False,0,2,0,False
5,20761514,cross_shard_frontrun,global_sequence,6,1210006,r5-global_sequence-p6-victim,r5-global_sequence-p6-attacker,True,True,398.4050750732422,701.6582489013672,1778557920.9236565,1778557921.0562809,1778557920.923849,1778557921.127116,False,False,False,0,2,0,False
5,20761514,cross_shard_frontrun,global_sequence,7,1210007,r5-global_sequence-p7-victim,r5-global_sequence-p7-attacker,True,True,705.0309181213379,1001.4569759368896,1778557921.0556538,1778557921.3768091,1778557921.094423,1778557921.395206,False,False,False,0,2,0,False
5,20761514,cross_shard_frontrun,global_sequence,8,1210008,r5-global_sequence-p8-victim,r5-global_sequence-p8-attacker,True,True,629.4384002685547,708.2669734954834,1778557921.0548465,1778557921.161661,1778557921.055135,1778557921.240849,False,False,False,0,2,0,False
5,20761514,cross_shard_frontrun,global_sequence,9,1210009,r5-global_sequence-p9-victim,r5-global_sequence-p9-attacker,True,True,711.3392353057861,1020.8745002746582,1778557921.056828,1778557921.39449,1778557921.158997,1778557921.454193,False,False,False,0,2,0,False
5,20761514,cross_shard_frontrun,global_sequence,10,1210010,r5-global_sequence-p10-victim,r5-global_sequence-p10-attacker,True,True,705.193281173706,1014.0254497528076,1778557921.055813,1778557921.3771553,1778557921.105753,1778557921.411384,False,False,False,0,2,0,False
5,20761514,cross_shard_frontrun,global_sequence,11,1210011,r5-global_sequence-p11-victim,r5-global_sequence-p11-attacker,True,True,505.0063133239746,706.193208694458,1778557921.0251908,1778557921.0669994,1778557921.032622,1778557921.229763,False,False,False,0,2,0,False
5,20761514,cross_shard_frontrun,global_sequence,12,1210012,r5-global_sequence-p12-victim,r5-global_sequence-p12-attacker,True,True,701.7691135406494,1011.2588405609131,1778557921.055569,1778557921.3769295,1778557921.089289,1778557921.401081,False,False,False,0,2,0,False
5,20761514,cross_shard_frontrun,global_sequence,13,1210013,r5-global_sequence-p13-victim,r5-global_sequence-p13-attacker,True,True,697.6568698883057,774.0066051483154,1778557921.0550215,1778557921.3110218,1778557921.062763,1778557921.311201,False,False,False,0,2,0,False
5,20761514,cross_shard_frontrun,global_sequence,14,1210014,r5-global_sequence-p14-victim,r5-global_sequence-p14-attacker,True,True,702.3613452911377,1011.1474990844727,1778557921.055739,1778557921.377033,1778557921.100388,1778557921.406199,False,False,False,0,2,0,False
5,20761514,cross_shard_frontrun,global_sequence,15,1210015,r5-global_sequence-p15-victim,r5-global_sequence-p15-attacker,True,True,706.2230110168457,1015.676736831665,1778557921.0564957,1778557921.3943136,1778557921.137817,1778557921.438815,False,False,False,0,2,0,False
5,20761514,cross_shard_frontrun,global_sequence,16,1210016,r5-global_sequence-p16-victim,r5-global_sequence-p16-attacker,True,True,498.6300468444824,700.9015083312988,1778557921.025028,1778557921.0637126,1778557921.025221,1778557921.189134,False,False,False,0,2,0,False
5,20761514,cross_shard_frontrun,global_sequence,17,1210017,r5-global_sequence-p17-victim,r5-global_sequence-p17-attacker,True,True,704.4448852539062,1011.1229419708252,1778557921.0563805,1778557921.3941884,1778557921.132396,1778557921.427492,False,False,False,0,2,0,False
5,20761514,cross_shard_frontrun,global_sequence,18,1210018,r5-global_sequence-p18-victim,r5-global_sequence-p18-attacker,True,True,697.3135471343994,882.6069831848145,1778557921.0553894,1778557921.3764591,1778557921.07894,1778557921.384725,False,False,False,0,2,0,False
5,20761514,cross_shard_frontrun,global_sequence,19,1210019,r5-global_sequence-p19-victim,r5-global_sequence-p19-attacker,True,True,705.4867744445801,1013.1971836090088,1778557921.0567381,1778557921.3943799,1778557921.153931,1778557921.44388,False,False,False,0,2,0,False
5,20761514,cross_shard_frontrun,global_sequence,20,1210020,r5-global_sequence-p20-victim,r5-global_sequence-p20-attacker,True,True,700.488805770874,1009.4611644744873,1778557921.0559177,1778557921.3773916,1778557921.111416,1778557921.421714,False,False,False,0,2,0,False
5,20761514,cross_shard_frontrun,global_sequence,21,1210021,r5-global_sequence-p21-victim,r5-global_sequence-p21-attacker,True,True,705.2137851715088,1015.0158405303955,1778557921.0633779,1778557921.3945847,1778557921.159515,1778557921.459385,False,False,False,0,2,0,False
5,20761514,cross_shard_frontrun,global_sequence,22,1210022,r5-global_sequence-p22-victim,r5-global_sequence-p22-attacker,True,True,696.037769317627,992.7208423614502,1778557921.055492,1778557921.376672,1778557921.08413,1778557921.390031,False,False,False,0,2,0,False
5,20761514,cross_shard_frontrun,global_sequence,23,1210023,r5-global_sequence-p23-victim,r5-global_sequence-p23-attacker,True,True,693.6049461364746,881.0842037200928,1778557921.0552695,1778557921.376273,1778557921.073515,1778557921.376576,False,False,False,0,2,0,False
5,20761514,cross_shard_frontrun,global_sequence,24,1210024,r5-global_sequence-p24-victim,r5-global_sequence-p24-attacker,True,True,704.7214508056641,1059.9722862243652,1778557921.0635312,1778557921.394828,1778557921.177794,1778557921.47546,False,False,False,0,2,0,False
5,20761514,cross_shard_frontrun,global_sequence,25,1210025,r5-global_sequence-p25-victim,r5-global_sequence-p25-attacker,True,True,703.345775604248,1058.1412315368652,1778557921.063477,1778557921.394776,1778557921.171885,1778557921.470022,False,False,False,0,2,0,False
5,20761514,cross_shard_frontrun,global_sequence,26,1210026,r5-global_sequence-p26-victim,r5-global_sequence-p26-attacker,True,True,700.5157470703125,1010.6613636016846,1778557921.056656,1778557921.3944297,1778557921.148228,1778557921.449308,False,False,False,0,2,0,False
5,20761514,cross_shard_frontrun,global_sequence,27,1210027,r5-global_sequence-p27-victim,r5-global_sequence-p27-attacker,True,True,465.5489921569824,696.2361335754395,1778557921.0022593,1778557921.0640025,1778557921.002503,1778557921.212574,False,False,False,0,2,0,False
5,20761514,cross_shard_frontrun,global_sequence,28,1210028,r5-global_sequence-p28-victim,r5-global_sequence-p28-attacker,True,True,698.8141536712646,1007.5750350952148,1778557921.0565689,1778557921.3942604,1778557921.142621,1778557921.433148,False,False,False,0,2,0,False
5,20761514,cross_shard_frontrun,global_sequence,29,1210029,r5-global_sequence-p29-victim,r5-global_sequence-p29-attacker,True,True,688.7903213500977,715.0349617004395,1778557921.0552037,1778557921.2610202,1778557921.068318,1778557921.261229,False,False,False,0,2,0,False
5,20761514,cross_shard_frontrun,global_sequence,30,1210030,r5-global_sequence-p30-victim,r5-global_sequence-p30-attacker,True,True,696.021556854248,1005.1987171173096,1778557921.0562074,1778557921.3775222,1778557921.12202,1778557921.426903,False,False,False,0,2,0,False
5,20761514,cross_shard_frontrun,global_sequence,31,1210031,r5-global_sequence-p31-victim,r5-global_sequence-p31-attacker,True,True,700.7665634155273,1056.6701889038086,1778557921.0635812,1778557921.3948712,1778557921.183467,1778557921.480584,False,False,False,0,2,0,False
5,20761514,cross_shard_frontrun,global_sequence,32,1210032,r5-global_sequence-p32-victim,r5-global_sequence-p32-attacker,True,True,637.0863914489746,928.0266761779785,1778557921.0640874,1778557921.395059,1778557921.218176,1778557921.503478,False,False,False,0,2,0,False
5,20761514,cross_shard_frontrun,global_sequence,33,1210033,r5-global_sequence-p33-victim,r5-global_sequence-p33-attacker,True,True,461.423397064209,762.0022296905518,1778557921.063431,1778557921.3946617,1778557921.16634,1778557921.464813,False,False,False,0,2,0,False
5,20761514,cross_shard_frontrun,global_sequence,34,1210034,r5-global_sequence-p34-victim,r5-global_sequence-p34-attacker,True,True,346.84157371520996,702.1331787109375,1778557921.0637782,1778557921.39492,1778557921.194695,1778557921.48627,False,False,False,0,2,0,False
5,20761514,cross_shard_frontrun,global_sequence,35,1210035,r5-global_sequence-p35-victim,r5-global_sequence-p35-attacker,True,True,344.3589210510254,695.2173709869385,1778557921.063948,1778557921.3950148,1778557921.206747,1778557921.498014,False,False,False,0,2,0,False
5,20761514,cross_shard_frontrun,global_sequence,36,1210036,r5-global_sequence-p36-victim,r5-global_sequence-p36-attacker,True,True,339.10560607910156,689.7792816162109,1778557921.0642552,1778557921.395105,1778557921.224175,1778557921.509278,False,False,False,0,2,0,False
5,20761514,cross_shard_frontrun,global_sequence,37,1210037,r5-global_sequence-p37-victim,r5-global_sequence-p37-attacker,True,True,317.14820861816406,594.4736003875732,1778557921.0638738,1778557921.3949678,1778557921.201257,1778557921.492306,False,False,False,0,2,0,False
5,20761514,cross_shard_frontrun,global_sequence,38,1210038,r5-global_sequence-p38-victim,r5-global_sequence-p38-attacker,True,True,213.2890224456787,566.8175220489502,1778557921.1022108,1778557921.3951445,1778557921.234644,1778557921.514645,False,False,False,0,2,0,False
5,20761514,cross_shard_frontrun,global_sequence,39,1210039,r5-global_sequence-p39-victim,r5-global_sequence-p39-attacker,True,True,89.24460411071777,378.48567962646484,1778557921.2239015,1778557921.399711,1778557921.245003,1778557921.551425,False,False,False,0,2,0,False
5,20761514,cross_shard_frontrun,global_sequence,40,1210040,r5-global_sequence-p40-victim,r5-global_sequence-p40-attacker,True,True,383.32676887512207,561.5644454956055,1778557921.3953834,1778557921.739243,1778557921.538054,1778557921.739458,False,False,False,0,2,0,False
5,20761514,cross_shard_frontrun,global_sequence,41,1210041,r5-global_sequence-p41-victim,r5-global_sequence-p41-attacker,True,True,383.5141658782959,656.7127704620361,1778557921.3995855,1778557921.739818,1778557921.538974,1778557921.774307,False,False,False,0,2,0,False
5,20761514,cross_shard_frontrun,global_sequence,42,1210042,r5-global_sequence-p42-victim,r5-global_sequence-p42-attacker,True,True,378.34835052490234,384.655237197876,1778557921.3952274,1778557921.6256235,1778557921.520285,1778557921.625793,False,False,False,0,2,0,False
5,20761514,cross_shard_frontrun,global_sequence,43,1210043,r5-global_sequence-p43-victim,r5-global_sequence-p43-attacker,True,True,377.530574798584,480.12828826904297,1778557921.3953197,1778557921.7231245,1778557921.532031,1778557921.723367,False,False,False,0,2,0,False
5,20761514,cross_shard_frontrun,global_sequence,44,1210044,r5-global_sequence-p44-victim,r5-global_sequence-p44-attacker,True,True,375.96607208251953,648.9944458007812,1778557921.3952742,1778557921.7393434,1778557921.526236,1778557921.746626,False,False,False,0,2,0,False
5,20761514,cross_shard_frontrun,global_sequence,45,1210045,r5-global_sequence-p45-victim,r5-global_sequence-p45-attacker,True,True,376.2927055358887,648.4577655792236,1778557921.3970363,1778557921.739496,1778557921.538226,1778557921.752294,False,False,False,0,2,0,False
5,20761514,cross_shard_frontrun,global_sequence,46,1210046,r5-global_sequence-p46-victim,r5-global_sequence-p46-attacker,True,True,375.9655952453613,648.4014987945557,1778557921.3996644,1778557921.7395937,1778557921.545518,1778557921.757895,False,False,False,0,2,0,False
5,20761514,cross_shard_frontrun,global_sequence,47,1210047,r5-global_sequence-p47-victim,r5-global_sequence-p47-attacker,True,True,381.5500736236572,700.7052898406982,1778557921.4701228,1778557921.74095,1778557921.605803,1778557921.829143,False,False,False,0,2,0,False
5,20761514,cross_shard_frontrun,global_sequence,48,1210048,r5-global_sequence-p48-victim,r5-global_sequence-p48-attacker,True,True,377.58517265319824,652.2643566131592,1778557921.4697077,1778557921.7404728,1778557921.568005,1778557921.801054,False,False,False,0,2,0,False
5,20761514,cross_shard_frontrun,global_sequence,49,1210049,r5-global_sequence-p49-victim,r5-global_sequence-p49-attacker,True,True,379.7411918640137,699.7723579406738,1778557921.4734688,1778557921.7409978,1778557921.606108,1778557921.834819,False,False,False,0,2,0,False
5,20761514,cross_shard_frontrun,global_sequence,50,1210050,r5-global_sequence-p50-victim,r5-global_sequence-p50-attacker,True,True,374.5465278625488,647.7527618408203,1778557921.4435356,1778557921.7399778,1778557921.557674,1778557921.779431,False,False,False,0,2,0,False
5,20761514,cross_shard_frontrun,global_sequence,51,1210051,r5-global_sequence-p51-victim,r5-global_sequence-p51-attacker,True,True,376.8784999847412,652.0509719848633,1778557921.4699216,1778557921.7408154,1778557921.586499,1778557921.812145,False,False,False,0,2,0,False
5,20761514,cross_shard_frontrun,global_sequence,52,1210052,r5-global_sequence-p52-victim,r5-global_sequence-p52-attacker,True,True,376.84154510498047,677.7911186218262,1778557921.470066,1778557921.7408972,1778557921.599892,1778557921.82266,False,False,False,0,2,0,False
5,20761514,cross_shard_frontrun,global_sequence,53,1210053,r5-global_sequence-p53-victim,r5-global_sequence-p53-attacker,True,True,374.58062171936035,649.8005390167236,1778557921.4698694,1778557921.7407646,1778557921.579268,1778557921.806712,False,False,False,0,2,0,False
5,20761514,cross_shard_frontrun,global_sequence,54,1210054,r5-global_sequence-p54-victim,r5-global_sequence-p54-attacker,True,True,375.3993511199951,650.3188610076904,1778557921.4699805,1778557921.7408516,1778557921.593676,1778557921.817477,False,False,False,0,2,0,False
5,20761514,cross_shard_frontrun,global_sequence,55,1210055,r5-global_sequence-p55-victim,r5-global_sequence-p55-attacker,True,True,372.2066879272461,645.8384990692139,1778557921.469638,1778557921.7401905,1778557921.561084,1778557921.790238,False,False,False,0,2,0,False
5,20761514,cross_shard_frontrun,global_sequence,56,1210056,r5-global_sequence-p56-victim,r5-global_sequence-p56-attacker,True,True,370.7315921783447,643.0480480194092,1778557921.4539545,1778557921.7401214,1778557921.55914,1778557921.784814,False,False,False,0,2,0,False
5,20761514,cross_shard_frontrun,global_sequence,57,1210057,r5-global_sequence-p57-victim,r5-global_sequence-p57-attacker,True,True,354.0222644805908,578.1519412994385,1778557921.4697976,1778557921.7402406,1778557921.573455,1778557921.795368,False,False,False,0,2,0,False
5,20761514,cross_shard_frontrun,global_sequence,58,1210058,r5-global_sequence-p58-victim,r5-global_sequence-p58-attacker,True,True,194.93412971496582,515.3799057006836,1778557921.4989765,1778557921.741095,1778557921.60908,1778557921.845949,False,False,False,0,2,0,False
5,20761514,cross_shard_frontrun,global_sequence,59,1210059,r5-global_sequence-p59-victim,r5-global_sequence-p59-attacker,True,True,84.54155921936035,403.7599563598633,1778557921.6048067,1778557921.7410483,1778557921.620926,1778557921.840424,False,False,False,0,2,0,False
5,20761514,cross_shard_frontrun,global_sequence,60,1210060,r5-global_sequence-p60-victim,r5-global_sequence-p60-attacker,True,True,350.12292861938477,403.8259983062744,1778557921.7407167,1778557921.907322,1778557921.801182,1778557921.959682,False,False,False,0,2,0,False
5,20761514,cross_shard_frontrun,global_sequence,61,1210061,r5-global_sequence-p61-victim,r5-global_sequence-p61-attacker,True,True,343.3403968811035,401.54123306274414,1778557921.7396977,1778557921.9043438,1778557921.763133,1778557921.95849,False,False,False,0,2,0,False
5,20761514,cross_shard_frontrun,global_sequence,62,1210062,r5-global_sequence-p62-victim,r5-global_sequence-p62-attacker,True,True,342.4990177154541,401.4477729797363,1778557921.7397566,1778557921.9101524,1778557921.768539,1778557921.959626,False,False,False,0,2,0,False
5,20761514,cross_shard_frontrun,global_sequence,63,1210063,r5-global_sequence-p63-victim,r5-global_sequence-p63-attacker,True,True,398.74744415283203,568.2041645050049,1778557921.7458518,1778557922.0985892,1778557921.874722,1778557922.110663,False,False,False,0,2,0,False
5,20761514,cross_shard_frontrun,global_sequence,64,1210064,r5-global_sequence-p64-victim,r5-global_sequence-p64-attacker,True,True,395.6754207611084,565.4520988464355,1778557921.7428107,1778557922.0983424,1778557921.863201,1778557922.098541,False,False,False,0,2,0,False
5,20761514,cross_shard_frontrun,global_sequence,65,1210065,r5-global_sequence-p65-victim,r5-global_sequence-p65-attacker,True,True,394.07896995544434,516.8993473052979,1778557921.7412055,1778557922.0798051,1778557921.857439,1778557922.081079,False,False,False,0,2,0,False
5,20761514,cross_shard_frontrun,global_sequence,66,1210066,r5-global_sequence-p66-victim,r5-global_sequence-p66-attacker,True,True,391.8931484222412,527.5509357452393,1778557921.7411575,1778557922.09299,1778557921.852199,1778557922.093212,False,False,False,0,2,0,False
5,20761514,cross_shard_frontrun,global_sequence,67,1210067,r5-global_sequence-p67-victim,r5-global_sequence-p67-attacker,True,True,349.8647212982178,518.2373523712158,1778557921.746076,1778557922.0986502,1778557921.882093,1778557922.115917,False,False,False,0,2,0,False
5,20761514,cross_shard_frontrun,global_sequence,68,1210068,r5-global_sequence-p68-victim,r5-global_sequence-p68-attacker,True,True,349.5335578918457,650.30837059021,1778557921.7462373,1778557922.09878,1778557921.894459,1778557922.126569,False,False,False,0,2,0,False
5,20761514,cross_shard_frontrun,global_sequence,69,1210069,r5-global_sequence-p69-victim,r5-global_sequence-p69-attacker,True,True,345.5319404602051,514.4021511077881,1778557921.7456791,1778557922.0984514,1778557921.869073,1778557922.104873,False,False,False,0,2,0,False
5,20761514,cross_shard_frontrun,global_sequence,70,1210070,r5-global_sequence-p70-victim,r5-global_sequence-p70-attacker,True,True,346.56405448913574,640.5172348022461,1778557921.7461653,1778557922.0987117,1778557921.888834,1778557922.121157,False,False,False,0,2,0,False
5,20761514,cross_shard_frontrun,global_sequence,71,1210071,r5-global_sequence-p71-victim,r5-global_sequence-p71-attacker,True,True,346.7373847961426,647.4857330322266,1778557921.7654836,1778557922.098846,1778557921.897134,1778557922.131817,False,False,False,0,2,0,False
5,20761514,cross_shard_frontrun,global_sequence,72,1210072,r5-global_sequence-p72-victim,r5-global_sequence-p72-attacker,True,True,345.99828720092773,652.6625156402588,1778557921.7929509,1778557922.120042,1778557921.89903,1778557922.133529,False,False,False,0,2,0,False
5,20761514,cross_shard_frontrun,global_sequence,73,1210073,r5-global_sequence-p73-victim,r5-global_sequence-p73-attacker,True,True,349.1065502166748,676.677942276001,1778557921.8270912,1778557922.1207688,1778557921.943105,1778557922.180839,False,False,False,0,2,0,False
5,20761514,cross_shard_frontrun,global_sequence,74,1210074,r5-global_sequence-p74-victim,r5-global_sequence-p74-attacker,True,True,345.43728828430176,652.0426273345947,1778557921.8213356,1778557922.1202834,1778557921.911884,1778557922.15008,False,False,False,0,2,0,False
5,20761514,cross_shard_frontrun,global_sequence,75,1210075,r5-global_sequence-p75-victim,r5-global_sequence-p75-attacker,True,True,344.0430164337158,664.3712520599365,1778557921.821391,1778557922.1203616,1778557921.918284,1778557922.15492,False,False,False,0,2,0,False
5,20761514,cross_shard_frontrun,global_sequence,76,1210076,r5-global_sequence-p76-victim,r5-global_sequence-p76-attacker,True,True,343.92356872558594,670.2020168304443,1778557921.824403,1778557922.1204135,1778557921.93004,1778557922.160206,False,False,False,0,2,0,False
5,20761514,cross_shard_frontrun,global_sequence,77,1210077,r5-global_sequence-p77-victim,r5-global_sequence-p77-attacker,True,True,340.8195972442627,648.8714218139648,1778557921.821269,1778557922.120212,1778557921.904289,1778557922.144868,False,False,False,0,2,0,False
5,20761514,cross_shard_frontrun,global_sequence,78,1210078,r5-global_sequence-p78-victim,r5-global_sequence-p78-attacker,True,True,342.8511619567871,670.2866554260254,1778557921.8269985,1778557922.1207166,1778557921.93705,1778557922.175533,False,False,False,0,2,0,False
5,20761514,cross_shard_frontrun,global_sequence,79,1210079,r5-global_sequence-p79-victim,r5-global_sequence-p79-attacker,True,True,342.3647880554199,670.4959869384766,1778557921.8271554,1778557922.1208255,1778557921.949044,1778557922.185926,False,False,False,0,2,0,False
5,20761514,cross_shard_frontrun,global_sequence,80,1210080,r5-global_sequence-p80-victim,r5-global_sequence-p80-attacker,True,True,340.5294418334961,668.694257736206,1778557921.821499,1778557922.1206572,1778557921.930162,1778557922.170418,False,False,False,0,2,0,False
5,20761514,cross_shard_frontrun,global_sequence,81,1210081,r5-global_sequence-p81-victim,r5-global_sequence-p81-attacker,True,True,337.0473384857178,645.843505859375,1778557921.8054645,1778557922.120141,1778557921.902164,1778557922.139573,False,False,False,0,2,0,False
5,20761514,cross_shard_frontrun,global_sequence,82,1210082,r5-global_sequence-p82-victim,r5-global_sequence-p82-attacker,True,True,333.9254856109619,564.9702548980713,1778557921.8214386,1778557922.1204762,1778557921.924292,1778557922.165302,False,False,False,0,2,0,False
5,20761514,cross_shard_frontrun,global_sequence,83,1210083,r5-global_sequence-p83-victim,r5-global_sequence-p83-attacker,True,True,162.36233711242676,398.1008529663086,1778557921.8728678,1778557922.1209283,1778557921.954488,1778557922.197564,False,False,False,0,2,0,False
5,20761514,cross_shard_frontrun,global_sequence,84,1210084,r5-global_sequence-p84-victim,r5-global_sequence-p84-attacker,True,True,71.36392593383789,398.24557304382324,1778557921.959609,1778557922.1210337,1778557921.963462,1778557922.208765,False,False,False,0,2,0,False
5,20761514,cross_shard_frontrun,global_sequence,85,1210085,r5-global_sequence-p85-victim,r5-global_sequence-p85-attacker,True,True,378.15308570861816,409.381628036499,1778557922.1149302,1778557922.2773614,1778557922.133307,1778557922.31141,False,False,False,0,2,0,False
5,20761514,cross_shard_frontrun,global_sequence,86,1210086,r5-global_sequence-p86-victim,r5-global_sequence-p86-attacker,True,True,401.9477367401123,414.3030643463135,1778557922.1208823,1778557922.3149655,1778557922.191914,1778557922.315189,False,False,False,0,2,0,False
5,20761514,cross_shard_frontrun,global_sequence,87,1210087,r5-global_sequence-p87-victim,r5-global_sequence-p87-attacker,True,True,405.3151607513428,545.6080436706543,1778557922.1212137,1778557922.414031,1778557922.225266,1778557922.428742,False,False,False,0,2,0,False
5,20761514,cross_shard_frontrun,global_sequence,88,1210088,r5-global_sequence-p88-victim,r5-global_sequence-p88-attacker,True,True,402.31776237487793,543.6460971832275,1778557922.1210926,1778557922.413852,1778557922.213987,1778557922.422069,False,False,False,0,2,0,False
5,20761514,cross_shard_frontrun,global_sequence,89,1210089,r5-global_sequence-p89-victim,r5-global_sequence-p89-attacker,True,True,399.46603775024414,489.1929626464844,1778557922.1209779,1778557922.3968182,1778557922.202865,1778557922.397062,False,False,False,0,2,0,False
5,20761514,cross_shard_frontrun,global_sequence,90,1210090,r5-global_sequence-p90-victim,r5-global_sequence-p90-attacker,True,True,400.67553520202637,528.3162593841553,1778557922.1211479,1778557922.4137316,1778557922.219626,1778557922.413955,False,False,False,0,2,0,False
5,20761514,cross_shard_frontrun,global_sequence,91,1210091,r5-global_sequence-p91-victim,r5-global_sequence-p91-attacker,True,True,375.84972381591797,496.5372085571289,1778557922.1212745,1778557922.41417,1778557922.231349,1778557922.434811,False,False,False,0,2,0,False
5,20761514,cross_shard_frontrun,global_sequence,92,1210092,r5-global_sequence-p92-victim,r5-global_sequence-p92-attacker,True,True,360.7339859008789,611.565351486206,1778557922.126097,1778557922.447576,1778557922.26669,1778557922.466264,False,False,False,0,2,0,False
5,20761514,cross_shard_frontrun,global_sequence,93,1210093,r5-global_sequence-p93-victim,r5-global_sequence-p93-attacker,True,True,355.6201457977295,500.4417896270752,1778557922.121324,1778557922.4142597,1778557922.23702,1778557922.44058,False,False,False,0,2,0,False
5,20761514,cross_shard_frontrun,global_sequence,94,1210094,r5-global_sequence-p94-victim,r5-global_sequence-p94-attacker,True,True,355.2401065826416,607.7897548675537,1778557922.1214867,1778557922.420713,1778557922.253907,1778557922.453574,False,False,False,0,2,0,False
5,20761514,cross_shard_frontrun,global_sequence,95,1210095,r5-global_sequence-p95-victim,r5-global_sequence-p95-attacker,True,True,353.41572761535645,497.2262382507324,1778557922.1214283,1778557922.4205678,1778557922.248325,1778557922.440368,False,False,False,0,2,0,False
5,20761514,cross_shard_frontrun,global_sequence,96,1210096,r5-global_sequence-p96-victim,r5-global_sequence-p96-attacker,True,True,351.7177104949951,603.4374237060547,1778557922.1213686,1778557922.4206398,1778557922.242722,1778557922.446981,False,False,False,0,2,0,False
5,20761514,cross_shard_frontrun,global_sequence,97,1210097,r5-global_sequence-p97-victim,r5-global_sequence-p97-attacker,True,True,352.0159721374512,603.487491607666,1778557922.1232717,1778557922.4407914,1778557922.259509,1778557922.453946,False,False,False,0,2,0,False
5,20761514,cross_shard_frontrun,global_sequence,98,1210098,r5-global_sequence-p98-victim,r5-global_sequence-p98-attacker,True,True,351.2084484100342,602.8804779052734,1778557922.1258776,1778557922.4408925,1778557922.260203,1778557922.460413,False,False,False,0,2,0,False
5,20761514,cross_shard_frontrun,global_sequence,99,1210099,r5-global_sequence-p99-victim,r5-global_sequence-p99-attacker,True,True,351.6871929168701,602.2515296936035,1778557922.1393816,1778557922.447653,1778557922.26762,1778557922.471128,False,False,False,0,2,0,False
5,20761514,cross_shard_frontrun,global_sequence,100,1210100,r5-global_sequence-p100-victim,r5-global_sequence-p100-attacker,True,True,351.89342498779297,602.9312610626221,1778557922.1594284,1778557922.4479923,1778557922.289514,1778557922.491771,False,False,False,0,2,0,False
5,20761514,cross_shard_frontrun,global_sequence,101,1210101,r5-global_sequence-p101-victim,r5-global_sequence-p101-attacker,True,True,349.89047050476074,601.2403964996338,1778557922.1428213,1778557922.4477346,1778557922.274115,1778557922.476587,False,False,False,0,2,0,False
5,20761514,cross_shard_frontrun,global_sequence,102,1210102,r5-global_sequence-p102-victim,r5-global_sequence-p102-attacker,True,True,350.4319190979004,601.7844676971436,1778557922.1569483,1778557922.4480872,1778557922.289585,1778557922.49671,False,False,False,0,2,0,False
5,20761514,cross_shard_frontrun,global_sequence,103,1210103,r5-global_sequence-p103-victim,r5-global_sequence-p103-attacker,True,True,349.08246994018555,600.433349609375,1778557922.1542478,1778557922.4478905,1778557922.282605,1778557922.48654,False,False,False,0,2,0,False
5,20761514,cross_shard_frontrun,global_sequence,104,1210104,r5-global_sequence-p104-victim,r5-global_sequence-p104-attacker,True,True,346.59862518310547,597.5172519683838,1778557922.1345353,1778557922.4474797,1778557922.266713,1778557922.46045,False,False,False,0,2,0,False
5,20761514,cross_shard_frontrun,global_sequence,105,1210105,r5-global_sequence-p105-victim,r5-global_sequence-p105-attacker,True,True,346.790075302124,596.6923236846924,1778557922.154172,1778557922.447808,1778557922.277354,1778557922.481624,False,False,False,0,2,0,False
5,20761514,cross_shard_frontrun,global_sequence,106,1210106,r5-global_sequence-p106-victim,r5-global_sequence-p106-attacker,True,True,228.68633270263672,468.8143730163574,1778557922.159487,1778557922.4482975,1778557922.296537,1778557922.507319,False,False,False,0,2,0,False
5,20761514,cross_shard_frontrun,global_sequence,107,1210107,r5-global_sequence-p107-victim,r5-global_sequence-p107-attacker,True,True,181.42175674438477,432.4302673339844,1778557922.1970727,1778557922.4481988,1778557922.300191,1778557922.501812,False,False,False,0,2,0,False
5,20761514,cross_shard_frontrun,global_sequence,108,1210108,r5-global_sequence-p108-victim,r5-global_sequence-p108-attacker,True,True,180.4065704345703,432.025671005249,1778557922.203195,1778557922.4485023,1778557922.301033,1778557922.517548,False,False,False,0,2,0,False
5,20761514,cross_shard_frontrun,global_sequence,109,1210109,r5-global_sequence-p109-victim,r5-global_sequence-p109-attacker,True,True,314.06140327453613,408.88261795043945,1778557922.4483912,1778557922.6302068,1778557922.512442,1778557922.630504,False,False,False,0,2,0,False
5,20761514,cross_shard_frontrun,global_sequence,110,1210110,r5-global_sequence-p110-victim,r5-global_sequence-p110-attacker,True,True,307.8031539916992,402.5092124938965,1778557922.4489079,1778557922.6304939,1778557922.533493,1778557922.646853,False,False,False,0,2,0,False
5,20761514,cross_shard_frontrun,global_sequence,111,1210111,r5-global_sequence-p111-victim,r5-global_sequence-p111-attacker,True,True,299.46088790893555,400.4380702972412,1778557922.4486268,1778557922.6303263,1778557922.523141,1778557922.636717,False,False,False,0,2,0,False
5,20761514,cross_shard_frontrun,global_sequence,112,1210112,r5-global_sequence-p112-victim,r5-global_sequence-p112-attacker,True,True,299.06249046325684,399.5985984802246,1778557922.4487615,1778557922.6304338,1778557922.52801,1778557922.641655,False,False,False,0,2,0,False
5,20761514,cross_shard_frontrun,global_sequence,113,1210113,r5-global_sequence-p113-victim,r5-global_sequence-p113-attacker,True,True,286.2582206726074,379.9440860748291,1778557922.4490137,1778557922.6305459,1778557922.53878,1778557922.652145,False,False,False,0,2,0,False
5,20761514,cross_shard_frontrun,global_sequence,114,1210114,r5-global_sequence-p114-victim,r5-global_sequence-p114-attacker,True,True,278.9745330810547,378.68332862854004,1778557922.4491723,1778557922.630593,1778557922.543639,1778557922.65748,False,False,False,0,2,0,False
5,20761514,cross_shard_frontrun,global_sequence,115,1210115,r5-global_sequence-p115-victim,r5-global_sequence-p115-attacker,True,True,278.2857418060303,378.2768249511719,1778557922.4493842,1778557922.6307032,1778557922.554412,1778557922.667085,False,False,False,0,2,0,False
5,20761514,cross_shard_frontrun,global_sequence,116,1210116,r5-global_sequence-p116-victim,r5-global_sequence-p116-attacker,True,True,277.5914669036865,377.730131149292,1778557922.449575,1778557922.6307735,1778557922.56103,1778557922.672574,False,False,False,0,2,0,False
5,20761514,cross_shard_frontrun,global_sequence,117,1210117,r5-global_sequence-p117-victim,r5-global_sequence-p117-attacker,True,True,275.45619010925293,375.90551376342773,1778557922.4492788,1778557922.6306407,1778557922.54917,1778557922.662353,False,False,False,0,2,0,False
5,20761514,cross_shard_frontrun,global_sequence,118,1210118,r5-global_sequence-p118-victim,r5-global_sequence-p118-attacker,True,True,274.8901844024658,376.1918544769287,1778557922.4499342,1778557922.6320183,1778557922.568679,1778557922.684212,False,False,False,0,2,0,False
5,20761514,cross_shard_frontrun,global_sequence,119,1210119,r5-global_sequence-p119-victim,r5-global_sequence-p119-attacker,True,True,272.9344367980957,373.3377456665039,1778557922.4500763,1778557922.6308224,1778557922.568695,1778557922.678109,False,False,False,0,2,0,False
5,20762514,cross_shard_frontrun,occ,0,1220000,r5-occ-p0-victim,r5-occ-p0-attacker,True,True,74.43475723266602,528.4879207611084,1778557923.7657833,1778557924.0612974,1778557923.766929,1778557924.207089,False,False,False,0,2,0,False
5,20762514,cross_shard_frontrun,occ,1,1220001,r5-occ-p1-victim,r5-occ-p1-attacker,True,True,164.3385887145996,528.1517505645752,1778557923.856239,1778557924.0643005,1778557923.856436,1778557924.2189,False,False,False,0,2,0,False
5,20762514,cross_shard_frontrun,occ,2,1220002,r5-occ-p2-victim,r5-occ-p2-attacker,True,True,148.57840538024902,526.972770690918,1778557923.8431704,1778557924.0613623,1778557923.843523,1778557924.213314,False,False,False,0,2,0,False
5,20762514,cross_shard_frontrun,occ,3,1220003,r5-occ-p3-victim,r5-occ-p3-attacker,True,True,290.21525382995605,526.6766548156738,1778557923.9852293,1778557924.0667768,1778557923.98548,1778557924.218735,False,False,False,0,2,0,False
5,20762514,cross_shard_frontrun,occ,4,1220004,r5-occ-p4-victim,r5-occ-p4-attacker,True,False,534.7764492034912,351.2418270111084,1778557924.0692296,,1778557924.225184,,False,False,False,1,1,1,False
5,20762514,cross_shard_frontrun,occ,5,1220005,r5-occ-p5-victim,r5-occ-p5-attacker,True,False,676.0036945343018,512.5460624694824,1778557924.2356608,,1778557924.35077,,False,False,False,1,1,1,False
5,20762514,cross_shard_frontrun,occ,6,1220006,r5-occ-p6-victim,r5-occ-p6-attacker,True,False,674.746036529541,499.87053871154785,1778557924.2353556,,1778557924.326108,,False,False,False,1,1,1,False
5,20762514,cross_shard_frontrun,occ,7,1220007,r5-occ-p7-victim,r5-occ-p7-attacker,True,False,673.2640266418457,499.7873306274414,1778557924.2351036,,1778557924.305068,,False,False,False,1,1,1,False
5,20762514,cross_shard_frontrun,occ,8,1220008,r5-occ-p8-victim,r5-occ-p8-attacker,True,False,669.950008392334,516.9103145599365,1778557924.2268803,,1778557924.231926,,False,False,False,1,1,1,False
5,20762514,cross_shard_frontrun,occ,9,1220009,r5-occ-p9-victim,r5-occ-p9-attacker,True,False,670.9189414978027,516.2596702575684,1778557924.234774,,1778557924.277753,,False,False,False,1,1,1,False
5,20762514,cross_shard_frontrun,occ,10,1220010,r5-occ-p10-victim,r5-occ-p10-attacker,True,False,560.450553894043,516.0915851593018,1778557924.1563065,,1778557924.229244,,False,False,False,1,1,1,False
5,20762514,cross_shard_frontrun,occ,11,1220011,r5-occ-p11-victim,r5-occ-p11-attacker,True,False,672.1396446228027,515.6345367431641,1778557924.2354097,,1778557924.331446,,False,False,False,1,1,1,False
5,20762514,cross_shard_frontrun,occ,12,1220012,r5-occ-p12-victim,r5-occ-p12-attacker,True,False,667.8824424743652,515.3963565826416,1778557924.2339659,,1778557924.240203,,False,False,False,1,1,1,False
5,20762514,cross_shard_frontrun,occ,13,1220013,r5-occ-p13-victim,r5-occ-p13-attacker,True,False,670.4635620117188,515.082836151123,1778557924.2352855,,1778557924.320701,,False,False,False,1,1,1,False
5,20762514,cross_shard_frontrun,occ,14,1220014,r5-occ-p14-victim,r5-occ-p14-attacker,True,False,668.5323715209961,514.2810344696045,1778557924.2349749,,1778557924.294185,,False,False,False,1,1,1,False
5,20762514,cross_shard_frontrun,occ,15,1220015,r5-occ-p15-victim,r5-occ-p15-attacker,True,False,666.6369438171387,513.8900279998779,1778557924.2343867,,1778557924.261376,,False,False,False,1,1,1,False
5,20762514,cross_shard_frontrun,occ,16,1220016,r5-occ-p16-victim,r5-occ-p16-attacker,True,False,666.4841175079346,513.6239528656006,1778557924.2346966,,1778557924.272554,,False,False,False,1,1,1,False
5,20762514,cross_shard_frontrun,occ,17,1220017,r5-occ-p17-victim,r5-occ-p17-attacker,True,False,668.4780120849609,511.66296005249023,1778557924.2355435,,1778557924.344343,,False,False,False,1,1,1,False
5,20762514,cross_shard_frontrun,occ,18,1220018,r5-occ-p18-victim,r5-occ-p18-attacker,True,False,664.6533012390137,512.1221542358398,1778557924.2345088,,1778557924.261242,,False,False,False,1,1,1,False
5,20762514,cross_shard_frontrun,occ,19,1220019,r5-occ-p19-victim,r5-occ-p19-attacker,True,False,666.0773754119873,512.568473815918,1778557924.2351708,,1778557924.31024,,False,False,False,1,1,1,False
5,20762514,cross_shard_frontrun,occ,20,1220020,r5-occ-p20-victim,r5-occ-p20-attacker,True,False,661.4937782287598,512.8188133239746,1778557924.185765,,1778557924.230084,,False,False,False,1,1,1,False
5,20762514,cross_shard_frontrun,occ,21,1220021,r5-occ-p21-victim,r5-occ-p21-attacker,True,False,524.9519348144531,512.7336978912354,1778557924.1076615,,1778557924.226024,,False,False,False,1,1,1,False
5,20762514,cross_shard_frontrun,occ,22,1220022,r5-occ-p22-victim,r5-occ-p22-attacker,True,False,665.8225059509277,512.5348567962646,1778557924.2354739,,1778557924.33824,,False,False,False,1,1,1,False
5,20762514,cross_shard_frontrun,occ,23,1220023,r5-occ-p23-victim,r5-occ-p23-attacker,True,False,665.6899452209473,512.437105178833,1778557924.2357233,,1778557924.356578,,False,False,False,1,1,1,False
5,20762514,cross_shard_frontrun,occ,24,1220024,r5-occ-p24-victim,r5-occ-p24-attacker,True,False,665.3378009796143,511.6457939147949,1778557924.2359753,,1778557924.368468,,False,False,False,1,1,1,False
5,20762514,cross_shard_frontrun,occ,25,1220025,r5-occ-p25-victim,r5-occ-p25-attacker,True,False,662.0941162109375,511.4424228668213,1778557924.2349153,,1778557924.289131,,False,False,False,1,1,1,False
5,20762514,cross_shard_frontrun,occ,26,1220026,r5-occ-p26-victim,r5-occ-p26-attacker,True,False,661.2405776977539,510.9424591064453,1778557924.2348511,,1778557924.284187,,False,False,False,1,1,1,False
5,20762514,cross_shard_frontrun,occ,27,1220027,r5-occ-p27-victim,r5-occ-p27-attacker,True,False,658.0524444580078,510.76507568359375,1778557924.2338028,,1778557924.233992,,False,False,False,1,1,1,False
5,20762514,cross_shard_frontrun,occ,28,1220028,r5-occ-p28-victim,r5-occ-p28-attacker,True,False,659.6620082855225,510.48779487609863,1778557924.234612,,1778557924.26727,,False,False,False,1,1,1,False
5,20762514,cross_shard_frontrun,occ,29,1220029,r5-occ-p29-victim,r5-occ-p29-attacker,True,False,658.1878662109375,510.4231834411621,1778557924.2340949,,1778557924.245341,,False,False,False,1,1,1,False
5,20762514,cross_shard_frontrun,occ,30,1220030,r5-occ-p30-victim,r5-occ-p30-attacker,True,False,660.3488922119141,510.162353515625,1778557924.2352333,,1778557924.315577,,False,False,False,1,1,1,False
5,20762514,cross_shard_frontrun,occ,31,1220031,r5-occ-p31-victim,r5-occ-p31-attacker,True,False,659.066915512085,509.62257385253906,1778557924.2350414,,1778557924.299568,,False,False,False,1,1,1,False
5,20762514,cross_shard_frontrun,occ,32,1220032,r5-occ-p32-victim,r5-occ-p32-attacker,True,False,600.9316444396973,378.2322406768799,1778557924.2341971,,1778557924.250491,,False,False,False,1,1,1,False
5,20762514,cross_shard_frontrun,occ,33,1220033,r5-occ-p33-victim,r5-occ-p33-attacker,True,False,510.70594787597656,236.0687255859375,1778557924.2342827,,1778557924.255781,,False,False,False,1,1,1,False
5,20762514,cross_shard_frontrun,occ,34,1220034,r5-occ-p34-victim,r5-occ-p34-attacker,True,False,317.02184677124023,154.2508602142334,1778557924.2359302,,1778557924.362544,,False,False,False,1,1,1,False
5,20762514,cross_shard_frontrun,occ,35,1220035,r5-occ-p35-victim,r5-occ-p35-attacker,True,True,167.35196113586426,223.03462028503418,1778557924.267003,1778557924.4111652,1778557924.370674,1778557924.432563,False,False,False,0,2,0,False
5,20762514,cross_shard_frontrun,occ,36,1220036,r5-occ-p36-victim,r5-occ-p36-attacker,True,True,151.80206298828125,217.43130683898926,1778557924.2925825,1778557924.4112303,1778557924.37143,1778557924.439452,False,False,False,0,2,0,False
5,20762514,cross_shard_frontrun,occ,37,1220037,r5-occ-p37-victim,r5-occ-p37-attacker,True,True,166.89467430114746,217.12112426757812,1778557924.3825972,1778557924.4112887,1778557924.388725,1778557924.444438,False,False,False,0,2,0,False
5,20762514,cross_shard_frontrun,occ,38,1220038,r5-occ-p38-victim,r5-occ-p38-attacker,True,True,162.79101371765137,219.22016143798828,1778557924.381309,1778557924.4146903,1778557924.381503,1778557924.449521,False,False,False,0,2,0,False
5,20762514,cross_shard_frontrun,occ,39,1220039,r5-occ-p39-victim,r5-occ-p39-attacker,True,False,247.93171882629395,197.53670692443848,1778557924.470813,,1778557924.471027,,False,False,False,1,1,1,False
5,20762514,cross_shard_frontrun,occ,40,1220040,r5-occ-p40-victim,r5-occ-p40-attacker,True,False,327.03280448913574,197.28946685791016,1778557924.5047035,,1778557924.52076,,False,False,False,1,1,1,False
5,20762514,cross_shard_frontrun,occ,41,1220041,r5-occ-p41-victim,r5-occ-p41-attacker,True,False,325.9587287902832,196.6848373413086,1778557924.5044947,,1778557924.510248,,False,False,False,1,1,1,False
5,20762514,cross_shard_frontrun,occ,42,1220042,r5-occ-p42-victim,r5-occ-p42-attacker,True,False,326.0011672973633,212.88180351257324,1778557924.5048835,,1778557924.536546,,False,False,False,1,1,1,False
5,20762514,cross_shard_frontrun,occ,43,1220043,r5-occ-p43-victim,r5-occ-p43-attacker,True,False,331.26044273376465,212.6460075378418,1778557924.505001,,1778557924.547104,,False,False,False,1,1,1,False
5,20762514,cross_shard_frontrun,occ,44,1220044,r5-occ-p44-victim,r5-occ-p44-attacker,True,False,324.89991188049316,212.46719360351562,1778557924.5047522,,1778557924.526262,,False,False,False,1,1,1,False
5,20762514,cross_shard_frontrun,occ,45,1220045,r5-occ-p45-victim,r5-occ-p45-attacker,True,False,272.8884220123291,212.01348304748535,1778557924.4989872,,1778557924.499308,,False,False,False,1,1,1,False
5,20762514,cross_shard_frontrun,occ,46,1220046,r5-occ-p46-victim,r5-occ-p46-attacker,True,False,323.26364517211914,211.3792896270752,1778557924.504402,,1778557924.504589,,False,False,False,1,1,1,False
5,20762514,cross_shard_frontrun,occ,47,1220047,r5-occ-p47-victim,r5-occ-p47-attacker,True,False,323.40073585510254,211.4582061767578,1778557924.5048118,,1778557924.531552,,False,False,False,1,1,1,False
5,20762514,cross_shard_frontrun,occ,48,1220048,r5-occ-p48-victim,r5-occ-p48-attacker,True,False,322.59678840637207,228.3637523651123,1778557924.5046308,,1778557924.515425,,False,False,False,1,1,1,False
5,20762514,cross_shard_frontrun,occ,49,1220049,r5-occ-p49-victim,r5-occ-p49-attacker,True,False,329.07819747924805,320.61028480529785,1778557924.505042,,1778557924.553405,,False,False,False,1,1,1,False
5,20762514,cross_shard_frontrun,occ,50,1220050,r5-occ-p50-victim,r5-occ-p50-attacker,True,False,328.23967933654785,320.2064037322998,1778557924.5080376,,1778557924.553237,,False,False,False,1,1,1,False
5,20762514,cross_shard_frontrun,occ,51,1220051,r5-occ-p51-victim,r5-occ-p51-attacker,True,False,327.7475833892822,323.01998138427734,1778557924.5049465,,1778557924.541715,,False,False,False,1,1,1,False
5,20762514,cross_shard_frontrun,occ,52,1220052,r5-occ-p52-victim,r5-occ-p52-attacker,True,False,578.9351463317871,307.5754642486572,1778557924.6419313,,1778557924.701637,,False,False,False,1,1,1,False
5,20762514,cross_shard_frontrun,occ,53,1220053,r5-occ-p53-victim,r5-occ-p53-attacker,True,False,471.6835021972656,306.89501762390137,1778557924.642089,,1778557924.711999,,False,False,False,1,1,1,False
5,20762514,cross_shard_frontrun,occ,54,1220054,r5-occ-p54-victim,r5-occ-p54-attacker,True,False,470.8878993988037,306.5454959869385,1778557924.642001,,1778557924.706836,,False,False,False,1,1,1,False
5,20762514,cross_shard_frontrun,occ,55,1220055,r5-occ-p55-victim,r5-occ-p55-attacker,True,False,469.3942070007324,306.43606185913086,1778557924.635609,,1778557924.685024,,False,False,False,1,1,1,False
5,20762514,cross_shard_frontrun,occ,56,1220056,r5-occ-p56-victim,r5-occ-p56-attacker,True,False,469.40040588378906,306.20884895324707,1778557924.6416676,,1778557924.685247,,False,False,False,1,1,1,False
5,20762514,cross_shard_frontrun,occ,57,1220057,r5-occ-p57-victim,r5-occ-p57-attacker,True,False,468.9297676086426,305.91392517089844,1778557924.6114156,,1778557924.684497,,False,False,False,1,1,1,False
5,20762514,cross_shard_frontrun,occ,58,1220058,r5-occ-p58-victim,r5-occ-p58-attacker,True,False,469.7377681732178,305.70316314697266,1778557924.6421623,,1778557924.717094,,False,False,False,1,1,1,False
5,20762514,cross_shard_frontrun,occ,59,1220059,r5-occ-p59-victim,r5-occ-p59-attacker,True,False,467.73648262023926,305.56440353393555,1778557924.6048083,,1778557924.684278,,False,False,False,1,1,1,False
5,20762514,cross_shard_frontrun,occ,60,1220060,r5-occ-p60-victim,r5-occ-p60-attacker,True,False,468.30153465270996,305.24587631225586,1778557924.6417594,,1778557924.691324,,False,False,False,1,1,1,False
5,20762514,cross_shard_frontrun,occ,61,1220061,r5-occ-p61-victim,r5-occ-p61-attacker,True,False,468.0039882659912,304.98337745666504,1778557924.6418707,,1778557924.696481,,False,False,False,1,1,1,False
5,20762514,cross_shard_frontrun,occ,62,1220062,r5-occ-p62-victim,r5-occ-p62-attacker,True,False,530.6620597839355,335.9827995300293,1778557924.6651254,,1778557924.7975,,False,False,False,1,1,1,False
5,20762514,cross_shard_frontrun,occ,63,1220063,r5-occ-p63-victim,r5-occ-p63-attacker,True,False,489.82977867126465,415.86804389953613,1778557924.6482618,,1778557924.722622,,False,False,False,1,1,1,False
5,20762514,cross_shard_frontrun,occ,64,1220064,r5-occ-p64-victim,r5-occ-p64-attacker,True,False,467.04912185668945,415.3871536254883,1778557924.648083,,1778557924.717018,,False,False,False,1,1,1,False
5,20762514,cross_shard_frontrun,occ,65,1220065,r5-occ-p65-victim,r5-occ-p65-attacker,True,False,529.5698642730713,455.98292350769043,1778557924.665192,,1778557924.804236,,False,False,False,1,1,1,False
5,20762514,cross_shard_frontrun,occ,66,1220066,r5-occ-p66-victim,r5-occ-p66-attacker,True,False,529.5708179473877,456.0079574584961,1778557924.6652548,,1778557924.810321,,False,False,False,1,1,1,False
5,20762514,cross_shard_frontrun,occ,67,1220067,r5-occ-p67-victim,r5-occ-p67-attacker,True,False,529.5946598052979,454.04505729675293,1778557924.6655009,,1778557924.827506,,False,False,False,1,1,1,False
5,20762514,cross_shard_frontrun,occ,68,1220068,r5-occ-p68-victim,r5-occ-p68-attacker,True,False,515.6762599945068,438.40479850769043,1778557924.665544,,1778557924.832967,,False,False,False,1,1,1,False
5,20762514,cross_shard_frontrun,occ,69,1220069,r5-occ-p69-victim,r5-occ-p69-attacker,True,False,471.7085361480713,399.39379692077637,1778557924.6653926,,1778557924.82165,,False,False,False,1,1,1,False
5,20762514,cross_shard_frontrun,occ,70,1220070,r5-occ-p70-victim,r5-occ-p70-attacker,True,False,471.0347652435303,381.8390369415283,1778557924.665321,,1778557924.815714,,False,False,False,1,1,1,False
5,20762514,cross_shard_frontrun,occ,71,1220071,r5-occ-p71-victim,r5-occ-p71-attacker,True,False,454.7560214996338,410.6752872467041,1778557924.6708436,,1778557924.838398,,False,False,False,1,1,1,False
5,20762514,cross_shard_frontrun,occ,72,1220072,r5-occ-p72-victim,r5-occ-p72-attacker,True,False,455.1355838775635,437.20507621765137,1778557924.6654515,,1778557924.838155,,False,False,False,1,1,1,False
5,20762514,cross_shard_frontrun,occ,73,1220073,r5-occ-p73-victim,r5-occ-p73-attacker,True,False,455.0178050994873,437.38794326782227,1778557924.6685224,,1778557924.838147,,False,False,False,1,1,1,False
5,20762514,cross_shard_frontrun,occ,74,1220074,r5-occ-p74-victim,r5-occ-p74-attacker,True,False,453.937292098999,436.80620193481445,1778557924.6946404,,1778557924.839757,,False,False,False,1,1,1,False
5,20762514,cross_shard_frontrun,occ,75,1220075,r5-occ-p75-victim,r5-occ-p75-attacker,True,False,451.5836238861084,419.9397563934326,1778557924.6883333,,1778557924.838939,,False,False,False,1,1,1,False
5,20762514,cross_shard_frontrun,occ,76,1220076,r5-occ-p76-victim,r5-occ-p76-attacker,True,False,432.1730136871338,385.6480121612549,1778557924.7317867,,1778557924.868399,,False,False,False,1,1,1,False
5,20762514,cross_shard_frontrun,occ,77,1220077,r5-occ-p77-victim,r5-occ-p77-attacker,True,False,352.68402099609375,334.87439155578613,1778557924.7263827,,1778557924.862888,,False,False,False,1,1,1,False
5,20762514,cross_shard_frontrun,occ,78,1220078,r5-occ-p78-victim,r5-occ-p78-attacker,True,False,353.466272354126,334.39135551452637,1778557924.735601,,1778557924.89561,,False,False,False,1,1,1,False
5,20762514,cross_shard_frontrun,occ,79,1220079,r5-occ-p79-victim,r5-occ-p79-attacker,True,False,353.04999351501465,334.6059322357178,1778557924.7320406,,1778557924.890398,,False,False,False,1,1,1,False
5,20762514,cross_shard_frontrun,occ,80,1220080,r5-occ-p80-victim,r5-occ-p80-attacker,True,False,352.6334762573242,328.71079444885254,1778557924.7319796,,1778557924.885356,,False,False,False,1,1,1,False
5,20762514,cross_shard_frontrun,occ,81,1220081,r5-occ-p81-victim,r5-occ-p81-attacker,True,False,346.7257022857666,334.52534675598145,1778557924.7319212,,1778557924.879776,,False,False,False,1,1,1,False
5,20762514,cross_shard_frontrun,occ,82,1220082,r5-occ-p82-victim,r5-occ-p82-attacker,True,False,346.1301326751709,334.3524932861328,1778557924.7318623,,1778557924.874425,,False,False,False,1,1,1,False
5,20762514,cross_shard_frontrun,occ,83,1220083,r5-occ-p83-victim,r5-occ-p83-attacker,True,False,345.95608711242676,331.60948753356934,1778557924.7264717,,1778557924.86871,,False,False,False,1,1,1,False
5,20762514,cross_shard_frontrun,occ,84,1220084,r5-occ-p84-victim,r5-occ-p84-attacker,True,False,223.34647178649902,212.40615844726562,1778557924.751885,,1778557924.895844,,False,False,False,1,1,1,False
5,20762514,cross_shard_frontrun,occ,85,1220085,r5-occ-p85-victim,r5-occ-p85-attacker,True,False,223.36864471435547,212.91661262512207,1778557924.7691183,,1778557924.896191,,False,False,False,1,1,1,False
5,20762514,cross_shard_frontrun,occ,86,1220086,r5-occ-p86-victim,r5-occ-p86-attacker,True,False,222.53131866455078,212.72516250610352,1778557924.7725506,,1778557924.896471,,False,False,False,1,1,1,False
5,20762514,cross_shard_frontrun,occ,87,1220087,r5-occ-p87-victim,r5-occ-p87-attacker,True,False,223.47259521484375,212.6460075378418,1778557924.7885928,,1778557924.90301,,False,False,False,1,1,1,False
5,20762514,cross_shard_frontrun,occ,88,1220088,r5-occ-p88-victim,r5-occ-p88-attacker,True,False,222.5334644317627,212.6791477203369,1778557924.7911792,,1778557924.902678,,False,False,False,1,1,1,False
5,20762514,cross_shard_frontrun,occ,89,1220089,r5-occ-p89-victim,r5-occ-p89-attacker,True,False,190.4606819152832,103.2721996307373,1778557924.7871053,,1778557924.896711,,False,False,False,1,1,1,False
5,20762514,cross_shard_frontrun,occ,90,1220090,r5-occ-p90-victim,r5-occ-p90-attacker,True,True,113.43622207641602,117.09356307983398,1778557924.8561652,1778557924.9184146,1778557924.905625,1778557924.950195,False,False,False,0,2,0,False
5,20762514,cross_shard_frontrun,occ,91,1220091,r5-occ-p91-victim,r5-occ-p91-attacker,True,False,111.78970336914062,103.16824913024902,1778557924.9103565,,1778557924.928609,,False,False,False,1,1,1,False
5,20762514,cross_shard_frontrun,occ,92,1220092,r5-occ-p92-victim,r5-occ-p92-attacker,True,False,127.68745422363281,103.3022403717041,1778557924.9415412,,1778557924.963291,,False,False,False,1,1,1,False
5,20762514,cross_shard_frontrun,occ,93,1220093,r5-occ-p93-victim,r5-occ-p93-attacker,True,False,124.1610050201416,115.45777320861816,1778557924.9357035,,1778557924.950475,,False,False,False,1,1,1,False
5,20762514,cross_shard_frontrun,occ,94,1220094,r5-occ-p94-victim,r5-occ-p94-attacker,True,False,173.56228828430176,115.35239219665527,1778557925.0017285,,1778557925.009796,,False,False,False,1,1,1,False
5,20762514,cross_shard_frontrun,occ,95,1220095,r5-occ-p95-victim,r5-occ-p95-attacker,True,False,170.00412940979004,115.50116539001465,1778557924.9979165,,1778557924.998118,,False,False,False,1,1,1,False
5,20762514,cross_shard_frontrun,occ,96,1220096,r5-occ-p96-victim,r5-occ-p96-attacker,True,False,134.6571445465088,121.97566032409668,1778557924.9716089,,1778557924.971778,,False,False,False,1,1,1,False
5,20762514,cross_shard_frontrun,occ,97,1220097,r5-occ-p97-victim,r5-occ-p97-attacker,True,True,169.61193084716797,191.91288948059082,1778557924.9980557,1778557925.0369663,1778557925.004581,1778557925.037162,False,False,False,0,2,0,False
5,20762514,cross_shard_frontrun,occ,98,1220098,r5-occ-p98-victim,r5-occ-p98-attacker,True,True,174.99518394470215,249.6936321258545,1778557924.9982438,1778557925.0953405,1778557925.01013,1778557925.095537,False,False,False,0,2,0,False
5,20762514,cross_shard_frontrun,occ,99,1220099,r5-occ-p99-victim,r5-occ-p99-attacker,True,False,354.57348823547363,218.90687942504883,1778557925.1456776,,1778557925.212299,,False,False,False,1,1,1,False
5,20762514,cross_shard_frontrun,occ,100,1220100,r5-occ-p100-victim,r5-occ-p100-attacker,True,False,321.6714859008789,307.4338436126709,1778557925.1559489,,1778557925.212637,,False,False,False,1,1,1,False
5,20762514,cross_shard_frontrun,occ,101,1220101,r5-occ-p101-victim,r5-occ-p101-attacker,True,False,443.2075023651123,307.3887825012207,1778557925.2549314,,1778557925.276905,,False,False,False,1,1,1,False
5,20762514,cross_shard_frontrun,occ,102,1220102,r5-occ-p102-victim,r5-occ-p102-attacker,True,False,443.31836700439453,307.21354484558105,1778557925.255275,,1778557925.304625,,False,False,False,1,1,1,False
5,20762514,cross_shard_frontrun,occ,103,1220103,r5-occ-p103-victim,r5-occ-p103-attacker,True,False,443.3727264404297,306.7889213562012,1778557925.2555733,,1778557925.326854,,False,False,False,1,1,1,False
5,20762514,cross_shard_frontrun,occ,104,1220104,r5-occ-p104-victim,r5-occ-p104-attacker,True,False,442.9211616516113,300.9033203125,1778557925.2555127,,1778557925.32135,,False,False,False,1,1,1,False
5,20762514,cross_shard_frontrun,occ,105,1220105,r5-occ-p105-victim,r5-occ-p105-attacker,True,False,435.6348514556885,300.8275032043457,1778557925.2546268,,1778557925.260906,,False,False,False,1,1,1,False
5,20762514,cross_shard_frontrun,occ,106,1220106,r5-occ-p106-victim,r5-occ-p106-attacker,True,False,435.8487129211426,300.731897354126,1778557925.2549858,,1778557925.283287,,False,False,False,1,1,1,False
5,20762514,cross_shard_frontrun,occ,107,1220107,r5-occ-p107-victim,r5-occ-p107-attacker,True,False,435.72545051574707,300.5809783935547,1778557925.2551954,,1778557925.299193,,False,False,False,1,1,1,False
5,20762514,cross_shard_frontrun,occ,108,1220108,r5-occ-p108-victim,r5-occ-p108-attacker,True,False,435.6405735015869,300.4767894744873,1778557925.255346,,1778557925.310378,,False,False,False,1,1,1,False
5,20762514,cross_shard_frontrun,occ,109,1220109,r5-occ-p109-victim,r5-occ-p109-attacker,True,False,434.92746353149414,300.33016204833984,1778557925.255052,,1778557925.288557,,False,False,False,1,1,1,False
5,20762514,cross_shard_frontrun,occ,110,1220110,r5-occ-p110-victim,r5-occ-p110-attacker,True,False,434.31830406188965,300.19354820251465,1778557925.2548573,,1778557925.271882,,False,False,False,1,1,1,False
5,20762514,cross_shard_frontrun,occ,111,1220111,r5-occ-p111-victim,r5-occ-p111-attacker,True,False,435.1983070373535,300.0049591064453,1778557925.257823,,1778557925.338376,,False,False,False,1,1,1,False
5,20762514,cross_shard_frontrun,occ,112,1220112,r5-occ-p112-victim,r5-occ-p112-attacker,True,False,322.8442668914795,299.7596263885498,1778557925.2266514,,1778557925.226901,,False,False,False,1,1,1,False
5,20762514,cross_shard_frontrun,occ,113,1220113,r5-occ-p113-victim,r5-occ-p113-attacker,True,False,433.5792064666748,299.5741367340088,1778557925.2551105,,1778557925.293767,,False,False,False,1,1,1,False
5,20762514,cross_shard_frontrun,occ,114,1220114,r5-occ-p114-victim,r5-occ-p114-attacker,True,False,311.2597465515137,299.81112480163574,1778557925.17404,,1778557925.213161,,False,False,False,1,1,1,False
5,20762514,cross_shard_frontrun,occ,115,1220115,r5-occ-p115-victim,r5-occ-p115-attacker,True,False,431.9469928741455,299.1514205932617,1778557925.2545173,,1778557925.254692,,False,False,False,1,1,1,False
5,20762514,cross_shard_frontrun,occ,116,1220116,r5-occ-p116-victim,r5-occ-p116-attacker,True,False,433.396577835083,299.0396022796631,1778557925.2556312,,1778557925.332824,,False,False,False,1,1,1,False
5,20762514,cross_shard_frontrun,occ,117,1220117,r5-occ-p117-victim,r5-occ-p117-attacker,True,False,433.95042419433594,298.85053634643555,1778557925.2556891,,1778557925.338428,,False,False,False,1,1,1,False
5,20762514,cross_shard_frontrun,occ,118,1220118,r5-occ-p118-victim,r5-occ-p118-attacker,True,False,431.61582946777344,298.8882064819336,1778557925.254787,,1778557925.267031,,False,False,False,1,1,1,False
5,20762514,cross_shard_frontrun,occ,119,1220119,r5-occ-p119-victim,r5-occ-p119-attacker,True,False,432.2535991668701,300.7032871246338,1778557925.255438,,1778557925.315636,,False,False,False,1,1,1,False
5,20763514,cross_shard_frontrun,conflict_key_queue,0,1230000,r5-conflict_key_queue-p0-victim,r5-conflict_key_queue-p0-attacker,True,True,84.25331115722656,200.18982887268066,1778557926.398398,1778557926.5237317,1778557926.399357,1778557926.529884,False,False,False,0,2,0,False
5,20763514,cross_shard_frontrun,conflict_key_queue,1,1230001,r5-conflict_key_queue-p1-victim,r5-conflict_key_queue-p1-attacker,True,True,132.21263885498047,197.53408432006836,1778557926.4481084,1778557926.527465,1778557926.448317,1778557926.529513,False,False,False,0,2,0,False
5,20763514,cross_shard_frontrun,conflict_key_queue,2,1230002,r5-conflict_key_queue-p2-victim,r5-conflict_key_queue-p2-attacker,True,True,122.30229377746582,194.4715976715088,1778557926.4389918,1778557926.5236783,1778557926.439196,1778557926.523934,False,False,False,0,2,0,False
5,20763514,cross_shard_frontrun,conflict_key_queue,3,1230003,r5-conflict_key_queue-p3-victim,r5-conflict_key_queue-p3-attacker,True,True,293.23744773864746,531.9163799285889,1778557926.608675,1778557926.6960788,1778557926.608871,1778557926.83211,False,False,False,0,2,0,False
5,20763514,cross_shard_frontrun,conflict_key_queue,4,1230004,r5-conflict_key_queue-p4-victim,r5-conflict_key_queue-p4-attacker,True,True,544.2423820495605,973.6144542694092,1778557926.688149,1778557927.2577562,1778557926.70578,1778557927.258066,False,False,False,0,2,0,False
5,20763514,cross_shard_frontrun,conflict_key_queue,5,1230005,r5-conflict_key_queue-p5-victim,r5-conflict_key_queue-p5-attacker,True,True,544.9943542480469,974.9727249145508,1778557926.6885111,1778557927.2585442,1778557926.737117,1778557927.296869,False,False,False,0,2,0,False
5,20763514,cross_shard_frontrun,conflict_key_queue,6,1230006,r5-conflict_key_queue-p6-victim,r5-conflict_key_queue-p6-attacker,True,True,360.3215217590332,532.1521759033203,1778557926.677197,1778557926.7006838,1778557926.677385,1778557926.848055,False,False,False,0,2,0,False
5,20763514,cross_shard_frontrun,conflict_key_queue,7,1230007,r5-conflict_key_queue-p7-victim,r5-conflict_key_queue-p7-attacker,True,True,308.51030349731445,531.909704208374,1778557926.627738,1778557926.6979158,1778557926.627972,1778557926.837426,False,False,False,0,2,0,False
5,20763514,cross_shard_frontrun,conflict_key_queue,8,1230008,r5-conflict_key_queue-p8-victim,r5-conflict_key_queue-p8-attacker,True,True,542.7963733673096,974.1849899291992,1778557926.6882439,1778557927.258013,1778557926.710983,1778557927.272686,False,False,False,0,2,0,False
5,20763514,cross_shard_frontrun,conflict_key_queue,9,1230009,r5-conflict_key_queue-p9-victim,r5-conflict_key_queue-p9-attacker,True,True,222.56946563720703,520.5483436584473,1778557926.5551262,1778557926.6949642,1778557926.555378,1778557926.742935,False,False,False,0,2,0,False
5,20763514,cross_shard_frontrun,conflict_key_queue,10,1230010,r5-conflict_key_queue-p10-victim,r5-conflict_key_queue-p10-attacker,True,True,526.2784957885742,562.0498657226562,1778557926.6879857,1778557926.9071567,1778557926.694647,1778557926.907394,False,False,False,0,2,0,False
5,20763514,cross_shard_frontrun,conflict_key_queue,11,1230011,r5-conflict_key_queue-p11-victim,r5-conflict_key_queue-p11-attacker,True,True,263.46445083618164,520.1914310455322,1778557926.5973835,1778557926.6959167,1778557926.597565,1778557926.820572,False,False,False,0,2,0,False
5,20763514,cross_shard_frontrun,conflict_key_queue,12,1230012,r5-conflict_key_queue-p12-victim,r5-conflict_key_queue-p12-attacker,True,True,399.2593288421631,522.5651264190674,1778557926.687894,1778557926.7477944,1778557926.688116,1778557926.864607,False,False,False,0,2,0,False
5,20763514,cross_shard_frontrun,conflict_key_queue,13,1230013,r5-conflict_key_queue-p13-victim,r5-conflict_key_queue-p13-attacker,True,True,525.1641273498535,808.5079193115234,1778557926.6880975,1778557927.153571,1778557926.700437,1778557927.153832,False,False,False,0,2,0,False
5,20763514,cross_shard_frontrun,conflict_key_queue,14,1230014,r5-conflict_key_queue-p14-victim,r5-conflict_key_queue-p14-attacker,True,True,299.7405529022217,520.9472179412842,1778557926.6343296,1778557926.7008576,1778557926.634602,1778557926.858028,False,False,False,0,2,0,False
5,20763514,cross_shard_frontrun,conflict_key_queue,15,1230015,r5-conflict_key_queue-p15-victim,r5-conflict_key_queue-p15-attacker,True,True,525.4261493682861,962.7645015716553,1778557926.6884665,1778557927.258292,1778557926.731549,1778557927.285301,False,False,False,0,2,0,False
5,20763514,cross_shard_frontrun,conflict_key_queue,16,1230016,r5-conflict_key_queue-p16-victim,r5-conflict_key_queue-p16-attacker,True,True,525.1414775848389,962.6245498657227,1778557926.6884193,1778557927.2584236,1778557926.726655,1778557927.291119,False,False,False,0,2,0,False
5,20763514,cross_shard_frontrun,conflict_key_queue,17,1230017,r5-conflict_key_queue-p17-victim,r5-conflict_key_queue-p17-attacker,True,True,525.4642963409424,965.2590751647949,1778557926.6950307,1778557927.2587218,1778557926.748138,1778557927.309087,False,False,False,0,2,0,False
5,20763514,cross_shard_frontrun,conflict_key_queue,18,1230018,r5-conflict_key_queue-p18-victim,r5-conflict_key_queue-p18-attacker,True,True,525.9871482849121,1158.7858200073242,1778557926.695577,1778557927.3407333,1778557926.789592,1778557927.363831,False,False,False,0,2,0,False
5,20763514,cross_shard_frontrun,conflict_key_queue,19,1230019,r5-conflict_key_queue-p19-victim,r5-conflict_key_queue-p19-attacker,True,True,524.3663787841797,961.9953632354736,1778557926.688351,1778557927.2586215,1778557926.721649,1778557927.303065,False,False,False,0,2,0,False
5,20763514,cross_shard_frontrun,conflict_key_queue,20,1230020,r5-conflict_key_queue-p20-victim,r5-conflict_key_queue-p20-attacker,True,True,523.390531539917,960.4575634002686,1778557926.6882918,1778557927.2578661,1778557926.716349,1778557927.266031,False,False,False,0,2,0,False
5,20763514,cross_shard_frontrun,conflict_key_queue,21,1230021,r5-conflict_key_queue-p21-victim,r5-conflict_key_queue-p21-attacker,True,True,524.8777866363525,1157.2251319885254,1778557926.695508,1778557927.34047,1778557926.784394,1778557927.35367,False,False,False,0,2,0,False
5,20763514,cross_shard_frontrun,conflict_key_queue,22,1230022,r5-conflict_key_queue-p22-victim,r5-conflict_key_queue-p22-attacker,True,True,524.4159698486328,1156.679630279541,1778557926.6954455,1778557927.3402307,1778557926.778765,1778557927.348702,False,False,False,0,2,0,False
5,20763514,cross_shard_frontrun,conflict_key_queue,23,1230023,r5-conflict_key_queue-p23-victim,r5-conflict_key_queue-p23-attacker,True,True,523.7119197845459,963.4451866149902,1778557926.6951563,1778557927.284105,1778557926.75879,1778557927.309623,False,False,False,0,2,0,False
5,20763514,cross_shard_frontrun,conflict_key_queue,24,1230024,r5-conflict_key_queue-p24-victim,r5-conflict_key_queue-p24-attacker,True,True,523.3147144317627,960.5703353881836,1778557926.6950872,1778557927.265915,1778557926.753213,1778557927.308967,False,False,False,0,2,0,False
5,20763514,cross_shard_frontrun,conflict_key_queue,25,1230025,r5-conflict_key_queue-p25-victim,r5-conflict_key_queue-p25-attacker,True,True,524.7795581817627,1157.4811935424805,1778557926.6958156,1778557927.341388,1778557926.810178,1778557927.384314,False,False,False,0,2,0,False
5,20763514,cross_shard_frontrun,conflict_key_queue,26,1230026,r5-conflict_key_queue-p26-victim,r5-conflict_key_queue-p26-attacker,True,True,523.8626003265381,1156.4266681671143,1778557926.695766,1778557927.3409936,1778557926.804946,1778557927.374436,False,False,False,0,2,0,False
5,20763514,cross_shard_frontrun,conflict_key_queue,27,1230027,r5-conflict_key_queue-p27-victim,r5-conflict_key_queue-p27-attacker,True,True,522.3660469055176,971.4481830596924,1778557926.695312,1778557927.321221,1778557926.768903,1778557927.321434,False,False,False,0,2,0,False
5,20763514,cross_shard_frontrun,conflict_key_queue,28,1230028,r5-conflict_key_queue-p28-victim,r5-conflict_key_queue-p28-attacker,True,True,522.5598812103271,1154.9217700958252,1778557926.6956372,1778557927.3406255,1778557926.794729,1778557927.358662,False,False,False,0,2,0,False
5,20763514,cross_shard_frontrun,conflict_key_queue,29,1230029,r5-conflict_key_queue-p29-victim,r5-conflict_key_queue-p29-attacker,True,True,521.7235088348389,1032.2682857513428,1778557926.695386,1778557927.340012,1778557926.773707,1778557927.340299,False,False,False,0,2,0,False
5,20763514,cross_shard_frontrun,conflict_key_queue,30,1230030,r5-conflict_key_queue-p30-victim,r5-conflict_key_queue-p30-attacker,True,True,521.2023258209229,963.188648223877,1778557926.6952398,1778557927.3022528,1778557926.763646,1778557927.310154,False,False,False,0,2,0,False
5,20763514,cross_shard_frontrun,conflict_key_queue,31,1230031,r5-conflict_key_queue-p31-victim,r5-conflict_key_queue-p31-attacker,True,True,521.6460227966309,1154.219150543213,1778557926.6956937,1778557927.340873,1778557926.799952,1778557927.369184,False,False,False,0,2,0,False
5,20763514,cross_shard_frontrun,conflict_key_queue,32,1230032,r5-conflict_key_queue-p32-victim,r5-conflict_key_queue-p32-attacker,True,True,465.04998207092285,1058.9427947998047,1778557926.695973,1778557927.3410966,1778557926.826402,1778557927.379549,False,False,False,0,2,0,False
5,20763514,cross_shard_frontrun,conflict_key_queue,33,1230033,r5-conflict_key_queue-p33-victim,r5-conflict_key_queue-p33-attacker,True,True,414.28136825561523,771.8825340270996,1778557926.6949053,1778557927.2581878,1778557926.737001,1778557927.278724,False,False,False,0,2,0,False
5,20763514,cross_shard_frontrun,conflict_key_queue,34,1230034,r5-conflict_key_queue-p34-victim,r5-conflict_key_queue-p34-attacker,True,True,334.13004875183105,964.6427631378174,1778557926.6958635,1778557927.3412569,1778557926.815706,1778557927.384486,False,False,False,0,2,0,False
5,20763514,cross_shard_frontrun,conflict_key_queue,35,1230035,r5-conflict_key_queue-p35-victim,r5-conflict_key_queue-p35-attacker,True,True,308.7773323059082,899.404764175415,1778557926.700581,1778557927.3414953,1778557926.842304,1778557927.389733,False,False,False,0,2,0,False
5,20763514,cross_shard_frontrun,conflict_key_queue,36,1230036,r5-conflict_key_queue-p36-victim,r5-conflict_key_queue-p36-attacker,True,True,255.40423393249512,871.1605072021484,1778557926.7007794,1778557927.3416104,1778557926.853097,1778557927.39496,False,False,False,0,2,0,False
5,20763514,cross_shard_frontrun,conflict_key_queue,37,1230037,r5-conflict_key_queue-p37-victim,r5-conflict_key_queue-p37-attacker,True,True,230.56530952453613,819.955587387085,1778557926.7034018,1778557927.3417113,1778557926.863071,1778557927.399611,False,False,False,0,2,0,False
5,20763514,cross_shard_frontrun,conflict_key_queue,38,1230038,r5-conflict_key_queue-p38-victim,r5-conflict_key_queue-p38-attacker,True,True,134.3088150024414,637.5546455383301,1778557926.8306916,1778557927.341836,1778557926.866014,1778557927.404496,False,False,False,0,2,0,False
5,20763514,cross_shard_frontrun,conflict_key_queue,39,1230039,r5-conflict_key_queue-p39-victim,r5-conflict_key_queue-p39-attacker,True,True,645.878791809082,916.179895401001,1778557927.3421302,1778557927.7781806,1778557927.414703,1778557927.784503,False,False,False,0,2,0,False
5,20763514,cross_shard_frontrun,conflict_key_queue,40,1230040,r5-conflict_key_queue-p40-victim,r5-conflict_key_queue-p40-attacker,True,True,645.1888084411621,912.6513004302979,1778557927.3419995,1778557927.7780566,1778557927.409664,1778557927.77832,False,False,False,0,2,0,False
5,20763514,cross_shard_frontrun,conflict_key_queue,41,1230041,r5-conflict_key_queue-p41-victim,r5-conflict_key_queue-p41-attacker,True,True,646.355152130127,1058.2051277160645,1778557927.3430698,1778557927.891978,1778557927.452435,1778557927.924203,False,False,False,0,2,0,False
5,20763514,cross_shard_frontrun,conflict_key_queue,42,1230042,r5-conflict_key_queue-p42-victim,r5-conflict_key_queue-p42-attacker,True,True,645.1125144958496,1057.0790767669678,1778557927.3423765,1778557927.89151,1778557927.425208,1778557927.897809,False,False,False,0,2,0,False
5,20763514,cross_shard_frontrun,conflict_key_queue,43,1230043,r5-conflict_key_queue-p43-victim,r5-conflict_key_queue-p43-attacker,True,True,644.6006298065186,1056.5695762634277,1778557927.342276,1778557927.8913844,1778557927.419862,1778557927.891679,False,False,False,0,2,0,False
5,20763514,cross_shard_frontrun,conflict_key_queue,44,1230044,r5-conflict_key_queue-p44-victim,r5-conflict_key_queue-p44-attacker,True,True,646.3379859924316,1063.9972686767578,1778557927.3435056,1778557927.9356513,1778557927.478977,1778557927.935879,False,False,False,0,2,0,False
5,20763514,cross_shard_frontrun,conflict_key_queue,45,1230045,r5-conflict_key_queue-p45-victim,r5-conflict_key_queue-p45-attacker,True,True,644.8395252227783,1056.900978088379,1778557927.3427782,1778557927.8919125,1778557927.440868,1778557927.91881,False,False,False,0,2,0,False
5,20763514,cross_shard_frontrun,conflict_key_queue,46,1230046,r5-conflict_key_queue-p46-victim,r5-conflict_key_queue-p46-attacker,True,True,646.4252471923828,1252.7308464050293,1778557927.343615,1778557927.9533029,1778557927.49003,1778557927.959343,False,False,False,0,2,0,False
5,20763514,cross_shard_frontrun,conflict_key_queue,47,1230047,r5-conflict_key_queue-p47-victim,r5-conflict_key_queue-p47-attacker,True,True,644.0720558166504,1056.2314987182617,1778557927.3425078,1778557927.8917458,1778557927.430746,1778557927.908464,False,False,False,0,2,0,False
5,20763514,cross_shard_frontrun,conflict_key_queue,48,1230048,r5-conflict_key_queue-p48-victim,r5-conflict_key_queue-p48-attacker,True,True,644.9778079986572,1057.1935176849365,1778557927.3432279,1778557927.9034657,1778557927.462724,1778557927.929674,False,False,False,0,2,0,False
5,20763514,cross_shard_frontrun,conflict_key_queue,49,1230049,r5-conflict_key_queue-p49-victim,r5-conflict_key_queue-p49-attacker,True,True,646.6324329376221,1252.4058818817139,1778557927.3439033,1778557927.9535468,1778557927.501184,1778557927.971392,False,False,False,0,2,0,False
5,20763514,cross_shard_frontrun,conflict_key_queue,50,1230050,r5-conflict_key_queue-p50-victim,r5-conflict_key_queue-p50-attacker,True,True,644.5908546447754,1057.7361583709717,1778557927.3433824,1778557927.9303646,1778557927.473811,1778557927.93064,False,False,False,0,2,0,False
5,20763514,cross_shard_frontrun,conflict_key_queue,51,1230051,r5-conflict_key_queue-p51-victim,r5-conflict_key_queue-p51-attacker,True,True,645.2450752258301,1251.6133785247803,1778557927.3438103,1778557927.9534605,1778557927.495806,1778557927.966096,False,False,False,0,2,0,False
5,20763514,cross_shard_frontrun,conflict_key_queue,52,1230052,r5-conflict_key_queue-p52-victim,r5-conflict_key_queue-p52-attacker,True,True,642.8534984588623,1054.922342300415,1778557927.3426664,1778557927.8918347,1778557927.435695,1778557927.913936,False,False,False,0,2,0,False
5,20763514,cross_shard_frontrun,conflict_key_queue,53,1230053,r5-conflict_key_queue-p53-victim,r5-conflict_key_queue-p53-attacker,True,True,642.9674625396729,1054.3885231018066,1778557927.3429134,1778557927.891671,1778557927.446002,1778557927.903017,False,False,False,0,2,0,False
5,20763514,cross_shard_frontrun,conflict_key_queue,54,1230054,r5-conflict_key_queue-p54-victim,r5-conflict_key_queue-p54-attacker,True,True,643.1536674499512,1057.1486949920654,1778557927.3431532,1778557927.8921707,1778557927.457561,1778557927.92977,False,False,False,0,2,0,False
5,20763514,cross_shard_frontrun,conflict_key_queue,55,1230055,r5-conflict_key_queue-p55-victim,r5-conflict_key_queue-p55-attacker,True,True,642.7595615386963,1138.455867767334,1778557927.3435702,1778557927.9531746,1778557927.484456,1778557927.953361,False,False,False,0,2,0,False
5,20763514,cross_shard_frontrun,conflict_key_queue,56,1230056,r5-conflict_key_queue-p56-victim,r5-conflict_key_queue-p56-attacker,True,True,639.7585868835449,1016.1757469177246,1778557927.3433225,1778557927.9197161,1778557927.467994,1778557927.930146,False,False,False,0,2,0,False
5,20763514,cross_shard_frontrun,conflict_key_queue,57,1230057,r5-conflict_key_queue-p57-victim,r5-conflict_key_queue-p57-attacker,True,True,358.04200172424316,809.9784851074219,1778557927.3462348,1778557927.9536574,1778557927.506262,1778557927.976867,False,False,False,0,2,0,False
5,20763514,cross_shard_frontrun,conflict_key_queue,58,1230058,r5-conflict_key_queue-p58-victim,r5-conflict_key_queue-p58-attacker,True,True,204.7901153564453,811.0227584838867,1778557927.379708,1778557927.954142,1778557927.507488,1778557928.009887,False,False,False,0,2,0,False
5,20763514,cross_shard_frontrun,conflict_key_queue,59,1230059,r5-conflict_key_queue-p59-victim,r5-conflict_key_queue-p59-attacker,True,True,203.88293266296387,809.6015453338623,1778557927.3905168,1778557927.953823,1778557927.507897,1778557927.988293,False,False,False,0,2,0,False
5,20763514,cross_shard_frontrun,conflict_key_queue,60,1230060,r5-conflict_key_queue-p60-victim,r5-conflict_key_queue-p60-attacker,True,True,203.09162139892578,809.8666667938232,1778557927.394854,1778557927.9539552,1778557927.508051,1778557927.99911,False,False,False,0,2,0,False
5,20763514,cross_shard_frontrun,conflict_key_queue,61,1230061,r5-conflict_key_queue-p61-victim,r5-conflict_key_queue-p61-attacker,True,True,203.3085823059082,809.1640472412109,1778557927.4012954,1778557927.9538808,1778557927.508459,1778557927.993705,False,False,False,0,2,0,False
5,20763514,cross_shard_frontrun,conflict_key_queue,62,1230062,r5-conflict_key_queue-p62-victim,r5-conflict_key_queue-p62-attacker,True,True,200.90675354003906,807.051420211792,1778557927.4096568,1778557927.9540265,1778557927.508737,1778557928.004695,False,False,False,0,2,0,False
5,20763514,cross_shard_frontrun,conflict_key_queue,63,1230063,r5-conflict_key_queue-p63-victim,r5-conflict_key_queue-p63-attacker,True,True,198.22192192077637,796.457052230835,1778557927.4124823,1778557927.9537563,1778557927.508891,1778557927.982603,False,False,False,0,2,0,False
5,20763514,cross_shard_frontrun,conflict_key_queue,64,1230064,r5-conflict_key_queue-p64-victim,r5-conflict_key_queue-p64-attacker,True,True,130.14483451843262,614.7446632385254,1778557927.4523518,1778557927.95423,1778557927.510337,1778557928.015755,False,False,False,0,2,0,False
5,20763514,cross_shard_frontrun,conflict_key_queue,65,1230065,r5-conflict_key_queue-p65-victim,r5-conflict_key_queue-p65-attacker,True,True,66.5438175201416,614.1273975372314,1778557927.5693243,1778557927.954346,1778557927.569562,1778557928.015489,False,False,False,0,2,0,False
5,20763514,cross_shard_frontrun,conflict_key_queue,66,1230066,r5-conflict_key_queue-p66-victim,r5-conflict_key_queue-p66-attacker,True,True,70.6326961517334,614.1219139099121,1778557927.5743673,1778557927.9544618,1778557927.574572,1778557928.021567,False,False,False,0,2,0,False
5,20763514,cross_shard_frontrun,conflict_key_queue,67,1230067,r5-conflict_key_queue-p67-victim,r5-conflict_key_queue-p67-attacker,True,True,633.8992118835449,1050.0657558441162,1778557927.9547017,1778557928.5143952,1778557928.036997,1778557928.514675,False,False,False,0,2,0,False
5,20763514,cross_shard_frontrun,conflict_key_queue,68,1230068,r5-conflict_key_queue-p68-victim,r5-conflict_key_queue-p68-attacker,True,True,632.9410076141357,880.4502487182617,1778557927.9545436,1778557928.393166,1778557928.026766,1778557928.393418,False,False,False,0,2,0,False
5,20763514,cross_shard_frontrun,conflict_key_queue,69,1230069,r5-conflict_key_queue-p69-victim,r5-conflict_key_queue-p69-attacker,True,True,633.5058212280273,1050.3315925598145,1778557927.9549038,1778557928.5149014,1778557928.052743,1778557928.53974,False,False,False,0,2,0,False
5,20763514,cross_shard_frontrun,conflict_key_queue,70,1230070,r5-conflict_key_queue-p70-victim,r5-conflict_key_queue-p70-attacker,True,True,632.7717304229736,1049.3593215942383,1778557927.9547682,1778557928.5144978,1778557928.042102,1778557928.523015,False,False,False,0,2,0,False
5,20763514,cross_shard_frontrun,conflict_key_queue,71,1230071,r5-conflict_key_queue-p71-victim,r5-conflict_key_queue-p71-attacker,True,True,633.2583427429199,1049.7639179229736,1778557927.9550562,1778557928.5152614,1778557928.062991,1778557928.545198,False,False,False,0,2,0,False
5,20763514,cross_shard_frontrun,conflict_key_queue,72,1230072,r5-conflict_key_queue-p72-victim,r5-conflict_key_queue-p72-attacker,True,True,632.1520805358887,1048.6304759979248,1778557927.9548347,1778557928.5146592,1778557928.047236,1778557928.528707,False,False,False,0,2,0,False
5,20763514,cross_shard_frontrun,conflict_key_queue,73,1230073,r5-conflict_key_queue-p73-victim,r5-conflict_key_queue-p73-attacker,True,True,631.2060356140137,889.0056610107422,1778557927.9546258,1778557928.4037204,1778557928.031834,1778557928.403943,False,False,False,0,2,0,False
5,20763514,cross_shard_frontrun,conflict_key_queue,74,1230074,r5-conflict_key_queue-p74-victim,r5-conflict_key_queue-p74-attacker,True,True,632.8434944152832,1050.7397651672363,1778557927.955371,1778557928.528426,1778557928.089839,1778557928.566071,False,False,False,0,2,0,False
5,20763514,cross_shard_frontrun,conflict_key_queue,75,1230075,r5-conflict_key_queue-p75-victim,r5-conflict_key_queue-p75-attacker,True,True,633.4590911865234,1226.6275882720947,1778557927.9590735,1778557928.5799122,1778557928.126577,1778557928.586708,False,False,False,0,2,0,False
5,20763514,cross_shard_frontrun,conflict_key_queue,76,1230076,r5-conflict_key_queue-p76-victim,r5-conflict_key_queue-p76-attacker,True,True,631.1874389648438,1047.4352836608887,1778557927.954991,1778557928.5147595,1778557928.057783,1778557928.534149,False,False,False,0,2,0,False
5,20763514,cross_shard_frontrun,conflict_key_queue,77,1230077,r5-conflict_key_queue-p77-victim,r5-conflict_key_queue-p77-attacker,True,True,631.1671733856201,1047.889232635498,1778557927.9551044,1778557928.5155892,1778557928.068117,1778557928.555653,False,False,False,0,2,0,False
5,20763514,cross_shard_frontrun,conflict_key_queue,78,1230078,r5-conflict_key_queue-p78-victim,r5-conflict_key_queue-p78-attacker,True,True,630.932092666626,1047.5056171417236,1778557927.9552133,1778557928.5157168,1778557928.078735,1778557928.560903,False,False,False,0,2,0,False
5,20763514,cross_shard_frontrun,conflict_key_queue,79,1230079,r5-conflict_key_queue-p79-victim,r5-conflict_key_queue-p79-attacker,True,True,630.7675838470459,1050.9343147277832,1778557927.9552987,1778557928.515834,1778557928.084287,1778557928.566147,False,False,False,0,2,0,False
5,20763514,cross_shard_frontrun,conflict_key_queue,80,1230080,r5-conflict_key_queue-p80-victim,r5-conflict_key_queue-p80-attacker,True,True,630.0725936889648,1050.8270263671875,1778557927.9554586,1778557928.5398378,1778557928.096476,1778557928.566497,False,False,False,0,2,0,False
5,20763514,cross_shard_frontrun,conflict_key_queue,81,1230081,r5-conflict_key_queue-p81-victim,r5-conflict_key_queue-p81-attacker,True,True,628.8955211639404,1045.4175472259521,1778557927.9551551,1778557928.5154321,1778557928.073024,1778557928.550393,False,False,False,0,2,0,False
5,20763514,cross_shard_frontrun,conflict_key_queue,82,1230082,r5-conflict_key_queue-p82-victim,r5-conflict_key_queue-p82-attacker,True,True,629.6000480651855,1049.6695041656494,1778557927.9565694,1778557928.556627,1778557928.109517,1778557928.567163,False,False,False,0,2,0,False
5,20763514,cross_shard_frontrun,conflict_key_queue,83,1230083,r5-conflict_key_queue-p83-victim,r5-conflict_key_queue-p83-attacker,True,True,629.6560764312744,1216.865062713623,1778557927.9590023,1778557928.5797575,1778557928.120952,1778557928.579978,False,False,False,0,2,0,False
5,20763514,cross_shard_frontrun,conflict_key_queue,84,1230084,r5-conflict_key_queue-p84-victim,r5-conflict_key_queue-p84-attacker,True,True,570.3797340393066,986.3348007202148,1778557927.9555097,1778557928.5454986,1778557928.102591,1778557928.566813,False,False,False,0,2,0,False
5,20763514,cross_shard_frontrun,conflict_key_queue,85,1230085,r5-conflict_key_queue-p85-victim,r5-conflict_key_queue-p85-attacker,True,True,358.88147354125977,781.6498279571533,1778557927.9589152,1778557928.5742316,1778557928.114988,1778557928.574471,False,False,False,0,2,0,False
5,20763514,cross_shard_frontrun,conflict_key_queue,86,1230086,r5-conflict_key_queue-p86-victim,r5-conflict_key_queue-p86-attacker,True,True,214.71309661865234,808.013916015625,1778557927.9940534,1778557928.5802152,1778557928.127908,1778557928.597383,False,False,False,0,2,0,False
5,20763514,cross_shard_frontrun,conflict_key_queue,87,1230087,r5-conflict_key_queue-p87-victim,r5-conflict_key_queue-p87-attacker,True,True,214.67924118041992,807.9583644866943,1778557928.0288913,1778557928.5803776,1778557928.135868,1778557928.607523,False,False,False,0,2,0,False
5,20763514,cross_shard_frontrun,conflict_key_queue,88,1230088,r5-conflict_key_queue-p88-victim,r5-conflict_key_queue-p88-attacker,True,True,214.2336368560791,807.5804710388184,1778557928.0288172,1778557928.58029,1778557928.129464,1778557928.60234,False,False,False,0,2,0,False
5,20763514,cross_shard_frontrun,conflict_key_queue,89,1230089,r5-conflict_key_queue-p89-victim,r5-conflict_key_queue-p89-attacker,True,True,213.52672576904297,806.2818050384521,1778557928.023089,1778557928.5801332,1778557928.129153,1778557928.591853,False,False,False,0,2,0,False
5,20763514,cross_shard_frontrun,conflict_key_queue,90,1230090,r5-conflict_key_queue-p90-victim,r5-conflict_key_queue-p90-attacker,True,True,213.90104293823242,805.7394027709961,1778557928.0289652,1778557928.5805655,1778557928.141024,1778557928.623457,False,False,False,0,2,0,False
5,20763514,cross_shard_frontrun,conflict_key_queue,91,1230091,r5-conflict_key_queue-p91-victim,r5-conflict_key_queue-p91-attacker,True,True,211.8072509765625,800.9371757507324,1778557928.0325084,1778557928.580438,1778557928.140802,1778557928.612841,False,False,False,0,2,0,False
5,20763514,cross_shard_frontrun,conflict_key_queue,92,1230092,r5-conflict_key_queue-p92-victim,r5-conflict_key_queue-p92-attacker,True,True,130.7213306427002,611.893892288208,1778557928.0786073,1778557928.5805013,1778557928.142462,1778557928.617664,False,False,False,0,2,0,False
5,20763514,cross_shard_frontrun,conflict_key_queue,93,1230093,r5-conflict_key_queue-p93-victim,r5-conflict_key_queue-p93-attacker,True,True,73.32110404968262,611.8688583374023,1778557928.1967645,1778557928.5806887,1778557928.196993,1778557928.634356,False,False,False,0,2,0,False
5,20763514,cross_shard_frontrun,conflict_key_queue,94,1230094,r5-conflict_key_queue-p94-victim,r5-conflict_key_queue-p94-attacker,True,True,96.40073776245117,611.7422580718994,1778557928.220298,1778557928.5807962,1778557928.220488,1778557928.645253,False,False,False,0,2,0,False
5,20763514,cross_shard_frontrun,conflict_key_queue,95,1230095,r5-conflict_key_queue-p95-victim,r5-conflict_key_queue-p95-attacker,True,True,83.76765251159668,610.6030941009521,1778557928.2105072,1778557928.5806336,1778557928.210731,1778557928.629049,False,False,False,0,2,0,False
5,20763514,cross_shard_frontrun,conflict_key_queue,96,1230096,r5-conflict_key_queue-p96-victim,r5-conflict_key_queue-p96-attacker,True,True,121.21295928955078,610.5425357818604,1778557928.2461896,1778557928.5807464,1778557928.246383,1778557928.639817,False,False,False,0,2,0,False
5,20763514,cross_shard_frontrun,conflict_key_queue,97,1230097,r5-conflict_key_queue-p97-victim,r5-conflict_key_queue-p97-attacker,True,True,626.4057159423828,933.9494705200195,1778557928.5812414,1778557928.9719834,1778557928.682113,1778557928.981301,False,False,False,0,2,0,False
5,20763514,cross_shard_frontrun,conflict_key_queue,98,1230098,r5-conflict_key_queue-p98-victim,r5-conflict_key_queue-p98-attacker,True,True,624.748945236206,630.3215026855469,1778557928.5809574,1778557928.7644842,1778557928.657539,1778557928.764698,False,False,False,0,2,0,False
5,20763514,cross_shard_frontrun,conflict_key_queue,99,1230099,r5-conflict_key_queue-p99-victim,r5-conflict_key_queue-p99-attacker,True,True,613.720178604126,807.7003955841064,1778557928.5811348,1778557928.9554203,1778557928.670017,1778557928.955747,False,False,False,0,2,0,False
5,20763514,cross_shard_frontrun,conflict_key_queue,100,1230100,r5-conflict_key_queue-p100-victim,r5-conflict_key_queue-p100-attacker,True,True,613.6538982391357,900.0687599182129,1778557928.5811894,1778557928.9718523,1778557928.676591,1778557928.972196,False,False,False,0,2,0,False
5,20763514,cross_shard_frontrun,conflict_key_queue,101,1230101,r5-conflict_key_queue-p101-victim,r5-conflict_key_queue-p101-attacker,True,True,612.6396656036377,921.3602542877197,1778557928.5810537,1778557928.9722056,1778557928.664368,1778557928.986892,False,False,False,0,2,0,False
5,20763514,cross_shard_frontrun,conflict_key_queue,102,1230102,r5-conflict_key_queue-p102-victim,r5-conflict_key_queue-p102-attacker,True,True,605.2694320678711,611.0718250274658,1778557928.580869,1778557928.7517936,1778557928.651491,1778557928.757168,False,False,False,0,2,0,False
5,20763514,cross_shard_frontrun,conflict_key_queue,103,1230103,r5-conflict_key_queue-p103-victim,r5-conflict_key_queue-p103-attacker,True,True,612.8396987915039,920.6490516662598,1778557928.581296,1778557928.9722972,1778557928.687932,1778557928.992546,False,False,False,0,2,0,False
5,20763514,cross_shard_frontrun,conflict_key_queue,104,1230104,r5-conflict_key_queue-p104-victim,r5-conflict_key_queue-p104-attacker,True,True,612.8225326538086,920.5758571624756,1778557928.5814295,1778557928.9724903,1778557928.699812,1778557929.003356,False,False,False,0,2,0,False
5,20763514,cross_shard_frontrun,conflict_key_queue,105,1230105,r5-conflict_key_queue-p105-victim,r5-conflict_key_queue-p105-attacker,True,True,613.3849620819092,920.579195022583,1778557928.5818427,1778557928.973033,1778557928.727818,1778557929.034209,False,False,False,0,2,0,False
5,20763514,cross_shard_frontrun,conflict_key_queue,106,1230106,r5-conflict_key_queue-p106-victim,r5-conflict_key_queue-p106-attacker,True,True,612.6174926757812,920.3245639801025,1778557928.581686,1778557928.972748,1778557928.717156,1778557929.018896,False,False,False,0,2,0,False
5,20763514,cross_shard_frontrun,conflict_key_queue,107,1230107,r5-conflict_key_queue-p107-victim,r5-conflict_key_queue-p107-attacker,True,True,612.912654876709,920.4292297363281,1778557928.5817668,1778557928.9731112,1778557928.722649,1778557929.039711,False,False,False,0,2,0,False
5,20763514,cross_shard_frontrun,conflict_key_queue,108,1230108,r5-conflict_key_queue-p108-victim,r5-conflict_key_queue-p108-attacker,True,True,612.1373176574707,919.9843406677246,1778557928.5819514,1778557928.9728386,1778557928.739686,1778557929.023972,False,False,False,0,2,0,False
5,20763514,cross_shard_frontrun,conflict_key_queue,109,1230109,r5-conflict_key_queue-p109-victim,r5-conflict_key_queue-p109-attacker,True,True,611.5450859069824,919.2399978637695,1778557928.5816123,1778557928.9726696,1778557928.711855,1778557929.014135,False,False,False,0,2,0,False
5,20763514,cross_shard_frontrun,conflict_key_queue,110,1230110,r5-conflict_key_queue-p110-victim,r5-conflict_key_queue-p110-attacker,True,True,611.081600189209,918.8573360443115,1778557928.5815077,1778557928.9725752,1778557928.705817,1778557929.008913,False,False,False,0,2,0,False
5,20763514,cross_shard_frontrun,conflict_key_queue,111,1230111,r5-conflict_key_queue-p111-victim,r5-conflict_key_queue-p111-attacker,True,True,609.0826988220215,916.905403137207,1778557928.5813572,1778557928.9723926,1778557928.693765,1778557928.998042,False,False,False,0,2,0,False
5,20763514,cross_shard_frontrun,conflict_key_queue,112,1230112,r5-conflict_key_queue-p112-victim,r5-conflict_key_queue-p112-attacker,True,True,557.0940971374512,853.0826568603516,1778557928.585238,1778557928.9734774,1778557928.745597,1778557929.050093,False,False,False,0,2,0,False
5,20763514,cross_shard_frontrun,conflict_key_queue,113,1230113,r5-conflict_key_queue-p113-victim,r5-conflict_key_queue-p113-attacker,True,True,532.7885150909424,814.5561218261719,1778557928.5819001,1778557928.9729233,1778557928.73415,1778557929.028937,False,False,False,0,2,0,False
5,20763514,cross_shard_frontrun,conflict_key_queue,114,1230114,r5-conflict_key_queue-p114-victim,r5-conflict_key_queue-p114-attacker,True,True,360.19420623779297,657.2470664978027,1778557928.5837312,1778557928.9731958,1778557928.739663,1778557929.044886,False,False,False,0,2,0,False
5,20763514,cross_shard_frontrun,conflict_key_queue,115,1230115,r5-conflict_key_queue-p115-victim,r5-conflict_key_queue-p115-attacker,True,True,192.01302528381348,498.45314025878906,1778557928.6339736,1778557928.9737763,1778557928.746891,1778557929.060732,False,False,False,0,2,0,False
5,20763514,cross_shard_frontrun,conflict_key_queue,116,1230116,r5-conflict_key_queue-p116-victim,r5-conflict_key_queue-p116-attacker,True,True,191.80631637573242,498.2264041900635,1778557928.6558979,1778557928.9738877,1778557928.747412,1778557929.065905,False,False,False,0,2,0,False
5,20763514,cross_shard_frontrun,conflict_key_queue,117,1230117,r5-conflict_key_queue-p117-victim,r5-conflict_key_queue-p117-attacker,True,True,190.60778617858887,497.7555274963379,1778557928.6452181,1778557928.9736784,1778557928.747031,1778557929.055256,False,False,False,0,2,0,False
5,20763514,cross_shard_frontrun,conflict_key_queue,118,1230118,r5-conflict_key_queue-p118-victim,r5-conflict_key_queue-p118-attacker,True,True,190.4428005218506,497.1015453338623,1778557928.648861,1778557928.9735956,1778557928.747222,1778557929.049574,False,False,False,0,2,0,False
5,20763514,cross_shard_frontrun,conflict_key_queue,119,1230119,r5-conflict_key_queue-p119-victim,r5-conflict_key_queue-p119-attacker,True,True,190.81997871398926,495.8465099334717,1778557928.659351,1778557928.9740248,1778557928.754173,1778557929.071175,False,False,False,0,2,0,False
5,20764514,cross_shard_frontrun,two_phase_commit,0,1240000,r5-two_phase_commit-p0-victim,r5-two_phase_commit-p0-attacker,True,True,86.18474006652832,1036.4141464233398,1778557930.1624687,1778557930.7905734,1778557930.163398,1778557930.825729,False,False,False,0,2,0,False
5,20764514,cross_shard_frontrun,two_phase_commit,1,1240001,r5-two_phase_commit-p1-victim,r5-two_phase_commit-p1-attacker,True,True,195.0817108154297,1036.5943908691406,1778557930.2735572,1778557930.7913613,1778557930.273828,1778557930.847204,False,False,False,0,2,0,False
5,20764514,cross_shard_frontrun,two_phase_commit,2,1240002,r5-two_phase_commit-p2-victim,r5-two_phase_commit-p2-attacker,True,True,745.438814163208,1035.9251499176025,1778557930.7892694,1778557930.7912061,1778557930.789671,1778557930.842063,False,False,False,0,2,0,False
5,20764514,cross_shard_frontrun,two_phase_commit,3,1240003,r5-two_phase_commit-p3-victim,r5-two_phase_commit-p3-attacker,True,True,349.5023250579834,1042.5474643707275,1778557930.4217427,1778557930.79271,1778557930.422064,1778557930.872532,False,False,False,0,2,0,False
5,20764514,cross_shard_frontrun,two_phase_commit,4,1240004,r5-two_phase_commit-p4-victim,r5-two_phase_commit-p4-attacker,True,True,1042.0422554016113,1042.417287826538,1778557930.7897594,1778557930.7934206,1778557930.80473,1778557930.882619,False,False,False,0,2,0,False
5,20764514,cross_shard_frontrun,two_phase_commit,5,1240005,r5-two_phase_commit-p5-victim,r5-two_phase_commit-p5-attacker,True,True,1041.3384437561035,1042.6394939422607,1778557930.7894619,1778557930.7941644,1778557930.799231,1778557930.923951,False,False,False,0,2,0,False
5,20764514,cross_shard_frontrun,two_phase_commit,6,1240006,r5-two_phase_commit-p6-victim,r5-two_phase_commit-p6-attacker,True,True,1041.3427352905273,1042.222023010254,1778557930.7898877,1778557930.7941031,1778557930.810221,1778557930.91815,False,False,False,0,2,0,False
5,20764514,cross_shard_frontrun,two_phase_commit,7,1240007,r5-two_phase_commit-p7-victim,r5-two_phase_commit-p7-attacker,True,True,1041.6536331176758,1042.1481132507324,1778557930.7902741,1778557930.7942865,1778557930.826058,1778557930.93474,False,False,False,0,2,0,False
5,20764514,cross_shard_frontrun,two_phase_commit,8,1240008,r5-two_phase_commit-p8-victim,r5-two_phase_commit-p8-attacker,True,True,1040.8456325531006,1041.9631004333496,1778557930.790002,1778557930.7944024,1778557930.815372,1778557930.944911,False,False,False,0,2,0,False
5,20764514,cross_shard_frontrun,two_phase_commit,9,1240009,r5-two_phase_commit-p9-victim,r5-two_phase_commit-p9-attacker,True,True,1048.281192779541,1041.5658950805664,1778557930.7919664,1778557930.794508,1778557930.862623,1778557930.94998,False,False,False,0,2,0,False
5,20764514,cross_shard_frontrun,two_phase_commit,10,1240010,r5-two_phase_commit-p10-victim,r5-two_phase_commit-p10-attacker,True,True,1040.2414798736572,1041.7828559875488,1778557930.790108,1778557930.7947588,1778557930.820471,1778557930.97121,False,False,False,0,2,0,False
5,20764514,cross_shard_frontrun,two_phase_commit,11,1240011,r5-two_phase_commit-p11-victim,r5-two_phase_commit-p11-attacker,True,True,1047.4374294281006,1041.4392948150635,1778557930.791761,1778557930.7948139,1778557930.857485,1778557930.976152,False,False,False,0,2,0,False
5,20764514,cross_shard_frontrun,two_phase_commit,12,1240012,r5-two_phase_commit-p12-victim,r5-two_phase_commit-p12-attacker,True,True,1039.9830341339111,1039.6463871002197,1778557930.790781,1778557930.7948728,1778557930.831521,1778557930.981514,False,False,False,0,2,0,False
5,20764514,cross_shard_frontrun,two_phase_commit,13,1240013,r5-two_phase_commit-p13-victim,r5-two_phase_commit-p13-attacker,True,True,1039.7789478302002,1040.1535034179688,1778557930.7909672,1778557930.7952836,1778557930.83683,1778557931.013426,False,False,False,0,2,0,False
5,20764514,cross_shard_frontrun,two_phase_commit,14,1240014,r5-two_phase_commit-p14-victim,r5-two_phase_commit-p14-attacker,True,True,1040.0362014770508,1039.9596691131592,1778557930.791548,1778557930.7951188,1778557930.852281,1778557931.002485,False,False,False,0,2,0,False
5,20764514,cross_shard_frontrun,two_phase_commit,15,1240015,r5-two_phase_commit-p15-victim,r5-two_phase_commit-p15-attacker,True,True,1046.072244644165,1040.0404930114746,1778557930.792429,1778557930.7951748,1778557930.86725,1778557931.008016,False,False,False,0,2,0,False
5,20764514,cross_shard_frontrun,two_phase_commit,16,1240016,r5-two_phase_commit-p16-victim,r5-two_phase_commit-p16-attacker,True,True,1045.8707809448242,1039.6428108215332,1778557930.7929974,1778557930.7949946,1778557930.87767,1778557930.991704,False,False,False,0,2,0,False
5,20764514,cross_shard_frontrun,two_phase_commit,17,1240017,r5-two_phase_commit-p17-victim,r5-two_phase_commit-p17-attacker,True,True,1045.732021331787,1040.0941371917725,1778557930.793695,1778557930.795509,1778557930.888951,1778557931.029759,False,False,False,0,2,0,False
5,20764514,cross_shard_frontrun,two_phase_commit,18,1240018,r5-two_phase_commit-p18-victim,r5-two_phase_commit-p18-attacker,True,True,1045.544147491455,1039.687156677246,1778557930.7937846,1778557930.7954338,1778557930.893988,1778557931.024262,False,False,False,0,2,0,False
5,20764514,cross_shard_frontrun,two_phase_commit,19,1240019,r5-two_phase_commit-p19-victim,r5-two_phase_commit-p19-attacker,True,True,1045.433759689331,1039.7453308105469,1778557930.7939205,1778557930.7957244,1778557930.905906,1778557931.041921,False,False,False,0,2,0,False
5,20764514,cross_shard_frontrun,two_phase_commit,20,1240020,r5-two_phase_commit-p20-victim,r5-two_phase_commit-p20-attacker,True,True,1044.689655303955,1038.938045501709,1778557930.7938511,1778557930.7955732,1778557930.900173,1778557931.036371,False,False,False,0,2,0,False
5,20764514,cross_shard_frontrun,two_phase_commit,21,1240021,r5-two_phase_commit-p21-victim,r5-two_phase_commit-p21-attacker,True,True,1044.1644191741943,1038.3217334747314,1778557930.7940238,1778557930.7959056,1778557930.912022,1778557931.05435,False,False,False,0,2,0,False
5,20764514,cross_shard_frontrun,two_phase_commit,22,1240022,r5-two_phase_commit-p22-victim,r5-two_phase_commit-p22-attacker,True,True,1043.8621044158936,1038.0778312683105,1778557930.7942314,1778557930.796009,1778557930.929589,1778557931.066099,False,False,False,0,2,0,False
5,20764514,cross_shard_frontrun,two_phase_commit,23,1240023,r5-two_phase_commit-p23-victim,r5-two_phase_commit-p23-attacker,True,True,1043.635606765747,1037.8291606903076,1778557930.7943401,1778557930.7964075,1778557930.939844,1778557931.077748,False,False,False,0,2,0,False
5,20764514,cross_shard_frontrun,two_phase_commit,24,1240024,r5-two_phase_commit-p24-victim,r5-two_phase_commit-p24-attacker,True,True,1043.5223579406738,1037.5959873199463,1778557930.7945733,1778557930.796485,1778557930.955286,1778557931.083414,False,False,False,0,2,0,False
5,20764514,cross_shard_frontrun,two_phase_commit,25,1240025,r5-two_phase_commit-p25-victim,r5-two_phase_commit-p25-attacker,True,True,1043.4114933013916,1037.5633239746094,1778557930.794699,1778557930.79674,1778557930.965684,1778557931.101481,False,False,False,0,2,0,False
5,20764514,cross_shard_frontrun,two_phase_commit,26,1240026,r5-two_phase_commit-p26-victim,r5-two_phase_commit-p26-attacker,True,True,1042.9980754852295,1037.055253982544,1778557930.7946455,1778557930.7965693,1778557930.960604,1778557931.089006,False,False,False,0,2,0,False
5,20764514,cross_shard_frontrun,two_phase_commit,27,1240027,r5-two_phase_commit-p27-victim,r5-two_phase_commit-p27-attacker,True,True,1043.1349277496338,1036.3314151763916,1778557930.7949374,1778557930.7963371,1778557930.986429,1778557931.071653,False,False,False,0,2,0,False
5,20764514,cross_shard_frontrun,two_phase_commit,28,1240028,r5-two_phase_commit-p28-victim,r5-two_phase_commit-p28-attacker,True,True,1042.9017543792725,1036.4019870758057,1778557930.7950597,1778557930.796641,1778557930.996716,1778557931.095587,False,False,False,0,2,0,False
5,20764514,cross_shard_frontrun,two_phase_commit,29,1240029,r5-two_phase_commit-p29-victim,r5-two_phase_commit-p29-attacker,True,True,1042.9644584655762,1036.2675189971924,1778557930.795362,1778557930.7968242,1778557931.018537,1778557931.107084,False,False,False,0,2,0,False
5,20764514,cross_shard_frontrun,two_phase_commit,30,1240030,r5-two_phase_commit-p30-victim,r5-two_phase_commit-p30-attacker,True,True,1043.2026386260986,1035.998821258545,1778557930.795657,1778557930.7969131,1778557931.04862,1778557931.112805,False,False,False,0,2,0,False
5,20764514,cross_shard_frontrun,two_phase_commit,31,1240031,r5-two_phase_commit-p31-victim,r5-two_phase_commit-p31-attacker,True,True,1043.0810451507568,1035.7112884521484,1778557930.7958362,1778557930.797003,1778557931.060398,1778557931.118023,False,False,False,0,2,0,False
5,20764514,cross_shard_frontrun,two_phase_commit,32,1240032,r5-two_phase_commit-p32-victim,r5-two_phase_commit-p32-attacker,True,True,971.2247848510742,853.2488346099854,1778557930.845775,1778557930.7970724,1778557931.124894,1778557931.123337,True,True,True,0,2,0,False
5,20764514,cross_shard_frontrun,two_phase_commit,33,1240033,r5-two_phase_commit-p33-victim,r5-two_phase_commit-p33-attacker,True,True,705.8775424957275,302.7622699737549,1778557930.8544602,1778557930.8597643,1778557931.125434,1778557931.131612,False,False,False,0,2,0,False
5,20764514,cross_shard_frontrun,two_phase_commit,34,1240034,r5-two_phase_commit-p34-victim,r5-two_phase_commit-p34-attacker,True,True,63.20691108703613,1043.0152416229248,1778557931.1852524,1778557931.8347378,1778557931.185469,1778557931.85189,False,False,False,0,2,0,False
5,20764514,cross_shard_frontrun,two_phase_commit,35,1240035,r5-two_phase_commit-p35-victim,r5-two_phase_commit-p35-attacker,True,True,150.7568359375,873.1997013092041,1778557931.2733335,1778557931.8346257,1778557931.273529,1778557931.835245,False,False,False,0,2,0,False
5,20764514,cross_shard_frontrun,two_phase_commit,36,1240036,r5-two_phase_commit-p36-victim,r5-two_phase_commit-p36-attacker,True,True,90.85941314697266,1042.9089069366455,1778557931.2138994,1778557931.835,1778557931.21407,1778557931.862402,False,False,False,0,2,0,False
5,20764514,cross_shard_frontrun,two_phase_commit,37,1240037,r5-two_phase_commit-p37-victim,r5-two_phase_commit-p37-attacker,True,True,266.772985458374,1042.7279472351074,1778557931.3877606,1778557931.8351266,1778557931.387968,1778557931.867691,False,False,False,0,2,0,False
5,20764514,cross_shard_frontrun,two_phase_commit,38,1240038,r5-two_phase_commit-p38-victim,r5-two_phase_commit-p38-attacker,True,True,1050.2145290374756,1043.050765991211,1778557931.8348935,1778557931.8353784,1778557931.857169,1778557931.878147,False,False,False,0,2,0,False
5,20764514,cross_shard_frontrun,two_phase_commit,39,1240039,r5-two_phase_commit-p39-victim,r5-two_phase_commit-p39-attacker,True,True,1051.0382652282715,1042.8948402404785,1778557931.835475,1778557931.835555,1778557931.883085,1778557931.888525,False,False,False,0,2,0,False
5,20764514,cross_shard_frontrun,two_phase_commit,40,1240040,r5-two_phase_commit-p40-victim,r5-two_phase_commit-p40-attacker,True,True,1044.2290306091309,1046.2212562561035,1778557931.8352299,1778557931.8377297,1778557931.873057,1778557931.98217,False,False,False,0,2,0,False
5,20764514,cross_shard_frontrun,two_phase_commit,41,1240041,r5-two_phase_commit-p41-victim,r5-two_phase_commit-p41-attacker,True,True,1051.2030124664307,1046.1835861206055,1778557931.8357244,1778557931.837887,1778557931.899607,1778557931.987357,False,False,False,0,2,0,False
5,20764514,cross_shard_frontrun,two_phase_commit,42,1240042,r5-two_phase_commit-p42-victim,r5-two_phase_commit-p42-attacker,True,True,1051.1534214019775,1046.5021133422852,1778557931.8358707,1778557931.8383381,1778557931.904679,1778557932.00528,False,False,False,0,2,0,False
5,20764514,cross_shard_frontrun,two_phase_commit,43,1240043,r5-two_phase_commit-p43-victim,r5-two_phase_commit-p43-attacker,True,True,1050.419569015503,1046.1065769195557,1778557931.8356345,1778557931.8386183,1778557931.893966,1778557932.005152,False,False,False,0,2,0,False
5,20764514,cross_shard_frontrun,two_phase_commit,44,1240044,r5-two_phase_commit-p44-victim,r5-two_phase_commit-p44-attacker,True,True,1051.7547130584717,1046.5526580810547,1778557931.8364182,1778557931.838965,1778557931.926137,1778557932.022611,False,False,False,0,2,0,False
5,20764514,cross_shard_frontrun,two_phase_commit,45,1240045,r5-two_phase_commit-p45-victim,r5-two_phase_commit-p45-attacker,True,True,1051.6610145568848,1046.5500354766846,1778557931.8365817,1778557931.839066,1778557931.931507,1778557932.028101,False,False,False,0,2,0,False
5,20764514,cross_shard_frontrun,two_phase_commit,46,1240046,r5-two_phase_commit-p46-victim,r5-two_phase_commit-p46-attacker,True,True,1050.9421825408936,1046.496868133545,1778557931.8362043,1778557931.8392036,1778557931.915321,1778557932.033832,False,False,False,0,2,0,False
5,20764514,cross_shard_frontrun,two_phase_commit,47,1240047,r5-two_phase_commit-p47-victim,r5-two_phase_commit-p47-attacker,True,True,1050.8782863616943,1046.405553817749,1778557931.8363044,1778557931.8394558,1778557931.920772,1778557932.040161,False,False,False,0,2,0,False
5,20764514,cross_shard_frontrun,two_phase_commit,48,1240048,r5-two_phase_commit-p48-victim,r5-two_phase_commit-p48-attacker,True,True,1051.2418746948242,1046.8018054962158,1778557931.836705,1778557931.8396864,1778557931.936653,1778557932.063361,False,False,False,0,2,0,False
5,20764514,cross_shard_frontrun,two_phase_commit,49,1240049,r5-two_phase_commit-p49-victim,r5-two_phase_commit-p49-attacker,True,True,1050.0569343566895,1046.6856956481934,1778557931.8359618,1778557931.8397264,1778557931.910168,1778557932.069379,False,False,False,0,2,0,False
5,20764514,cross_shard_frontrun,two_phase_commit,50,1240050,r5-two_phase_commit-p50-victim,r5-two_phase_commit-p50-attacker,True,True,1051.2046813964844,1046.6639995574951,1778557931.8368123,1778557931.8397808,1778557931.941752,1778557932.074809,False,False,False,0,2,0,False
5,20764514,cross_shard_frontrun,two_phase_commit,51,1240051,r5-two_phase_commit-p51-victim,r5-two_phase_commit-p51-attacker,True,True,1051.1507987976074,1046.898365020752,1778557931.8369355,1778557931.8398943,1778557931.948375,1778557932.087133,False,False,False,0,2,0,False
5,20764514,cross_shard_frontrun,two_phase_commit,52,1240052,r5-two_phase_commit-p52-victim,r5-two_phase_commit-p52-attacker,True,True,1051.384687423706,1046.91743850708,1778557931.837186,1778557931.8400092,1778557931.959611,1778557932.098523,False,False,False,0,2,0,False
5,20764514,cross_shard_frontrun,two_phase_commit,53,1240053,r5-two_phase_commit-p53-victim,r5-two_phase_commit-p53-attacker,True,True,1051.3341426849365,1046.8165874481201,1778557931.837346,1778557931.8401327,1778557931.965291,1778557932.104641,False,False,False,0,2,0,False
5,20764514,cross_shard_frontrun,two_phase_commit,54,1240054,r5-two_phase_commit-p54-victim,r5-two_phase_commit-p54-attacker,True,True,1050.8644580841064,1046.726942062378,1778557931.8370748,1778557931.840205,1778557931.954234,1778557932.110131,False,False,False,0,2,0,False
5,20764514,cross_shard_frontrun,two_phase_commit,55,1240055,r5-two_phase_commit-p55-victim,r5-two_phase_commit-p55-attacker,True,True,1051.0642528533936,1046.6315746307373,1778557931.8374891,1778557931.840252,1778557931.970434,1778557932.11569,False,False,False,0,2,0,False
5,20764514,cross_shard_frontrun,two_phase_commit,56,1240056,r5-two_phase_commit-p56-victim,r5-two_phase_commit-p56-attacker,True,True,1050.9929656982422,1046.442985534668,1778557931.8375895,1778557931.8403096,1778557931.975774,1778557932.121923,False,False,False,0,2,0,False
5,20764514,cross_shard_frontrun,two_phase_commit,57,1240057,r5-two_phase_commit-p57-victim,r5-two_phase_commit-p57-attacker,True,True,1051.3265132904053,1046.3182926177979,1778557931.8381991,1778557931.8403609,1778557931.999911,1778557932.127083,False,False,False,0,2,0,False
5,20764514,cross_shard_frontrun,two_phase_commit,58,1240058,r5-two_phase_commit-p58-victim,r5-two_phase_commit-p58-attacker,True,True,1051.0327816009521,1046.198844909668,1778557931.8380637,1778557931.8404086,1778557931.994099,1778557932.133826,False,False,False,0,2,0,False
5,20764514,cross_shard_frontrun,two_phase_commit,59,1240059,r5-two_phase_commit-p59-victim,r5-two_phase_commit-p59-attacker,True,True,1051.318645477295,1046.0996627807617,1778557931.8387392,1778557931.84047,1778557932.01095,1778557932.139378,False,False,False,0,2,0,False
5,20764514,cross_shard_frontrun,two_phase_commit,60,1240060,r5-two_phase_commit-p60-victim,r5-two_phase_commit-p60-attacker,True,True,1051.3226985931396,1045.9959506988525,1778557931.8388293,1778557931.840576,1778557932.017056,1778557932.145935,False,False,False,0,2,0,False
5,20764514,cross_shard_frontrun,two_phase_commit,61,1240061,r5-two_phase_commit-p61-victim,r5-two_phase_commit-p61-attacker,True,True,1052.2005558013916,1045.9866523742676,1778557931.839578,1778557931.8407173,1778557932.051574,1778557932.157147,False,False,False,0,2,0,False
5,20764514,cross_shard_frontrun,two_phase_commit,62,1240062,r5-two_phase_commit-p62-victim,r5-two_phase_commit-p62-attacker,True,True,1052.1152019500732,1045.7303524017334,1778557931.8396263,1778557931.8406687,1778557932.057703,1778557932.151565,False,False,False,0,2,0,False
5,20764514,cross_shard_frontrun,two_phase_commit,63,1240063,r5-two_phase_commit-p63-victim,r5-two_phase_commit-p63-attacker,True,True,1051.7327785491943,1045.734167098999,1778557931.839514,1778557931.8407698,1778557932.045718,1778557932.163253,False,False,False,0,2,0,False
5,20764514,cross_shard_frontrun,two_phase_commit,64,1240064,r5-two_phase_commit-p64-victim,r5-two_phase_commit-p64-attacker,True,True,1052.3273944854736,1045.6583499908447,1778557931.8398333,1778557931.8408158,1778557932.081463,1778557932.16913,False,False,False,0,2,0,False
5,20764514,cross_shard_frontrun,two_phase_commit,65,1240065,r5-two_phase_commit-p65-victim,r5-two_phase_commit-p65-attacker,True,True,1052.3781776428223,1045.384168624878,1778557931.8399534,1778557931.8408575,1778557932.092649,1778557932.174747,False,False,False,0,2,0,False
5,20764514,cross_shard_frontrun,two_phase_commit,66,1240066,r5-two_phase_commit-p66-victim,r5-two_phase_commit-p66-attacker,True,True,1004.0102005004883,967.6616191864014,1778557931.938076,1778557931.9401717,1778557932.184393,1778557932.184952,False,False,False,0,2,0,False
5,20764514,cross_shard_frontrun,two_phase_commit,67,1240067,r5-two_phase_commit-p67-victim,r5-two_phase_commit-p67-attacker,True,True,915.9531593322754,791.290283203125,1778557931.8924646,1778557931.8945134,1778557932.176433,1778557932.182669,False,False,False,0,2,0,False
5,20764514,cross_shard_frontrun,two_phase_commit,68,1240068,r5-two_phase_commit-p68-victim,r5-two_phase_commit-p68-attacker,True,True,224.03693199157715,1018.6057090759277,1778557932.0728807,1778557932.872869,1778557932.188221,1778557932.873248,False,False,False,0,2,0,False
5,20764514,cross_shard_frontrun,two_phase_commit,69,1240069,r5-two_phase_commit-p69-victim,r5-two_phase_commit-p69-attacker,True,True,71.71916961669922,1018.5098648071289,1778557932.2454948,1778557932.873077,1778557932.245721,1778557932.882465,False,False,False,0,2,0,False
5,20764514,cross_shard_frontrun,two_phase_commit,70,1240070,r5-two_phase_commit-p70-victim,r5-two_phase_commit-p70-attacker,True,True,134.8562240600586,1018.7227725982666,1778557932.3085454,1778557932.8734574,1778557932.308774,1778557932.893668,False,False,False,0,2,0,False
5,20764514,cross_shard_frontrun,two_phase_commit,71,1240071,r5-two_phase_commit-p71-victim,r5-two_phase_commit-p71-attacker,True,True,114.14432525634766,1018.789529800415,1778557932.2882369,1778557932.8736355,1778557932.288491,1778557932.898952,False,False,False,0,2,0,False
5,20764514,cross_shard_frontrun,two_phase_commit,72,1240072,r5-two_phase_commit-p72-victim,r5-two_phase_commit-p72-attacker,True,True,253.42941284179688,1027.2436141967773,1778557932.4279742,1778557932.8757198,1778557932.428317,1778557932.989799,False,False,False,0,2,0,False
5,20764514,cross_shard_frontrun,two_phase_commit,73,1240073,r5-two_phase_commit-p73-victim,r5-two_phase_commit-p73-attacker,True,True,1019.287109375,1027.2691249847412,1778557932.873348,1778557932.8767009,1778557932.888405,1778557933.007989,False,False,False,0,2,0,False
5,20764514,cross_shard_frontrun,two_phase_commit,74,1240074,r5-two_phase_commit-p74-victim,r5-two_phase_commit-p74-attacker,True,True,1019.7961330413818,1027.0378589630127,1778557932.8738017,1778557932.8775284,1778557932.904438,1778557933.032688,False,False,False,0,2,0,False
5,20764514,cross_shard_frontrun,two_phase_commit,75,1240075,r5-two_phase_commit-p75-victim,r5-two_phase_commit-p75-attacker,True,True,1019.7772979736328,1026.5367031097412,1778557932.8740318,1778557932.8772683,1778557932.914643,1778557933.025193,False,False,False,0,2,0,False
5,20764514,cross_shard_frontrun,two_phase_commit,76,1240076,r5-two_phase_commit-p76-victim,r5-two_phase_commit-p76-attacker,True,True,1019.2134380340576,1026.4971256256104,1778557932.873925,1778557932.8776603,1778557932.909609,1778557933.043532,False,False,False,0,2,0,False
5,20764514,cross_shard_frontrun,two_phase_commit,77,1240077,r5-two_phase_commit-p77-victim,r5-two_phase_commit-p77-attacker,True,True,1019.1352367401123,1026.9780158996582,1778557932.874143,1778557932.8780339,1778557932.919917,1778557933.071861,False,False,False,0,2,0,False
5,20764514,cross_shard_frontrun,two_phase_commit,78,1240078,r5-two_phase_commit-p78-victim,r5-two_phase_commit-p78-attacker,True,True,1019.4187164306641,1025.852918624878,1778557932.8743336,1778557932.8777425,1778557932.930133,1778557933.048974,False,False,False,0,2,0,False
5,20764514,cross_shard_frontrun,two_phase_commit,79,1240079,r5-two_phase_commit-p79-victim,r5-two_phase_commit-p79-attacker,True,True,1018.7389850616455,1026.484727859497,1778557932.8742423,1778557932.8781402,1778557932.925054,1778557933.077206,False,False,False,0,2,0,False
5,20764514,cross_shard_frontrun,two_phase_commit,80,1240080,r5-two_phase_commit-p80-victim,r5-two_phase_commit-p80-attacker,True,True,1019.2046165466309,1026.3721942901611,1778557932.8744361,1778557932.878206,1778557932.935558,1778557933.082976,False,False,False,0,2,0,False
5,20764514,cross_shard_frontrun,two_phase_commit,81,1240081,r5-two_phase_commit-p81-victim,r5-two_phase_commit-p81-attacker,True,True,1030.707836151123,1026.6094207763672,1778557932.8745363,1778557932.8784833,1778557932.940627,1778557933.110137,False,False,False,0,2,0,False
5,20764514,cross_shard_frontrun,two_phase_commit,82,1240082,r5-two_phase_commit-p82-victim,r5-two_phase_commit-p82-attacker,True,True,1030.6243896484375,1025.9552001953125,1778557932.8746357,1778557932.8782663,1778557932.946045,1778557933.088915,False,False,False,0,2,0,False
5,20764514,cross_shard_frontrun,two_phase_commit,83,1240083,r5-two_phase_commit-p83-victim,r5-two_phase_commit-p83-attacker,True,True,1030.618667602539,1026.2954235076904,1778557932.8748775,1778557932.8785863,1778557932.956452,1778557933.120809,False,False,False,0,2,0,False
5,20764514,cross_shard_frontrun,two_phase_commit,84,1240084,r5-two_phase_commit-p84-victim,r5-two_phase_commit-p84-attacker,True,True,1030.1766395568848,1025.4898071289062,1778557932.8747628,1778557932.8783677,1778557932.951261,1778557933.099633,False,False,False,0,2,0,False
5,20764514,cross_shard_frontrun,two_phase_commit,85,1240085,r5-two_phase_commit-p85-victim,r5-two_phase_commit-p85-attacker,True,True,1030.2629470825195,1025.2764225006104,1778557932.875276,1778557932.878427,1778557932.971691,1778557933.104857,False,False,False,0,2,0,False
5,20764514,cross_shard_frontrun,two_phase_commit,86,1240086,r5-two_phase_commit-p86-victim,r5-two_phase_commit-p86-attacker,True,True,1029.6928882598877,1025.4673957824707,1778557932.875143,1778557932.8787458,1778557932.966401,1778557933.126207,False,False,False,0,2,0,False
5,20764514,cross_shard_frontrun,two_phase_commit,87,1240087,r5-two_phase_commit-p87-victim,r5-two_phase_commit-p87-attacker,True,True,1029.3619632720947,1025.4566669464111,1778557932.8750107,1778557932.8787897,1778557932.961475,1778557933.131684,False,False,False,0,2,0,False
5,20764514,cross_shard_frontrun,two_phase_commit,88,1240088,r5-two_phase_commit-p88-victim,r5-two_phase_commit-p88-attacker,True,True,1029.5813083648682,1025.4032611846924,1778557932.8753905,1778557932.8788354,1778557932.976674,1778557933.137846,False,False,False,0,2,0,False
5,20764514,cross_shard_frontrun,two_phase_commit,89,1240089,r5-two_phase_commit-p89-victim,r5-two_phase_commit-p89-attacker,True,True,1029.5217037200928,1025.0637531280518,1778557932.8755774,1778557932.8789039,1778557932.982749,1778557933.143681,False,False,False,0,2,0,False
5,20764514,cross_shard_frontrun,two_phase_commit,90,1240090,r5-two_phase_commit-p90-victim,r5-two_phase_commit-p90-attacker,True,True,1029.3858051300049,1025.073528289795,1778557932.8762147,1778557932.8789682,1778557932.99567,1778557933.14957,False,False,False,0,2,0,False
5,20764514,cross_shard_frontrun,two_phase_commit,91,1240091,r5-two_phase_commit-p91-victim,r5-two_phase_commit-p91-attacker,True,True,1029.5133590698242,1024.9786376953125,1778557932.8765,1778557932.8790889,1778557933.002051,1778557933.161605,False,False,False,0,2,0,False
5,20764514,cross_shard_frontrun,two_phase_commit,92,1240092,r5-two_phase_commit-p92-victim,r5-two_phase_commit-p92-attacker,True,True,1029.1218757629395,1024.5811939239502,1778557932.8771033,1778557932.8790257,1778557933.019047,1778557933.155611,False,False,False,0,2,0,False
5,20764514,cross_shard_frontrun,two_phase_commit,93,1240093,r5-two_phase_commit-p93-victim,r5-two_phase_commit-p93-attacker,True,True,1029.254674911499,1024.6965885162354,1778557932.8769183,1778557932.879192,1778557933.013076,1778557933.167427,False,False,False,0,2,0,False
5,20764514,cross_shard_frontrun,two_phase_commit,94,1240094,r5-two_phase_commit-p94-victim,r5-two_phase_commit-p94-attacker,True,True,1029.3843746185303,1024.7232913970947,1778557932.8775957,1778557932.8792872,1778557933.038295,1778557933.179665,False,False,False,0,2,0,False
5,20764514,cross_shard_frontrun,two_phase_commit,95,1240095,r5-two_phase_commit-p95-victim,r5-two_phase_commit-p95-attacker,True,True,1029.8945903778076,1024.4345664978027,1778557932.8778954,1778557932.8793638,1778557933.061402,1778557933.173262,False,False,False,0,2,0,False
5,20764514,cross_shard_frontrun,two_phase_commit,96,1240096,r5-two_phase_commit-p96-victim,r5-two_phase_commit-p96-attacker,True,True,1029.9077033996582,1024.4810581207275,1778557932.8779685,1778557932.879416,1778557933.066515,1778557933.185291,False,False,False,0,2,0,False
5,20764514,cross_shard_frontrun,two_phase_commit,97,1240097,r5-two_phase_commit-p97-victim,r5-two_phase_commit-p97-attacker,True,True,1029.4005870819092,1024.4603157043457,1778557932.877816,1778557932.879475,1778557933.055767,1778557933.190644,False,False,False,0,2,0,False
5,20764514,cross_shard_frontrun,two_phase_commit,98,1240098,r5-two_phase_commit-p98-victim,r5-two_phase_commit-p98-attacker,True,True,1030.2798748016357,1024.327039718628,1778557932.8783135,1778557932.8795633,1778557933.094283,1778557933.196451,False,False,False,0,2,0,False
5,20764514,cross_shard_frontrun,two_phase_commit,99,1240099,r5-two_phase_commit-p99-victim,r5-two_phase_commit-p99-attacker,True,True,1030.4937362670898,1024.2421627044678,1778557932.8786857,1778557932.8796349,1778557933.115576,1778557933.201716,False,False,False,0,2,0,False
5,20764514,cross_shard_frontrun,two_phase_commit,100,1240100,r5-two_phase_commit-p100-victim,r5-two_phase_commit-p100-attacker,True,True,993.6234951019287,969.7926044464111,1778557932.9186468,1778557932.9369578,1778557933.203949,1778557933.205224,False,False,False,0,2,0,False
5,20764514,cross_shard_frontrun,two_phase_commit,101,1240101,r5-two_phase_commit-p101-victim,r5-two_phase_commit-p101-attacker,True,True,934.5054626464844,906.4953327178955,1778557932.938792,1778557932.9408064,1778557933.205081,1778557933.211864,False,False,False,0,2,0,False
5,20764514,cross_shard_frontrun,two_phase_commit,102,1240102,r5-two_phase_commit-p102-victim,r5-two_phase_commit-p102-attacker,True,True,795.0172424316406,281.1932563781738,1778557932.9422305,1778557933.4897447,1778557933.217035,1778557933.490001,False,False,False,0,2,0,False
5,20764514,cross_shard_frontrun,two_phase_commit,103,1240103,r5-two_phase_commit-p103-victim,r5-two_phase_commit-p103-attacker,True,True,65.29808044433594,452.26263999938965,1778557933.2662537,1778557933.519325,1778557933.266478,1778557933.533623,False,False,False,0,2,0,False
5,20764514,cross_shard_frontrun,two_phase_commit,104,1240104,r5-two_phase_commit-p104-victim,r5-two_phase_commit-p104-attacker,True,True,122.13969230651855,451.2348175048828,1778557933.3216107,1778557933.5189798,1778557933.321753,1778557933.519272,False,False,False,0,2,0,False
5,20764514,cross_shard_frontrun,two_phase_commit,105,1240105,r5-two_phase_commit-p105-victim,r5-two_phase_commit-p105-attacker,True,True,100.47483444213867,451.37596130371094,1778557933.3009815,1778557933.519141,1778557933.301257,1778557933.527814,False,False,False,0,2,0,False
5,20764514,cross_shard_frontrun,two_phase_commit,106,1240106,r5-two_phase_commit-p106-victim,r5-two_phase_commit-p106-attacker,True,True,113.61265182495117,451.0684013366699,1778557933.3165004,1778557933.5194304,1778557933.31667,1778557933.538733,False,False,False,0,2,0,False
5,20764514,cross_shard_frontrun,two_phase_commit,107,1240107,r5-two_phase_commit-p107-victim,r5-two_phase_commit-p107-attacker,True,True,162.74547576904297,450.6545066833496,1778557933.365515,1778557933.519542,1778557933.365707,1778557933.54424,False,False,False,0,2,0,False
5,20764514,cross_shard_frontrun,two_phase_commit,108,1240108,r5-two_phase_commit-p108-victim,r5-two_phase_commit-p108-attacker,True,True,458.7585926055908,439.23091888427734,1778557933.519671,1778557933.5198781,1778557933.549627,1778557933.559694,False,False,False,0,2,0,False
5,20764514,cross_shard_frontrun,two_phase_commit,109,1240109,r5-two_phase_commit-p109-victim,r5-two_phase_commit-p109-attacker,True,True,446.9742774963379,439.2085075378418,1778557933.5197976,1778557933.5199692,1778557933.554649,1778557933.565406,False,False,False,0,2,0,False
5,20764514,cross_shard_frontrun,two_phase_commit,110,1240110,r5-two_phase_commit-p110-victim,r5-two_phase_commit-p110-attacker,True,True,447.432279586792,439.6328926086426,1778557933.520044,1778557933.520422,1778557933.570833,1778557933.581468,False,False,False,0,2,0,False
5,20764514,cross_shard_frontrun,two_phase_commit,111,1240111,r5-two_phase_commit-p111-victim,r5-two_phase_commit-p111-attacker,True,True,447.40748405456543,439.7895336151123,1778557933.520292,1778557933.5207813,1778557933.575843,1778557933.596688,False,False,False,0,2,0,False
5,20764514,cross_shard_frontrun,two_phase_commit,112,1240112,r5-two_phase_commit-p112-victim,r5-two_phase_commit-p112-attacker,True,True,447.36242294311523,439.5594596862793,1778557933.520524,1778557933.5208373,1778557933.586402,1778557933.60177,False,False,False,0,2,0,False
5,20764514,cross_shard_frontrun,two_phase_commit,113,1240113,r5-two_phase_commit-p113-victim,r5-two_phase_commit-p113-attacker,True,True,447.2167491912842,439.6936893463135,1778557933.5206857,1778557933.5210598,1778557933.591462,1778557933.612587,False,False,False,0,2,0,False
5,20764514,cross_shard_frontrun,two_phase_commit,114,1240114,r5-two_phase_commit-p114-victim,r5-two_phase_commit-p114-attacker,True,True,447.45755195617676,439.87250328063965,1778557933.520945,1778557933.52128,1778557933.606961,1778557933.622688,False,False,False,0,2,0,False
5,20764514,cross_shard_frontrun,two_phase_commit,115,1240115,r5-two_phase_commit-p115-victim,r5-two_phase_commit-p115-attacker,True,True,447.9501247406006,439.94832038879395,1778557933.5213652,1778557933.5214493,1778557933.628261,1778557933.634445,False,False,False,0,2,0,False
5,20764514,cross_shard_frontrun,two_phase_commit,116,1240116,r5-two_phase_commit-p116-victim,r5-two_phase_commit-p116-attacker,True,True,447.4987983703613,439.8789405822754,1778557933.5211608,1778557933.5215223,1778557933.617702,1778557933.640257,False,False,False,0,2,0,False
5,20764514,cross_shard_frontrun,two_phase_commit,117,1240117,r5-two_phase_commit-p117-victim,r5-two_phase_commit-p117-attacker,True,True,447.9713439941406,440.5817985534668,1778557933.5216002,1778557933.5218825,1778557933.645745,1778557933.662661,False,False,False,0,2,0,False
5,20764514,cross_shard_frontrun,two_phase_commit,118,1240118,r5-two_phase_commit-p118-victim,r5-two_phase_commit-p118-attacker,True,True,447.68667221069336,439.75281715393066,1778557933.5217042,1778557933.5398285,1778557933.651437,1778557933.662598,False,False,False,0,2,0,False
5,20764514,cross_shard_frontrun,two_phase_commit,119,1240119,r5-two_phase_commit-p119-victim,r5-two_phase_commit-p119-attacker,True,True,447.4630355834961,439.6533966064453,1778557933.521808,1778557933.5431411,1778557933.657005,1778557933.66327,False,False,False,0,2,0,False
